created_at;id_str;full_text;quote_count;reply_count;retweet_count;favorite_count;lang;user_id_str;conversation_id_str;username;tweet_url,,,,,,,,,,
"Sun Dec 31 23:18:11 +0000 2023;1741599661587329035;""#Gempa Mag:2.9", 01-Jan-2024 06:11:23WIB, Lok:1.89LS, 122.53BT (85 km BaratDaya BANGGAIKEP-SULTENG), Kedlmn:10 Km #BMKG  Disclaimer:Informasi ini mengutamakan kecepatan," sehingga hasil pengolahan data belum stabil dan bisa berubah seiring kelengkapan data https://t.co/rSZyiVhICu"";0;0;4;30;in;108543358;1741599661587329035;infoBMKG;https://twitter.com/infoBMKG/status/1741599661587329035",,,,,
"Sun Dec 31 07:38:09 +0000 2023;1741363093769482447;""#Gempa Mag:4.1", 31-Dec-2023 14:35:34WIB, Lok:6.84LS, 107.93BT (2 km TimurLaut KAB-SUMEDANG-JABAR), Kedlmn:10 Km #BMKG  Disclaimer:Informasi ini mengutamakan kecepatan," sehingga hasil pengolahan data belum stabil dan bisa berubah seiring kelengkapan data https://t.co/PJbjiITgYa"";1281;1016;1496;4468;in;108543358;1741363093769482447;infoBMKG;https://twitter.com/infoBMKG/status/1741363093769482447",,,,,
"Sun Dec 31 05:48:08 +0000 2023;1741335406568964400;""#Gempa Mag:2.9", 31-Dec-2023 12:43:38WIB, Lok:6.74LS, 106.60BT (27 km BaratDaya KOTA-BOGOR-JABAR), Kedlmn:10 Km #BMKG  Disclaimer:Informasi ini mengutamakan kecepatan," sehingga hasil pengolahan data belum stabil dan bisa berubah seiring kelengkapan data https://t.co/c3sNmsEHga"";8;4;44;143;in;108543358;1741335406568964400;infoBMKG;https://twitter.com/infoBMKG/status/1741335406568964400",,,,,
"Sun Dec 31 05:11:49 +0000 2023;1741326267675480503;""#Gempa (UPDATE) Mag:5.0", 31-Des-23 11:52:34 WIB, Lok:8.22 LS, 107.87 BT (Pusat gempa berada di Garut 90 km Barat Daya Kabupaten Pangandaran), Kedlmn:10 Km Dirasakan (MMI) II-III Garut," II Banjar #BMKG https://t.co/YaMQpyGJ5r"";10;5;46;197;in;108543358;1741326267675480503;infoBMKG;https://twitter.com/infoBMKG/status/1741326267675480503",,,,,
"Sun Dec 31 05:11:40 +0000 2023;1741326231558312212;""#Gempa Dirasakan Magnitudo: 5.0", Kedalaman: 10 km, 31 Des 2023 11:52:34 WIB," Koordinat: 8.22 LS-107.87 BT (Pusat gempa berada di Garut 90 km Barat Daya Kabupaten Pangandaran) #BMKG https://t.co/OiHiTwvX8x"";2;0;6;19;in;108543358;1741326231558312212;infoBMKG;https://twitter.com/infoBMKG/status/1741326231558312212",,,,,,,
"Sun Dec 31 04:55:37 +0000 2023;1741322194054169005;""#Gempa Mag:5.0", 31-Des-23 11:52:34 WIB, Lok:8.22 LS,107.87 BT (90 km BaratDaya KAB-PANGANDARAN-JABAR), Kedlmn:10 Km," tdk berpotensi tsunami #BMKG https://t.co/iCTrBaoxs3"";230;225;343;1319;in;108543358;1741322194054169005;infoBMKG;https://twitter.com/infoBMKG/status/1741322194054169005",,,,,
"Sun Dec 31 04:55:34 +0000 2023;1741322180624069019;""#Gempa Magnitudo: 5.0", Kedalaman: 10 km, 31 Des 2023 11:52:34 WIB, Koordinat: 8.22 LS-107.87 BT (90 km BaratDaya KAB-PANGANDARAN-JABAR)," Tidak berpotensi tsunami #BMKG https://t.co/OiHiTwvX8x"";10;6;21;102;in;108543358;1741322180624069019;infoBMKG;https://twitter.com/infoBMKG/status/1741322180624069019",,,,,,
"Sun Dec 31 04:55:14 +0000 2023;1741322095194456347;""#Gempa Mag:5.0", 31-Dec-2023 11:52:33WIB, Lok:8.25LS, 107.86BT (93 km BaratDaya KAB-PANGANDARAN-JABAR), Kedlmn:10 Km #BMKG  Disclaimer:Informasi ini mengutamakan kecepatan," sehingga hasil pengolahan data belum stabil dan bisa berubah seiring kelengkapan data https://t.co/LmQwks00RA"";110;180;434;1408;in;108543358;1741322095194456347;infoBMKG;https://twitter.com/infoBMKG/status/1741322095194456347",,,,,
"Sun Dec 31 03:55:09 +0000 2023;1741306973797355657;""#Gempa Mag:2.8", 31-Dec-2023 10:52:22WIB, Lok:8.62LS, 116.58BT (6 km TimurLaut LOMBOKTIMUR-NTB), Kedlmn:15 Km #BMKG  Disclaimer:Informasi ini mengutamakan kecepatan," sehingga hasil pengolahan data belum stabil dan bisa berubah seiring kelengkapan data https://t.co/fJMVySiNDW"";0;0;1;16;in;108543358;1741306973797355657;infoBMKG;https://twitter.com/infoBMKG/status/1741306973797355657",,,,,
"Sun Dec 31 01:46:11 +0000 2023;1741274518356988127;""#Gempa Mag:2.5", 31-Dec-2023 08:43:58WIB, Lok:3.36LS, 128.05BT (36 km BaratDaya SERAMBAGIANBARAT-MALUKU), Kedlmn:51 Km #BMKG  Disclaimer:Informasi ini mengutamakan kecepatan," sehingga hasil pengolahan data belum stabil dan bisa berubah seiring kelengkapan data https://t.co/qXpVCe3okv"";0;0;1;15;in;108543358;1741274518356988127;infoBMKG;https://twitter.com/infoBMKG/status/1741274518356988127",,,,,
"Sun Dec 31 00:32:09 +0000 2023;1741255887162093983;""#Gempa Mag:3.6", 31-Dec-2023 07:26:49WIB, Lok:5.88LS, 128.26BT (233 km Tenggara BURUSELATAN-MALUKU), Kedlmn:366 Km #BMKG  Disclaimer:Informasi ini mengutamakan kecepatan," sehingga hasil pengolahan data belum stabil dan bisa berubah seiring kelengkapan data https://t.co/QWeRd9yZtu"";0;0;2;7;in;108543358;1741255887162093983;infoBMKG;https://twitter.com/infoBMKG/status/1741255887162093983",,,,,
"Sun Dec 31 00:21:09 +0000 2023;1741253119118549303;""#Gempa Mag:2.4", 31-Dec-2023 07:15:51WIB, Lok:6.75LS, 106.52BT (26 km BaratLaut KAB-SUKABUMI-JABAR), Kedlmn:15 Km #BMKG  Disclaimer:Informasi ini mengutamakan kecepatan," sehingga hasil pengolahan data belum stabil dan bisa berubah seiring kelengkapan data https://t.co/4s9OlILJ6L"";3;0;8;29;in;108543358;1741253119118549303;infoBMKG;https://twitter.com/infoBMKG/status/1741253119118549303",,,,,
"Sun Dec 31 00:17:09 +0000 2023;1741252112431071622;""#Gempa Mag:2.8", 31-Dec-2023 07:12:36WIB, Lok:6.76LS, 106.59BT (25 km TimurLaut KAB-SUKABUMI-JABAR), Kedlmn:10 Km #BMKG  Disclaimer:Informasi ini mengutamakan kecepatan," sehingga hasil pengolahan data belum stabil dan bisa berubah seiring kelengkapan data https://t.co/CSc28ycuVP"";1;0;13;33;in;108543358;1741252112431071622;infoBMKG;https://twitter.com/infoBMKG/status/1741252112431071622",,,,,
"Sat Dec 30 22:58:10 +0000 2023;1741232235112743318;""#Gempa Mag:2.9", 31-Dec-2023 05:54:42WIB, Lok:1.77LU, 126.33BT (139 km TimurLaut BITUNG-SULUT), Kedlmn:20 Km #BMKG  Disclaimer:Informasi ini mengutamakan kecepatan," sehingga hasil pengolahan data belum stabil dan bisa berubah seiring kelengkapan data https://t.co/JaFQkPblUi"";0;3;2;7;in;108543358;1741232235112743318;infoBMKG;https://twitter.com/infoBMKG/status/1741232235112743318",,,,,
"Sat Dec 30 22:57:09 +0000 2023;1741231981898395729;""#Gempa Mag:2.9", 31-Dec-2023 05:54:42WIB, Lok:3.42LS, 101.87BT (36 km BaratLaut BENGKULUUTARA), Kedlmn:40 Km #BMKG  Disclaimer:Informasi ini mengutamakan kecepatan," sehingga hasil pengolahan data belum stabil dan bisa berubah seiring kelengkapan data https://t.co/0Uq0S3aYca"";0;0;1;12;in;108543358;1741231981898395729;infoBMKG;https://twitter.com/infoBMKG/status/1741231981898395729",,,,,
"Sat Dec 30 22:51:08 +0000 2023;1741230467670774043;""#Gempa Mag:2.6", 31-Dec-2023 05:46:48WIB, Lok:2.45LS, 139.73BT (58 km TimurLaut SARMI-PAPUA), Kedlmn:105 Km #BMKG  Disclaimer:Informasi ini mengutamakan kecepatan," sehingga hasil pengolahan data belum stabil dan bisa berubah seiring kelengkapan data https://t.co/bQn4hZsG03"";0;0;3;15;in;108543358;1741230467670774043;infoBMKG;https://twitter.com/infoBMKG/status/1741230467670774043",,,,,
"Sat Dec 30 22:21:10 +0000 2023;1741222926047936514;""#Gempa Mag:5.6", 31-Dec-2023 05:16:28WIB, Lok:6.35LS, 147.41BT (787 km Tenggara BOVENDIGOEL-PAPUA), Kedlmn:154 Km #BMKG  Disclaimer:Informasi ini mengutamakan kecepatan," sehingga hasil pengolahan data belum stabil dan bisa berubah seiring kelengkapan data https://t.co/QMs8TGsFJ3"";1;0;4;19;in;108543358;1741222926047936514;infoBMKG;https://twitter.com/infoBMKG/status/1741222926047936514",,,,,
"Sat Dec 30 21:59:09 +0000 2023;1741217385720537241;""#Gempa Mag:2.8", 31-Dec-2023 04:55:02WIB, Lok:1.49LU, 127.64BT (15 km TimurLaut HALMAHERABARAT-MALUT), Kedlmn:13 Km #BMKG  Disclaimer:Informasi ini mengutamakan kecepatan," sehingga hasil pengolahan data belum stabil dan bisa berubah seiring kelengkapan data https://t.co/vFEGQhYLG7"";0;0;1;10;in;108543358;1741217385720537241;infoBMKG;https://twitter.com/infoBMKG/status/1741217385720537241",,,,,
"Sat Dec 30 21:38:09 +0000 2023;1741212099983094017;""#Gempa Mag:3.1", 31-Dec-2023 04:34:52WIB, Lok:4.10LU, 97.42BT (14 km TimurLaut KAB-GAYOLUES-ACEH), Kedlmn:126 Km #BMKG  Disclaimer:Informasi ini mengutamakan kecepatan," sehingga hasil pengolahan data belum stabil dan bisa berubah seiring kelengkapan data https://t.co/Riqfb4XzTS"";0;0;2;21;in;108543358;1741212099983094017;infoBMKG;https://twitter.com/infoBMKG/status/1741212099983094017",,,,,
"Sat Dec 30 21:28:08 +0000 2023;1741209580678631727;""#Gempa Mag:3.7", 31-Dec-2023 04:25:22WIB, Lok:2.66LU, 95.77BT (69 km BaratLaut SINABANG-ACEH), Kedlmn:12 Km #BMKG  Disclaimer:Informasi ini mengutamakan kecepatan," sehingga hasil pengolahan data belum stabil dan bisa berubah seiring kelengkapan data https://t.co/svICGkai0f"";0;0;1;8;in;108543358;1741209580678631727;infoBMKG;https://twitter.com/infoBMKG/status/1741209580678631727",,,,,
"Sat Dec 30 20:37:08 +0000 2023;1741196745521123686;""#Gempa Mag:3.4", 31-Dec-2023 03:34:34WIB, Lok:6.75LS, 106.57BT (26 km TimurLaut KAB-SUKABUMI-JABAR), Kedlmn:10 Km #BMKG  Disclaimer:Informasi ini mengutamakan kecepatan," sehingga hasil pengolahan data belum stabil dan bisa berubah seiring kelengkapan data https://t.co/w5cScjSkIX"";7;18;31;138;in;108543358;1741196745521123686;infoBMKG;https://twitter.com/infoBMKG/status/1741196745521123686",,,,,
"Sat Dec 30 20:29:11 +0000 2023;1741194743890186376;""#Gempa Mag:3.7", 31-Dec-2023 03:26:34WIB, Lok:2.64LS, 129.48BT (93 km TimurLaut MALUKUTENGAH), Kedlmn:10 Km #BMKG  Disclaimer:Informasi ini mengutamakan kecepatan," sehingga hasil pengolahan data belum stabil dan bisa berubah seiring kelengkapan data https://t.co/kedfjuSGke"";0;5;4;15;in;108543358;1741194743890186376;infoBMKG;https://twitter.com/infoBMKG/status/1741194743890186376",,,,,
"Sat Dec 30 20:03:09 +0000 2023;1741188193343733884;""#Gempa Mag:2.6", 31-Dec-2023 02:59:56WIB, Lok:2.93LS, 139.39BT (52 km BaratLaut KAB-JAYAPURA-PAPUA), Kedlmn:26 Km #BMKG  Disclaimer:Informasi ini mengutamakan kecepatan," sehingga hasil pengolahan data belum stabil dan bisa berubah seiring kelengkapan data https://t.co/PvRGOVUKan"";1;0;3;9;in;108543358;1741188193343733884;infoBMKG;https://twitter.com/infoBMKG/status/1741188193343733884",,,,,
"Sat Dec 30 19:43:09 +0000 2023;1741183157674926166;""#Gempa Mag:3.1", 31-Dec-2023 02:40:41WIB, Lok:2.79LS, 139.52BT (43 km BaratLaut KAB-JAYAPURA-PAPUA), Kedlmn:28 Km #BMKG  Disclaimer:Informasi ini mengutamakan kecepatan," sehingga hasil pengolahan data belum stabil dan bisa berubah seiring kelengkapan data https://t.co/lEjTbhM6Ow"";0;0;2;11;in;108543358;1741183157674926166;infoBMKG;https://twitter.com/infoBMKG/status/1741183157674926166",,,,,
"Sat Dec 30 19:35:08 +0000 2023;1741181143754707037;""#Gempa Mag:4.3", 31-Dec-2023 02:33:17WIB, Lok:2.77LS, 139.47BT (44 km Tenggara SARMI-PAPUA), Kedlmn:23 Km #BMKG  Disclaimer:Informasi ini mengutamakan kecepatan," sehingga hasil pengolahan data belum stabil dan bisa berubah seiring kelengkapan data https://t.co/NrrSIRQZSm"";0;0;2;5;in;108543358;1741181143754707037;infoBMKG;https://twitter.com/infoBMKG/status/1741181143754707037",,,,,
"Sat Dec 30 19:03:09 +0000 2023;1741173094465880446;""#Gempa Mag:4.0", 31-Dec-2023 01:58:58WIB, Lok:1.91LU, 121.30BT (104 km BaratLaut BUOL-SULTENG), Kedlmn:10 Km #BMKG  Disclaimer:Informasi ini mengutamakan kecepatan," sehingga hasil pengolahan data belum stabil dan bisa berubah seiring kelengkapan data https://t.co/8CQT4bhICH"";0;0;3;6;in;108543358;1741173094465880446;infoBMKG;https://twitter.com/infoBMKG/status/1741173094465880446",,,,,
"Sat Dec 30 18:14:08 +0000 2023;1741160759542083643;""#Gempa Mag:3.9", 31-Dec-2023 01:10:01WIB, Lok:2.64LS, 139.57BT (45 km Tenggara SARMI-PAPUA), Kedlmn:10 Km #BMKG  Disclaimer:Informasi ini mengutamakan kecepatan," sehingga hasil pengolahan data belum stabil dan bisa berubah seiring kelengkapan data https://t.co/vJfDWwjhxS"";0;0;2;9;in;108543358;1741160759542083643;infoBMKG;https://twitter.com/infoBMKG/status/1741160759542083643",,,,,
"Sat Dec 30 18:10:09 +0000 2023;1741159753240510939;""#Gempa Mag:2.8", 31-Dec-2023 01:04:34WIB, Lok:2.72LS, 139.53BT (45 km Tenggara SARMI-PAPUA), Kedlmn:54 Km #BMKG  Disclaimer:Informasi ini mengutamakan kecepatan," sehingga hasil pengolahan data belum stabil dan bisa berubah seiring kelengkapan data https://t.co/pLKyn5mSjW"";0;0;1;9;in;108543358;1741159753240510939;infoBMKG;https://twitter.com/infoBMKG/status/1741159753240510939",,,,,
"Sat Dec 30 17:42:08 +0000 2023;1741152703890481600;""#Gempa Mag:3.6", 31-Dec-2023 00:36:34WIB, Lok:3.06LS, 139.25BT (65 km Tenggara SARMI-PAPUA), Kedlmn:27 Km #BMKG  Disclaimer:Informasi ini mengutamakan kecepatan," sehingga hasil pengolahan data belum stabil dan bisa berubah seiring kelengkapan data https://t.co/mtHqTmKN83"";0;0;2;15;in;108543358;1741152703890481600;infoBMKG;https://twitter.com/infoBMKG/status/1741152703890481600",,,,,
"Sat Dec 30 17:40:53 +0000 2023;1741152389611258093;""#Gempa (UPDATE) Mag:6.5", 31-Des-23 00:16:26 WIB, Lok:2.89 LS, 139.44 BT (Pusat gempa berada di darat 95 km TimurLaut Kobagma), Kedlmn:30 Km Dirasakan (MMI) III - IV Kab. Jayapura, III Kota Jayapura, III Sarmi," II - III Wamena #BMKG https://t.co/Z1vHCAYBTt"";4;3;16;33;in;108543358;1741152389611258093;infoBMKG;https://twitter.com/infoBMKG/status/1741152389611258093",,,
"Sat Dec 30 17:34:56 +0000 2023;1741150892400017825;""#Gempa (UPDATE) Mag:6.5", 31-Des-23 00:16:26 WIB, Lok:2.89 LS, 139.44 BT (Pusat gempa berada di darat 95 km TimurLaut Kobagma), Kedlmn:30 Km Dirasakan (MMI) III - IV Kab. Jayapura, III Kota Jayapura," II - III Sarmi #BMKG https://t.co/CQjkb0njfq"";3;0;9;26;in;108543358;1741150892400017825;infoBMKG;https://twitter.com/infoBMKG/status/1741150892400017825",,,,
"Sat Dec 30 17:34:41 +0000 2023;1741150829271560253;""#Gempa Dirasakan Magnitudo: 6.5", Kedalaman: 30 km, 31 Des 2023 00:16:26 WIB," Koordinat: 2.89 LS-139.44 BT (Pusat gempa berada di darat 95 km TimurLaut Kobagma) #BMKG https://t.co/OiHiTwvX8x"";0;0;2;7;in;108543358;1741150829271560253;infoBMKG;https://twitter.com/infoBMKG/status/1741150829271560253",,,,,,,
"Sat Dec 30 17:19:43 +0000 2023;1741147062828491107;""#Gempa Mag:6.5", 31-Des-23 00:16:26 WIB, Lok:2.89 LS,139.44 BT (95 km TimurLaut KOBAGMA-PAPUAPGNGN), Kedlmn:30 Km," tdk berpotensi tsunami #BMKG https://t.co/7YGMAt4qLn"";7;8;34;117;in;108543358;1741147062828491107;infoBMKG;https://twitter.com/infoBMKG/status/1741147062828491107",,,,,
"Sat Dec 30 17:19:40 +0000 2023;1741147051109589344;""#Gempa Magnitudo: 6.5", Kedalaman: 30 km, 31 Des 2023 00:16:26 WIB, Koordinat: 2.89 LS-139.44 BT (95 km TimurLaut KOBAGMA-PAPUAPGNGN)," Tidak berpotensi tsunami #BMKG https://t.co/OiHiTwvX8x"";0;1;3;10;in;108543358;1741147051109589344;infoBMKG;https://twitter.com/infoBMKG/status/1741147051109589344",,,,,,
"Sat Dec 30 17:19:08 +0000 2023;1741146917831409961;""#Gempa Mag:6.4", 31-Dec-2023 00:16:26WIB, Lok:2.90LS, 139.43BT (48 km BaratLaut KAB-JAYAPURA-PAPUA), Kedlmn:29 Km #BMKG  Disclaimer:Informasi ini mengutamakan kecepatan," sehingga hasil pengolahan data belum stabil dan bisa berubah seiring kelengkapan data https://t.co/RycjWZ7u2v"";27;15;66;205;in;108543358;1741146917831409961;infoBMKG;https://twitter.com/infoBMKG/status/1741146917831409961",,,,,
"Sat Dec 30 16:53:10 +0000 2023;1741140381449007397;""#Gempa Mag:2.8", 30-Dec-2023 23:46:03WIB, Lok:8.51LS, 122.78BT (30 km BaratDaya LARANTUKA-NTT), Kedlmn:10 Km #BMKG  Disclaimer:Informasi ini mengutamakan kecepatan," sehingga hasil pengolahan data belum stabil dan bisa berubah seiring kelengkapan data https://t.co/Uf9y9aQKPg"";0;0;1;8;in;108543358;1741140381449007397;infoBMKG;https://twitter.com/infoBMKG/status/1741140381449007397",,,,,
"Sat Dec 30 15:32:10 +0000 2023;1741119998431785392;""#Gempa Mag:2.8", 30-Dec-2023 22:28:09WIB, Lok:0.29LS, 123.05BT (92 km BaratDaya BONEBOLANGO-GORONTALO), Kedlmn:10 Km #BMKG  Disclaimer:Informasi ini mengutamakan kecepatan," sehingga hasil pengolahan data belum stabil dan bisa berubah seiring kelengkapan data https://t.co/hWAc4HVoON"";0;0;1;9;in;108543358;1741119998431785392;infoBMKG;https://twitter.com/infoBMKG/status/1741119998431785392",,,,,
"Sat Dec 30 14:44:10 +0000 2023;1741107918479753676;""#Gempa Mag:3.1", 30-Dec-2023 21:39:02WIB, Lok:3.54LS, 128.96BT (26 km Tenggara MALUKUTENGAH), Kedlmn:12 Km #BMKG  Disclaimer:Informasi ini mengutamakan kecepatan," sehingga hasil pengolahan data belum stabil dan bisa berubah seiring kelengkapan data https://t.co/QF1pQw9Ard"";0;0;2;10;in;108543358;1741107918479753676;infoBMKG;https://twitter.com/infoBMKG/status/1741107918479753676",,,,,
"Sat Dec 30 13:06:10 +0000 2023;1741083254286119389;""#Gempa Mag:4.1", 30-Dec-2023 19:59:34WIB, Lok:11.27LS, 121.41BT (92 km BaratDaya SABURAIJUA-NTT), Kedlmn:10 Km #BMKG  Disclaimer:Informasi ini mengutamakan kecepatan," sehingga hasil pengolahan data belum stabil dan bisa berubah seiring kelengkapan data https://t.co/VgY4C8jYVE"";1;0;7;29;in;108543358;1741083254286119389;infoBMKG;https://twitter.com/infoBMKG/status/1741083254286119389",,,,,
"Sat Dec 30 10:41:09 +0000 2023;1741046759114289420;""#Gempa Mag:3.8", 30-Dec-2023 17:38:09WIB, Lok:8.45LS, 111.45BT (48 km Tenggara PACITAN-JATIM), Kedlmn:139 Km #BMKG  Disclaimer:Informasi ini mengutamakan kecepatan," sehingga hasil pengolahan data belum stabil dan bisa berubah seiring kelengkapan data https://t.co/sIEOn1u2WO"";0;1;27;73;in;108543358;1741046759114289420;infoBMKG;https://twitter.com/infoBMKG/status/1741046759114289420",,,,,
"Sat Dec 30 10:40:09 +0000 2023;1741046509687435703;""#Gempa Mag:3.4", 30-Dec-2023 17:36:19WIB, Lok:9.13LS, 123.71BT (77 km Tenggara LEMBATA-NTT), Kedlmn:24 Km #BMKG  Disclaimer:Informasi ini mengutamakan kecepatan," sehingga hasil pengolahan data belum stabil dan bisa berubah seiring kelengkapan data https://t.co/jzljDQLRDp"";0;0;4;5;in;108543358;1741046509687435703;infoBMKG;https://twitter.com/infoBMKG/status/1741046509687435703",,,,,
"Sat Dec 30 10:32:11 +0000 2023;1741044502213861698;""#Gempa Mag:3.6", 30-Dec-2023 17:25:06WIB, Lok:2.18LS, 121.43BT (53 km TimurLaut LUWUTIMUR-SULSEL), Kedlmn:10 Km #BMKG  Disclaimer:Informasi ini mengutamakan kecepatan," sehingga hasil pengolahan data belum stabil dan bisa berubah seiring kelengkapan data https://t.co/T6nDwIXvfz"";0;0;1;5;in;108543358;1741044502213861698;infoBMKG;https://twitter.com/infoBMKG/status/1741044502213861698",,,,,
"Sat Dec 30 09:56:09 +0000 2023;1741035437274374270;""#Gempa Mag:3.5", 30-Dec-2023 16:53:50WIB, Lok:4.58LS, 102.59BT (38 km BaratDaya BENGKULUSELATAN), Kedlmn:19 Km #BMKG  Disclaimer:Informasi ini mengutamakan kecepatan," sehingga hasil pengolahan data belum stabil dan bisa berubah seiring kelengkapan data https://t.co/pA4KNBs4t5"";1;1;5;15;in;108543358;1741035437274374270;infoBMKG;https://twitter.com/infoBMKG/status/1741035437274374270",,,,,
"Sat Dec 30 09:24:09 +0000 2023;1741027383019516323;""#Gempa Mag:3.3", 30-Dec-2023 16:17:26WIB, Lok:0.37LU, 121.59BT (40 km BaratDaya POHUWATO-GORONTALO), Kedlmn:112 Km #BMKG  Disclaimer:Informasi ini mengutamakan kecepatan," sehingga hasil pengolahan data belum stabil dan bisa berubah seiring kelengkapan data https://t.co/0y9ddEITCR"";0;0;2;11;in;108543358;1741027383019516323;infoBMKG;https://twitter.com/infoBMKG/status/1741027383019516323",,,,,
"Sat Dec 30 09:18:10 +0000 2023;1741025875402129894;""#Gempa Mag:3.8", 30-Dec-2023 16:12:17WIB, Lok:6.20LS, 129.97BT (246 km BaratLaut MALUKUTENGGARABRT), Kedlmn:213 Km #BMKG  Disclaimer:Informasi ini mengutamakan kecepatan," sehingga hasil pengolahan data belum stabil dan bisa berubah seiring kelengkapan data https://t.co/8cezrO1Z2w"";0;0;2;6;in;108543358;1741025875402129894;infoBMKG;https://twitter.com/infoBMKG/status/1741025875402129894",,,,,
"Sat Dec 30 07:03:09 +0000 2023;1740991899073400931;""#Gempa Mag:4.7", 30-Dec-2023 13:58:31WIB, Lok:4.52LS, 143.26BT (305 km TimurLaut PEG-BINTANG-PAPUA), Kedlmn:133 Km #BMKG  Disclaimer:Informasi ini mengutamakan kecepatan," sehingga hasil pengolahan data belum stabil dan bisa berubah seiring kelengkapan data https://t.co/VX7PmrDUMS"";0;0;2;8;in;108543358;1740991899073400931;infoBMKG;https://twitter.com/infoBMKG/status/1740991899073400931",,,,,
"Sat Dec 30 05:55:09 +0000 2023;1740974786522784061;""#Gempa Mag:3.1", 30-Dec-2023 12:52:29WIB, Lok:0.07LS, 122.97BT (69 km BaratDaya BONEBOLANGO-GORONTALO), Kedlmn:140 Km #BMKG  Disclaimer:Informasi ini mengutamakan kecepatan," sehingga hasil pengolahan data belum stabil dan bisa berubah seiring kelengkapan data https://t.co/s7z0c5hTCm"";0;0;3;7;in;108543358;1740974786522784061;infoBMKG;https://twitter.com/infoBMKG/status/1740974786522784061",,,,,
"Sat Dec 30 05:41:17 +0000 2023;1740971297277149472;""#Gempa (UPDATE) Mag:6.6", 30-Des-23 12:19:26 WIB, Lok:2.50 LU, 92.84 BT (Pusat gempa berada di laut 386 km BaratDaya Calang-Aceh Jaya), Kedlmn:10 Km Dirasakan (MMI) IV Aceh Selatan, IV Simeulue, III Aceh Barat Daya, II Aceh Besar," II Banda Aceh #BMKG https://t.co/yeCWzjABU0"";8;8;85;190;in;108543358;1740971297277149472;infoBMKG;https://twitter.com/infoBMKG/status/1740971297277149472",,
"Sat Dec 30 05:41:07 +0000 2023;1740971253568323795;""#Gempa Dirasakan Magnitudo: 6.6", Kedalaman: 10 km, 30 Des 2023 12:19:26 WIB," Koordinat: 2.50 LU-92.84 BT (Pusat gempa berada di laut 386 km BaratDaya Calang-Aceh Jaya) #BMKG https://t.co/OiHiTwvX8x"";0;0;6;18;in;108543358;1740971253568323795;infoBMKG;https://twitter.com/infoBMKG/status/1740971253568323795",,,,,,,
"Sat Dec 30 05:35:24 +0000 2023;1740969814615835088;""#Gempa (UPDATE) Mag:3.2", 30-Des-23 12:08:11 WIB, Lok:6.74 LS, 106.59 BT (Pusat gempa berada di darat 27 km TimurLaut Kab. Sukabumi), Kedlmn:9 Km Dirasakan (MMI) II-III Pamijahan," II-III Leuwiliang #BMKG https://t.co/fgbpxGUkgO"";3;2;17;65;in;108543358;1740969814615835088;infoBMKG;https://twitter.com/infoBMKG/status/1740969814615835088",,,,,
"Sat Dec 30 05:35:11 +0000 2023;1740969759922061776;""#Gempa Dirasakan Magnitudo: 3.2", Kedalaman: 9 km, 30 Des 2023 12:08:11 WIB," Koordinat: 6.74 LS-106.59 BT (Pusat gempa berada di darat 27 km TimurLaut Kab. Sukabumi) #BMKG https://t.co/OiHiTwvX8x"";0;0;1;12;in;108543358;1740969759922061776;infoBMKG;https://twitter.com/infoBMKG/status/1740969759922061776",,,,,,,
"Sat Dec 30 05:23:07 +0000 2023;1740966725053710829;""#Gempa Mag:6.5", 30-Dec-2023 12:19:26WIB, Lok:2.48LU, 92.84BT (387 km BaratDaya CALANG-ACEHJAYA), Kedlmn:10 Km #BMKG  Disclaimer:Informasi ini mengutamakan kecepatan," sehingga hasil pengolahan data belum stabil dan bisa berubah seiring kelengkapan data https://t.co/8gOig9kn9v"";38;48;186;382;in;108543358;1740966725053710829;infoBMKG;https://twitter.com/infoBMKG/status/1740966725053710829",,,,,
"Sat Dec 30 05:11:08 +0000 2023;1740963708707459100;""#Gempa Mag:3.1", 30-Dec-2023 12:08:12WIB, Lok:6.72LS, 106.59BT (26 km BaratDaya KOTA-BOGOR-JABAR), Kedlmn:10 Km #BMKG  Disclaimer:Informasi ini mengutamakan kecepatan," sehingga hasil pengolahan data belum stabil dan bisa berubah seiring kelengkapan data https://t.co/9Nz1nLz240"";3;7;16;51;in;108543358;1740963708707459100;infoBMKG;https://twitter.com/infoBMKG/status/1740963708707459100",,,,,
"Sat Dec 30 04:55:08 +0000 2023;1740959683593322634;""#Gempa Mag:2.6", 30-Dec-2023 11:52:56WIB, Lok:6.71LS, 106.60BT (25 km BaratDaya KOTA-BOGOR-JABAR), Kedlmn:20 Km #BMKG  Disclaimer:Informasi ini mengutamakan kecepatan," sehingga hasil pengolahan data belum stabil dan bisa berubah seiring kelengkapan data https://t.co/A5xAjWeEMJ"";1;1;17;25;in;108543358;1740959683593322634;infoBMKG;https://twitter.com/infoBMKG/status/1740959683593322634",,,,,
"Sat Dec 30 04:52:09 +0000 2023;1740958933194613198;""#Gempa Mag:2.3", 30-Dec-2023 11:49:25WIB, Lok:7.99LS, 124.40BT (37 km BaratLaut ALOR-NTT), Kedlmn:175 Km #BMKG  Disclaimer:Informasi ini mengutamakan kecepatan," sehingga hasil pengolahan data belum stabil dan bisa berubah seiring kelengkapan data https://t.co/QVYhKG3EkT"";0;1;6;6;in;108543358;1740958933194613198;infoBMKG;https://twitter.com/infoBMKG/status/1740958933194613198",,,,,
"Sat Dec 30 04:50:09 +0000 2023;1740958428909158744;""#Gempa Mag:2.5", 30-Dec-2023 11:46:02WIB, Lok:8.41LS, 118.61BT (14 km BaratLaut BIMA-NTB), Kedlmn:21 Km #BMKG  Disclaimer:Informasi ini mengutamakan kecepatan," sehingga hasil pengolahan data belum stabil dan bisa berubah seiring kelengkapan data https://t.co/8f0jnkHrkh"";0;0;2;5;in;108543358;1740958428909158744;infoBMKG;https://twitter.com/infoBMKG/status/1740958428909158744",,,,,
"Sat Dec 30 04:23:11 +0000 2023;1740951641128604047;""#Gempa Mag:3.2", 30-Dec-2023 11:20:30WIB, Lok:1.37LS, 129.57BT (164 km BaratDaya RAJAAMPAT-PAPUABRT), Kedlmn:10 Km #BMKG  Disclaimer:Informasi ini mengutamakan kecepatan," sehingga hasil pengolahan data belum stabil dan bisa berubah seiring kelengkapan data https://t.co/00OoHFAAUx"";0;0;1;9;in;108543358;1740951641128604047;infoBMKG;https://twitter.com/infoBMKG/status/1740951641128604047",,,,,
"Sat Dec 30 03:57:09 +0000 2023;1740945090175271047;""#Gempa Mag:3.4", 30-Dec-2023 10:51:13WIB, Lok:2.44LU, 127.50BT (96 km BaratLaut TOBELO-MALUT), Kedlmn:83 Km #BMKG  Disclaimer:Informasi ini mengutamakan kecepatan," sehingga hasil pengolahan data belum stabil dan bisa berubah seiring kelengkapan data https://t.co/8fpfLf1u3R"";0;0;3;5;in;108543358;1740945090175271047;infoBMKG;https://twitter.com/infoBMKG/status/1740945090175271047",,,,,
"Sat Dec 30 00:27:10 +0000 2023;1740892244876644471;""#Gempa Mag:2.9", 30-Dec-2023 07:23:16WIB, Lok:0.86LU, 99.75BT (20 km Tenggara MANDAILINGNATAL-SUMUT), Kedlmn:118 Km #BMKG  Disclaimer:Informasi ini mengutamakan kecepatan," sehingga hasil pengolahan data belum stabil dan bisa berubah seiring kelengkapan data https://t.co/0WFcUcThYG"";0;0;3;19;in;108543358;1740892244876644471;infoBMKG;https://twitter.com/infoBMKG/status/1740892244876644471",,,,,
"Fri Dec 29 19:25:09 +0000 2023;1740816243039555697;""#Gempa Mag:4.1", 30-Dec-2023 02:18:22WIB, Lok:7.50LS, 128.65BT (119 km TimurLaut MALUKUBRTDAYA), Kedlmn:164 Km #BMKG  Disclaimer:Informasi ini mengutamakan kecepatan," sehingga hasil pengolahan data belum stabil dan bisa berubah seiring kelengkapan data https://t.co/qh6L0x3PJI"";0;0;1;16;in;108543358;1740816243039555697;infoBMKG;https://twitter.com/infoBMKG/status/1740816243039555697",,,,,
"Fri Dec 29 16:54:10 +0000 2023;1740778243630972963;""#Gempa Mag:2.7", 29-Dec-2023 23:47:02WIB, Lok:8.15LS, 118.87BT (36 km TimurLaut BIMA-NTB), Kedlmn:11 Km #BMKG  Disclaimer:Informasi ini mengutamakan kecepatan," sehingga hasil pengolahan data belum stabil dan bisa berubah seiring kelengkapan data https://t.co/aajA2WDnmu"";0;1;2;8;in;108543358;1740778243630972963;infoBMKG;https://twitter.com/infoBMKG/status/1740778243630972963",,,,,
"Fri Dec 29 14:21:09 +0000 2023;1740739738779414730;""#Gempa Mag:3.1", 29-Dec-2023 21:18:05WIB, Lok:8.53LS, 116.32BT (20 km TimurLaut LOMBOKTENGAH-NTB), Kedlmn:106 Km #BMKG  Disclaimer:Informasi ini mengutamakan kecepatan," sehingga hasil pengolahan data belum stabil dan bisa berubah seiring kelengkapan data https://t.co/rLh2JkUveZ"";0;0;2;16;in;108543358;1740739738779414730;infoBMKG;https://twitter.com/infoBMKG/status/1740739738779414730",,,,,
"Fri Dec 29 12:20:08 +0000 2023;1740709284592394633;""#Gempa Mag:2.5", 29-Dec-2023 19:15:01WIB, Lok:9.89LS, 124.48BT (14 km Tenggara TIMORTENGAHSEL-NTT), Kedlmn:10 Km #BMKG  Disclaimer:Informasi ini mengutamakan kecepatan," sehingga hasil pengolahan data belum stabil dan bisa berubah seiring kelengkapan data https://t.co/re2Rr2fuYP"";0;1;3;17;in;108543358;1740709284592394633;infoBMKG;https://twitter.com/infoBMKG/status/1740709284592394633",,,,,
"Fri Dec 29 10:35:09 +0000 2023;1740682863350288630;""#Gempa Mag:4.5", 29-Dec-2023 17:29:33WIB, Lok:6.63LU, 126.97BT (294 km TimurLaut MELONGUANE-SULUT), Kedlmn:64 Km #BMKG  Disclaimer:Informasi ini mengutamakan kecepatan," sehingga hasil pengolahan data belum stabil dan bisa berubah seiring kelengkapan data https://t.co/mgjGZ0wgvI"";0;0;4;15;in;108543358;1740682863350288630;infoBMKG;https://twitter.com/infoBMKG/status/1740682863350288630",,,,,
"Fri Dec 29 07:14:10 +0000 2023;1740632281730220363;""#Gempa Mag:2.3", 29-Dec-2023 14:10:06WIB, Lok:8.66LS, 119.01BT (36 km Tenggara KOTA-BIMA-NTB), Kedlmn:10 Km #BMKG  Disclaimer:Informasi ini mengutamakan kecepatan," sehingga hasil pengolahan data belum stabil dan bisa berubah seiring kelengkapan data https://t.co/Uob5oL91qz"";0;0;3;17;in;108543358;1740632281730220363;infoBMKG;https://twitter.com/infoBMKG/status/1740632281730220363",,,,,
"Fri Dec 29 06:12:09 +0000 2023;1740616675341603221;""#Gempa Mag:2.8", 29-Dec-2023 13:08:13WIB, Lok:8.43LS, 108.04BT (95 km BaratDaya KAB-PANGANDARAN-JABAR), Kedlmn:10 Km #BMKG  Disclaimer:Informasi ini mengutamakan kecepatan," sehingga hasil pengolahan data belum stabil dan bisa berubah seiring kelengkapan data https://t.co/TW8ZqezBJi"";0;0;6;27;in;108543358;1740616675341603221;infoBMKG;https://twitter.com/infoBMKG/status/1740616675341603221",,,,,
"Fri Dec 29 05:47:10 +0000 2023;1740610390143447159;""#Gempa Mag:2.8", 29-Dec-2023 12:42:37WIB, Lok:0.90LU, 123.92BT (10 km BaratLaut LOLAK-BOLMONG-SULUT), Kedlmn:50 Km #BMKG  Disclaimer:Informasi ini mengutamakan kecepatan," sehingga hasil pengolahan data belum stabil dan bisa berubah seiring kelengkapan data https://t.co/1lwPTQWReP"";0;0;2;4;in;108543358;1740610390143447159;infoBMKG;https://twitter.com/infoBMKG/status/1740610390143447159",,,,,
"Fri Dec 29 05:42:09 +0000 2023;1740609126127026562;""#Gempa Mag:4.1", 29-Dec-2023 12:37:08WIB, Lok:7.49LS, 128.82BT (135 km TimurLaut MALUKUBRTDAYA), Kedlmn:139 Km #BMKG  Disclaimer:Informasi ini mengutamakan kecepatan," sehingga hasil pengolahan data belum stabil dan bisa berubah seiring kelengkapan data https://t.co/eW4SRxbW0s"";0;0;3;9;in;108543358;1740609126127026562;infoBMKG;https://twitter.com/infoBMKG/status/1740609126127026562",,,,,
"Fri Dec 29 05:27:08 +0000 2023;1740605347692515821;""#Gempa Mag:2.5", 29-Dec-2023 12:24:11WIB, Lok:6.69LS, 106.59BT (25 km BaratDaya KOTA-BOGOR-JABAR), Kedlmn:28 Km #BMKG  Disclaimer:Informasi ini mengutamakan kecepatan," sehingga hasil pengolahan data belum stabil dan bisa berubah seiring kelengkapan data https://t.co/Ry0qha9fd9"";1;2;16;32;in;108543358;1740605347692515821;infoBMKG;https://twitter.com/infoBMKG/status/1740605347692515821",,,,,
"Fri Dec 29 04:59:09 +0000 2023;1740598306022326605;""#Gempa Mag:3.5", 29-Dec-2023 11:56:21WIB, Lok:2.21LU, 98.18BT (41 km BaratDaya PAKPAKBHARAT-SUMUT), Kedlmn:50 Km #BMKG  Disclaimer:Informasi ini mengutamakan kecepatan," sehingga hasil pengolahan data belum stabil dan bisa berubah seiring kelengkapan data https://t.co/6rT5aY0dyz"";0;0;5;14;in;108543358;1740598306022326605;infoBMKG;https://twitter.com/infoBMKG/status/1740598306022326605",,,,,
"Fri Dec 29 04:27:09 +0000 2023;1740590250765021496;""#Gempa Mag:3.7", 29-Dec-2023 11:24:15WIB, Lok:8.52LS, 112.39BT (47 km BaratDaya KAB-MALANG-JATIM), Kedlmn:76 Km #BMKG  Disclaimer:Informasi ini mengutamakan kecepatan," sehingga hasil pengolahan data belum stabil dan bisa berubah seiring kelengkapan data https://t.co/IsTEP44VSt"";5;1;37;79;in;108543358;1740590250765021496;infoBMKG;https://twitter.com/infoBMKG/status/1740590250765021496",,,,,
"Fri Dec 29 02:02:09 +0000 2023;1740553762178208199;""#Gempa Mag:3.0", 29-Dec-2023 08:58:20WIB, Lok:1.77LU, 99.13BT (25 km BaratLaut TAPANULISELATAN-SUMUT), Kedlmn:10 Km #BMKG  Disclaimer:Informasi ini mengutamakan kecepatan," sehingga hasil pengolahan data belum stabil dan bisa berubah seiring kelengkapan data https://t.co/AkPUuzz798"";1;0;11;24;in;108543358;1740553762178208199;infoBMKG;https://twitter.com/infoBMKG/status/1740553762178208199",,,,,
"Thu Dec 28 22:25:08 +0000 2023;1740499149781622847;""#Gempa Mag:4.2", 29-Dec-2023 05:22:11WIB, Lok:1.87LS, 139.18BT (66 km BaratLaut SARMI-PAPUA), Kedlmn:11 Km #BMKG  Disclaimer:Informasi ini mengutamakan kecepatan," sehingga hasil pengolahan data belum stabil dan bisa berubah seiring kelengkapan data https://t.co/Cu9aNa8KAo"";0;0;1;15;in;108543358;1740499149781622847;infoBMKG;https://twitter.com/infoBMKG/status/1740499149781622847",,,,,
"Thu Dec 28 21:40:11 +0000 2023;1740487835088830551;""#Gempa Mag:3.0", 29-Dec-2023 04:36:06WIB, Lok:2.04LS, 133.69BT (42 km Tenggara TELUKBINTUNI-PAPUABRT), Kedlmn:10 Km #BMKG  Disclaimer:Informasi ini mengutamakan kecepatan," sehingga hasil pengolahan data belum stabil dan bisa berubah seiring kelengkapan data https://t.co/zbLkwNgUrk"";0;0;3;11;in;108543358;1740487835088830551;infoBMKG;https://twitter.com/infoBMKG/status/1740487835088830551",,,,,
"Thu Dec 28 18:59:11 +0000 2023;1740447317650739478;""#Gempa Mag:2.8", 29-Dec-2023 01:55:41WIB, Lok:1.69LS, 122.52BT (71 km BaratDaya BANGGAIKEP-SULTENG), Kedlmn:10 Km #BMKG  Disclaimer:Informasi ini mengutamakan kecepatan," sehingga hasil pengolahan data belum stabil dan bisa berubah seiring kelengkapan data https://t.co/OzkaeRbXyY"";0;0;1;6;in;108543358;1740447317650739478;infoBMKG;https://twitter.com/infoBMKG/status/1740447317650739478",,,,,
"Thu Dec 28 18:56:09 +0000 2023;1740446555763785745;""#Gempa Mag:3.0", 29-Dec-2023 01:52:31WIB, Lok:4.54LU, 97.76BT (24 km BaratLaut KOTA-LANGSA-ACEH), Kedlmn:10 Km #BMKG  Disclaimer:Informasi ini mengutamakan kecepatan," sehingga hasil pengolahan data belum stabil dan bisa berubah seiring kelengkapan data https://t.co/zQmQfwr4zP"";0;0;1;12;in;108543358;1740446555763785745;infoBMKG;https://twitter.com/infoBMKG/status/1740446555763785745",,,,,
"Thu Dec 28 18:45:09 +0000 2023;1740443787368038503;""#Gempa Mag:2.0", 29-Dec-2023 01:42:37WIB, Lok:4.07LS, 121.56BT (4 km BaratDaya KOLAKA-SULTRA), Kedlmn:10 Km #BMKG  Disclaimer:Informasi ini mengutamakan kecepatan," sehingga hasil pengolahan data belum stabil dan bisa berubah seiring kelengkapan data https://t.co/nSNHBzDkmb"";1;0;1;7;in;108543358;1740443787368038503;infoBMKG;https://twitter.com/infoBMKG/status/1740443787368038503",,,,,
"Thu Dec 28 18:40:09 +0000 2023;1740442530330947622;""#Gempa Mag:3.0", 29-Dec-2023 01:37:05WIB, Lok:3.85LS, 101.49BT (90 km BaratDaya BENGKULUUTARA), Kedlmn:10 Km #BMKG  Disclaimer:Informasi ini mengutamakan kecepatan," sehingga hasil pengolahan data belum stabil dan bisa berubah seiring kelengkapan data https://t.co/dBbQaBCtMH"";0;0;2;12;in;108543358;1740442530330947622;infoBMKG;https://twitter.com/infoBMKG/status/1740442530330947622",,,,,
"Thu Dec 28 17:27:08 +0000 2023;1740424155034743256;""#Gempa Mag:3.4", 29-Dec-2023 00:24:36WIB, Lok:2.10LS, 138.91BT (52 km BaratLaut SARMI-PAPUA), Kedlmn:27 Km #BMKG  Disclaimer:Informasi ini mengutamakan kecepatan," sehingga hasil pengolahan data belum stabil dan bisa berubah seiring kelengkapan data https://t.co/tciXQn8eQB"";1;1;4;10;in;108543358;1740424155034743256;infoBMKG;https://twitter.com/infoBMKG/status/1740424155034743256",,,,,
"Thu Dec 28 16:53:09 +0000 2023;1740415603285127658;""#Gempa Mag:3.4", 28-Dec-2023 23:48:17WIB, Lok:6.18LS, 130.34BT (226 km BaratLaut MALUKUTENGGARABRT), Kedlmn:153 Km #BMKG  Disclaimer:Informasi ini mengutamakan kecepatan," sehingga hasil pengolahan data belum stabil dan bisa berubah seiring kelengkapan data https://t.co/QgPX5QtLwj"";0;0;1;9;in;108543358;1740415603285127658;infoBMKG;https://twitter.com/infoBMKG/status/1740415603285127658",,,,,
"Thu Dec 28 15:52:08 +0000 2023;1740400247141187968;""#Gempa Mag:5.2", 28-Dec-2023 22:47:40WIB, Lok:12.49LU, 127.38BT (946 km TimurLaut MELONGUANE-SULUT), Kedlmn:79 Km #BMKG  Disclaimer:Informasi ini mengutamakan kecepatan," sehingga hasil pengolahan data belum stabil dan bisa berubah seiring kelengkapan data https://t.co/bVjKG6sSTb"";1;0;2;19;in;108543358;1740400247141187968;infoBMKG;https://twitter.com/infoBMKG/status/1740400247141187968",,,,,
"Thu Dec 28 14:24:12 +0000 2023;1740378117154410752;""#Gempa Mag:4.5", 28-Dec-2023 21:17:57WIB, Lok:11.54LU, 124.73BT (865 km BaratLaut MELONGUANE-SULUT), Kedlmn:10 Km #BMKG  Disclaimer:Informasi ini mengutamakan kecepatan," sehingga hasil pengolahan data belum stabil dan bisa berubah seiring kelengkapan data https://t.co/sqLn0SoY7L"";0;1;3;13;in;108543358;1740378117154410752;infoBMKG;https://twitter.com/infoBMKG/status/1740378117154410752",,,,,
"Thu Dec 28 13:40:09 +0000 2023;1740367032133337582;""#Gempa Mag:3.1", 28-Dec-2023 20:35:21WIB, Lok:3.13LS, 101.05BT (62 km BaratDaya MUKOMUKO-BENGKULU), Kedlmn:14 Km #BMKG  Disclaimer:Informasi ini mengutamakan kecepatan," sehingga hasil pengolahan data belum stabil dan bisa berubah seiring kelengkapan data https://t.co/jpEX32rMAC"";0;0;8;42;in;108543358;1740367032133337582;infoBMKG;https://twitter.com/infoBMKG/status/1740367032133337582",,,,,
"Thu Dec 28 13:38:11 +0000 2023;1740366535968133475;""#Gempa Mag:3.0", 28-Dec-2023 20:34:51WIB, Lok:0.28LS, 124.30BT (80 km Tenggara BOLAANGUKI-BOLSEL-SULUT), Kedlmn:21 Km #BMKG  Disclaimer:Informasi ini mengutamakan kecepatan," sehingga hasil pengolahan data belum stabil dan bisa berubah seiring kelengkapan data https://t.co/HdYyNb6fre"";0;0;3;11;in;108543358;1740366535968133475;infoBMKG;https://twitter.com/infoBMKG/status/1740366535968133475",,,,,
"Thu Dec 28 13:09:09 +0000 2023;1740359229150736670;""#Gempa Mag:3.8", 28-Dec-2023 20:05:15WIB, Lok:4.60LS, 139.94BT (47 km Tenggara YAHUKIMO-PAPUA), Kedlmn:22 Km #BMKG  Disclaimer:Informasi ini mengutamakan kecepatan," sehingga hasil pengolahan data belum stabil dan bisa berubah seiring kelengkapan data https://t.co/qxCfCczcQg"";0;0;6;25;in;108543358;1740359229150736670;infoBMKG;https://twitter.com/infoBMKG/status/1740359229150736670",,,,,
"Thu Dec 28 12:59:09 +0000 2023;1740356712400564279;""#Gempa Mag:2.3", 28-Dec-2023 19:54:52WIB, Lok:6.69LS, 106.56BT (28 km BaratDaya KOTA-BOGOR-JABAR), Kedlmn:19 Km #BMKG  Disclaimer:Informasi ini mengutamakan kecepatan," sehingga hasil pengolahan data belum stabil dan bisa berubah seiring kelengkapan data https://t.co/UcFGq8dWL8"";3;0;21;88;in;108543358;1740356712400564279;infoBMKG;https://twitter.com/infoBMKG/status/1740356712400564279",,,,,
"Thu Dec 28 12:52:09 +0000 2023;1740354950943969688;""#Gempa Mag:2.9", 28-Dec-2023 19:48:58WIB, Lok:10.09LS, 118.83BT (57 km BaratDaya KODI-SUMBABARATDAYA-NTT), Kedlmn:12 Km #BMKG  Disclaimer:Informasi ini mengutamakan kecepatan," sehingga hasil pengolahan data belum stabil dan bisa berubah seiring kelengkapan data https://t.co/RJc348GGbU"";0;0;2;10;in;108543358;1740354950943969688;infoBMKG;https://twitter.com/infoBMKG/status/1740354950943969688",,,,,
"Thu Dec 28 12:29:08 +0000 2023;1740349159914516804;""#Gempa Mag:3.7", 28-Dec-2023 19:24:06WIB, Lok:2.43LS, 139.48BT (31 km TimurLaut SARMI-PAPUA), Kedlmn:38 Km #BMKG  Disclaimer:Informasi ini mengutamakan kecepatan," sehingga hasil pengolahan data belum stabil dan bisa berubah seiring kelengkapan data https://t.co/Qz4LOeVbhq"";0;0;3;10;in;108543358;1740349159914516804;infoBMKG;https://twitter.com/infoBMKG/status/1740349159914516804",,,,,
"Thu Dec 28 12:03:00 +0000 2023;1740342582176358905;""#Gempa (UPDATE) Mag:4.1", 28-Des-23 18:43:18 WIB, Lok:1.26 LS, 121.12 BT (Pusat gempa berada di laut 43 km timur laut Poso)," Kedlmn:4 Km Dirasakan (MMI) II-III Poso #BMKG https://t.co/bKq6Af0NKb"";3;2;5;23;in;108543358;1740342582176358905;infoBMKG;https://twitter.com/infoBMKG/status/1740342582176358905",,,,,,
"Thu Dec 28 12:02:50 +0000 2023;1740342539558019158;""#Gempa Dirasakan Magnitudo: 4.1", Kedalaman: 4 km, 28 Des 2023 18:43:18 WIB," Koordinat: 1.26 LS-121.12 BT (Pusat gempa berada di laut 43 km timur laut Poso) #BMKG https://t.co/OiHiTwvX8x"";0;0;3;8;in;108543358;1740342539558019158;infoBMKG;https://twitter.com/infoBMKG/status/1740342539558019158",,,,,,,
"Thu Dec 28 11:48:09 +0000 2023;1740338845504393708;""#Gempa Mag:2.5", 28-Dec-2023 18:41:15WIB, Lok:7.89LS, 119.02BT (69 km TimurLaut BIMA-NTB), Kedlmn:24 Km #BMKG  Disclaimer:Informasi ini mengutamakan kecepatan," sehingga hasil pengolahan data belum stabil dan bisa berubah seiring kelengkapan data https://t.co/SXKNCIZQus"";0;0;2;5;in;108543358;1740338845504393708;infoBMKG;https://twitter.com/infoBMKG/status/1740338845504393708",,,,,
"Thu Dec 28 11:47:10 +0000 2023;1740338596912242991;""#Gempa Mag:3.9", 28-Dec-2023 18:43:18WIB, Lok:1.24LS, 121.12BT (44 km TimurLaut POSO-SULTENG), Kedlmn:10 Km #BMKG  Disclaimer:Informasi ini mengutamakan kecepatan," sehingga hasil pengolahan data belum stabil dan bisa berubah seiring kelengkapan data https://t.co/nwDayYZhmU"";0;0;2;8;in;108543358;1740338596912242991;infoBMKG;https://twitter.com/infoBMKG/status/1740338596912242991",,,,,
"Thu Dec 28 11:45:12 +0000 2023;1740338102357684250;""#Gempa Mag:2.5", 28-Dec-2023 18:41:15WIB, Lok:7.89LS, 119.02BT (69 km TimurLaut BIMA-NTB), Kedlmn:24 Km #BMKG  Disclaimer:Informasi ini mengutamakan kecepatan," sehingga hasil pengolahan data belum stabil dan bisa berubah seiring kelengkapan data https://t.co/QLjYduRbzB"";0;0;2;7;in;108543358;1740338102357684250;infoBMKG;https://twitter.com/infoBMKG/status/1740338102357684250",,,,,
"Thu Dec 28 11:22:09 +0000 2023;1740332304340549924;""#Gempa Mag:3.2", 28-Dec-2023 18:16:19WIB, Lok:1.76LU, 98.99BT (19 km TimurLaut TAPANULITENGAH-SUMUT), Kedlmn:91 Km #BMKG  Disclaimer:Informasi ini mengutamakan kecepatan," sehingga hasil pengolahan data belum stabil dan bisa berubah seiring kelengkapan data https://t.co/zMsdYd1Uqd"";0;0;4;13;in;108543358;1740332304340549924;infoBMKG;https://twitter.com/infoBMKG/status/1740332304340549924",,,,,
"Thu Dec 28 10:59:10 +0000 2023;1740326517316718649;""#Gempa Mag:3.0", 28-Dec-2023 17:55:48WIB, Lok:1.27LS, 121.15BT (46 km BaratLaut MOROWALIUTR-SULTENG), Kedlmn:10 Km #BMKG  Disclaimer:Informasi ini mengutamakan kecepatan," sehingga hasil pengolahan data belum stabil dan bisa berubah seiring kelengkapan data https://t.co/vKI3fRvBLW"";0;1;2;8;in;108543358;1740326517316718649;infoBMKG;https://twitter.com/infoBMKG/status/1740326517316718649",,,,,
"Thu Dec 28 10:12:09 +0000 2023;1740314687320023387;""#Gempa Mag:3.4", 28-Dec-2023 17:09:24WIB, Lok:10.00LS, 118.87BT (47 km BaratDaya KODI-SUMBABARATDAYA-NTT), Kedlmn:20 Km #BMKG  Disclaimer:Informasi ini mengutamakan kecepatan," sehingga hasil pengolahan data belum stabil dan bisa berubah seiring kelengkapan data https://t.co/nWnD4EVgL5"";0;0;4;12;in;108543358;1740314687320023387;infoBMKG;https://twitter.com/infoBMKG/status/1740314687320023387",,,,,
"Thu Dec 28 09:51:10 +0000 2023;1740309404438917535;""#Gempa Mag:2.9", 28-Dec-2023 16:48:38WIB, Lok:3.72LS, 120.05BT (6 km TimurLaut SIDENRENGRAPPANG-SULSEL), Kedlmn:19 Km #BMKG  Disclaimer:Informasi ini mengutamakan kecepatan," sehingga hasil pengolahan data belum stabil dan bisa berubah seiring kelengkapan data https://t.co/dTWayUpa5c"";0;0;3;16;in;108543358;1740309404438917535;infoBMKG;https://twitter.com/infoBMKG/status/1740309404438917535",,,,,
"Thu Dec 28 09:22:09 +0000 2023;1740302104588357717;""#Gempa Mag:4.1", 28-Dec-2023 16:18:49WIB, Lok:4.24LS, 102.09BT (57 km BaratDaya SELUMA-BENGKULU), Kedlmn:35 Km #BMKG  Disclaimer:Informasi ini mengutamakan kecepatan," sehingga hasil pengolahan data belum stabil dan bisa berubah seiring kelengkapan data https://t.co/yz7iLcSS25"";0;0;9;35;in;108543358;1740302104588357717;infoBMKG;https://twitter.com/infoBMKG/status/1740302104588357717",,,,,
"Thu Dec 28 08:04:10 +0000 2023;1740282480861831502;""#Gempa Mag:3.0", 28-Dec-2023 14:59:27WIB, Lok:1.27LS, 121.14BT (45 km TimurLaut POSO-SULTENG), Kedlmn:10 Km #BMKG  Disclaimer:Informasi ini mengutamakan kecepatan," sehingga hasil pengolahan data belum stabil dan bisa berubah seiring kelengkapan data https://t.co/n1Ay51fcnD"";0;1;3;5;in;108543358;1740282480861831502;infoBMKG;https://twitter.com/infoBMKG/status/1740282480861831502",,,,,
"Thu Dec 28 07:32:08 +0000 2023;1740274415815024879;""#Gempa Mag:3.2", 28-Dec-2023 14:29:14WIB, Lok:7.53LS, 106.14BT (67 km BaratDaya BAYAH-BANTEN), Kedlmn:24 Km #BMKG  Disclaimer:Informasi ini mengutamakan kecepatan," sehingga hasil pengolahan data belum stabil dan bisa berubah seiring kelengkapan data https://t.co/dQcXp0gJPY"";1;0;10;49;in;108543358;1740274415815024879;infoBMKG;https://twitter.com/infoBMKG/status/1740274415815024879",,,,,
"Thu Dec 28 07:11:09 +0000 2023;1740269138763985141;""#Gempa Mag:4.6", 28-Dec-2023 14:05:14WIB, Lok:7.25LS, 125.93BT (191 km TimurLaut ALOR-NTT), Kedlmn:10 Km #BMKG  Disclaimer:Informasi ini mengutamakan kecepatan," sehingga hasil pengolahan data belum stabil dan bisa berubah seiring kelengkapan data https://t.co/d6K3GoJHVJ"";0;0;5;11;in;108543358;1740269138763985141;infoBMKG;https://twitter.com/infoBMKG/status/1740269138763985141",,,,,
"Thu Dec 28 07:08:10 +0000 2023;1740268384149967108;""#Gempa Mag:4.0", 28-Dec-2023 14:03:52WIB, Lok:6.94LS, 125.83BT (206 km TimurLaut ALOR-NTT), Kedlmn:496 Km #BMKG  Disclaimer:Informasi ini mengutamakan kecepatan," sehingga hasil pengolahan data belum stabil dan bisa berubah seiring kelengkapan data https://t.co/iOEUgrAmqa"";0;0;4;7;in;108543358;1740268384149967108;infoBMKG;https://twitter.com/infoBMKG/status/1740268384149967108",,,,,
"Thu Dec 28 06:25:09 +0000 2023;1740257562363412853;""#Gempa Mag:2.9", 28-Dec-2023 13:19:33WIB, Lok:7.69LS, 118.91BT (86 km TimurLaut BIMA-NTB), Kedlmn:17 Km #BMKG  Disclaimer:Informasi ini mengutamakan kecepatan," sehingga hasil pengolahan data belum stabil dan bisa berubah seiring kelengkapan data https://t.co/uzBUZ58tZ4"";0;0;2;8;in;108543358;1740257562363412853;infoBMKG;https://twitter.com/infoBMKG/status/1740257562363412853",,,,,
"Thu Dec 28 05:50:26 +0000 2023;1740248822394368074;""#Gempa (UPDATE) Mag:2.8", 28-Des-23 12:31:27 WIB, Lok:3.57 LS, 128.38 BT (Pusat gempa berada di laut 26 km timur laut Ambon)," Kedlmn:10 Km Dirasakan (MMI) II-III Ambon #BMKG https://t.co/mOWZLFAAzm"";0;0;4;8;in;108543358;1740248822394368074;infoBMKG;https://twitter.com/infoBMKG/status/1740248822394368074",,,,,,
"Thu Dec 28 05:50:15 +0000 2023;1740248777322291512;""#Gempa Dirasakan Magnitudo: 2.8", Kedalaman: 10 km, 28 Des 2023 12:31:27 WIB," Koordinat: 3.57 LS-128.38 BT (Pusat gempa berada di laut 26 km timur laut Ambon) #BMKG https://t.co/OiHiTwvX8x"";0;0;2;4;in;108543358;1740248777322291512;infoBMKG;https://twitter.com/infoBMKG/status/1740248777322291512",,,,,,,
"Thu Dec 28 05:17:02 +0000 2023;1740240417218814149;""#Gempa (UPDATE) Mag:3.3", 28-Des-23 11:54:14 WIB, Lok:3.53 LS, 128.34 BT (Pusat gempa berada didarat 25 Km TimurLaut Ambon)," Kedlmn:10 Km Dirasakan (MMI) III Passo #BMKG https://t.co/LqCAGJ2LQr"";1;0;1;8;in;108543358;1740240417218814149;infoBMKG;https://twitter.com/infoBMKG/status/1740240417218814149",,,,,,
"Thu Dec 28 05:16:49 +0000 2023;1740240363573719064;""#Gempa Dirasakan Magnitudo: 3.3", Kedalaman: 10 km, 28 Des 2023 11:54:14 WIB," Koordinat: 3.53 LS-128.34 BT (Pusat gempa berada didarat 25 Km TimurLaut Ambon) #BMKG https://t.co/OiHiTwvX8x"";0;0;1;4;in;108543358;1740240363573719064;infoBMKG;https://twitter.com/infoBMKG/status/1740240363573719064",,,,,,,
"Thu Dec 28 04:58:09 +0000 2023;1740235668050313583;""#Gempa Mag:3.2", 28-Dec-2023 11:54:14WIB, Lok:3.51LS, 128.30BT (50 km Tenggara SERAMBAGIANBARAT-MALUKU), Kedlmn:10 Km #BMKG  Disclaimer:Informasi ini mengutamakan kecepatan," sehingga hasil pengolahan data belum stabil dan bisa berubah seiring kelengkapan data https://t.co/CCFpF4DLw9"";2;0;5;11;in;108543358;1740235668050313583;infoBMKG;https://twitter.com/infoBMKG/status/1740235668050313583",,,,,
"Thu Dec 28 04:38:48 +0000 2023;1740230794638246040;""#Gempa (UPDATE) Mag:2.7", 28-Des-23 11:22:54 WIB, Lok:0.21 LS, 100.37 BT (Pusat gempa berada di darat 10 km timur laut Bukittinggi)," Kedlmn:5 Km Dirasakan (MMI) III Bukittinggi #BMKG https://t.co/p9IKqSn4VP"";0;0;10;24;in;108543358;1740230794638246040;infoBMKG;https://twitter.com/infoBMKG/status/1740230794638246040",,,,,,
"Thu Dec 28 04:38:38 +0000 2023;1740230754758783235;""#Gempa Dirasakan Magnitudo: 2.7", Kedalaman: 5 km, 28 Des 2023 11:22:54 WIB," Koordinat: 0.21 LS-100.37 BT (Pusat gempa berada di darat 10 km timur laut Bukittinggi) #BMKG https://t.co/OiHiTwvX8x"";0;0;2;5;in;108543358;1740230754758783235;infoBMKG;https://twitter.com/infoBMKG/status/1740230754758783235",,,,,,,
"Thu Dec 28 04:27:10 +0000 2023;1740227867030720992;""#Gempa Mag:3.0", 28-Dec-2023 11:22:49WIB, Lok:0.29LS, 100.30BT (8 km BaratLaut BUKITTINGGI-SUMBAR), Kedlmn:43 Km #BMKG  Disclaimer:Informasi ini mengutamakan kecepatan," sehingga hasil pengolahan data belum stabil dan bisa berubah seiring kelengkapan data https://t.co/v2zqaWKmkQ"";0;0;4;21;in;108543358;1740227867030720992;infoBMKG;https://twitter.com/infoBMKG/status/1740227867030720992",,,,,
"Thu Dec 28 02:27:09 +0000 2023;1740197666473353405;""#Gempa Mag:3.7", 28-Dec-2023 09:24:52WIB, Lok:3.38LU, 96.67BT (60 km BaratDaya BLANGPIDIE-ACEHBARATDAYA), Kedlmn:10 Km #BMKG  Disclaimer:Informasi ini mengutamakan kecepatan," sehingga hasil pengolahan data belum stabil dan bisa berubah seiring kelengkapan data https://t.co/2ulWU3gGlk"";0;0;2;27;in;108543358;1740197666473353405;infoBMKG;https://twitter.com/infoBMKG/status/1740197666473353405",,,,,
"Thu Dec 28 01:38:09 +0000 2023;1740185336108716515;""#Gempa Mag:5.4", 28-Dec-2023 08:35:12WIB, Lok:6.25LU, 125.60BT (277 km BaratLaut MELONGUANE-SULUT), Kedlmn:56 Km #BMKG  Disclaimer:Informasi ini mengutamakan kecepatan," sehingga hasil pengolahan data belum stabil dan bisa berubah seiring kelengkapan data https://t.co/C8gCzefcgb"";1;1;6;11;in;108543358;1740185336108716515;infoBMKG;https://twitter.com/infoBMKG/status/1740185336108716515",,,,,
"Thu Dec 28 00:59:51 +0000 2023;1740175695584923922;""#Gempa (UPDATE) Mag:4.4", 28-Des-23 07:41:53 WIB, Lok:1.33 LU, 127.22 BT (Pusat gempa berada di laut 40 km barat laut Jailolo)," Kedlmn:4 Km Dirasakan (MMI) III Halmahera Barat #BMKG https://t.co/Bm7x79rDfO"";1;1;5;14;in;108543358;1740175695584923922;infoBMKG;https://twitter.com/infoBMKG/status/1740175695584923922",,,,,,
"Thu Dec 28 00:59:42 +0000 2023;1740175657869701534;""#Gempa Dirasakan Magnitudo: 4.4", Kedalaman: 4 km, 28 Des 2023 07:41:53 WIB," Koordinat: 1.33 LU-127.22 BT (Pusat gempa berada di laut 40 km barat laut Jailolo) #BMKG https://t.co/OiHiTwvX8x"";0;0;3;9;in;108543358;1740175657869701534;infoBMKG;https://twitter.com/infoBMKG/status/1740175657869701534",,,,,,,
"Thu Dec 28 00:45:09 +0000 2023;1740171995990679661;""#Gempa Mag:4.0", 28-Dec-2023 07:41:53WIB, Lok:1.28LU, 127.22BT (36 km BaratLaut JAILOLO-MALUT), Kedlmn:10 Km #BMKG  Disclaimer:Informasi ini mengutamakan kecepatan," sehingga hasil pengolahan data belum stabil dan bisa berubah seiring kelengkapan data https://t.co/2BomLqXcba"";0;0;3;14;in;108543358;1740171995990679661;infoBMKG;https://twitter.com/infoBMKG/status/1740171995990679661",,,,,
"Wed Dec 27 23:54:10 +0000 2023;1740159165853753754;""#Gempa Mag:2.5", 28-Dec-2023 06:50:38WIB, Lok:8.08LS, 122.46BT (61 km BaratLaut LARANTUKA-NTT), Kedlmn:181 Km #BMKG  Disclaimer:Informasi ini mengutamakan kecepatan," sehingga hasil pengolahan data belum stabil dan bisa berubah seiring kelengkapan data https://t.co/TxmjgFaO5q"";1;0;4;14;in;108543358;1740159165853753754;infoBMKG;https://twitter.com/infoBMKG/status/1740159165853753754",,,,,
"Wed Dec 27 23:20:09 +0000 2023;1740150604318818710;""#Gempa Mag:3.2", 28-Dec-2023 06:16:45WIB, Lok:8.22LS, 116.76BT (29 km BaratLaut PULAUPANJANG-NTB), Kedlmn:11 Km #BMKG  Disclaimer:Informasi ini mengutamakan kecepatan," sehingga hasil pengolahan data belum stabil dan bisa berubah seiring kelengkapan data https://t.co/xjWsBHIGNI"";1;0;4;19;in;108543358;1740150604318818710;infoBMKG;https://twitter.com/infoBMKG/status/1740150604318818710",,,,,
"Wed Dec 27 23:17:11 +0000 2023;1740149857954963828;""#Gempa Mag:3.6", 28-Dec-2023 06:12:16WIB, Lok:5.93LS, 130.39BT (248 km BaratLaut MALUKUTENGGARABRT), Kedlmn:200 Km #BMKG  Disclaimer:Informasi ini mengutamakan kecepatan," sehingga hasil pengolahan data belum stabil dan bisa berubah seiring kelengkapan data https://t.co/ag1RSyLn7D"";0;1;5;24;in;108543358;1740149857954963828;infoBMKG;https://twitter.com/infoBMKG/status/1740149857954963828",,,,,
"Wed Dec 27 23:11:17 +0000 2023;1740148375109173634;""#Gempa (UPDATE) Mag:5.5", 28-Des-23 05:43:54 WIB, Lok:8.11 LS, 107.89 BT (Pusat gempa berada di laut 80 km Barat Daya Kab. Pangandaran), Kedlmn:14 Km Dirasakan (MMI) IV Garut, III Cilacap, III Pelabuhan Ratu, III Sukabumi," II - III Bandung #BMKG https://t.co/daMvY44Fjy"";32;16;106;362;in;108543358;1740148375109173634;infoBMKG;https://twitter.com/infoBMKG/status/1740148375109173634",,
"Wed Dec 27 23:11:06 +0000 2023;1740148327445065837;""#Gempa Dirasakan Magnitudo: 5.5", Kedalaman: 14 km, 28 Des 2023 05:43:54 WIB," Koordinat: 8.11 LS-107.89 BT (Pusat gempa berada di laut 80 km Barat Daya Kab. Pangandaran) #BMKG https://t.co/OiHiTwvX8x"";5;0;8;28;in;108543358;1740148327445065837;infoBMKG;https://twitter.com/infoBMKG/status/1740148327445065837",,,,,,,
"Wed Dec 27 23:06:09 +0000 2023;1740147081216717220;""#Gempa Mag:3.4", 28-Dec-2023 06:03:17WIB, Lok:8.14LS, 107.84BT (87 km BaratDaya KAB-PANGANDARAN-JABAR), Kedlmn:17 Km #BMKG  Disclaimer:Informasi ini mengutamakan kecepatan," sehingga hasil pengolahan data belum stabil dan bisa berubah seiring kelengkapan data https://t.co/xHDGoT0V5m"";18;22;54;213;in;108543358;1740147081216717220;infoBMKG;https://twitter.com/infoBMKG/status/1740147081216717220",,,,,
"Wed Dec 27 22:47:15 +0000 2023;1740142325559693595;""#Gempa Mag:5.5", 28-Des-23 05:43:54 WIB, Lok:8.11 LS,107.89 BT (80 km BaratDaya KAB-PANGANDARAN-JABAR), Kedlmn:14 Km," tdk berpotensi tsunami #BMKG https://t.co/FHeUzOU8sK"";1071;890;1269;3962;in;108543358;1740142325559693595;infoBMKG;https://twitter.com/infoBMKG/status/1740142325559693595",,,,,
"Wed Dec 27 22:47:15 +0000 2023;1740142325488292023;""#Gempa Magnitudo: 5.5", Kedalaman: 14 km, 28 Des 2023 05:43:54 WIB, Koordinat: 8.11 LS-107.89 BT (80 km BaratDaya KAB-PANGANDARAN-JABAR)," Tidak berpotensi tsunami #BMKG https://t.co/OiHiTwvX8x"";20;23;65;234;in;108543358;1740142325488292023;infoBMKG;https://twitter.com/infoBMKG/status/1740142325488292023",,,,,,
"Wed Dec 27 22:47:08 +0000 2023;1740142295201317110;""#Gempa Mag:5.5", 28-Dec-2023 05:43:54WIB, Lok:8.12LS, 107.89BT (81 km BaratDaya KAB-PANGANDARAN-JABAR), Kedlmn:14 Km #BMKG  Disclaimer:Informasi ini mengutamakan kecepatan," sehingga hasil pengolahan data belum stabil dan bisa berubah seiring kelengkapan data https://t.co/asyhi4iKwc"";226;262;590;1637;in;108543358;1740142295201317110;infoBMKG;https://twitter.com/infoBMKG/status/1740142295201317110",,,,,
"Wed Dec 27 19:50:10 +0000 2023;1740097762698625400;""#Gempa Mag:3.0", 28-Dec-2023 02:45:54WIB, Lok:7.60LS, 119.59BT (105 km BaratLaut LABUANBAJO-NTT), Kedlmn:270 Km #BMKG  Disclaimer:Informasi ini mengutamakan kecepatan," sehingga hasil pengolahan data belum stabil dan bisa berubah seiring kelengkapan data https://t.co/IKvyNvdP1P"";1;0;4;11;in;108543358;1740097762698625400;infoBMKG;https://twitter.com/infoBMKG/status/1740097762698625400",,,,,
"Wed Dec 27 19:04:34 +0000 2023;1740086287535898820;""#Gempa (UPDATE) Mag:5.1", 28-Des-23 01:52:46 WIB, Lok:10.08 LS, 123.78 BT (Pusat gempa berada di darat 15 km barat daya Kab. Kupang)," Kedlmn:32 Km Dirasakan (MMI) III Kota Kupang #BMKG https://t.co/pvBH4or0ap"";1;2;16;36;in;108543358;1740086287535898820;infoBMKG;https://twitter.com/infoBMKG/status/1740086287535898820",,,,,,
"Wed Dec 27 19:04:24 +0000 2023;1740086243189469681;""#Gempa Dirasakan Magnitudo: 5.1", Kedalaman: 32 km, 28 Des 2023 01:52:46 WIB," Koordinat: 10.08 LS-123.78 BT (Pusat gempa berada di darat 15 km barat daya Kab. Kupang) #BMKG https://t.co/OiHiTwvX8x"";0;0;3;8;in;108543358;1740086243189469681;infoBMKG;https://twitter.com/infoBMKG/status/1740086243189469681",,,,,,,
"Wed Dec 27 18:57:09 +0000 2023;1740084420844179543;""#Gempa Mag:5.2", 28-Dec-2023 01:52:46WIB, Lok:10.04LS, 123.77BT (13 km BaratDaya KAB-KUPANG-NTT), Kedlmn:29 Km #BMKG  Disclaimer:Informasi ini mengutamakan kecepatan," sehingga hasil pengolahan data belum stabil dan bisa berubah seiring kelengkapan data https://t.co/BswRifRwZQ"";8;2;19;67;in;108543358;1740084420844179543;infoBMKG;https://twitter.com/infoBMKG/status/1740084420844179543",,,,,
"Wed Dec 27 18:56:00 +0000 2023;1740084130246013205;""#Gempa Mag:5.1", 28-Des-23 01:52:46 WIB, Lok:10.08 LS,123.78 BT (15 km BaratDaya KAB-KUPANG-NTT), Kedlmn:32 Km," tdk berpotensi tsunami #BMKG https://t.co/cjN3CJlTAK"";12;14;24;99;in;108543358;1740084130246013205;infoBMKG;https://twitter.com/infoBMKG/status/1740084130246013205",,,,,
"Wed Dec 27 18:55:58 +0000 2023;1740084120255074749;""#Gempa Magnitudo: 5.1", Kedalaman: 32 km, 28 Des 2023 01:52:46 WIB, Koordinat: 10.08 LS-123.78 BT (15 km BaratDaya KAB-KUPANG-NTT)," Tidak berpotensi tsunami #BMKG https://t.co/OiHiTwvX8x"";0;0;4;12;in;108543358;1740084120255074749;infoBMKG;https://twitter.com/infoBMKG/status/1740084120255074749",,,,,,
"Wed Dec 27 18:03:10 +0000 2023;1740070833069174946;""#Gempa Mag:3.8", 28-Dec-2023 00:57:26WIB, Lok:2.94LS, 128.38BT (24 km TimurLaut SERAMBAGIANBARAT-MALUKU), Kedlmn:17 Km #BMKG  Disclaimer:Informasi ini mengutamakan kecepatan," sehingga hasil pengolahan data belum stabil dan bisa berubah seiring kelengkapan data https://t.co/cVl6vAFLNe"";0;0;2;10;in;108543358;1740070833069174946;infoBMKG;https://twitter.com/infoBMKG/status/1740070833069174946",,,,,
"Wed Dec 27 18:01:09 +0000 2023;1740070324799226361;""#Gempa Mag:3.1", 28-Dec-2023 00:55:50WIB, Lok:9.05LS, 116.55BT (44 km Tenggara LOMBOKTIMUR-NTB), Kedlmn:74 Km #BMKG  Disclaimer:Informasi ini mengutamakan kecepatan," sehingga hasil pengolahan data belum stabil dan bisa berubah seiring kelengkapan data https://t.co/oXc73jbmcr"";0;1;2;9;in;108543358;1740070324799226361;infoBMKG;https://twitter.com/infoBMKG/status/1740070324799226361",,,,,
"Wed Dec 27 17:41:09 +0000 2023;1740065293614153919;""#Gempa Mag:3.7", 28-Dec-2023 00:38:56WIB, Lok:8.18LS, 107.26BT (128 km BaratDaya KAB-GARUT-JABAR), Kedlmn:10 Km #BMKG  Disclaimer:Informasi ini mengutamakan kecepatan," sehingga hasil pengolahan data belum stabil dan bisa berubah seiring kelengkapan data https://t.co/JgtHVsrUAj"";5;0;14;70;in;108543358;1740065293614153919;infoBMKG;https://twitter.com/infoBMKG/status/1740065293614153919",,,,,
"Wed Dec 27 17:30:08 +0000 2023;1740062523196657742;""#Gempa Mag:3.5", 28-Dec-2023 00:25:55WIB, Lok:2.44LU, 96.28BT (10 km BaratDaya SINABANG-ACEH), Kedlmn:10 Km #BMKG  Disclaimer:Informasi ini mengutamakan kecepatan," sehingga hasil pengolahan data belum stabil dan bisa berubah seiring kelengkapan data https://t.co/9mN8O06QRG"";0;0;2;4;in;108543358;1740062523196657742;infoBMKG;https://twitter.com/infoBMKG/status/1740062523196657742",,,,,
"Wed Dec 27 17:27:09 +0000 2023;1740061769429852605;""#Gempa Mag:4.2", 28-Dec-2023 00:22:36WIB, Lok:2.64LU, 128.38BT (66 km TimurLaut DARUBA-MALUT), Kedlmn:210 Km #BMKG  Disclaimer:Informasi ini mengutamakan kecepatan," sehingga hasil pengolahan data belum stabil dan bisa berubah seiring kelengkapan data https://t.co/KfrxI5KsLr"";0;0;2;7;in;108543358;1740061769429852605;infoBMKG;https://twitter.com/infoBMKG/status/1740061769429852605",,,,,
"Wed Dec 27 17:09:08 +0000 2023;1740057236658159877;""#Gempa Mag:3.0", 28-Dec-2023 00:03:55WIB, Lok:2.31LU, 96.36BT (18 km BaratDaya SINABANG-ACEH), Kedlmn:16 Km #BMKG  Disclaimer:Informasi ini mengutamakan kecepatan," sehingga hasil pengolahan data belum stabil dan bisa berubah seiring kelengkapan data https://t.co/yFefgsIdDz"";0;0;4;4;in;108543358;1740057236658159877;infoBMKG;https://twitter.com/infoBMKG/status/1740057236658159877",,,,,
"Wed Dec 27 16:00:45 +0000 2023;1740040028414415018;""#Gempa (UPDATE) Mag:2.9", 27-Des-23 22:19:28 WIB, Lok:6.75 LS, 106.58 BT (Pusat gempa berada di darat 26 km timur laut Kab. Sukabumi)," Kedlmn:9 Km Dirasakan (MMI) II Pamijahan #BMKG https://t.co/eR7ULcvyUq"";0;1;4;17;in;108543358;1740040028414415018;infoBMKG;https://twitter.com/infoBMKG/status/1740040028414415018",,,,,,
"Wed Dec 27 16:00:32 +0000 2023;1740039971204186547;""#Gempa Dirasakan Magnitudo: 2.9", Kedalaman: 9 km, 27 Des 2023 22:19:28 WIB," Koordinat: 6.75 LS-106.58 BT (Pusat gempa berada di darat 26 km timur laut Kab. Sukabumi) #BMKG https://t.co/OiHiTwvX8x"";0;0;2;5;in;108543358;1740039971204186547;infoBMKG;https://twitter.com/infoBMKG/status/1740039971204186547",,,,,,,
"Wed Dec 27 15:48:09 +0000 2023;1740036856887321072;""#Gempa Mag:3.8", 27-Dec-2023 22:45:18WIB, Lok:4.84LS, 102.87BT (43 km BaratDaya BENGKULUSELATAN), Kedlmn:22 Km #BMKG  Disclaimer:Informasi ini mengutamakan kecepatan," sehingga hasil pengolahan data belum stabil dan bisa berubah seiring kelengkapan data https://t.co/hZ3oUhUqix"";0;0;6;10;in;108543358;1740036856887321072;infoBMKG;https://twitter.com/infoBMKG/status/1740036856887321072",,,,,
"Wed Dec 27 15:41:09 +0000 2023;1740035093358628874;""#Gempa Mag:2.1", 27-Dec-2023 22:39:02WIB, Lok:7.22LS, 109.83BT (18 km BaratLaut WONOSOBO-JATENG), Kedlmn:10 Km #BMKG  Disclaimer:Informasi ini mengutamakan kecepatan," sehingga hasil pengolahan data belum stabil dan bisa berubah seiring kelengkapan data https://t.co/iQukAPq4kq"";2;2;6;26;in;108543358;1740035093358628874;infoBMKG;https://twitter.com/infoBMKG/status/1740035093358628874",,,,,
"Wed Dec 27 15:23:08 +0000 2023;1740030561828417709;""#Gempa Mag:2.8", 27-Dec-2023 22:19:29WIB, Lok:6.76LS, 106.60BT (25 km TimurLaut KAB-SUKABUMI-JABAR), Kedlmn:10 Km #BMKG  Disclaimer:Informasi ini mengutamakan kecepatan," sehingga hasil pengolahan data belum stabil dan bisa berubah seiring kelengkapan data https://t.co/ahgUYBxjfU"";2;0;15;34;in;108543358;1740030561828417709;infoBMKG;https://twitter.com/infoBMKG/status/1740030561828417709",,,,,
"Wed Dec 27 14:03:08 +0000 2023;1740010429936799888;""#Gempa Mag:3.4", 27-Dec-2023 21:00:48WIB, Lok:4.46LU, 96.58BT (34 km BaratDaya TAKENGON-ACEHTENGAH), Kedlmn:10 Km #BMKG  Disclaimer:Informasi ini mengutamakan kecepatan," sehingga hasil pengolahan data belum stabil dan bisa berubah seiring kelengkapan data https://t.co/36WJ5G0iqF"";0;0;8;19;in;108543358;1740010429936799888;infoBMKG;https://twitter.com/infoBMKG/status/1740010429936799888",,,,,
"Wed Dec 27 13:53:25 +0000 2023;1740007982224847141;""#Gempa (UPDATE) Mag:2.5", 27-Des-23 20:32:19 WIB, Lok:6.47 LS, 106.55 BT (Pusat gempa berada di darat 27 km Utara Kab. Sukabumi)," Kedlmn:8 Km Dirasakan (MMI) II Pamijahan #BMKG https://t.co/Tu15tu7n1M"";0;0;7;32;in;108543358;1740007982224847141;infoBMKG;https://twitter.com/infoBMKG/status/1740007982224847141",,,,,,
"Wed Dec 27 13:53:13 +0000 2023;1740007930265800787;""#Gempa Dirasakan Magnitudo: 2.5", Kedalaman: 8 km, 27 Des 2023 20:32:19 WIB," Koordinat: 6.47 LS-106.55 BT (Pusat gempa berada di darat 27 km Utara Kab. Sukabumi) #BMKG https://t.co/OiHiTwvX8x"";0;0;1;5;in;108543358;1740007930265800787;infoBMKG;https://twitter.com/infoBMKG/status/1740007930265800787",,,,,,,
"Wed Dec 27 13:48:29 +0000 2023;1740006739490259024;""#Gempa (UPDATE) Mag:3.0", 27-Des-23 20:10:52 WIB, Lok:6.75 LS, 106.55 BT (Pusat gempa berada di darat 26 km utara Kab. Sukabumi), Kedlmn:9 Km Dirasakan (MMI) II Pamijahan," II Kabandungan #BMKG https://t.co/de4tJwZ2QV"";1;0;7;33;in;108543358;1740006739490259024;infoBMKG;https://twitter.com/infoBMKG/status/1740006739490259024",,,,,
"Wed Dec 27 13:48:17 +0000 2023;1740006688802168892;""#Gempa Dirasakan Magnitudo: 3.0", Kedalaman: 9 km, 27 Des 2023 20:10:52 WIB," Koordinat: 6.75 LS-106.55 BT (Pusat gempa berada di darat 26 km utara Kab. Sukabumi) #BMKG https://t.co/OiHiTwvX8x"";0;0;2;10;in;108543358;1740006688802168892;infoBMKG;https://twitter.com/infoBMKG/status/1740006688802168892",,,,,,,
"Wed Dec 27 13:35:09 +0000 2023;1740003384932143320;""#Gempa Mag:2.5", 27-Dec-2023 20:32:19WIB, Lok:6.75LS, 106.56BT (26 km TimurLaut KAB-SUKABUMI-JABAR), Kedlmn:11 Km #BMKG  Disclaimer:Informasi ini mengutamakan kecepatan," sehingga hasil pengolahan data belum stabil dan bisa berubah seiring kelengkapan data https://t.co/JUkPT7F1NZ"";3;1;9;20;in;108543358;1740003384932143320;infoBMKG;https://twitter.com/infoBMKG/status/1740003384932143320",,,,,
"Wed Dec 27 13:29:15 +0000 2023;1740001899028664666;""#Gempa (UPDATE) Mag:3.2", 27-Des-23 20:08:15 WIB, Lok:6.74 LS, 106.55 BT (Pusat gempa berada di darat 27 km utara Kab. Sukabumi), Kedlmn:8 Km Dirasakan (MMI) II-III Pamijahan, II-III Leuwiliang," II-III Kabandungan #BMKG https://t.co/dd7RyPNJ2n"";2;0;19;55;in;108543358;1740001899028664666;infoBMKG;https://twitter.com/infoBMKG/status/1740001899028664666",,,,
"Wed Dec 27 13:29:06 +0000 2023;1740001861703462920;""#Gempa Dirasakan Magnitudo: 3.2", Kedalaman: 8 km, 27 Des 2023 20:08:15 WIB," Koordinat: 6.74 LS-106.55 BT (Pusat gempa berada di darat 27 km utara Kab. Sukabumi) #BMKG https://t.co/OiHiTwvX8x"";0;0;2;8;in;108543358;1740001861703462920;infoBMKG;https://twitter.com/infoBMKG/status/1740001861703462920",,,,,,,
"Wed Dec 27 13:13:08 +0000 2023;1739997846869549380;""#Gempa Mag:3.2", 27-Dec-2023 20:08:15WIB, Lok:6.78LS, 106.55BT (23 km Utara KAB-SUKABUMI-JABAR), Kedlmn:10 Km #BMKG  Disclaimer:Informasi ini mengutamakan kecepatan," sehingga hasil pengolahan data belum stabil dan bisa berubah seiring kelengkapan data https://t.co/6PTSpnQDGz"";5;16;49;157;in;108543358;1739997846869549380;infoBMKG;https://twitter.com/infoBMKG/status/1739997846869549380",,,,,
"Wed Dec 27 12:23:10 +0000 2023;1739985268537778481;""#Gempa Mag:2.8", 27-Dec-2023 19:18:52WIB, Lok:7.44LS, 121.95BT (134 km BaratLaut MAUMERE-SIKKA-NTT), Kedlmn:10 Km #BMKG  Disclaimer:Informasi ini mengutamakan kecepatan," sehingga hasil pengolahan data belum stabil dan bisa berubah seiring kelengkapan data https://t.co/Md1BJ6yGCU"";0;0;3;9;in;108543358;1739985268537778481;infoBMKG;https://twitter.com/infoBMKG/status/1739985268537778481",,,,,
"Wed Dec 27 09:54:11 +0000 2023;1739947776174338261;""#Gempa Mag:4.2", 27-Dec-2023 16:51:30WIB, Lok:2.95LS, 130.47BT (17 km BaratLaut SERAMBAGIANTIMUR-MALUKU), Kedlmn:10 Km #BMKG  Disclaimer:Informasi ini mengutamakan kecepatan," sehingga hasil pengolahan data belum stabil dan bisa berubah seiring kelengkapan data https://t.co/8672pm1TEE"";0;0;3;10;in;108543358;1739947776174338261;infoBMKG;https://twitter.com/infoBMKG/status/1739947776174338261",,,,,
"Wed Dec 27 08:25:10 +0000 2023;1739925376632315928;""#Gempa Mag:3.7", 27-Dec-2023 15:22:39WIB, Lok:0.57LU, 121.14BT (37 km Tenggara PARIGIMOUTONG-SULTENG), Kedlmn:60 Km #BMKG  Disclaimer:Informasi ini mengutamakan kecepatan," sehingga hasil pengolahan data belum stabil dan bisa berubah seiring kelengkapan data https://t.co/cIFgxhT4UH"";0;1;2;12;in;108543358;1739925376632315928;infoBMKG;https://twitter.com/infoBMKG/status/1739925376632315928",,,,,
"Wed Dec 27 06:02:08 +0000 2023;1739889380490420402;""#Gempa Mag:4.1", 27-Dec-2023 12:58:59WIB, Lok:1.60LS, 138.07BT (90 km BaratLaut MAMBERAMOTENGAH-PAPUA), Kedlmn:15 Km #BMKG  Disclaimer:Informasi ini mengutamakan kecepatan," sehingga hasil pengolahan data belum stabil dan bisa berubah seiring kelengkapan data https://t.co/mA6nDfXcPO"";0;0;2;7;in;108543358;1739889380490420402;infoBMKG;https://twitter.com/infoBMKG/status/1739889380490420402",,,,,
"Wed Dec 27 01:09:10 +0000 2023;1739815652054213003;""#Gempa Mag:3.9", 27-Dec-2023 08:05:54WIB, Lok:3.77LS, 126.67BT (73 km BaratDaya BURU-MALUKU), Kedlmn:10 Km #BMKG  Disclaimer:Informasi ini mengutamakan kecepatan," sehingga hasil pengolahan data belum stabil dan bisa berubah seiring kelengkapan data https://t.co/iVZUF1Ky1c"";0;0;1;12;in;108543358;1739815652054213003;infoBMKG;https://twitter.com/infoBMKG/status/1739815652054213003",,,,,
"Wed Dec 27 00:20:10 +0000 2023;1739803319609282728;""#Gempa Mag:2.8", 27-Dec-2023 07:16:22WIB, Lok:0.97LU, 126.90BT (56 km BaratLaut TERNATE-MALUT), Kedlmn:48 Km #BMKG  Disclaimer:Informasi ini mengutamakan kecepatan," sehingga hasil pengolahan data belum stabil dan bisa berubah seiring kelengkapan data https://t.co/n4fzBKZ2X2"";0;0;1;6;in;108543358;1739803319609282728;infoBMKG;https://twitter.com/infoBMKG/status/1739803319609282728",,,,,
"Wed Dec 27 00:12:12 +0000 2023;1739801316749345122;""#Gempa Mag:4.0", 27-Dec-2023 07:08:41WIB, Lok:1.30LU, 126.23BT (124 km Tenggara BITUNG-SULUT), Kedlmn:26 Km #BMKG  Disclaimer:Informasi ini mengutamakan kecepatan," sehingga hasil pengolahan data belum stabil dan bisa berubah seiring kelengkapan data https://t.co/rCCYrhPktE"";0;0;5;7;in;108543358;1739801316749345122;infoBMKG;https://twitter.com/infoBMKG/status/1739801316749345122",,,,,
"Tue Dec 26 22:54:09 +0000 2023;1739781672890225046;""#Gempa Mag:3.8", 27-Dec-2023 05:51:20WIB, Lok:9.58LS, 124.95BT (7 km Tenggara MALAKA-NTT), Kedlmn:10 Km #BMKG  Disclaimer:Informasi ini mengutamakan kecepatan," sehingga hasil pengolahan data belum stabil dan bisa berubah seiring kelengkapan data https://t.co/Qfg31mULRS"";1;2;1;17;in;108543358;1739781672890225046;infoBMKG;https://twitter.com/infoBMKG/status/1739781672890225046",,,,,
"Tue Dec 26 22:01:08 +0000 2023;1739768332969238684;""#Gempa Mag:3.4", 27-Dec-2023 04:57:44WIB, Lok:9.52LS, 112.90BT (157 km Tenggara KAB-MALANG-JATIM), Kedlmn:10 Km #BMKG  Disclaimer:Informasi ini mengutamakan kecepatan," sehingga hasil pengolahan data belum stabil dan bisa berubah seiring kelengkapan data https://t.co/fplIh373Nl"";2;0;15;49;in;108543358;1739768332969238684;infoBMKG;https://twitter.com/infoBMKG/status/1739768332969238684",,,,,
"Tue Dec 26 20:36:09 +0000 2023;1739746944527057272;""#Gempa Mag:4.5", 27-Dec-2023 03:31:55WIB, Lok:1.13LS, 136.82BT (93 km Tenggara BIAKNUMFOR-PAPUA), Kedlmn:10 Km #BMKG  Disclaimer:Informasi ini mengutamakan kecepatan," sehingga hasil pengolahan data belum stabil dan bisa berubah seiring kelengkapan data https://t.co/9lScxDhduk"";0;0;4;20;in;108543358;1739746944527057272;infoBMKG;https://twitter.com/infoBMKG/status/1739746944527057272",,,,,
"Tue Dec 26 17:37:09 +0000 2023;1739701897865687256;""#Gempa Mag:3.8", 27-Dec-2023 00:33:21WIB, Lok:9.59LS, 112.82BT (163 km Tenggara KAB-MALANG-JATIM), Kedlmn:10 Km #BMKG  Disclaimer:Informasi ini mengutamakan kecepatan," sehingga hasil pengolahan data belum stabil dan bisa berubah seiring kelengkapan data https://t.co/JXwWisq5Pz"";2;0;9;35;in;108543358;1739701897865687256;infoBMKG;https://twitter.com/infoBMKG/status/1739701897865687256",,,,,
"Tue Dec 26 17:16:10 +0000 2023;1739696619397001544;""#Gempa Mag:4.2", 27-Dec-2023 00:09:56WIB, Lok:11.14LS, 117.43BT (243 km BaratDaya KODI-SUMBABARATDAYA-NTT), Kedlmn:10 Km #BMKG  Disclaimer:Informasi ini mengutamakan kecepatan," sehingga hasil pengolahan data belum stabil dan bisa berubah seiring kelengkapan data https://t.co/cA9LW8DoKI"";0;1;6;21;in;108543358;1739696619397001544;infoBMKG;https://twitter.com/infoBMKG/status/1739696619397001544",,,,,
"Tue Dec 26 15:15:09 +0000 2023;1739666165348364293;""#Gempa Mag:2.9", 26-Dec-2023 22:11:39WIB, Lok:1.05LU, 126.16BT (123 km Tenggara BITUNG-SULUT), Kedlmn:14 Km #BMKG  Disclaimer:Informasi ini mengutamakan kecepatan," sehingga hasil pengolahan data belum stabil dan bisa berubah seiring kelengkapan data https://t.co/1XiK2ywqt5"";0;0;2;10;in;108543358;1739666165348364293;infoBMKG;https://twitter.com/infoBMKG/status/1739666165348364293",,,,,
"Tue Dec 26 13:17:09 +0000 2023;1739636469013328096;""#Gempa Mag:5.2", 26-Dec-2023 20:11:42WIB, Lok:5.36LS, 145.38BT (547 km Tenggara PEG-BINTANG-PAPUA), Kedlmn:79 Km #BMKG  Disclaimer:Informasi ini mengutamakan kecepatan," sehingga hasil pengolahan data belum stabil dan bisa berubah seiring kelengkapan data https://t.co/tFDzEAKxZz"";2;3;18;59;in;108543358;1739636469013328096;infoBMKG;https://twitter.com/infoBMKG/status/1739636469013328096",,,,,
"Tue Dec 26 11:42:09 +0000 2023;1739612560989761778;""#Gempa Mag:3.9", 26-Dec-2023 18:39:27WIB, Lok:2.11LU, 126.11BT (109 km Tenggara ONDONG-KEP.SITARO-SULUT), Kedlmn:14 Km #BMKG  Disclaimer:Informasi ini mengutamakan kecepatan," sehingga hasil pengolahan data belum stabil dan bisa berubah seiring kelengkapan data https://t.co/xbqTyDGHnC"";0;0;2;10;in;108543358;1739612560989761778;infoBMKG;https://twitter.com/infoBMKG/status/1739612560989761778",,,,,
"Tue Dec 26 11:25:41 +0000 2023;1739608416254070796;""#Gempa (UPDATE) Mag:4.4", 26-Des-23 18:12:57 WIB, Lok:9.66 LS, 124.89 BT (Pusat gempa berada di darat 14 km BaratDaya Malaka)," Kedlmn:10 Km Dirasakan (MMI) III Malaka #BMKG https://t.co/Nd4R91WIuq"";0;0;5;30;in;108543358;1739608416254070796;infoBMKG;https://twitter.com/infoBMKG/status/1739608416254070796",,,,,,
"Tue Dec 26 11:25:24 +0000 2023;1739608345496244302;""#Gempa Dirasakan Magnitudo: 4.4", Kedalaman: 10 km, 26 Des 2023 18:12:57 WIB," Koordinat: 9.66 LS-124.89 BT (Pusat gempa berada di darat 14 km BaratDaya Malaka) #BMKG https://t.co/OiHiTwvX8x"";0;1;2;8;in;108543358;1739608345496244302;infoBMKG;https://twitter.com/infoBMKG/status/1739608345496244302",,,,,,,
"Tue Dec 26 11:15:08 +0000 2023;1739605763369341256;""#Gempa Mag:4.4", 26-Dec-2023 18:12:55WIB, Lok:9.54LS, 124.91BT (1 km Tenggara MALAKA-NTT), Kedlmn:10 Km #BMKG  Disclaimer:Informasi ini mengutamakan kecepatan," sehingga hasil pengolahan data belum stabil dan bisa berubah seiring kelengkapan data https://t.co/pX06hKhHE1"";1;1;5;29;in;108543358;1739605763369341256;infoBMKG;https://twitter.com/infoBMKG/status/1739605763369341256",,,,,
"Tue Dec 26 10:26:09 +0000 2023;1739593436456788258;""#Gempa Mag:4.9", 26-Dec-2023 17:20:32WIB, Lok:7.91LU, 127.02BT (436 km TimurLaut MELONGUANE-SULUT), Kedlmn:10 Km #BMKG  Disclaimer:Informasi ini mengutamakan kecepatan," sehingga hasil pengolahan data belum stabil dan bisa berubah seiring kelengkapan data https://t.co/CBRLfUI6Rm"";0;1;3;12;in;108543358;1739593436456788258;infoBMKG;https://twitter.com/infoBMKG/status/1739593436456788258",,,,,
"Tue Dec 26 09:03:10 +0000 2023;1739572549028356114;""#Gempa Mag:4.4", 26-Dec-2023 15:59:31WIB, Lok:0.11LS, 122.94BT (75 km BaratDaya BONEBOLANGO-GORONTALO), Kedlmn:119 Km #BMKG  Disclaimer:Informasi ini mengutamakan kecepatan," sehingga hasil pengolahan data belum stabil dan bisa berubah seiring kelengkapan data https://t.co/IPoB1Y4Fn0"";1;1;5;11;in;108543358;1739572549028356114;infoBMKG;https://twitter.com/infoBMKG/status/1739572549028356114",,,,,
"Tue Dec 26 08:27:09 +0000 2023;1739563488081822036;""#Gempa Mag:3.1", 26-Dec-2023 15:22:25WIB, Lok:9.21LS, 124.13BT (58 km BaratLaut TIMORTENGAHUT-NTT), Kedlmn:62 Km #BMKG  Disclaimer:Informasi ini mengutamakan kecepatan," sehingga hasil pengolahan data belum stabil dan bisa berubah seiring kelengkapan data https://t.co/tVH4xn2RUS"";0;0;1;6;in;108543358;1739563488081822036;infoBMKG;https://twitter.com/infoBMKG/status/1739563488081822036",,,,,
"Tue Dec 26 06:47:09 +0000 2023;1739538319808311433;""#Gempa Mag:5.0", 26-Dec-2023 13:42:44WIB, Lok:3.78LU, 126.65BT (24 km BaratDaya MELONGUANE-SULUT), Kedlmn:48 Km #BMKG  Disclaimer:Informasi ini mengutamakan kecepatan," sehingga hasil pengolahan data belum stabil dan bisa berubah seiring kelengkapan data https://t.co/iNffWZ4q6j"";0;0;5;19;in;108543358;1739538319808311433;infoBMKG;https://twitter.com/infoBMKG/status/1739538319808311433",,,,,
"Tue Dec 26 06:46:01 +0000 2023;1739538034289443169;""#Gempa Magnitudo: 5.0", Kedalaman: 56 km, 26 Des 2023 13:42:43 WIB, Koordinat: 3.82 LU-126.63 BT (20 km BaratDaya MELONGUANE-SULUT)," Tidak berpotensi tsunami #BMKG https://t.co/OiHiTwvX8x"";0;1;6;11;in;108543358;1739538034289443169;infoBMKG;https://twitter.com/infoBMKG/status/1739538034289443169",,,,,,
"Tue Dec 26 06:46:00 +0000 2023;1739538031382823220;""#Gempa Mag:5.0", 26-Des-23 13:42:43 WIB, Lok:3.82 LU,126.63 BT (20 km BaratDaya MELONGUANE-SULUT), Kedlmn:56 Km," tdk berpotensi tsunami #BMKG https://t.co/D6HnSd8jPl"";0;0;2;22;in;108543358;1739538031382823220;infoBMKG;https://twitter.com/infoBMKG/status/1739538031382823220",,,,,
"Tue Dec 26 05:35:10 +0000 2023;1739520204617765166;""#Gempa Mag:3.6", 26-Dec-2023 12:32:18WIB, Lok:0.29LU, 122.28BT (27 km BaratDaya BOALEMO-GORONTALO), Kedlmn:11 Km #BMKG  Disclaimer:Informasi ini mengutamakan kecepatan," sehingga hasil pengolahan data belum stabil dan bisa berubah seiring kelengkapan data https://t.co/7js3fk5RcF"";0;0;2;13;in;108543358;1739520204617765166;infoBMKG;https://twitter.com/infoBMKG/status/1739520204617765166",,,,,
"Tue Dec 26 03:34:09 +0000 2023;1739489751500263725;""#Gempa Mag:4.4", 26-Dec-2023 10:31:41WIB, Lok:8.63LS, 118.38BT (14 km BaratDaya DOMPU-NTB), Kedlmn:97 Km #BMKG  Disclaimer:Informasi ini mengutamakan kecepatan," sehingga hasil pengolahan data belum stabil dan bisa berubah seiring kelengkapan data https://t.co/4lpfnNKnZ5"";0;0;3;15;in;108543358;1739489751500263725;infoBMKG;https://twitter.com/infoBMKG/status/1739489751500263725",,,,,
"Tue Dec 26 00:41:10 +0000 2023;1739446216457617458;""#Gempa Mag:3.9", 26-Dec-2023 07:35:40WIB, Lok:0.65LU, 126.82BT (62 km BaratDaya TERNATE-MALUT), Kedlmn:20 Km #BMKG  Disclaimer:Informasi ini mengutamakan kecepatan," sehingga hasil pengolahan data belum stabil dan bisa berubah seiring kelengkapan data https://t.co/28mCRVwudk"";0;1;2;16;in;108543358;1739446216457617458;infoBMKG;https://twitter.com/infoBMKG/status/1739446216457617458",,,,,
"Mon Dec 25 23:40:10 +0000 2023;1739430868299792459;""#Gempa Mag:2.9", 26-Dec-2023 06:36:00WIB, Lok:0.57LS, 122.64BT (92 km BaratLaut BANGGAIKEP-SULTENG), Kedlmn:10 Km #BMKG  Disclaimer:Informasi ini mengutamakan kecepatan," sehingga hasil pengolahan data belum stabil dan bisa berubah seiring kelengkapan data https://t.co/1g87dQjVBy"";0;1;5;25;in;108543358;1739430868299792459;infoBMKG;https://twitter.com/infoBMKG/status/1739430868299792459",,,,,
"Mon Dec 25 23:13:27 +0000 2023;1739424145878954149;""#Gempa (UPDATE) Mag:3.5", 26-Des-23 05:47:56 WIB, Lok:8.49 LS, 115.83 BT (Pusat gempa berada di laut 37 km Tenggara Karangasem), Kedlmn:19 Km Dirasakan (MMI) II-III Mataram, II-III Lombok Barat," II-III Lombok Tengah #BMKG https://t.co/l2IbkYWQj0"";0;0;4;36;in;108543358;1739424145878954149;infoBMKG;https://twitter.com/infoBMKG/status/1739424145878954149",,,,
"Mon Dec 25 23:13:17 +0000 2023;1739424099880034536;""#Gempa Dirasakan Magnitudo: 3.5", Kedalaman: 19 km, 26 Des 2023 05:47:56 WIB," Koordinat: 8.49 LS-115.83 BT (Pusat gempa berada di laut 37 km Tenggara Karangasem) #BMKG https://t.co/OiHiTwvX8x"";0;0;2;9;in;108543358;1739424099880034536;infoBMKG;https://twitter.com/infoBMKG/status/1739424099880034536",,,,,,,
"Mon Dec 25 00:09:09 +0000 2023;1739075771573187071;""#Gempa Mag:3.3", 25-Dec-2023 07:05:50WIB, Lok:9.16LS, 111.45BT (115 km Tenggara PACITAN-JATIM), Kedlmn:10 Km #BMKG  Disclaimer:Informasi ini mengutamakan kecepatan," sehingga hasil pengolahan data belum stabil dan bisa berubah seiring kelengkapan data https://t.co/IhMYw091kA"";0;0;11;43;in;108543358;1739075771573187071;infoBMKG;https://twitter.com/infoBMKG/status/1739075771573187071",,,,,
"Sun Dec 24 23:03:10 +0000 2023;1739059169372893638;""#Gempa Mag:3.4", 25-Dec-2023 05:58:02WIB, Lok:0.92LU, 121.31BT (7 km BaratDaya BUOL-SULTENG), Kedlmn:10 Km #BMKG  Disclaimer:Informasi ini mengutamakan kecepatan," sehingga hasil pengolahan data belum stabil dan bisa berubah seiring kelengkapan data https://t.co/0Wcfsd7FBa"";0;0;2;16;in;108543358;1739059169372893638;infoBMKG;https://twitter.com/infoBMKG/status/1739059169372893638",,,,,
"Sun Dec 24 20:36:09 +0000 2023;1739022171278868864;""#Gempa Mag:4.8", 25-Dec-2023 03:31:54WIB, Lok:5.09LU, 126.18BT (133 km BaratLaut MELONGUANE-SULUT), Kedlmn:84 Km #BMKG  Disclaimer:Informasi ini mengutamakan kecepatan," sehingga hasil pengolahan data belum stabil dan bisa berubah seiring kelengkapan data https://t.co/qLv0S5APPp"";0;0;3;12;in;108543358;1739022171278868864;infoBMKG;https://twitter.com/infoBMKG/status/1739022171278868864",,,,,
"Sun Dec 24 20:15:10 +0000 2023;1739016891606388993;""#Gempa Mag:3.6", 25-Dec-2023 03:12:43WIB, Lok:2.68LS, 129.50BT (91 km TimurLaut MALUKUTENGAH), Kedlmn:10 Km #BMKG  Disclaimer:Informasi ini mengutamakan kecepatan," sehingga hasil pengolahan data belum stabil dan bisa berubah seiring kelengkapan data https://t.co/XWuMP1YTpW"";1;0;1;14;in;108543358;1739016891606388993;infoBMKG;https://twitter.com/infoBMKG/status/1739016891606388993",,,,,
"Sun Dec 24 17:46:10 +0000 2023;1738979391173197883;""#Gempa Mag:2.9", 25-Dec-2023 00:42:27WIB, Lok:3.82LS, 122.75BT (38 km BaratLaut KONAWE-KEP-SULTRA), Kedlmn:10 Km #BMKG  Disclaimer:Informasi ini mengutamakan kecepatan," sehingga hasil pengolahan data belum stabil dan bisa berubah seiring kelengkapan data https://t.co/QGnM84pW3v"";1;1;2;9;in;108543358;1738979391173197883;infoBMKG;https://twitter.com/infoBMKG/status/1738979391173197883",,,,,
"Sun Dec 24 16:59:09 +0000 2023;1738967559897268304;""#Gempa Mag:2.9", 24-Dec-2023 23:54:38WIB, Lok:8.01LS, 117.34BT (54 km BaratLaut SUMBAWA-NTB), Kedlmn:12 Km #BMKG  Disclaimer:Informasi ini mengutamakan kecepatan," sehingga hasil pengolahan data belum stabil dan bisa berubah seiring kelengkapan data https://t.co/iNHYOa1hmf"";0;0;1;16;in;108543358;1738967559897268304;infoBMKG;https://twitter.com/infoBMKG/status/1738967559897268304",,,,,
"Sun Dec 24 16:12:08 +0000 2023;1738955729414017403;""#Gempa Mag:2.7", 24-Dec-2023 23:08:28WIB, Lok:8.75LS, 115.39BT (18 km TimurLaut KUTASELATAN-BALI), Kedlmn:42 Km #BMKG  Disclaimer:Informasi ini mengutamakan kecepatan," sehingga hasil pengolahan data belum stabil dan bisa berubah seiring kelengkapan data https://t.co/BTaEftKjqj"";1;3;4;26;in;108543358;1738955729414017403;infoBMKG;https://twitter.com/infoBMKG/status/1738955729414017403",,,,,
"Sun Dec 24 15:30:09 +0000 2023;1738945161361830225;""#Gempa Mag:3.4", 24-Dec-2023 22:27:01WIB, Lok:8.69LS, 123.90BT (52 km Tenggara LEMBATA-NTT), Kedlmn:65 Km #BMKG  Disclaimer:Informasi ini mengutamakan kecepatan," sehingga hasil pengolahan data belum stabil dan bisa berubah seiring kelengkapan data https://t.co/VFohqhYyom"";0;1;2;19;in;108543358;1738945161361830225;infoBMKG;https://twitter.com/infoBMKG/status/1738945161361830225",,,,,
"Sun Dec 24 14:44:11 +0000 2023;1738933592955531759;""#Gempa Mag:4.0", 24-Dec-2023 21:42:03WIB, Lok:1.36LU, 128.35BT (15 km BaratLaut HALMAHERATIMUR-MALUT), Kedlmn:10 Km #BMKG  Disclaimer:Informasi ini mengutamakan kecepatan," sehingga hasil pengolahan data belum stabil dan bisa berubah seiring kelengkapan data https://t.co/jqzKPG5KFm"";0;0;3;11;in;108543358;1738933592955531759;infoBMKG;https://twitter.com/infoBMKG/status/1738933592955531759",,,,,
"Sun Dec 24 13:37:09 +0000 2023;1738916725574570235;""#Gempa Mag:3.9", 24-Dec-2023 20:34:36WIB, Lok:4.07LU, 126.69BT (8 km TimurLaut MELONGUANE-SULUT), Kedlmn:44 Km #BMKG  Disclaimer:Informasi ini mengutamakan kecepatan," sehingga hasil pengolahan data belum stabil dan bisa berubah seiring kelengkapan data https://t.co/z7tLHfXOPP"";0;0;2;6;in;108543358;1738916725574570235;infoBMKG;https://twitter.com/infoBMKG/status/1738916725574570235",,,,,
"Sun Dec 24 09:27:09 +0000 2023;1738853811387879507;""#Gempa Mag:2.8", 24-Dec-2023 16:21:59WIB, Lok:0.48LU, 98.22BT (46 km Tenggara NIASSELATAN-SUMUT), Kedlmn:10 Km #BMKG  Disclaimer:Informasi ini mengutamakan kecepatan," sehingga hasil pengolahan data belum stabil dan bisa berubah seiring kelengkapan data https://t.co/WllPqHCl5J"";0;1;3;24;in;108543358;1738853811387879507;infoBMKG;https://twitter.com/infoBMKG/status/1738853811387879507",,,,,
"Sun Dec 24 06:28:29 +0000 2023;1738808846427262995;""#Gempa (UPDATE) Mag:4.7", 24-Des-23 13:00:55 WIB, Lok:7.99 LS, 117.85 BT (Pusat gempa berada di laut 73 km TimurLaut Sumbawa)," Kedlmn:35 Km Dirasakan (MMI) II-III Dompu #BMKG https://t.co/eVnf1hWImR"";1;1;14;50;in;108543358;1738808846427262995;infoBMKG;https://twitter.com/infoBMKG/status/1738808846427262995",,,,,,
"Sun Dec 24 06:28:19 +0000 2023;1738808803918033221;""#Gempa Dirasakan Magnitudo: 4.7", Kedalaman: 35 km, 24 Des 2023 13:00:55 WIB," Koordinat: 7.99 LS-117.85 BT (Pusat gempa berada di laut 73 km TimurLaut Sumbawa) #BMKG https://t.co/OiHiTwvX8x"";0;0;2;5;in;108543358;1738808803918033221;infoBMKG;https://twitter.com/infoBMKG/status/1738808803918033221",,,,,,,
"Sun Dec 24 06:03:09 +0000 2023;1738802473484292373;""#Gempa Mag:4.6", 24-Dec-2023 13:00:54WIB, Lok:7.97LS, 117.86BT (75 km TimurLaut SUMBAWA-NTB), Kedlmn:26 Km #BMKG  Disclaimer:Informasi ini mengutamakan kecepatan," sehingga hasil pengolahan data belum stabil dan bisa berubah seiring kelengkapan data https://t.co/H1y550f7Rn"";1;0;7;40;in;108543358;1738802473484292373;infoBMKG;https://twitter.com/infoBMKG/status/1738802473484292373",,,,,
"Sun Dec 24 03:25:10 +0000 2023;1738762714493923813;""#Gempa Mag:2.8", 24-Dec-2023 10:21:49WIB, Lok:7.51LS, 120.16BT (113 km TimurLaut LABUANBAJO-NTT), Kedlmn:349 Km #BMKG  Disclaimer:Informasi ini mengutamakan kecepatan," sehingga hasil pengolahan data belum stabil dan bisa berubah seiring kelengkapan data https://t.co/cGJPjBJ1yW"";1;0;1;8;in;108543358;1738762714493923813;infoBMKG;https://twitter.com/infoBMKG/status/1738762714493923813",,,,,
"Sun Dec 24 02:09:08 +0000 2023;1738743581844836627;""#Gempa Mag:4.8", 24-Dec-2023 09:05:55WIB, Lok:7.18LS, 104.84BT (100 km BaratDaya SUMUR-BANTEN), Kedlmn:10 Km #BMKG  Disclaimer:Informasi ini mengutamakan kecepatan," sehingga hasil pengolahan data belum stabil dan bisa berubah seiring kelengkapan data https://t.co/nTzngKDkSY"";1;1;27;67;in;108543358;1738743581844836627;infoBMKG;https://twitter.com/infoBMKG/status/1738743581844836627",,,,,
"Sun Dec 24 01:38:09 +0000 2023;1738735783782363538;""#Gempa Mag:2.6", 24-Dec-2023 08:35:01WIB, Lok:2.43LS, 119.08BT (59 km BaratDaya MAMUJUTENGAH-SULBAR), Kedlmn:10 Km #BMKG  Disclaimer:Informasi ini mengutamakan kecepatan," sehingga hasil pengolahan data belum stabil dan bisa berubah seiring kelengkapan data https://t.co/gXThLP7ALO"";0;0;4;11;in;108543358;1738735783782363538;infoBMKG;https://twitter.com/infoBMKG/status/1738735783782363538",,,,,
"Sun Dec 24 01:03:09 +0000 2023;1738726974561104001;""#Gempa Mag:3.0", 24-Dec-2023 07:59:49WIB, Lok:9.94LS, 118.77BT (45 km BaratDaya KODI-SUMBABARATDAYA-NTT), Kedlmn:21 Km #BMKG  Disclaimer:Informasi ini mengutamakan kecepatan," sehingga hasil pengolahan data belum stabil dan bisa berubah seiring kelengkapan data https://t.co/tZlf2x4UuG"";0;0;1;8;in;108543358;1738726974561104001;infoBMKG;https://twitter.com/infoBMKG/status/1738726974561104001",,,,,
"Sat Dec 23 23:17:09 +0000 2023;1738700298569535949;""#Gempa Mag:2.8", 24-Dec-2023 06:12:07WIB, Lok:9.46LS, 119.69BT (20 km TimurLaut WAIBAKUL-NTT), Kedlmn:37 Km #BMKG  Disclaimer:Informasi ini mengutamakan kecepatan," sehingga hasil pengolahan data belum stabil dan bisa berubah seiring kelengkapan data https://t.co/DFqyfwMdTp"";0;0;2;8;in;108543358;1738700298569535949;infoBMKG;https://twitter.com/infoBMKG/status/1738700298569535949",,,,,
"Sat Dec 23 22:20:08 +0000 2023;1738685951097098240;""#Gempa Mag:3.2", 24-Dec-2023 05:16:49WIB, Lok:6.75LS, 106.56BT (26 km TimurLaut KAB-SUKABUMI-JABAR), Kedlmn:10 Km #BMKG  Disclaimer:Informasi ini mengutamakan kecepatan," sehingga hasil pengolahan data belum stabil dan bisa berubah seiring kelengkapan data https://t.co/Rt1PTzTECB"";1;2;32;92;in;108543358;1738685951097098240;infoBMKG;https://twitter.com/infoBMKG/status/1738685951097098240",,,,,
"Sat Dec 23 21:58:10 +0000 2023;1738680423205716041;""#Gempa Mag:3.3", 24-Dec-2023 04:52:53WIB, Lok:1.26LS, 121.21BT (40 km BaratDaya TOJOUNA-UNA-SULTENG), Kedlmn:16 Km #BMKG  Disclaimer:Informasi ini mengutamakan kecepatan," sehingga hasil pengolahan data belum stabil dan bisa berubah seiring kelengkapan data https://t.co/MEfHT2vamA"";0;0;1;6;in;108543358;1738680423205716041;infoBMKG;https://twitter.com/infoBMKG/status/1738680423205716041",,,,,
"Sat Dec 23 21:16:09 +0000 2023;1738669849864499597;""#Gempa Mag:2.7", 24-Dec-2023 04:12:30WIB, Lok:9.44LS, 120.15BT (27 km BaratLaut WAINGAPU-NTT), Kedlmn:55 Km #BMKG  Disclaimer:Informasi ini mengutamakan kecepatan," sehingga hasil pengolahan data belum stabil dan bisa berubah seiring kelengkapan data https://t.co/zOerS5ufCJ"";0;0;2;10;in;108543358;1738669849864499597;infoBMKG;https://twitter.com/infoBMKG/status/1738669849864499597",,,,,
"Sat Dec 23 20:30:10 +0000 2023;1738658275066073364;""#Gempa Mag:2.9", 24-Dec-2023 03:25:42WIB, Lok:0.16LU, 123.26BT (44 km Tenggara BONEBOLANGO-GORONTALO), Kedlmn:58 Km #BMKG  Disclaimer:Informasi ini mengutamakan kecepatan," sehingga hasil pengolahan data belum stabil dan bisa berubah seiring kelengkapan data https://t.co/Kp3vjgbVTy"";0;0;1;4;in;108543358;1738658275066073364;infoBMKG;https://twitter.com/infoBMKG/status/1738658275066073364",,,,,
"Sat Dec 23 20:15:10 +0000 2023;1738654502482584015;""#Gempa Mag:3.2", 24-Dec-2023 03:08:55WIB, Lok:3.69LS, 101.49BT (83 km BaratDaya BENGKULUUTARA), Kedlmn:22 Km #BMKG  Disclaimer:Informasi ini mengutamakan kecepatan," sehingga hasil pengolahan data belum stabil dan bisa berubah seiring kelengkapan data https://t.co/zgdW6lrx0h"";0;0;2;15;in;108543358;1738654502482584015;infoBMKG;https://twitter.com/infoBMKG/status/1738654502482584015",,,,,
"Sat Dec 23 19:12:10 +0000 2023;1738638648525119624;""#Gempa Mag:4.0", 24-Dec-2023 02:09:53WIB, Lok:1.23LS, 121.19BT (41 km BaratDaya TOJOUNA-UNA-SULTENG), Kedlmn:18 Km #BMKG  Disclaimer:Informasi ini mengutamakan kecepatan," sehingga hasil pengolahan data belum stabil dan bisa berubah seiring kelengkapan data https://t.co/GGsCkbBRHb"";0;0;4;13;in;108543358;1738638648525119624;infoBMKG;https://twitter.com/infoBMKG/status/1738638648525119624",,,,,
"Sat Dec 23 19:11:11 +0000 2023;1738638397852565894;""#Gempa Mag:3.7", 24-Dec-2023 02:07:46WIB, Lok:1.23LS, 121.17BT (43 km BaratDaya TOJOUNA-UNA-SULTENG), Kedlmn:10 Km #BMKG  Disclaimer:Informasi ini mengutamakan kecepatan," sehingga hasil pengolahan data belum stabil dan bisa berubah seiring kelengkapan data https://t.co/TvEDz9Fh3V"";0;0;1;8;in;108543358;1738638397852565894;infoBMKG;https://twitter.com/infoBMKG/status/1738638397852565894",,,,,
"Sat Dec 23 18:54:09 +0000 2023;1738634114268537180;""#Gempa Mag:2.7", 24-Dec-2023 01:50:44WIB, Lok:1.19LS, 100.75BT (26 km TimurLaut PESISIRSELATAN-SUMBAR), Kedlmn:68 Km #BMKG  Disclaimer:Informasi ini mengutamakan kecepatan," sehingga hasil pengolahan data belum stabil dan bisa berubah seiring kelengkapan data https://t.co/sGMlFmkzBn"";0;0;3;10;in;108543358;1738634114268537180;infoBMKG;https://twitter.com/infoBMKG/status/1738634114268537180",,,,,
"Sat Dec 23 17:57:09 +0000 2023;1738619769690194295;""#Gempa Mag:4.0", 24-Dec-2023 00:54:30WIB, Lok:9.43LS, 118.02BT (108 km BaratLaut KODI-SUMBABARATDAYA-NTT), Kedlmn:10 Km #BMKG  Disclaimer:Informasi ini mengutamakan kecepatan," sehingga hasil pengolahan data belum stabil dan bisa berubah seiring kelengkapan data https://t.co/vVr2LI5GhX"";0;1;2;9;in;108543358;1738619769690194295;infoBMKG;https://twitter.com/infoBMKG/status/1738619769690194295",,,,,
"Sat Dec 23 17:21:08 +0000 2023;1738610704322851079;""#Gempa Mag:3.2", 24-Dec-2023 00:18:14WIB, Lok:8.73LS, 109.07BT (111 km Tenggara CILACAP-JATENG), Kedlmn:10 Km #BMKG  Disclaimer:Informasi ini mengutamakan kecepatan," sehingga hasil pengolahan data belum stabil dan bisa berubah seiring kelengkapan data https://t.co/Q4F2ROtyej"";1;2;10;34;in;108543358;1738610704322851079;infoBMKG;https://twitter.com/infoBMKG/status/1738610704322851079",,,,,
"Sat Dec 23 17:14:10 +0000 2023;1738608950311059473;""#Gempa Mag:3.3", 24-Dec-2023 00:11:20WIB, Lok:2.63LU, 98.47BT (18 km TimurLaut PAKPAKBHARAT-SUMUT), Kedlmn:10 Km #BMKG  Disclaimer:Informasi ini mengutamakan kecepatan," sehingga hasil pengolahan data belum stabil dan bisa berubah seiring kelengkapan data https://t.co/RaNKughOGw"";0;0;2;18;in;108543358;1738608950311059473;infoBMKG;https://twitter.com/infoBMKG/status/1738608950311059473",,,,,
"Sat Dec 23 17:05:09 +0000 2023;1738606680534073677;""#Gempa Mag:3.0", 24-Dec-2023 00:02:10WIB, Lok:5.06LU, 95.59BT (20 km BaratDaya JANTHO-ACEHBESAR), Kedlmn:57 Km #BMKG  Disclaimer:Informasi ini mengutamakan kecepatan," sehingga hasil pengolahan data belum stabil dan bisa berubah seiring kelengkapan data https://t.co/WnBxXz5n4p"";0;0;2;21;in;108543358;1738606680534073677;infoBMKG;https://twitter.com/infoBMKG/status/1738606680534073677",,,,,
"Sat Dec 23 16:42:09 +0000 2023;1738600893174644869;""#Gempa Mag:5.9", 23-Dec-2023 23:38:08WIB, Lok:11.11LU, 127.29BT (793 km TimurLaut MELONGUANE-SULUT), Kedlmn:91 Km #BMKG  Disclaimer:Informasi ini mengutamakan kecepatan," sehingga hasil pengolahan data belum stabil dan bisa berubah seiring kelengkapan data https://t.co/EMwNkdBjkT"";1;0;7;16;in;108543358;1738600893174644869;infoBMKG;https://twitter.com/infoBMKG/status/1738600893174644869",,,,,
"Sat Dec 23 16:24:11 +0000 2023;1738596370976796684;""#Gempa Mag:2.8", 23-Dec-2023 23:21:35WIB, Lok:9.06LS, 123.22BT (71 km BaratDaya LEMBATA-NTT), Kedlmn:35 Km #BMKG  Disclaimer:Informasi ini mengutamakan kecepatan," sehingga hasil pengolahan data belum stabil dan bisa berubah seiring kelengkapan data https://t.co/owM3Mktbht"";0;0;2;7;in;108543358;1738596370976796684;infoBMKG;https://twitter.com/infoBMKG/status/1738596370976796684",,,,,
"Sat Dec 23 16:02:09 +0000 2023;1738590826224382401;""#Gempa Mag:2.5", 23-Dec-2023 22:58:13WIB, Lok:4.31LS, 103.39BT (34 km Tenggara PAGARALAM-SUMSEL), Kedlmn:142 Km #BMKG  Disclaimer:Informasi ini mengutamakan kecepatan," sehingga hasil pengolahan data belum stabil dan bisa berubah seiring kelengkapan data https://t.co/DIPvoxXJfb"";0;0;5;29;in;108543358;1738590826224382401;infoBMKG;https://twitter.com/infoBMKG/status/1738590826224382401",,,,,
"Sat Dec 23 15:42:09 +0000 2023;1738585796092055554;""#Gempa Mag:2.7", 23-Dec-2023 22:39:04WIB, Lok:9.35LS, 123.77BT (72 km BaratLaut KAB-KUPANG-NTT), Kedlmn:45 Km #BMKG  Disclaimer:Informasi ini mengutamakan kecepatan," sehingga hasil pengolahan data belum stabil dan bisa berubah seiring kelengkapan data https://t.co/Y4wYPOhjRC"";0;1;1;5;in;108543358;1738585796092055554;infoBMKG;https://twitter.com/infoBMKG/status/1738585796092055554",,,,,
"Sat Dec 23 15:36:09 +0000 2023;1738584286616572096;""#Gempa Mag:3.3", 23-Dec-2023 22:33:46WIB, Lok:1.39LU, 128.35BT (17 km BaratLaut HALMAHERATIMUR-MALUT), Kedlmn:10 Km #BMKG  Disclaimer:Informasi ini mengutamakan kecepatan," sehingga hasil pengolahan data belum stabil dan bisa berubah seiring kelengkapan data https://t.co/1EehypXIlv"";0;1;1;11;in;108543358;1738584286616572096;infoBMKG;https://twitter.com/infoBMKG/status/1738584286616572096",,,,,
"Sat Dec 23 15:10:10 +0000 2023;1738577745708486952;""#Gempa Mag:4.4", 23-Dec-2023 22:07:46WIB, Lok:1.31LU, 128.37BT (12 km BaratDaya HALMAHERATIMUR-MALUT), Kedlmn:10 Km #BMKG  Disclaimer:Informasi ini mengutamakan kecepatan," sehingga hasil pengolahan data belum stabil dan bisa berubah seiring kelengkapan data https://t.co/W4jIiVB82r"";0;2;2;11;in;108543358;1738577745708486952;infoBMKG;https://twitter.com/infoBMKG/status/1738577745708486952",,,,,
"Sat Dec 23 15:02:08 +0000 2023;1738575726126010455;""#Gempa Mag:3.3", 23-Dec-2023 21:59:21WIB, Lok:6.34LS, 104.69BT (95 km Tenggara TANGGAMUS-LAMPUNG), Kedlmn:54 Km #BMKG  Disclaimer:Informasi ini mengutamakan kecepatan," sehingga hasil pengolahan data belum stabil dan bisa berubah seiring kelengkapan data https://t.co/A4I9bWWZKR"";0;0;4;8;in;108543358;1738575726126010455;infoBMKG;https://twitter.com/infoBMKG/status/1738575726126010455",,,,,
"Sat Dec 23 14:57:09 +0000 2023;1738574470644929005;""#Gempa Mag:2.7", 23-Dec-2023 21:53:25WIB, Lok:9.12LS, 120.71BT (42 km Tenggara BORONG-NTT), Kedlmn:14 Km #BMKG  Disclaimer:Informasi ini mengutamakan kecepatan," sehingga hasil pengolahan data belum stabil dan bisa berubah seiring kelengkapan data https://t.co/KqcSiiwwQX"";0;1;2;6;in;108543358;1738574470644929005;infoBMKG;https://twitter.com/infoBMKG/status/1738574470644929005",,,,,
"Sat Dec 23 14:27:09 +0000 2023;1738566921623417084;""#Gempa Mag:5.2", 23-Dec-2023 21:22:28WIB, Lok:8.00LU, 126.90BT (445 km TimurLaut MELONGUANE-SULUT), Kedlmn:10 Km #BMKG  Disclaimer:Informasi ini mengutamakan kecepatan," sehingga hasil pengolahan data belum stabil dan bisa berubah seiring kelengkapan data https://t.co/2exgHUy1nz"";0;1;4;8;in;108543358;1738566921623417084;infoBMKG;https://twitter.com/infoBMKG/status/1738566921623417084",,,,,
"Sat Dec 23 14:16:10 +0000 2023;1738564155010122228;""#Gempa Mag:3.0", 23-Dec-2023 21:10:24WIB, Lok:3.35LS, 128.84BT (14 km BaratDaya MALUKUTENGAH), Kedlmn:17 Km #BMKG  Disclaimer:Informasi ini mengutamakan kecepatan," sehingga hasil pengolahan data belum stabil dan bisa berubah seiring kelengkapan data https://t.co/VvIKoedVEY"";0;0;2;9;in;108543358;1738564155010122228;infoBMKG;https://twitter.com/infoBMKG/status/1738564155010122228",,,,,
"Sat Dec 23 13:52:10 +0000 2023;1738558114578997508;""#Gempa Mag:3.8", 23-Dec-2023 20:46:52WIB, Lok:2.72LS, 138.97BT (38 km BaratDaya SARMI-PAPUA), Kedlmn:10 Km #BMKG  Disclaimer:Informasi ini mengutamakan kecepatan," sehingga hasil pengolahan data belum stabil dan bisa berubah seiring kelengkapan data https://t.co/lyNZE12yL8"";0;0;4;15;in;108543358;1738558114578997508;infoBMKG;https://twitter.com/infoBMKG/status/1738558114578997508",,,,,
"Sat Dec 23 13:27:10 +0000 2023;1738551823974408588;""#Gempa Mag:2.9", 23-Dec-2023 20:22:49WIB, Lok:0.28LU, 126.71BT (91 km BaratDaya TERNATE-MALUT), Kedlmn:12 Km #BMKG  Disclaimer:Informasi ini mengutamakan kecepatan," sehingga hasil pengolahan data belum stabil dan bisa berubah seiring kelengkapan data https://t.co/N7F0kAa7Bm"";0;0;1;7;in;108543358;1738551823974408588;infoBMKG;https://twitter.com/infoBMKG/status/1738551823974408588",,,,,
"Sat Dec 23 12:54:09 +0000 2023;1738543517855785301;""#Gempa Mag:3.1", 23-Dec-2023 19:51:33WIB, Lok:8.01LS, 117.60BT (56 km TimurLaut SUMBAWA-NTB), Kedlmn:11 Km #BMKG  Disclaimer:Informasi ini mengutamakan kecepatan," sehingga hasil pengolahan data belum stabil dan bisa berubah seiring kelengkapan data https://t.co/8ygcxWtwGC"";0;0;5;14;in;108543358;1738543517855785301;infoBMKG;https://twitter.com/infoBMKG/status/1738543517855785301",,,,,
"Sat Dec 23 11:53:09 +0000 2023;1738528163771416903;""#Gempa Mag:5.5", 23-Dec-2023 18:48:17WIB, Lok:4.32LS, 150.94BT (1136 km Tenggara KEEROM-PAPUA), Kedlmn:315 Km #BMKG  Disclaimer:Informasi ini mengutamakan kecepatan," sehingga hasil pengolahan data belum stabil dan bisa berubah seiring kelengkapan data https://t.co/Zt732nk8Wf"";0;0;4;14;in;108543358;1738528163771416903;infoBMKG;https://twitter.com/infoBMKG/status/1738528163771416903",,,,,
"Sat Dec 23 11:38:11 +0000 2023;1738524398167146584;""#Gempa Mag:3.4", 23-Dec-2023 18:35:08WIB, Lok:3.24LS, 131.21BT (81 km Tenggara SERAMBAGIANTIMUR-MALUKU), Kedlmn:14 Km #BMKG  Disclaimer:Informasi ini mengutamakan kecepatan," sehingga hasil pengolahan data belum stabil dan bisa berubah seiring kelengkapan data https://t.co/JzkYrudgHk"";0;0;2;7;in;108543358;1738524398167146584;infoBMKG;https://twitter.com/infoBMKG/status/1738524398167146584",,,,,
"Sat Dec 23 11:33:08 +0000 2023;1738523129755107474;""#Gempa Mag:2.3", 23-Dec-2023 18:27:48WIB, Lok:7.23LS, 109.79BT (19 km BaratLaut WONOSOBO-JATENG), Kedlmn:16 Km #BMKG  Disclaimer:Informasi ini mengutamakan kecepatan," sehingga hasil pengolahan data belum stabil dan bisa berubah seiring kelengkapan data https://t.co/q0iFLAJVSu"";2;4;36;104;in;108543358;1738523129755107474;infoBMKG;https://twitter.com/infoBMKG/status/1738523129755107474",,,,,
"Sat Dec 23 11:22:09 +0000 2023;1738520362168828126;""#Gempa Mag:3.0", 23-Dec-2023 18:18:45WIB, Lok:9.81LS, 117.46BT (135 km Tenggara SUMBAWABARAT-NTB), Kedlmn:10 Km #BMKG  Disclaimer:Informasi ini mengutamakan kecepatan," sehingga hasil pengolahan data belum stabil dan bisa berubah seiring kelengkapan data https://t.co/uKsIJenxzO"";0;0;2;5;in;108543358;1738520362168828126;infoBMKG;https://twitter.com/infoBMKG/status/1738520362168828126",,,,,
"Sat Dec 23 11:07:10 +0000 2023;1738516591661478079;""#Gempa Mag:3.9", 23-Dec-2023 18:04:29WIB, Lok:0.40LU, 125.45BT (101 km Tenggara TUTUYAN-BOLTIM-SULUT), Kedlmn:10 Km #BMKG  Disclaimer:Informasi ini mengutamakan kecepatan," sehingga hasil pengolahan data belum stabil dan bisa berubah seiring kelengkapan data https://t.co/vSgowx5VlN"";0;0;1;3;in;108543358;1738516591661478079;infoBMKG;https://twitter.com/infoBMKG/status/1738516591661478079",,,,,
"Sat Dec 23 10:49:10 +0000 2023;1738512063687950535;""#Gempa (UPDATE) Mag:4.5", 23-Des-23 17:26:22 WIB, Lok:0.51 LS, 99.15 BT (Pusat gempa berada di laut 82 km BaratDaya Air Bangis, Pasaman Barat), Kedlmn:28 Km Dirasakan (MMI) III Pariaman, III Agam, II Padang Panjang, III Pasaman Barat," II Pasaman #BMKG https://t.co/Dm0BAvEL4x"";3;0;3;20;in;108543358;1738512063687950535;infoBMKG;https://twitter.com/infoBMKG/status/1738512063687950535",
"Sat Dec 23 10:43:54 +0000 2023;1738510736543162590;""#Gempa (UPDATE) Mag:4.5", 23-Des-23 17:26:22 WIB, Lok:0.51 LS, 99.15 BT (Pusat gempa berada di laut 82 km BaratDaya Air Bangis, Pasaman Barat), Kedlmn:28 Km Dirasakan (MMI) III Pariaman, III Agam," II Padang Panjang #BMKG https://t.co/yFyywiqqgJ"";0;0;2;8;in;108543358;1738510736543162590;infoBMKG;https://twitter.com/infoBMKG/status/1738510736543162590",,,
"Sat Dec 23 10:43:44 +0000 2023;1738510694432256343;""#Gempa Dirasakan Magnitudo: 4.5", Kedalaman: 28 km, 23 Des 2023 17:26:22 WIB, Koordinat: 0.51 LS-99.15 BT (Pusat gempa berada di laut 82 km BaratDaya Air Bangis," Pasaman Barat) #BMKG https://t.co/OiHiTwvX8x"";0;0;2;5;in;108543358;1738510694432256343;infoBMKG;https://twitter.com/infoBMKG/status/1738510694432256343",,,,,,
"Sat Dec 23 10:29:09 +0000 2023;1738507023787118626;""#Gempa Mag:4.4", 23-Dec-2023 17:26:21WIB, Lok:0.55LS, 99.11BT (106 km BaratDaya AGAM-SUMBAR), Kedlmn:14 Km #BMKG  Disclaimer:Informasi ini mengutamakan kecepatan," sehingga hasil pengolahan data belum stabil dan bisa berubah seiring kelengkapan data https://t.co/eZCu1AZrha"";1;1;7;38;in;108543358;1738507023787118626;infoBMKG;https://twitter.com/infoBMKG/status/1738507023787118626",,,,,
"Sat Dec 23 10:19:09 +0000 2023;1738504510249808206;""#Gempa Mag:3.6", 23-Dec-2023 17:13:03WIB, Lok:0.80LU, 125.96BT (117 km Tenggara BITUNG-SULUT), Kedlmn:10 Km #BMKG  Disclaimer:Informasi ini mengutamakan kecepatan," sehingga hasil pengolahan data belum stabil dan bisa berubah seiring kelengkapan data https://t.co/MS7XWD2HCy"";0;0;1;5;in;108543358;1738504510249808206;infoBMKG;https://twitter.com/infoBMKG/status/1738504510249808206",,,,,
"Sat Dec 23 10:00:08 +0000 2023;1738499725412950387;""#Gempa Mag:3.4", 23-Dec-2023 16:54:21WIB, Lok:9.55LS, 110.37BT (172 km BaratDaya PACITAN-JATIM), Kedlmn:92 Km #BMKG  Disclaimer:Informasi ini mengutamakan kecepatan," sehingga hasil pengolahan data belum stabil dan bisa berubah seiring kelengkapan data https://t.co/0z9ZmWq8r9"";1;0;8;23;in;108543358;1738499725412950387;infoBMKG;https://twitter.com/infoBMKG/status/1738499725412950387",,,,,
"Sat Dec 23 09:25:54 +0000 2023;1738491109574320447;""#Gempa (UPDATE) Mag:4.8", 23-Des-23 16:09:15 WIB, Lok:0.41 LU, 125.47 BT (Pusat gempa berada di laut 102 km Tenggara Tutuyan)," Kedlmn:10 Km Dirasakan (MMI) II Bolaang Mongondow #BMKG https://t.co/kL4APMQkLg"";0;2;4;15;in;108543358;1738491109574320447;infoBMKG;https://twitter.com/infoBMKG/status/1738491109574320447",,,,,,
"Sat Dec 23 09:25:43 +0000 2023;1738491062321389935;""#Gempa Dirasakan Magnitudo: 4.8", Kedalaman: 10 km, 23 Des 2023 16:09:15 WIB," Koordinat: 0.41 LU-125.47 BT (Pusat gempa berada di laut 102 km Tenggara Tutuyan) #BMKG https://t.co/OiHiTwvX8x"";0;0;1;6;in;108543358;1738491062321389935;infoBMKG;https://twitter.com/infoBMKG/status/1738491062321389935",,,,,,,
"Sat Dec 23 09:13:10 +0000 2023;1738487903435866134;""#Gempa Mag:4.8", 23-Dec-2023 16:09:15WIB, Lok:0.38LU, 125.45BT (101 km Tenggara TUTUYAN-BOLTIM-SULUT), Kedlmn:10 Km #BMKG  Disclaimer:Informasi ini mengutamakan kecepatan," sehingga hasil pengolahan data belum stabil dan bisa berubah seiring kelengkapan data https://t.co/WQ19WyRO2N"";1;0;3;11;in;108543358;1738487903435866134;infoBMKG;https://twitter.com/infoBMKG/status/1738487903435866134",,,,,
"Sat Dec 23 07:03:09 +0000 2023;1738455184261730648;""#Gempa Mag:2.7", 23-Dec-2023 14:00:39WIB, Lok:0.99LU, 127.80BT (33 km TimurLaut SOFIFI-MALUT), Kedlmn:27 Km #BMKG  Disclaimer:Informasi ini mengutamakan kecepatan," sehingga hasil pengolahan data belum stabil dan bisa berubah seiring kelengkapan data https://t.co/zXNemdCQVs"";0;0;1;6;in;108543358;1738455184261730648;infoBMKG;https://twitter.com/infoBMKG/status/1738455184261730648",,,,,
"Sat Dec 23 06:40:11 +0000 2023;1738449403156066665;""#Gempa Mag:2.3", 23-Dec-2023 13:34:53WIB, Lok:0.07LU, 100.00BT (19 km Tenggara PASAMANBARAT-SUMBAR), Kedlmn:10 Km #BMKG  Disclaimer:Informasi ini mengutamakan kecepatan," sehingga hasil pengolahan data belum stabil dan bisa berubah seiring kelengkapan data https://t.co/hrjIcpCnk0"";0;1;2;7;in;108543358;1738449403156066665;infoBMKG;https://twitter.com/infoBMKG/status/1738449403156066665",,,,,
"Fri Dec 22 14:42:10 +0000 2023;1738208311106052546;""#Gempa Mag:3.8", 22-Dec-2023 21:38:12WIB, Lok:3.33LS, 129.94BT (65 km BaratDaya SERAMBAGIANTIMUR-MALUKU), Kedlmn:10 Km #BMKG  Disclaimer:Informasi ini mengutamakan kecepatan," sehingga hasil pengolahan data belum stabil dan bisa berubah seiring kelengkapan data https://t.co/kDM3JcSJqU"";0;1;1;7;in;108543358;1738208311106052546;infoBMKG;https://twitter.com/infoBMKG/status/1738208311106052546",,,,,
"Fri Dec 22 14:39:09 +0000 2023;1738207551068770542;""#Gempa Mag:2.5", 22-Dec-2023 21:36:20WIB, Lok:7.87LS, 114.42BT (39 km TimurLaut BANYUWANGI-JATIM), Kedlmn:13 Km #BMKG  Disclaimer:Informasi ini mengutamakan kecepatan," sehingga hasil pengolahan data belum stabil dan bisa berubah seiring kelengkapan data https://t.co/itUsRh8Ref"";0;0;4;34;in;108543358;1738207551068770542;infoBMKG;https://twitter.com/infoBMKG/status/1738207551068770542",,,,,
"Fri Dec 22 14:05:10 +0000 2023;1738199001894384067;""#Gempa Mag:2.4", 22-Dec-2023 21:02:29WIB, Lok:4.54LS, 119.71BT (10 km Tenggara BARRU-SULSEL), Kedlmn:10 Km #BMKG  Disclaimer:Informasi ini mengutamakan kecepatan," sehingga hasil pengolahan data belum stabil dan bisa berubah seiring kelengkapan data https://t.co/meyNcrFdx9"";0;1;2;15;in;108543358;1738199001894384067;infoBMKG;https://twitter.com/infoBMKG/status/1738199001894384067",,,,,
"Fri Dec 22 14:03:10 +0000 2023;1738198497118360007;""#Gempa Mag:2.7", 22-Dec-2023 21:00:35WIB, Lok:0.59LS, 127.82BT (36 km TimurLaut LABUHA-MALUT), Kedlmn:11 Km #BMKG  Disclaimer:Informasi ini mengutamakan kecepatan," sehingga hasil pengolahan data belum stabil dan bisa berubah seiring kelengkapan data https://t.co/55891v2YCn"";0;0;1;3;in;108543358;1738198497118360007;infoBMKG;https://twitter.com/infoBMKG/status/1738198497118360007",,,,,
"Fri Dec 22 13:51:09 +0000 2023;1738195474564493435;""#Gempa Mag:2.8", 22-Dec-2023 20:45:44WIB, Lok:0.96LS, 134.05BT (7 km Tenggara MANOKWARISEL-PAPUABRT), Kedlmn:10 Km #BMKG  Disclaimer:Informasi ini mengutamakan kecepatan," sehingga hasil pengolahan data belum stabil dan bisa berubah seiring kelengkapan data https://t.co/Ho8Dxzn8c5"";0;0;1;10;in;108543358;1738195474564493435;infoBMKG;https://twitter.com/infoBMKG/status/1738195474564493435",,,,,
"Fri Dec 22 13:47:08 +0000 2023;1738194463108042919;""#Gempa Mag:1.8", 22-Dec-2023 20:40:28WIB, Lok:0.91LU, 97.31BT (17 km BaratDaya NIASBARAT-SUMUT), Kedlmn:10 Km #BMKG  Disclaimer:Informasi ini mengutamakan kecepatan," sehingga hasil pengolahan data belum stabil dan bisa berubah seiring kelengkapan data https://t.co/0Pk9QEAuWL"";0;0;2;10;in;108543358;1738194463108042919;infoBMKG;https://twitter.com/infoBMKG/status/1738194463108042919",,,,,
"Fri Dec 22 13:23:09 +0000 2023;1738188425327779895;""#Gempa Mag:3.1", 22-Dec-2023 20:20:13WIB, Lok:4.95LU, 95.99BT (32 km BaratDaya KAB-PIDIEJAYA-ACEH), Kedlmn:10 Km #BMKG  Disclaimer:Informasi ini mengutamakan kecepatan," sehingga hasil pengolahan data belum stabil dan bisa berubah seiring kelengkapan data https://t.co/QVMoP3sOaw"";0;0;3;13;in;108543358;1738188425327779895;infoBMKG;https://twitter.com/infoBMKG/status/1738188425327779895",,,,,
"Fri Dec 22 13:09:10 +0000 2023;1738184907665633633;""#Gempa Mag:3.0", 22-Dec-2023 20:05:44WIB, Lok:2.89LS, 121.93BT (21 km Tenggara MOROWALI-SULTENG), Kedlmn:59 Km #BMKG  Disclaimer:Informasi ini mengutamakan kecepatan," sehingga hasil pengolahan data belum stabil dan bisa berubah seiring kelengkapan data https://t.co/DM1nm0gpYW"";0;0;2;4;in;108543358;1738184907665633633;infoBMKG;https://twitter.com/infoBMKG/status/1738184907665633633",,,,,
"Fri Dec 22 11:51:05 +0000 2023;1738165257644949711;""#Gempa (UPDATE) Mag:5.4", 22-Des-23 18:33:58 WIB, Lok:2.72 LU, 128.18 BT (Pusat gempa berada di laut 65 km TimurLaut Pulau Doi)," Kedlmn:23 Km Dirasakan (MMI) III - IV Morotai #BMKG https://t.co/uUzE3s8rND"";0;3;55;147;in;108543358;1738165257644949711;infoBMKG;https://twitter.com/infoBMKG/status/1738165257644949711",,,,,,
"Fri Dec 22 11:50:51 +0000 2023;1738165198584938828;""#Gempa Dirasakan Magnitudo: 5.4", Kedalaman: 23 km, 22 Des 2023 18:33:58 WIB," Koordinat: 2.72 LU-128.18 BT (Pusat gempa berada di laut 65 km TimurLaut Pulau Doi) #BMKG https://t.co/OiHiTwvX8x"";0;0;1;3;in;108543358;1738165198584938828;infoBMKG;https://twitter.com/infoBMKG/status/1738165198584938828",,,,,,,
"Fri Dec 22 11:37:09 +0000 2023;1738161750380630489;""#Gempa Mag:5.4", 22-Des-23 18:33:58 WIB, Lok:2.72 LU,128.18 BT (65 km TimurLaut PULAUDOI-MALUT), Kedlmn:23 Km," tdk berpotensi tsunami #BMKG https://t.co/MCIEkZBNc7"";0;0;7;22;in;108543358;1738161750380630489;infoBMKG;https://twitter.com/infoBMKG/status/1738161750380630489",,,,,
"Fri Dec 22 11:37:09 +0000 2023;1738161749935980898;""#Gempa Mag:5.4", 22-Dec-2023 18:33:58WIB, Lok:2.72LU, 128.18BT (75 km BaratLaut DARUBA-MALUT), Kedlmn:23 Km #BMKG  Disclaimer:Informasi ini mengutamakan kecepatan," sehingga hasil pengolahan data belum stabil dan bisa berubah seiring kelengkapan data https://t.co/ixOyU12atb"";0;0;3;10;in;108543358;1738161749935980898;infoBMKG;https://twitter.com/infoBMKG/status/1738161749935980898",,,,,
"Fri Dec 22 11:37:05 +0000 2023;1738161735478186195;""#Gempa Magnitudo: 5.4", Kedalaman: 23 km, 22 Des 2023 18:33:58 WIB, Koordinat: 2.72 LU-128.18 BT (65 km TimurLaut PULAUDOI-MALUT)," Tidak berpotensi tsunami #BMKG https://t.co/OiHiTwvX8x"";0;1;4;6;in;108543358;1738161735478186195;infoBMKG;https://twitter.com/infoBMKG/status/1738161735478186195",,,,,,
"Fri Dec 22 07:21:08 +0000 2023;1738097322754736428;""#Gempa Mag:2.2", 22-Dec-2023 14:18:36WIB, Lok:4.70LU, 96.14BT (35 km BaratDaya KAB-PIDIEJAYA-ACEH), Kedlmn:95 Km #BMKG  Disclaimer:Informasi ini mengutamakan kecepatan," sehingga hasil pengolahan data belum stabil dan bisa berubah seiring kelengkapan data https://t.co/sXIT0c1OMY"";0;1;2;10;in;108543358;1738097322754736428;infoBMKG;https://twitter.com/infoBMKG/status/1738097322754736428",,,,,
"Fri Dec 22 06:58:10 +0000 2023;1738091541019992150;""#Gempa Mag:2.4", 22-Dec-2023 13:55:14WIB, Lok:8.66LS, 118.02BT (51 km BaratDaya DOMPU-NTB), Kedlmn:10 Km #BMKG  Disclaimer:Informasi ini mengutamakan kecepatan," sehingga hasil pengolahan data belum stabil dan bisa berubah seiring kelengkapan data https://t.co/vnqPXgo7Jc"";0;0;2;10;in;108543358;1738091541019992150;infoBMKG;https://twitter.com/infoBMKG/status/1738091541019992150",,,,,
"Fri Dec 22 06:45:09 +0000 2023;1738088266367422612;""#Gempa Mag:2.7", 22-Dec-2023 13:41:59WIB, Lok:1.99LU, 98.28BT (59 km BaratDaya HUMBANGHASUNDUTAN-SUMUT), Kedlmn:61 Km #BMKG  Disclaimer:Informasi ini mengutamakan kecepatan," sehingga hasil pengolahan data belum stabil dan bisa berubah seiring kelengkapan data https://t.co/6wTNyMufij"";0;0;2;13;in;108543358;1738088266367422612;infoBMKG;https://twitter.com/infoBMKG/status/1738088266367422612",,,,,
"Fri Dec 22 06:36:08 +0000 2023;1738085997286670524;""#Gempa Mag:3.7", 22-Dec-2023 13:33:44WIB, Lok:2.63LS, 139.24BT (18 km Tenggara SARMI-PAPUA), Kedlmn:23 Km #BMKG  Disclaimer:Informasi ini mengutamakan kecepatan," sehingga hasil pengolahan data belum stabil dan bisa berubah seiring kelengkapan data https://t.co/AkfWZoIUMH"";0;0;1;5;in;108543358;1738085997286670524;infoBMKG;https://twitter.com/infoBMKG/status/1738085997286670524",,,,,
"Fri Dec 22 05:43:10 +0000 2023;1738072666056298785;""#Gempa Mag:3.0", 22-Dec-2023 12:39:43WIB, Lok:1.95LS, 100.95BT (53 km BaratLaut SUNGAIPENUH-JAMBI), Kedlmn:37 Km #BMKG  Disclaimer:Informasi ini mengutamakan kecepatan," sehingga hasil pengolahan data belum stabil dan bisa berubah seiring kelengkapan data https://t.co/SCQNaYfrbl"";0;0;4;14;in;108543358;1738072666056298785;infoBMKG;https://twitter.com/infoBMKG/status/1738072666056298785",,,,,
"Fri Dec 22 05:34:09 +0000 2023;1738070398389129315;""#Gempa Mag:2.4", 22-Dec-2023 12:31:45WIB, Lok:8.02LS, 113.35BT (18 km TimurLaut LUMAJANG-JATIM), Kedlmn:13 Km #BMKG  Disclaimer:Informasi ini mengutamakan kecepatan," sehingga hasil pengolahan data belum stabil dan bisa berubah seiring kelengkapan data https://t.co/0euS5pdZs1"";0;1;8;32;in;108543358;1738070398389129315;infoBMKG;https://twitter.com/infoBMKG/status/1738070398389129315",,,,,
"Fri Dec 22 03:48:08 +0000 2023;1738043718161285429;""#Gempa Mag:3.9", 22-Dec-2023 10:44:33WIB, Lok:8.71LS, 105.55BT (211 km BaratDaya MUARABINUANGEUN-BANTEN), Kedlmn:10 Km #BMKG  Disclaimer:Informasi ini mengutamakan kecepatan," sehingga hasil pengolahan data belum stabil dan bisa berubah seiring kelengkapan data https://t.co/auHlsE4H6L"";1;0;5;27;in;108543358;1738043718161285429;infoBMKG;https://twitter.com/infoBMKG/status/1738043718161285429",,,,,
"Fri Dec 22 01:45:08 +0000 2023;1738012763237257459;""#Gempa Mag:4.5", 22-Dec-2023 08:41:54WIB, Lok:8.68LS, 105.55BT (208 km BaratDaya MUARABINUANGEUN-BANTEN), Kedlmn:10 Km #BMKG  Disclaimer:Informasi ini mengutamakan kecepatan," sehingga hasil pengolahan data belum stabil dan bisa berubah seiring kelengkapan data https://t.co/yISnarMbfi"";1;2;19;56;in;108543358;1738012763237257459;infoBMKG;https://twitter.com/infoBMKG/status/1738012763237257459",,,,,
"Fri Dec 22 01:38:09 +0000 2023;1738011005341561233;""#Gempa Mag:2.6", 22-Dec-2023 08:33:38WIB, Lok:7.68LS, 106.59BT (77 km Tenggara KAB-SUKABUMI-JABAR), Kedlmn:22 Km #BMKG  Disclaimer:Informasi ini mengutamakan kecepatan," sehingga hasil pengolahan data belum stabil dan bisa berubah seiring kelengkapan data https://t.co/NK1GQEwCwf"";1;1;11;39;in;108543358;1738011005341561233;infoBMKG;https://twitter.com/infoBMKG/status/1738011005341561233",,,,,
"Fri Dec 22 00:30:10 +0000 2023;1737993897610244388;""#Gempa Mag:3.6", 22-Dec-2023 07:23:33WIB, Lok:0.74LS, 122.36BT (97 km BaratLaut BANGGAIKEP-SULTENG), Kedlmn:10 Km #BMKG  Disclaimer:Informasi ini mengutamakan kecepatan," sehingga hasil pengolahan data belum stabil dan bisa berubah seiring kelengkapan data https://t.co/3sag6H7QF5"";0;0;3;17;in;108543358;1737993897610244388;infoBMKG;https://twitter.com/infoBMKG/status/1737993897610244388",,,,,
"Thu Dec 21 23:34:08 +0000 2023;1737979798444806647;""#Gempa Mag:3.6", 22-Dec-2023 06:30:16WIB, Lok:8.50LS, 117.84BT (46 km Tenggara SUMBAWA-NTB), Kedlmn:125 Km #BMKG  Disclaimer:Informasi ini mengutamakan kecepatan," sehingga hasil pengolahan data belum stabil dan bisa berubah seiring kelengkapan data https://t.co/PikcIn6cIk"";0;0;3;19;in;108543358;1737979798444806647;infoBMKG;https://twitter.com/infoBMKG/status/1737979798444806647",,,,,
"Thu Dec 21 23:16:10 +0000 2023;1737975276926341462;""#Gempa Mag:3.7", 22-Dec-2023 06:10:44WIB, Lok:2.03LS, 102.21BT (30 km TimurLaut MERANGIN-JAMBI), Kedlmn:212 Km #BMKG  Disclaimer:Informasi ini mengutamakan kecepatan," sehingga hasil pengolahan data belum stabil dan bisa berubah seiring kelengkapan data https://t.co/d4IZOfwEKv"";0;0;7;29;in;108543358;1737975276926341462;infoBMKG;https://twitter.com/infoBMKG/status/1737975276926341462",,,,,
"Thu Dec 21 22:45:08 +0000 2023;1737967468096946400;""#Gempa Mag:4.6", 22-Dec-2023 05:40:52WIB, Lok:7.14LS, 129.74BT (197 km BaratLaut MALUKUTENGGARABRT), Kedlmn:165 Km #BMKG  Disclaimer:Informasi ini mengutamakan kecepatan," sehingga hasil pengolahan data belum stabil dan bisa berubah seiring kelengkapan data https://t.co/QftgvLsVwf"";0;1;6;18;in;108543358;1737967468096946400;infoBMKG;https://twitter.com/infoBMKG/status/1737967468096946400",,,,,
"Thu Dec 21 21:22:09 +0000 2023;1737946583252308099;""#Gempa Mag:3.2", 22-Dec-2023 04:19:43WIB, Lok:8.28LS, 118.55BT (27 km BaratLaut BIMA-NTB), Kedlmn:11 Km #BMKG  Disclaimer:Informasi ini mengutamakan kecepatan," sehingga hasil pengolahan data belum stabil dan bisa berubah seiring kelengkapan data https://t.co/3IcK5vMwGb"";0;1;1;9;in;108543358;1737946583252308099;infoBMKG;https://twitter.com/infoBMKG/status/1737946583252308099",,,,,
"Thu Dec 21 21:13:09 +0000 2023;1737944318810460356;""#Gempa Mag:4.8", 22-Dec-2023 04:10:56WIB, Lok:1.46LU, 123.48BT (64 km TimurLaut BOROKO-BOLMUT-SULUT), Kedlmn:10 Km #BMKG  Disclaimer:Informasi ini mengutamakan kecepatan," sehingga hasil pengolahan data belum stabil dan bisa berubah seiring kelengkapan data https://t.co/szP2DPFbYd"";1;1;7;15;in;108543358;1737944318810460356;infoBMKG;https://twitter.com/infoBMKG/status/1737944318810460356",,,,,
"Thu Dec 21 20:38:10 +0000 2023;1737935514995724761;""#Gempa Mag:3.4", 22-Dec-2023 03:35:56WIB, Lok:0.69LS, 127.38BT (13 km BaratDaya LABUHA-MALUT), Kedlmn:59 Km #BMKG  Disclaimer:Informasi ini mengutamakan kecepatan," sehingga hasil pengolahan data belum stabil dan bisa berubah seiring kelengkapan data https://t.co/Ff8zoTa7De"";0;1;3;10;in;108543358;1737935514995724761;infoBMKG;https://twitter.com/infoBMKG/status/1737935514995724761",,,,,
"Thu Dec 21 20:24:08 +0000 2023;1737931983354007902;""#Gempa Mag:3.2", 22-Dec-2023 03:18:52WIB, Lok:6.19LU, 94.96BT (51 km BaratLaut KOTA-SABANG-ACEH), Kedlmn:10 Km #BMKG  Disclaimer:Informasi ini mengutamakan kecepatan," sehingga hasil pengolahan data belum stabil dan bisa berubah seiring kelengkapan data https://t.co/OsXtXFgahP"";0;0;3;14;in;108543358;1737931983354007902;infoBMKG;https://twitter.com/infoBMKG/status/1737931983354007902",,,,,
"Thu Dec 21 19:37:08 +0000 2023;1737920156146499653;""#Gempa Mag:4.4", 22-Dec-2023 02:31:15WIB, Lok:7.76LU, 127.30BT (423 km TimurLaut MELONGUANE-SULUT), Kedlmn:105 Km #BMKG  Disclaimer:Informasi ini mengutamakan kecepatan," sehingga hasil pengolahan data belum stabil dan bisa berubah seiring kelengkapan data https://t.co/s6bWDmgksS"";0;0;4;17;in;108543358;1737920156146499653;infoBMKG;https://twitter.com/infoBMKG/status/1737920156146499653",,,,,
"Thu Dec 21 18:49:10 +0000 2023;1737908085040251087;""#Gempa Mag:2.9", 22-Dec-2023 01:45:53WIB, Lok:1.74LU, 126.52BT (126 km BaratLaut HALMAHERABARAT-MALUT), Kedlmn:10 Km #BMKG  Disclaimer:Informasi ini mengutamakan kecepatan," sehingga hasil pengolahan data belum stabil dan bisa berubah seiring kelengkapan data https://t.co/Tr4nigFU4b"";0;1;1;16;in;108543358;1737908085040251087;infoBMKG;https://twitter.com/infoBMKG/status/1737908085040251087",,,,,
"Thu Dec 21 17:02:08 +0000 2023;1737881148494315677;""#Gempa Mag:3.7", 21-Dec-2023 23:58:43WIB, Lok:1.94LS, 139.45BT (64 km TimurLaut SARMI-PAPUA), Kedlmn:17 Km #BMKG  Disclaimer:Informasi ini mengutamakan kecepatan," sehingga hasil pengolahan data belum stabil dan bisa berubah seiring kelengkapan data https://t.co/RqZBta7WAO"";0;1;1;11;in;108543358;1737881148494315677;infoBMKG;https://twitter.com/infoBMKG/status/1737881148494315677",,,,,
"Thu Dec 21 16:37:10 +0000 2023;1737874864491626895;""#Gempa Mag:2.7", 21-Dec-2023 23:34:01WIB, Lok:3.33LS, 128.79BT (18 km BaratDaya MALUKUTENGAH), Kedlmn:10 Km #BMKG  Disclaimer:Informasi ini mengutamakan kecepatan," sehingga hasil pengolahan data belum stabil dan bisa berubah seiring kelengkapan data https://t.co/fNahzIdqEF"";0;0;1;9;in;108543358;1737874864491626895;infoBMKG;https://twitter.com/infoBMKG/status/1737874864491626895",,,,,
"Thu Dec 21 15:32:12 +0000 2023;1737858513836372052;""#Gempa Mag:3.3", 21-Dec-2023 22:29:36WIB, Lok:7.90LS, 114.37BT (35 km TimurLaut BANYUWANGI-JATIM), Kedlmn:10 Km #BMKG  Disclaimer:Informasi ini mengutamakan kecepatan," sehingga hasil pengolahan data belum stabil dan bisa berubah seiring kelengkapan data https://t.co/FXLYMvTiOk"";4;5;48;160;in;108543358;1737858513836372052;infoBMKG;https://twitter.com/infoBMKG/status/1737858513836372052",,,,,
"Thu Dec 21 13:26:10 +0000 2023;1737826797407092973;""#Gempa Mag:3.0", 21-Dec-2023 20:21:00WIB, Lok:1.11LS, 120.32BT (57 km BaratLaut POSO-SULTENG), Kedlmn:10 Km #BMKG  Disclaimer:Informasi ini mengutamakan kecepatan," sehingga hasil pengolahan data belum stabil dan bisa berubah seiring kelengkapan data https://t.co/Pb3LXb4SXV"";0;1;3;14;in;108543358;1737826797407092973;infoBMKG;https://twitter.com/infoBMKG/status/1737826797407092973",,,,,
"Thu Dec 21 13:00:10 +0000 2023;1737820254481580262;""#Gempa Mag:3.0", 21-Dec-2023 19:56:53WIB, Lok:7.50LS, 124.58BT (88 km TimurLaut ALOR-NTT), Kedlmn:334 Km #BMKG  Disclaimer:Informasi ini mengutamakan kecepatan," sehingga hasil pengolahan data belum stabil dan bisa berubah seiring kelengkapan data https://t.co/UWa93AivrV"";0;0;3;17;in;108543358;1737820254481580262;infoBMKG;https://twitter.com/infoBMKG/status/1737820254481580262",,,,,
"Thu Dec 21 12:47:10 +0000 2023;1737816982240768460;""#Gempa Mag:2.6", 21-Dec-2023 19:44:12WIB, Lok:3.64LS, 119.82BT (11 km Tenggara ENREKANG-SULSEL), Kedlmn:10 Km #BMKG  Disclaimer:Informasi ini mengutamakan kecepatan," sehingga hasil pengolahan data belum stabil dan bisa berubah seiring kelengkapan data https://t.co/eGpxCNfXVV"";0;0;5;26;in;108543358;1737816982240768460;infoBMKG;https://twitter.com/infoBMKG/status/1737816982240768460",,,,,
"Thu Dec 21 09:03:08 +0000 2023;1737760603857670146;""#Gempa Mag:2.0", 21-Dec-2023 15:59:29WIB, Lok:6.91LS, 106.92BT (1 km BaratLaut KOTA-SUKABUMI-JABAR), Kedlmn:298 Km #BMKG  Disclaimer:Informasi ini mengutamakan kecepatan," sehingga hasil pengolahan data belum stabil dan bisa berubah seiring kelengkapan data https://t.co/iztPlVJQfQ"";1;0;16;51;in;108543358;1737760603857670146;infoBMKG;https://twitter.com/infoBMKG/status/1737760603857670146",,,,,
"Thu Dec 21 08:57:09 +0000 2023;1737759097616019617;""#Gempa Mag:3.5", 21-Dec-2023 15:50:14WIB, Lok:2.15LU, 128.21BT (14 km BaratLaut DARUBA-MALUT), Kedlmn:64 Km #BMKG  Disclaimer:Informasi ini mengutamakan kecepatan," sehingga hasil pengolahan data belum stabil dan bisa berubah seiring kelengkapan data https://t.co/XqPCmpeyZJ"";0;0;2;7;in;108543358;1737759097616019617;infoBMKG;https://twitter.com/infoBMKG/status/1737759097616019617",,,,,
"Thu Dec 21 04:51:11 +0000 2023;1737697195980448002;""#Gempa Mag:3.0", 21-Dec-2023 11:44:18WIB, Lok:4.43LU, 96.54BT (33 km TimurLaut KAB-NAGANRAYA-ACEH), Kedlmn:10 Km #BMKG  Disclaimer:Informasi ini mengutamakan kecepatan," sehingga hasil pengolahan data belum stabil dan bisa berubah seiring kelengkapan data https://t.co/grde2XXOES"";0;0;1;5;in;108543358;1737697195980448002;infoBMKG;https://twitter.com/infoBMKG/status/1737697195980448002",,,,,
"Thu Dec 21 02:52:10 +0000 2023;1737667246791749748;""#Gempa Mag:4.1", 21-Dec-2023 09:49:48WIB, Lok:9.43LS, 122.75BT (108 km Tenggara MAUMERE-SIKKA-NTT), Kedlmn:25 Km #BMKG  Disclaimer:Informasi ini mengutamakan kecepatan," sehingga hasil pengolahan data belum stabil dan bisa berubah seiring kelengkapan data https://t.co/CM0yV7ekJI"";0;0;1;7;in;108543358;1737667246791749748;infoBMKG;https://twitter.com/infoBMKG/status/1737667246791749748",,,,,
"Thu Dec 21 02:47:09 +0000 2023;1737665982502777124;""#Gempa Mag:4.1", 21-Dec-2023 09:43:57WIB, Lok:4.41LU, 96.61BT (35 km BaratDaya TAKENGON-ACEHTENGAH), Kedlmn:10 Km #BMKG  Disclaimer:Informasi ini mengutamakan kecepatan," sehingga hasil pengolahan data belum stabil dan bisa berubah seiring kelengkapan data https://t.co/1v2ApPVqDT"";0;0;11;40;in;108543358;1737665982502777124;infoBMKG;https://twitter.com/infoBMKG/status/1737665982502777124",,,,,
"Thu Dec 21 00:43:11 +0000 2023;1737634787895160892;""#Gempa Mag:4.3", 21-Dec-2023 07:39:53WIB, Lok:0.19LS, 127.58BT (51 km TimurLaut LABUHA-MALUT), Kedlmn:10 Km #BMKG  Disclaimer:Informasi ini mengutamakan kecepatan," sehingga hasil pengolahan data belum stabil dan bisa berubah seiring kelengkapan data https://t.co/51QN0OhghB"";1;1;7;28;in;108543358;1737634787895160892;infoBMKG;https://twitter.com/infoBMKG/status/1737634787895160892",,,,,
"Wed Dec 20 20:47:10 +0000 2023;1737575391404195983;""#Gempa Mag:4.6", 21-Dec-2023 03:44:01WIB, Lok:0.66LS, 126.99BT (56 km BaratDaya LABUHA-MALUT), Kedlmn:10 Km #BMKG  Disclaimer:Informasi ini mengutamakan kecepatan," sehingga hasil pengolahan data belum stabil dan bisa berubah seiring kelengkapan data https://t.co/7dR7g2UKb7"";0;0;6;50;in;108543358;1737575391404195983;infoBMKG;https://twitter.com/infoBMKG/status/1737575391404195983",,,,,
"Wed Dec 20 18:53:10 +0000 2023;1737546701249159636;""#Gempa Mag:3.5", 21-Dec-2023 01:50:59WIB, Lok:0.75LU, 121.41BT (25 km Tenggara BUOL-SULTENG), Kedlmn:24 Km #BMKG  Disclaimer:Informasi ini mengutamakan kecepatan," sehingga hasil pengolahan data belum stabil dan bisa berubah seiring kelengkapan data https://t.co/sVEPJzzzIq"";0;0;1;17;in;108543358;1737546701249159636;infoBMKG;https://twitter.com/infoBMKG/status/1737546701249159636",,,,,
"Wed Dec 20 18:37:09 +0000 2023;1737542671588368475;""#Gempa Mag:4.1", 21-Dec-2023 01:30:10WIB, Lok:6.52LS, 130.46BT (186 km BaratLaut MALUKUTENGGARABRT), Kedlmn:83 Km #BMKG  Disclaimer:Informasi ini mengutamakan kecepatan," sehingga hasil pengolahan data belum stabil dan bisa berubah seiring kelengkapan data https://t.co/Y0adbv5uZl"";0;0;3;12;in;108543358;1737542671588368475;infoBMKG;https://twitter.com/infoBMKG/status/1737542671588368475",,,,,
"Wed Dec 20 16:43:09 +0000 2023;1737513980489593131;""#Gempa Mag:2.6", 20-Dec-2023 23:36:45WIB, Lok:7.15LS, 107.04BT (28 km Tenggara KOTA-SUKABUMI-JABAR), Kedlmn:97 Km #BMKG  Disclaimer:Informasi ini mengutamakan kecepatan," sehingga hasil pengolahan data belum stabil dan bisa berubah seiring kelengkapan data https://t.co/HSW5cpM2GP"";0;0;8;38;in;108543358;1737513980489593131;infoBMKG;https://twitter.com/infoBMKG/status/1737513980489593131",,,,,
"Wed Dec 20 16:24:10 +0000 2023;1737509203739353396;""#Gempa Mag:3.2", 20-Dec-2023 23:20:56WIB, Lok:9.82LS, 119.01BT (25 km Tenggara KODI-SUMBABARATDAYA-NTT), Kedlmn:33 Km #BMKG  Disclaimer:Informasi ini mengutamakan kecepatan," sehingga hasil pengolahan data belum stabil dan bisa berubah seiring kelengkapan data https://t.co/nFVqTQTDCO"";0;0;1;6;in;108543358;1737509203739353396;infoBMKG;https://twitter.com/infoBMKG/status/1737509203739353396",,,,,
"Wed Dec 20 16:10:10 +0000 2023;1737505683057365281;""#Gempa Mag:2.5", 20-Dec-2023 23:06:57WIB, Lok:0.40LS, 119.83BT (2 km BaratLaut DONGGALA-SULTENG), Kedlmn:10 Km #BMKG  Disclaimer:Informasi ini mengutamakan kecepatan," sehingga hasil pengolahan data belum stabil dan bisa berubah seiring kelengkapan data https://t.co/iunnpt9TUX"";0;1;2;12;in;108543358;1737505683057365281;infoBMKG;https://twitter.com/infoBMKG/status/1737505683057365281",,,,,
"Wed Dec 20 15:56:10 +0000 2023;1737502159804289298;""#Gempa Mag:3.7", 20-Dec-2023 22:53:39WIB, Lok:2.66LS, 129.78BT (92 km BaratLaut SERAMBAGIANTIMUR-MALUKU), Kedlmn:10 Km #BMKG  Disclaimer:Informasi ini mengutamakan kecepatan," sehingga hasil pengolahan data belum stabil dan bisa berubah seiring kelengkapan data https://t.co/2It50YDMlP"";0;0;2;10;in;108543358;1737502159804289298;infoBMKG;https://twitter.com/infoBMKG/status/1737502159804289298",,,,,
"Wed Dec 20 11:52:09 +0000 2023;1737440750202413517;""#Gempa Mag:4.3", 20-Dec-2023 18:47:24WIB, Lok:4.51LS, 138.88BT (57 km Tenggara JAYAWIJAYA-PAPUA), Kedlmn:158 Km #BMKG  Disclaimer:Informasi ini mengutamakan kecepatan," sehingga hasil pengolahan data belum stabil dan bisa berubah seiring kelengkapan data https://t.co/xdUOTSODvv"";0;0;7;15;in;108543358;1737440750202413517;infoBMKG;https://twitter.com/infoBMKG/status/1737440750202413517",,,,,
"Wed Dec 20 11:38:08 +0000 2023;1737437223812010233;""#Gempa Mag:2.2", 20-Dec-2023 18:34:03WIB, Lok:7.20LS, 109.81BT (21 km BaratLaut WONOSOBO-JATENG), Kedlmn:17 Km #BMKG  Disclaimer:Informasi ini mengutamakan kecepatan," sehingga hasil pengolahan data belum stabil dan bisa berubah seiring kelengkapan data https://t.co/MSI9AFv1o6"";3;3;25;76;in;108543358;1737437223812010233;infoBMKG;https://twitter.com/infoBMKG/status/1737437223812010233",,,,,
"Wed Dec 20 10:52:09 +0000 2023;1737425651924426849;""#Gempa Mag:4.0", 20-Dec-2023 17:48:53WIB, Lok:0.26LU, 120.37BT (60 km BaratDaya PARIGIMOUTONG-SULTENG), Kedlmn:50 Km #BMKG  Disclaimer:Informasi ini mengutamakan kecepatan," sehingga hasil pengolahan data belum stabil dan bisa berubah seiring kelengkapan data https://t.co/TsWPS96elg"";1;0;6;14;in;108543358;1737425651924426849;infoBMKG;https://twitter.com/infoBMKG/status/1737425651924426849",,,,,
"Wed Dec 20 10:41:08 +0000 2023;1737422879418180062;""#Gempa Mag:4.3", 20-Dec-2023 17:37:47WIB, Lok:8.72LS, 106.12BT (198 km BaratDaya KAB-SUKABUMI-JABAR), Kedlmn:10 Km #BMKG  Disclaimer:Informasi ini mengutamakan kecepatan," sehingga hasil pengolahan data belum stabil dan bisa berubah seiring kelengkapan data https://t.co/X5OPRZbe8v"";11;11;104;317;in;108543358;1737422879418180062;infoBMKG;https://twitter.com/infoBMKG/status/1737422879418180062",,,,,
"Wed Dec 20 08:14:10 +0000 2023;1737385892942381442;""#Gempa Mag:2.9", 20-Dec-2023 15:10:39WIB, Lok:0.20LS, 123.00BT (83 km BaratDaya BONEBOLANGO-GORONTALO), Kedlmn:21 Km #BMKG  Disclaimer:Informasi ini mengutamakan kecepatan," sehingga hasil pengolahan data belum stabil dan bisa berubah seiring kelengkapan data https://t.co/hEFkEMdTW4"";0;0;4;11;in;108543358;1737385892942381442;infoBMKG;https://twitter.com/infoBMKG/status/1737385892942381442",,,,,
"Wed Dec 20 07:02:10 +0000 2023;1737367774744424699;""#Gempa Mag:3.6", 20-Dec-2023 13:59:42WIB, Lok:1.88LS, 120.45BT (63 km BaratDaya POSO-SULTENG), Kedlmn:10 Km #BMKG  Disclaimer:Informasi ini mengutamakan kecepatan," sehingga hasil pengolahan data belum stabil dan bisa berubah seiring kelengkapan data https://t.co/nKJPbFzDK5"";1;0;1;24;in;108543358;1737367774744424699;infoBMKG;https://twitter.com/infoBMKG/status/1737367774744424699",,,,,
"Wed Dec 20 06:49:08 +0000 2023;1737364493485896138;""#Gempa Mag:3.8", 20-Dec-2023 13:42:54WIB, Lok:6.17LU, 95.08BT (40 km BaratLaut KOTA-SABANG-ACEH), Kedlmn:10 Km #BMKG  Disclaimer:Informasi ini mengutamakan kecepatan," sehingga hasil pengolahan data belum stabil dan bisa berubah seiring kelengkapan data https://t.co/FGadVnO77x"";0;0;2;16;in;108543358;1737364493485896138;infoBMKG;https://twitter.com/infoBMKG/status/1737364493485896138",,,,,
"Wed Dec 20 05:57:21 +0000 2023;1737351460495691833;""#Gempa (UPDATE) Mag:3.5", 20-Des-23 12:01:51 WIB, Lok:3.41 LS, 135.65 BT (Pusat gempa berada di darat 17 km Tenggara Nabire)," Kedlmn:10 Km Dirasakan (MMI) II - III Nabire #BMKG https://t.co/alLgxpFwuW"";0;2;5;21;in;108543358;1737351460495691833;infoBMKG;https://twitter.com/infoBMKG/status/1737351460495691833",,,,,,
"Wed Dec 20 05:57:12 +0000 2023;1737351421862035479;""#Gempa Dirasakan Magnitudo: 3.5", Kedalaman: 10 km, 20 Des 2023 12:01:51 WIB," Koordinat: 3.41 LS-135.65 BT (Pusat gempa berada di darat 17 km Tenggara Nabire) #BMKG https://t.co/OiHiTwvX8x"";0;1;2;3;in;108543358;1737351421862035479;infoBMKG;https://twitter.com/infoBMKG/status/1737351421862035479",,,,,,,
"Wed Dec 20 05:55:10 +0000 2023;1737350912245657609;""#Gempa Mag:3.9", 20-Dec-2023 12:51:38WIB, Lok:3.66LS, 133.68BT (50 km BaratDaya KAIMANA-PAPUABRT), Kedlmn:19 Km #BMKG  Disclaimer:Informasi ini mengutamakan kecepatan," sehingga hasil pengolahan data belum stabil dan bisa berubah seiring kelengkapan data https://t.co/sq2ctIVo25"";0;0;3;7;in;108543358;1737350912245657609;infoBMKG;https://twitter.com/infoBMKG/status/1737350912245657609",,,,,
"Wed Dec 20 05:06:10 +0000 2023;1737338579674866098;""#Gempa Mag:3.9", 20-Dec-2023 12:01:47WIB, Lok:3.38LS, 135.85BT (18 km TimurLaut NABIRE-PAPUA), Kedlmn:10 Km #BMKG  Disclaimer:Informasi ini mengutamakan kecepatan," sehingga hasil pengolahan data belum stabil dan bisa berubah seiring kelengkapan data https://t.co/Zf6FoRkHoQ"";0;0;5;6;in;108543358;1737338579674866098;infoBMKG;https://twitter.com/infoBMKG/status/1737338579674866098",,,,,
"Wed Dec 20 03:53:10 +0000 2023;1737320210481500399;""#Gempa Mag:3.3", 20-Dec-2023 10:50:20WIB, Lok:1.05LS, 129.59BT (137 km BaratDaya RAJAAMPAT-PAPUABRT), Kedlmn:13 Km #BMKG  Disclaimer:Informasi ini mengutamakan kecepatan," sehingga hasil pengolahan data belum stabil dan bisa berubah seiring kelengkapan data https://t.co/qXEu5g68cD"";0;0;3;8;in;108543358;1737320210481500399;infoBMKG;https://twitter.com/infoBMKG/status/1737320210481500399",,,,,
"Wed Dec 20 03:31:10 +0000 2023;1737314675136868572;""#Gempa Mag:2.9", 20-Dec-2023 10:28:16WIB, Lok:2.49LS, 121.09BT (13 km BaratLaut LUWUTIMUR-SULSEL), Kedlmn:10 Km #BMKG  Disclaimer:Informasi ini mengutamakan kecepatan," sehingga hasil pengolahan data belum stabil dan bisa berubah seiring kelengkapan data https://t.co/CyArPGESiq"";0;0;2;8;in;108543358;1737314675136868572;infoBMKG;https://twitter.com/infoBMKG/status/1737314675136868572",,,,,
"Wed Dec 20 02:49:10 +0000 2023;1737304102282133834;""#Gempa Mag:3.5", 20-Dec-2023 09:47:19WIB, Lok:1.36LU, 128.28BT (23 km BaratLaut HALMAHERATIMUR-MALUT), Kedlmn:32 Km #BMKG  Disclaimer:Informasi ini mengutamakan kecepatan," sehingga hasil pengolahan data belum stabil dan bisa berubah seiring kelengkapan data https://t.co/1HEqUJ8hlX"";0;0;3;11;in;108543358;1737304102282133834;infoBMKG;https://twitter.com/infoBMKG/status/1737304102282133834",,,,,
"Wed Dec 20 02:47:09 +0000 2023;1737303594008023285;""#Gempa Mag:2.6", 20-Dec-2023 09:45:17WIB, Lok:6.73LS, 106.56BT (28 km TimurLaut KAB-SUKABUMI-JABAR), Kedlmn:14 Km #BMKG  Disclaimer:Informasi ini mengutamakan kecepatan," sehingga hasil pengolahan data belum stabil dan bisa berubah seiring kelengkapan data https://t.co/CCpTocFJK3"";0;0;8;32;in;108543358;1737303594008023285;infoBMKG;https://twitter.com/infoBMKG/status/1737303594008023285",,,,,
"Wed Dec 20 02:45:08 +0000 2023;1737303090368569425;""#Gempa Mag:2.8", 20-Dec-2023 09:43:33WIB, Lok:6.78LS, 106.47BT (24 km BaratLaut KAB-SUKABUMI-JABAR), Kedlmn:11 Km #BMKG  Disclaimer:Informasi ini mengutamakan kecepatan," sehingga hasil pengolahan data belum stabil dan bisa berubah seiring kelengkapan data https://t.co/MsKv6kmYSX"";1;1;8;54;in;108543358;1737303090368569425;infoBMKG;https://twitter.com/infoBMKG/status/1737303090368569425",,,,,
"Wed Dec 20 02:34:09 +0000 2023;1737300324900274655;""#Gempa Mag:2.7", 20-Dec-2023 09:32:10WIB, Lok:6.76LS, 106.56BT (25 km TimurLaut KAB-SUKABUMI-JABAR), Kedlmn:10 Km #BMKG  Disclaimer:Informasi ini mengutamakan kecepatan," sehingga hasil pengolahan data belum stabil dan bisa berubah seiring kelengkapan data https://t.co/UsBrTololz"";0;1;11;40;in;108543358;1737300324900274655;infoBMKG;https://twitter.com/infoBMKG/status/1737300324900274655",,,,,
"Tue Dec 19 23:40:09 +0000 2023;1737256534495920143;""#Gempa Mag:4.2", 20-Dec-2023 06:35:39WIB, Lok:3.43LU, 127.12BT (80 km Tenggara MELONGUANE-SULUT), Kedlmn:28 Km #BMKG  Disclaimer:Informasi ini mengutamakan kecepatan," sehingga hasil pengolahan data belum stabil dan bisa berubah seiring kelengkapan data https://t.co/rirM93TPah"";0;0;3;16;in;108543358;1737256534495920143;infoBMKG;https://twitter.com/infoBMKG/status/1737256534495920143",,,,,
"Tue Dec 19 22:41:09 +0000 2023;1737241689721541020;""#Gempa Mag:5.5", 20-Dec-2023 05:36:05WIB, Lok:2.66LU, 128.16BT (69 km BaratLaut DARUBA-MALUT), Kedlmn:160 Km #BMKG  Disclaimer:Informasi ini mengutamakan kecepatan," sehingga hasil pengolahan data belum stabil dan bisa berubah seiring kelengkapan data https://t.co/OhWbLkbcNi"";0;0;6;11;in;108543358;1737241689721541020;infoBMKG;https://twitter.com/infoBMKG/status/1737241689721541020",,,,,
"Tue Dec 19 22:39:17 +0000 2023;1737241218994823224;""#Gempa Mag:5.1", 20-Des-23 05:36:05 WIB, Lok:2.67 LU,128.25 BT (67 km TimurLaut PULAUDOI-MALUT), Kedlmn:151 Km," tdk berpotensi tsunami #BMKG https://t.co/QTe1k3Z5Re"";0;1;13;16;in;108543358;1737241218994823224;infoBMKG;https://twitter.com/infoBMKG/status/1737241218994823224",,,,,
"Tue Dec 19 22:39:16 +0000 2023;1737241212132982933;""#Gempa Magnitudo: 5.1", Kedalaman: 151 km, 20 Des 2023 05:36:05 WIB, Koordinat: 2.67 LU-128.25 BT (67 km TimurLaut PULAUDOI-MALUT)," Tidak berpotensi tsunami #BMKG https://t.co/OiHiTwvX8x"";0;0;1;7;in;108543358;1737241212132982933;infoBMKG;https://twitter.com/infoBMKG/status/1737241212132982933",,,,,,
"Tue Dec 19 22:37:08 +0000 2023;1737240677065560410;""#Gempa Mag:2.5", 20-Dec-2023 05:31:28WIB, Lok:7.41LS, 106.44BT (48 km BaratDaya KAB-SUKABUMI-JABAR), Kedlmn:28 Km #BMKG  Disclaimer:Informasi ini mengutamakan kecepatan," sehingga hasil pengolahan data belum stabil dan bisa berubah seiring kelengkapan data https://t.co/1IQeaiepuk"";0;0;6;32;in;108543358;1737240677065560410;infoBMKG;https://twitter.com/infoBMKG/status/1737240677065560410",,,,,
"Tue Dec 19 20:39:08 +0000 2023;1737210981816971536;""#Gempa Mag:3.7", 20-Dec-2023 03:35:37WIB, Lok:2.96LS, 140.02BT (18 km TimurLaut KAB-JAYAPURA-PAPUA), Kedlmn:31 Km #BMKG  Disclaimer:Informasi ini mengutamakan kecepatan," sehingga hasil pengolahan data belum stabil dan bisa berubah seiring kelengkapan data https://t.co/x40q4Fr5pv"";0;1;2;18;in;108543358;1737210981816971536;infoBMKG;https://twitter.com/infoBMKG/status/1737210981816971536",,,,,
"Tue Dec 19 19:53:10 +0000 2023;1737199412412395968;""#Gempa Mag:2.5", 20-Dec-2023 02:49:32WIB, Lok:2.34LS, 102.02BT (18 km Tenggara MERANGIN-JAMBI), Kedlmn:146 Km #BMKG  Disclaimer:Informasi ini mengutamakan kecepatan," sehingga hasil pengolahan data belum stabil dan bisa berubah seiring kelengkapan data https://t.co/5N6hR9ylDK"";0;0;5;27;in;108543358;1737199412412395968;infoBMKG;https://twitter.com/infoBMKG/status/1737199412412395968",,,,,
"Tue Dec 19 17:57:08 +0000 2023;1737170214880751800;""#Gempa Mag:3.2", 20-Dec-2023 00:52:12WIB, Lok:8.59LS, 110.94BT (49 km BaratDaya PACITAN-JATIM), Kedlmn:91 Km #BMKG  Disclaimer:Informasi ini mengutamakan kecepatan," sehingga hasil pengolahan data belum stabil dan bisa berubah seiring kelengkapan data https://t.co/TSJnwJSyML"";1;4;15;55;in;108543358;1737170214880751800;infoBMKG;https://twitter.com/infoBMKG/status/1737170214880751800",,,,,
"Tue Dec 19 17:01:10 +0000 2023;1737156126461079793;""#Gempa Mag:2.3", 19-Dec-2023 23:56:42WIB, Lok:0.27LU, 121.75BT (30 km BaratDaya POHUWATO-GORONTALO), Kedlmn:189 Km #BMKG  Disclaimer:Informasi ini mengutamakan kecepatan," sehingga hasil pengolahan data belum stabil dan bisa berubah seiring kelengkapan data https://t.co/GFPJEg6zVH"";0;1;2;16;in;108543358;1737156126461079793;infoBMKG;https://twitter.com/infoBMKG/status/1737156126461079793",,,,,
"Tue Dec 19 16:14:09 +0000 2023;1737144296921547121;""#Gempa Mag:4.2", 19-Dec-2023 23:09:13WIB, Lok:3.29LU, 127.38BT (110 km Tenggara MELONGUANE-SULUT), Kedlmn:10 Km #BMKG  Disclaimer:Informasi ini mengutamakan kecepatan," sehingga hasil pengolahan data belum stabil dan bisa berubah seiring kelengkapan data https://t.co/ZagPHBs9yo"";0;0;3;9;in;108543358;1737144296921547121;infoBMKG;https://twitter.com/infoBMKG/status/1737144296921547121",,,,,
"Tue Dec 19 15:28:09 +0000 2023;1737132720206287242;""#Gempa Mag:3.9", 19-Dec-2023 22:23:44WIB, Lok:7.94LS, 122.90BT (42 km BaratLaut LARANTUKA-NTT), Kedlmn:269 Km #BMKG  Disclaimer:Informasi ini mengutamakan kecepatan," sehingga hasil pengolahan data belum stabil dan bisa berubah seiring kelengkapan data https://t.co/1miRHIT2B5"";1;0;5;13;in;108543358;1737132720206287242;infoBMKG;https://twitter.com/infoBMKG/status/1737132720206287242",,,,,
"Tue Dec 19 14:29:12 +0000 2023;1737117885787668854;""#Gempa Mag:3.2", 19-Dec-2023 21:25:16WIB, Lok:0.16LS, 130.03BT (54 km BaratLaut RAJAAMPAT-PAPUABRT), Kedlmn:10 Km #BMKG  Disclaimer:Informasi ini mengutamakan kecepatan," sehingga hasil pengolahan data belum stabil dan bisa berubah seiring kelengkapan data https://t.co/sbe8YFPSWl"";0;0;5;12;in;108543358;1737117885787668854;infoBMKG;https://twitter.com/infoBMKG/status/1737117885787668854",,,,,
"Tue Dec 19 14:00:09 +0000 2023;1737110575749202042;""#Gempa Mag:3.1", 19-Dec-2023 20:57:30WIB, Lok:6.78LS, 106.54BT (23 km BaratLaut KAB-SUKABUMI-JABAR), Kedlmn:10 Km #BMKG  Disclaimer:Informasi ini mengutamakan kecepatan," sehingga hasil pengolahan data belum stabil dan bisa berubah seiring kelengkapan data https://t.co/PSH7EPjCNY"";10;18;81;232;in;108543358;1737110575749202042;infoBMKG;https://twitter.com/infoBMKG/status/1737110575749202042",,,,,
"Tue Dec 19 12:54:10 +0000 2023;1737093970118013033;""#Gempa Mag:4.5", 19-Dec-2023 19:48:41WIB, Lok:0.89LS, 126.78BT (84 km BaratDaya LABUHA-MALUT), Kedlmn:10 Km #BMKG  Disclaimer:Informasi ini mengutamakan kecepatan," sehingga hasil pengolahan data belum stabil dan bisa berubah seiring kelengkapan data https://t.co/LNSC2znxd4"";0;0;5;16;in;108543358;1737093970118013033;infoBMKG;https://twitter.com/infoBMKG/status/1737093970118013033",,,,,
"Tue Dec 19 12:26:10 +0000 2023;1737086921695023140;""#Gempa Mag:4.0", 19-Dec-2023 19:21:15WIB, Lok:3.45LU, 127.12BT (78 km Tenggara MELONGUANE-SULUT), Kedlmn:51 Km #BMKG  Disclaimer:Informasi ini mengutamakan kecepatan," sehingga hasil pengolahan data belum stabil dan bisa berubah seiring kelengkapan data https://t.co/LAT3lOy8gr"";0;0;6;23;in;108543358;1737086921695023140;infoBMKG;https://twitter.com/infoBMKG/status/1737086921695023140",,,,,
"Tue Dec 19 10:55:09 +0000 2023;1737064016630231485;""#Gempa Mag:2.4", 19-Dec-2023 17:49:22WIB, Lok:6.74LS, 106.55BT (27 km Utara KAB-SUKABUMI-JABAR), Kedlmn:10 Km #BMKG  Disclaimer:Informasi ini mengutamakan kecepatan," sehingga hasil pengolahan data belum stabil dan bisa berubah seiring kelengkapan data https://t.co/khn0BRHHW8"";8;2;48;116;in;108543358;1737064016630231485;infoBMKG;https://twitter.com/infoBMKG/status/1737064016630231485",,,,,
"Tue Dec 19 08:17:09 +0000 2023;1737024254821183829;""#Gempa Mag:5.3", 19-Dec-2023 15:13:47WIB, Lok:10.66LU, 127.50BT (745 km TimurLaut MELONGUANE-SULUT), Kedlmn:116 Km #BMKG  Disclaimer:Informasi ini mengutamakan kecepatan," sehingga hasil pengolahan data belum stabil dan bisa berubah seiring kelengkapan data https://t.co/vDjqYmHIr4"";1;0;3;11;in;108543358;1737024254821183829;infoBMKG;https://twitter.com/infoBMKG/status/1737024254821183829",,,,,
"Tue Dec 19 06:58:10 +0000 2023;1737004377343443101;""#Gempa Mag:4.8", 19-Dec-2023 13:51:29WIB, Lok:8.38LU, 125.65BT (499 km BaratLaut MELONGUANE-SULUT), Kedlmn:24 Km #BMKG  Disclaimer:Informasi ini mengutamakan kecepatan," sehingga hasil pengolahan data belum stabil dan bisa berubah seiring kelengkapan data https://t.co/lV0x27f7pQ"";0;0;1;13;in;108543358;1737004377343443101;infoBMKG;https://twitter.com/infoBMKG/status/1737004377343443101",,,,,
"Tue Dec 19 05:50:08 +0000 2023;1736987257985458479;""#Gempa Mag:3.6", 19-Dec-2023 12:46:31WIB, Lok:6.20LU, 94.88BT (59 km BaratLaut KOTA-SABANG-ACEH), Kedlmn:10 Km #BMKG  Disclaimer:Informasi ini mengutamakan kecepatan," sehingga hasil pengolahan data belum stabil dan bisa berubah seiring kelengkapan data https://t.co/nzBafCSfu4"";0;0;6;13;in;108543358;1736987257985458479;infoBMKG;https://twitter.com/infoBMKG/status/1736987257985458479",,,,,
"Tue Dec 19 02:46:09 +0000 2023;1736940956858106151;""#Gempa Mag:4.9", 19-Dec-2023 09:43:11WIB, Lok:7.45LS, 119.18BT (121 km TimurLaut BIMA-NTB), Kedlmn:597 Km #BMKG  Disclaimer:Informasi ini mengutamakan kecepatan," sehingga hasil pengolahan data belum stabil dan bisa berubah seiring kelengkapan data https://t.co/qnQgrxsE1A"";0;1;19;45;in;108543358;1736940956858106151;infoBMKG;https://twitter.com/infoBMKG/status/1736940956858106151",,,,,
"Tue Dec 19 02:17:08 +0000 2023;1736933654683918430;""#Gempa Mag:3.8", 19-Dec-2023 09:14:14WIB, Lok:7.85LS, 106.52BT (95 km BaratDaya KAB-SUKABUMI-JABAR), Kedlmn:23 Km #BMKG  Disclaimer:Informasi ini mengutamakan kecepatan," sehingga hasil pengolahan data belum stabil dan bisa berubah seiring kelengkapan data https://t.co/2wCn335h5j"";2;15;117;331;in;108543358;1736933654683918430;infoBMKG;https://twitter.com/infoBMKG/status/1736933654683918430",,,,,
"Mon Dec 18 22:32:10 +0000 2023;1736877038232015089;""#Gempa Mag:3.2", 19-Dec-2023 05:28:54WIB, Lok:2.34LU, 128.65BT (51 km TimurLaut DARUBA-MALUT), Kedlmn:13 Km #BMKG  Disclaimer:Informasi ini mengutamakan kecepatan," sehingga hasil pengolahan data belum stabil dan bisa berubah seiring kelengkapan data https://t.co/ZMx3iA4DXS"";0;0;1;11;in;108543358;1736877038232015089;infoBMKG;https://twitter.com/infoBMKG/status/1736877038232015089",,,,,
"Mon Dec 18 22:23:08 +0000 2023;1736874766336979037;""#Gempa Mag:4.3", 19-Dec-2023 05:20:48WIB, Lok:6.23LU, 95.08BT (45 km BaratLaut KOTA-SABANG-ACEH), Kedlmn:10 Km #BMKG  Disclaimer:Informasi ini mengutamakan kecepatan," sehingga hasil pengolahan data belum stabil dan bisa berubah seiring kelengkapan data https://t.co/tjNwSVNR56"";1;1;15;51;in;108543358;1736874766336979037;infoBMKG;https://twitter.com/infoBMKG/status/1736874766336979037",,,,,
"Mon Dec 18 21:39:08 +0000 2023;1736863695324787011;""#Gempa Mag:2.7", 19-Dec-2023 04:36:04WIB, Lok:7.14LS, 108.87BT (32 km BaratDaya KAB-TEGAL-JATENG), Kedlmn:13 Km #BMKG  Disclaimer:Informasi ini mengutamakan kecepatan," sehingga hasil pengolahan data belum stabil dan bisa berubah seiring kelengkapan data https://t.co/13xFNsK8SN"";1;8;74;197;in;108543358;1736863695324787011;infoBMKG;https://twitter.com/infoBMKG/status/1736863695324787011",,,,,
"Mon Dec 18 20:22:10 +0000 2023;1736844322094682407;""#Gempa Mag:3.0", 19-Dec-2023 03:16:01WIB, Lok:8.99LS, 124.23BT (65 km BaratLaut TIMORTENGAHUT-NTT), Kedlmn:48 Km #BMKG  Disclaimer:Informasi ini mengutamakan kecepatan," sehingga hasil pengolahan data belum stabil dan bisa berubah seiring kelengkapan data https://t.co/Df2VJ3cxfS"";0;0;3;16;in;108543358;1736844322094682407;infoBMKG;https://twitter.com/infoBMKG/status/1736844322094682407",,,,,
"Mon Dec 18 20:15:09 +0000 2023;1736842558050029948;""#Gempa Mag:3.3", 19-Dec-2023 03:10:10WIB, Lok:4.36LS, 139.55BT (15 km TimurLaut YAHUKIMO-PAPUA), Kedlmn:10 Km #BMKG  Disclaimer:Informasi ini mengutamakan kecepatan," sehingga hasil pengolahan data belum stabil dan bisa berubah seiring kelengkapan data https://t.co/HOPZfgGwwm"";0;0;1;18;in;108543358;1736842558050029948;infoBMKG;https://twitter.com/infoBMKG/status/1736842558050029948",,,,,
"Mon Dec 18 20:09:09 +0000 2023;1736841049493184999;""#Gempa Mag:3.6", 19-Dec-2023 03:05:19WIB, Lok:3.90LU, 126.73BT (12 km Tenggara MELONGUANE-SULUT), Kedlmn:46 Km #BMKG  Disclaimer:Informasi ini mengutamakan kecepatan," sehingga hasil pengolahan data belum stabil dan bisa berubah seiring kelengkapan data https://t.co/Nl4w3GJVpa"";0;0;2;11;in;108543358;1736841049493184999;infoBMKG;https://twitter.com/infoBMKG/status/1736841049493184999",,,,,
"Mon Dec 18 17:29:10 +0000 2023;1736800786833977655;""#Gempa Mag:3.0", 19-Dec-2023 00:25:46WIB, Lok:2.10LU, 128.17BT (14 km BaratLaut DARUBA-MALUT), Kedlmn:10 Km #BMKG  Disclaimer:Informasi ini mengutamakan kecepatan," sehingga hasil pengolahan data belum stabil dan bisa berubah seiring kelengkapan data https://t.co/U4ijcK9zZX"";0;1;3;15;in;108543358;1736800786833977655;infoBMKG;https://twitter.com/infoBMKG/status/1736800786833977655",,,,,
"Mon Dec 18 16:49:11 +0000 2023;1736790723809390959;""#Gempa Mag:3.0", 18-Dec-2023 23:46:45WIB, Lok:2.44LS, 120.87BT (37 km BaratLaut LUWUTIMUR-SULSEL), Kedlmn:10 Km #BMKG  Disclaimer:Informasi ini mengutamakan kecepatan," sehingga hasil pengolahan data belum stabil dan bisa berubah seiring kelengkapan data https://t.co/Qts5sGLA9B"";0;0;2;17;in;108543358;1736790723809390959;infoBMKG;https://twitter.com/infoBMKG/status/1736790723809390959",,,,,
"Mon Dec 18 15:27:09 +0000 2023;1736770079981990015;""#Gempa Mag:3.5", 18-Dec-2023 22:24:47WIB, Lok:7.61LS, 128.36BT (87 km TimurLaut MALUKUBRTDAYA), Kedlmn:127 Km #BMKG  Disclaimer:Informasi ini mengutamakan kecepatan," sehingga hasil pengolahan data belum stabil dan bisa berubah seiring kelengkapan data https://t.co/Uh67qLJSgE"";0;0;3;18;in;108543358;1736770079981990015;infoBMKG;https://twitter.com/infoBMKG/status/1736770079981990015",,,,,
"Mon Dec 18 14:39:11 +0000 2023;1736758007881707713;""#Gempa Mag:2.9", 18-Dec-2023 21:36:52WIB, Lok:0.27LS, 124.30BT (79 km Tenggara BOLAANGUKI-BOLSEL-SULUT), Kedlmn:23 Km #BMKG  Disclaimer:Informasi ini mengutamakan kecepatan," sehingga hasil pengolahan data belum stabil dan bisa berubah seiring kelengkapan data https://t.co/8Ee4kYE1w1"";0;0;3;20;in;108543358;1736758007881707713;infoBMKG;https://twitter.com/infoBMKG/status/1736758007881707713",,,,,
"Mon Dec 18 14:14:09 +0000 2023;1736751708066431442;""#Gempa Mag:4.7", 18-Dec-2023 21:10:11WIB, Lok:6.93LS, 129.54BT (227 km BaratLaut MALUKUTENGGARABRT), Kedlmn:187 Km #BMKG  Disclaimer:Informasi ini mengutamakan kecepatan," sehingga hasil pengolahan data belum stabil dan bisa berubah seiring kelengkapan data https://t.co/ALz3LWbfrO"";0;0;5;14;in;108543358;1736751708066431442;infoBMKG;https://twitter.com/infoBMKG/status/1736751708066431442",,,,,
"Sun Dec 17 14:30:42 +0000 2023;1736393486566670706;""#Gempa Mag:5.2", 17-Des-23 21:27:34 WIB, Lok:2.19 LS,140.29 BT (45 km BaratLaut KAB-JAYAPURA-PAPUA), Kedlmn:10 Km," tdk berpotensi tsunami #BMKG https://t.co/ygNuTfp12l"";3;8;19;54;in;108543358;1736393486566670706;infoBMKG;https://twitter.com/infoBMKG/status/1736393486566670706",,,,,
"Sun Dec 17 14:30:38 +0000 2023;1736393469122466015;""#Gempa Magnitudo: 5.2", Kedalaman: 10 km, 17 Des 2023 21:27:34 WIB, Koordinat: 2.19 LS-140.29 BT (45 km BaratLaut KAB-JAYAPURA-PAPUA)," Tidak berpotensi tsunami #BMKG https://t.co/OiHiTwvX8x"";0;1;3;13;in;108543358;1736393469122466015;infoBMKG;https://twitter.com/infoBMKG/status/1736393469122466015",,,,,,
"Sun Dec 17 14:30:08 +0000 2023;1736393344039977414;""#Gempa Mag:5.2", 17-Dec-2023 21:27:35WIB, Lok:2.20LS, 140.28BT (99 km TimurLaut KAB-JAYAPURA-PAPUA), Kedlmn:10 Km #BMKG  Disclaimer:Informasi ini mengutamakan kecepatan," sehingga hasil pengolahan data belum stabil dan bisa berubah seiring kelengkapan data https://t.co/d2mb9S12cX"";7;3;33;96;in;108543358;1736393344039977414;infoBMKG;https://twitter.com/infoBMKG/status/1736393344039977414",,,,,
"Sun Dec 17 13:54:10 +0000 2023;1736384292186705933;""#Gempa Mag:3.2", 17-Dec-2023 20:51:09WIB, Lok:0.89LU, 126.06BT (120 km Tenggara BITUNG-SULUT), Kedlmn:10 Km #BMKG  Disclaimer:Informasi ini mengutamakan kecepatan," sehingga hasil pengolahan data belum stabil dan bisa berubah seiring kelengkapan data https://t.co/itMPD536Ds"";0;0;4;12;in;108543358;1736384292186705933;infoBMKG;https://twitter.com/infoBMKG/status/1736384292186705933",,,,,
"Sun Dec 17 13:05:10 +0000 2023;1736371960161116447;""#Gempa Mag:3.5", 17-Dec-2023 20:02:49WIB, Lok:0.85LU, 126.04BT (121 km Tenggara BITUNG-SULUT), Kedlmn:41 Km #BMKG  Disclaimer:Informasi ini mengutamakan kecepatan," sehingga hasil pengolahan data belum stabil dan bisa berubah seiring kelengkapan data https://t.co/Vhg94wCsBe"";0;1;2;14;in;108543358;1736371960161116447;infoBMKG;https://twitter.com/infoBMKG/status/1736371960161116447",,,,,
"Sun Dec 17 12:26:10 +0000 2023;1736362147079442561;""#Gempa Mag:3.5", 17-Dec-2023 19:23:09WIB, Lok:2.91LS, 129.86BT (73 km BaratLaut SERAMBAGIANTIMUR-MALUKU), Kedlmn:15 Km #BMKG  Disclaimer:Informasi ini mengutamakan kecepatan," sehingga hasil pengolahan data belum stabil dan bisa berubah seiring kelengkapan data https://t.co/eI0JzB7hHj"";0;2;4;26;in;108543358;1736362147079442561;infoBMKG;https://twitter.com/infoBMKG/status/1736362147079442561",,,,,
"Sun Dec 17 11:03:09 +0000 2023;1736341253355430378;""#Gempa Mag:4.9", 17-Dec-2023 17:58:13WIB, Lok:7.81LU, 127.31BT (429 km TimurLaut MELONGUANE-SULUT), Kedlmn:10 Km #BMKG  Disclaimer:Informasi ini mengutamakan kecepatan," sehingga hasil pengolahan data belum stabil dan bisa berubah seiring kelengkapan data https://t.co/YR5ef0uCwT"";1;1;9;34;in;108543358;1736341253355430378;infoBMKG;https://twitter.com/infoBMKG/status/1736341253355430378",,,,,
"Sun Dec 17 08:14:08 +0000 2023;1736298722466939285;""#Gempa Mag:3.1", 17-Dec-2023 15:11:14WIB, Lok:9.51LS, 123.63BT (60 km BaratLaut KAB-KUPANG-NTT), Kedlmn:12 Km #BMKG  Disclaimer:Informasi ini mengutamakan kecepatan," sehingga hasil pengolahan data belum stabil dan bisa berubah seiring kelengkapan data https://t.co/RQYjtQJLYa"";0;0;4;11;in;108543358;1736298722466939285;infoBMKG;https://twitter.com/infoBMKG/status/1736298722466939285",,,,,
"Sun Dec 17 08:04:10 +0000 2023;1736296214143160722;""#Gempa Mag:3.6", 17-Dec-2023 15:00:19WIB, Lok:0.53LS, 123.27BT (90 km TimurLaut BANGGAIKEP-SULTENG), Kedlmn:10 Km #BMKG  Disclaimer:Informasi ini mengutamakan kecepatan," sehingga hasil pengolahan data belum stabil dan bisa berubah seiring kelengkapan data https://t.co/KTQHN0CjLL"";0;0;4;8;in;108543358;1736296214143160722;infoBMKG;https://twitter.com/infoBMKG/status/1736296214143160722",,,,,
"Sun Dec 17 07:48:10 +0000 2023;1736292186357125543;""#Gempa Mag:3.7", 17-Dec-2023 14:44:40WIB, Lok:1.38LS, 123.58BT (25 km TimurLaut BANGGAI-SULTENG), Kedlmn:10 Km #BMKG  Disclaimer:Informasi ini mengutamakan kecepatan," sehingga hasil pengolahan data belum stabil dan bisa berubah seiring kelengkapan data https://t.co/g1pFJLBmy0"";0;0;4;9;in;108543358;1736292186357125543;infoBMKG;https://twitter.com/infoBMKG/status/1736292186357125543",,,,,
"Sun Dec 17 07:32:09 +0000 2023;1736288156771893739;""#Gempa Mag:3.4", 17-Dec-2023 14:25:14WIB, Lok:0.58LS, 123.34BT (87 km TimurLaut BANGGAIKEP-SULTENG), Kedlmn:10 Km #BMKG  Disclaimer:Informasi ini mengutamakan kecepatan," sehingga hasil pengolahan data belum stabil dan bisa berubah seiring kelengkapan data https://t.co/L4203kmpwN"";0;1;4;12;in;108543358;1736288156771893739;infoBMKG;https://twitter.com/infoBMKG/status/1736288156771893739",,,,,
"Sun Dec 17 07:20:11 +0000 2023;1736285142380097861;""#Gempa Mag:3.8", 17-Dec-2023 14:17:01WIB, Lok:0.56LS, 123.29BT (87 km TimurLaut BANGGAIKEP-SULTENG), Kedlmn:10 Km #BMKG  Disclaimer:Informasi ini mengutamakan kecepatan," sehingga hasil pengolahan data belum stabil dan bisa berubah seiring kelengkapan data https://t.co/nuKsQ7HUzq"";0;1;2;7;in;108543358;1736285142380097861;infoBMKG;https://twitter.com/infoBMKG/status/1736285142380097861",,,,,
"Sun Dec 17 04:26:12 +0000 2023;1736241357658923426;""#Gempa Mag:4.6", 17-Dec-2023 11:22:11WIB, Lok:5.09LS, 130.33BT (221 km BaratDaya SERAMBAGIANTIMUR-MALUKU), Kedlmn:115 Km #BMKG  Disclaimer:Informasi ini mengutamakan kecepatan," sehingga hasil pengolahan data belum stabil dan bisa berubah seiring kelengkapan data https://t.co/WO2HEQ8Wio"";0;0;4;10;in;108543358;1736241357658923426;infoBMKG;https://twitter.com/infoBMKG/status/1736241357658923426",,,,,
"Sun Dec 17 03:34:10 +0000 2023;1736228264514085022;""#Gempa Mag:2.8", 17-Dec-2023 10:29:32WIB, Lok:0.06LS, 123.32BT (69 km Tenggara BONEBOLANGO-GORONTALO), Kedlmn:140 Km #BMKG  Disclaimer:Informasi ini mengutamakan kecepatan," sehingga hasil pengolahan data belum stabil dan bisa berubah seiring kelengkapan data https://t.co/ifXSAPrqch"";0;0;2;14;in;108543358;1736228264514085022;infoBMKG;https://twitter.com/infoBMKG/status/1736228264514085022",,,,,
"Sun Dec 17 01:19:21 +0000 2023;1736194338747728037;""#Gempa (UPDATE) Mag:4.4", 17-Des-23 07:47:38 WIB, Lok:3.11 LS, 130.56 BT (Pusat gempa berada di Laut, 79 km TimurLaut Bula-SBT)," Kedlmn:10 Km Dirasakan (MMI) II-III Bula #BMKG https://t.co/pws4U1VvRf"";0;3;12;33;in;108543358;1736194338747728037;infoBMKG;https://twitter.com/infoBMKG/status/1736194338747728037",,,,,
"Sun Dec 17 01:19:12 +0000 2023;1736194297119281647;""#Gempa Dirasakan Magnitudo: 4.4", Kedalaman: 10 km, 17 Des 2023 07:47:38 WIB, Koordinat: 3.11 LS-130.56 BT (Pusat gempa berada di Laut," 79 km TimurLaut Bula-SBT) #BMKG https://t.co/OiHiTwvX8x"";0;0;2;6;in;108543358;1736194297119281647;infoBMKG;https://twitter.com/infoBMKG/status/1736194297119281647",,,,,,
"Sun Dec 17 00:52:11 +0000 2023;1736187498823581880;""#Gempa Mag:4.6", 17-Dec-2023 07:47:38WIB, Lok:3.13LS, 130.64BT (17 km Tenggara SERAMBAGIANTIMUR-MALUKU), Kedlmn:15 Km #BMKG  Disclaimer:Informasi ini mengutamakan kecepatan," sehingga hasil pengolahan data belum stabil dan bisa berubah seiring kelengkapan data https://t.co/d8iPU2B9BE"";1;2;4;20;in;108543358;1736187498823581880;infoBMKG;https://twitter.com/infoBMKG/status/1736187498823581880",,,,,
"Sat Dec 16 22:34:10 +0000 2023;1736152766572290276;""#Gempa Mag:4.4", 17-Dec-2023 05:30:41WIB, Lok:0.67LS, 122.22BT (89 km TimurLaut TOJOUNA-UNA-SULTENG), Kedlmn:10 Km #BMKG  Disclaimer:Informasi ini mengutamakan kecepatan," sehingga hasil pengolahan data belum stabil dan bisa berubah seiring kelengkapan data https://t.co/X9DyrnBbPV"";0;1;4;17;in;108543358;1736152766572290276;infoBMKG;https://twitter.com/infoBMKG/status/1736152766572290276",,,,,
"Sat Dec 16 21:28:09 +0000 2023;1736136154414776397;""#Gempa Mag:2.4", 17-Dec-2023 04:25:00WIB, Lok:4.82LU, 96.14BT (24 km BaratDaya KAB-PIDIEJAYA-ACEH), Kedlmn:11 Km #BMKG  Disclaimer:Informasi ini mengutamakan kecepatan," sehingga hasil pengolahan data belum stabil dan bisa berubah seiring kelengkapan data https://t.co/tDyZTBQcsG"";0;0;2;15;in;108543358;1736136154414776397;infoBMKG;https://twitter.com/infoBMKG/status/1736136154414776397",,,,,
"Sat Dec 16 19:21:10 +0000 2023;1736104195407987179;""#Gempa Mag:3.0", 17-Dec-2023 02:18:47WIB, Lok:1.19LU, 128.30BT (24 km BaratDaya HALMAHERATIMUR-MALUT), Kedlmn:10 Km #BMKG  Disclaimer:Informasi ini mengutamakan kecepatan," sehingga hasil pengolahan data belum stabil dan bisa berubah seiring kelengkapan data https://t.co/SzXUsIYE3C"";0;1;2;10;in;108543358;1736104195407987179;infoBMKG;https://twitter.com/infoBMKG/status/1736104195407987179",,,,,
"Sat Dec 16 19:03:09 +0000 2023;1736099664141992228;""#Gempa Mag:3.0", 17-Dec-2023 01:57:46WIB, Lok:8.31LS, 119.26BT (59 km TimurLaut KOTA-BIMA-NTB), Kedlmn:14 Km #BMKG  Disclaimer:Informasi ini mengutamakan kecepatan," sehingga hasil pengolahan data belum stabil dan bisa berubah seiring kelengkapan data https://t.co/fzQg9BmGpo"";0;0;3;10;in;108543358;1736099664141992228;infoBMKG;https://twitter.com/infoBMKG/status/1736099664141992228",,,,,
"Sat Dec 16 19:02:09 +0000 2023;1736099411649085869;""#Gempa Mag:3.0", 17-Dec-2023 01:56:28WIB, Lok:8.24LS, 119.27BT (63 km TimurLaut KOTA-BIMA-NTB), Kedlmn:15 Km #BMKG  Disclaimer:Informasi ini mengutamakan kecepatan," sehingga hasil pengolahan data belum stabil dan bisa berubah seiring kelengkapan data https://t.co/Kbz6uxNjWP"";0;0;1;5;in;108543358;1736099411649085869;infoBMKG;https://twitter.com/infoBMKG/status/1736099411649085869",,,,,
"Sat Dec 16 18:52:08 +0000 2023;1736096890138353844;""#Gempa Mag:1.8", 17-Dec-2023 01:49:04WIB, Lok:6.76LS, 106.60BT (25 km TimurLaut KAB-SUKABUMI-JABAR), Kedlmn:10 Km #BMKG  Disclaimer:Informasi ini mengutamakan kecepatan," sehingga hasil pengolahan data belum stabil dan bisa berubah seiring kelengkapan data https://t.co/opmxxRfdFJ"";0;0;3;28;in;108543358;1736096890138353844;infoBMKG;https://twitter.com/infoBMKG/status/1736096890138353844",,,,,
"Sat Dec 16 18:51:08 +0000 2023;1736096638178115930;""#Gempa Mag:2.2", 17-Dec-2023 01:46:09WIB, Lok:6.78LS, 106.52BT (23 km BaratLaut KAB-SUKABUMI-JABAR), Kedlmn:10 Km #BMKG  Disclaimer:Informasi ini mengutamakan kecepatan," sehingga hasil pengolahan data belum stabil dan bisa berubah seiring kelengkapan data https://t.co/KBDLonALWs"";3;0;37;111;in;108543358;1736096638178115930;infoBMKG;https://twitter.com/infoBMKG/status/1736096638178115930",,,,,
"Sat Dec 16 18:49:08 +0000 2023;1736096136287645710;""#Gempa Mag:3.9", 17-Dec-2023 01:45:51WIB, Lok:9.02LS, 125.56BT (74 km TimurLaut BELU-NTT), Kedlmn:11 Km #BMKG  Disclaimer:Informasi ini mengutamakan kecepatan," sehingga hasil pengolahan data belum stabil dan bisa berubah seiring kelengkapan data https://t.co/tB6LoM7n20"";0;0;2;7;in;108543358;1736096136287645710;infoBMKG;https://twitter.com/infoBMKG/status/1736096136287645710",,,,,
"Sat Dec 16 17:37:08 +0000 2023;1736078016898589095;""#Gempa Mag:2.7", 17-Dec-2023 00:34:01WIB, Lok:4.47LU, 95.01BT (66 km BaratDaya CALANG-ACEHJAYA), Kedlmn:22 Km #BMKG  Disclaimer:Informasi ini mengutamakan kecepatan," sehingga hasil pengolahan data belum stabil dan bisa berubah seiring kelengkapan data https://t.co/Dw83rjiD50"";1;0;1;9;in;108543358;1736078016898589095;infoBMKG;https://twitter.com/infoBMKG/status/1736078016898589095",,,,,
"Sat Dec 16 17:36:08 +0000 2023;1736077766645477814;""#Gempa Mag:2.9", 17-Dec-2023 00:30:58WIB, Lok:1.82LS, 99.34BT (32 km BaratLaut KEP-MENTAWAI-SUMBAR), Kedlmn:10 Km #BMKG  Disclaimer:Informasi ini mengutamakan kecepatan," sehingga hasil pengolahan data belum stabil dan bisa berubah seiring kelengkapan data https://t.co/SHkfw1E5RA"";1;1;3;9;in;108543358;1736077766645477814;infoBMKG;https://twitter.com/infoBMKG/status/1736077766645477814",,,,,
"Sat Dec 16 17:00:09 +0000 2023;1736068710975275110;""#Gempa Mag:3.3", 16-Dec-2023 23:57:58WIB, Lok:2.05LS, 99.89BT (33 km Tenggara TUAPEJAT-SUMBAR), Kedlmn:40 Km #BMKG  Disclaimer:Informasi ini mengutamakan kecepatan," sehingga hasil pengolahan data belum stabil dan bisa berubah seiring kelengkapan data https://t.co/qJrwEmqUgx"";0;0;4;24;in;108543358;1736068710975275110;infoBMKG;https://twitter.com/infoBMKG/status/1736068710975275110",,,,,
"Sat Dec 16 16:21:08 +0000 2023;1736058892294160820;""#Gempa Mag:3.4", 16-Dec-2023 23:18:53WIB, Lok:7.87LS, 114.36BT (39 km BaratLaut BANYUWANGI-JATIM), Kedlmn:10 Km #BMKG  Disclaimer:Informasi ini mengutamakan kecepatan," sehingga hasil pengolahan data belum stabil dan bisa berubah seiring kelengkapan data https://t.co/hcMQchNes1"";6;6;47;152;in;108543358;1736058892294160820;infoBMKG;https://twitter.com/infoBMKG/status/1736058892294160820",,,,,
"Sat Dec 16 15:41:09 +0000 2023;1736048829412303346;""#Gempa Mag:3.0", 16-Dec-2023 22:37:28WIB, Lok:2.12LU, 127.12BT (99 km BaratLaut HALMAHERABARAT-MALUT), Kedlmn:63 Km #BMKG  Disclaimer:Informasi ini mengutamakan kecepatan," sehingga hasil pengolahan data belum stabil dan bisa berubah seiring kelengkapan data https://t.co/NBY1EtmUnr"";0;0;4;12;in;108543358;1736048829412303346;infoBMKG;https://twitter.com/infoBMKG/status/1736048829412303346",,,,,
"Sat Dec 16 14:37:08 +0000 2023;1736032717324865646;""#Gempa Mag:1.9", 16-Dec-2023 21:33:38WIB, Lok:7.28LS, 109.78BT (16 km BaratLaut WONOSOBO-JATENG), Kedlmn:24 Km #BMKG  Disclaimer:Informasi ini mengutamakan kecepatan," sehingga hasil pengolahan data belum stabil dan bisa berubah seiring kelengkapan data https://t.co/PCLiZYeCvs"";2;1;28;83;in;108543358;1736032717324865646;infoBMKG;https://twitter.com/infoBMKG/status/1736032717324865646",,,,,
"Sat Dec 16 14:34:09 +0000 2023;1736031966984823002;""#Gempa Mag:1.8", 16-Dec-2023 21:29:47WIB, Lok:7.25LS, 109.83BT (15 km BaratLaut WONOSOBO-JATENG), Kedlmn:17 Km #BMKG  Disclaimer:Informasi ini mengutamakan kecepatan," sehingga hasil pengolahan data belum stabil dan bisa berubah seiring kelengkapan data https://t.co/paxIDtHfu0"";3;2;27;128;in;108543358;1736031966984823002;infoBMKG;https://twitter.com/infoBMKG/status/1736031966984823002",,,,,
"Sat Dec 16 11:49:09 +0000 2023;1735990441940848801;""#Gempa Mag:4.7", 16-Dec-2023 18:43:49WIB, Lok:7.85LU, 126.99BT (429 km TimurLaut MELONGUANE-SULUT), Kedlmn:10 Km #BMKG  Disclaimer:Informasi ini mengutamakan kecepatan," sehingga hasil pengolahan data belum stabil dan bisa berubah seiring kelengkapan data https://t.co/TXwJ2tsQ24"";0;2;5;29;in;108543358;1735990441940848801;infoBMKG;https://twitter.com/infoBMKG/status/1735990441940848801",,,,,
"Sat Dec 16 10:25:09 +0000 2023;1735969302690554069;""#Gempa Mag:3.5", 16-Dec-2023 17:22:05WIB, Lok:5.20LU, 96.47BT (25 km BaratDaya KAB-BIREUEN-ACEH), Kedlmn:10 Km #BMKG  Disclaimer:Informasi ini mengutamakan kecepatan," sehingga hasil pengolahan data belum stabil dan bisa berubah seiring kelengkapan data https://t.co/9VHcugzjeQ"";1;0;2;48;in;108543358;1735969302690554069;infoBMKG;https://twitter.com/infoBMKG/status/1735969302690554069",,,,,
"Sat Dec 16 08:58:09 +0000 2023;1735947409212215680;""#Gempa Mag:3.6", 16-Dec-2023 15:54:05WIB, Lok:2.73LU, 128.30BT (75 km TimurLaut DARUBA-MALUT), Kedlmn:14 Km #BMKG  Disclaimer:Informasi ini mengutamakan kecepatan," sehingga hasil pengolahan data belum stabil dan bisa berubah seiring kelengkapan data https://t.co/x9kUR3wXgW"";0;1;1;9;in;108543358;1735947409212215680;infoBMKG;https://twitter.com/infoBMKG/status/1735947409212215680",,,,,
"Sat Dec 16 08:07:10 +0000 2023;1735934579213836753;""#Gempa Mag:1.7", 16-Dec-2023 15:03:32WIB, Lok:2.63LS, 121.11BT (8 km BaratDaya LUWUTIMUR-SULSEL), Kedlmn:35 Km #BMKG  Disclaimer:Informasi ini mengutamakan kecepatan," sehingga hasil pengolahan data belum stabil dan bisa berubah seiring kelengkapan data https://t.co/xN8awACaxv"";0;1;4;11;in;108543358;1735934579213836753;infoBMKG;https://twitter.com/infoBMKG/status/1735934579213836753",,,,,
"Sat Dec 16 07:04:50 +0000 2023;1735918892395237629;""#Gempa (UPDATE) Mag:5.4", 16-Des-23 13:45:54 WIB, Lok:0.35 LS, 98.75 BT (Pusat gempa berada di laut 130 km BaratDaya Pasaman Barat), Kedlmn:19 Km Dirasakan (MMI) III-IV Padang Pariaman, III-IV Hibala, II-III Padang Panjang," II-III Padang #BMKG https://t.co/EgxIzgH9zq"";5;1;9;58;in;108543358;1735918892395237629;infoBMKG;https://twitter.com/infoBMKG/status/1735918892395237629",,,
"Sat Dec 16 07:04:37 +0000 2023;1735918838410277082;""#Gempa Dirasakan Magnitudo: 5.4", Kedalaman: 19 km, 16 Des 2023 13:45:54 WIB," Koordinat: 0.35 LS-98.75 BT (Pusat gempa berada di laut 130 km BaratDaya Pasaman Barat) #BMKG https://t.co/OiHiTwvX8x"";1;0;1;11;in;108543358;1735918838410277082;infoBMKG;https://twitter.com/infoBMKG/status/1735918838410277082",,,,,,,
"Sat Dec 16 06:51:09 +0000 2023;1735915447265161615;""#Gempa Mag:5.4", 16-Dec-2023 13:45:54WIB, Lok:0.35LS, 98.75BT (130 km BaratDaya PASAMANBARAT-SUMBAR), Kedlmn:19 Km #BMKG  Disclaimer:Informasi ini mengutamakan kecepatan," sehingga hasil pengolahan data belum stabil dan bisa berubah seiring kelengkapan data https://t.co/AOpo54aprk"";22;1;33;90;in;108543358;1735915447265161615;infoBMKG;https://twitter.com/infoBMKG/status/1735915447265161615",,,,,
"Sat Dec 16 06:49:21 +0000 2023;1735914996717273558;""#Gempa Mag:5.4", 16-Des-23 13:45:54 WIB, Lok:0.35 LS,98.75 BT (130 km BaratDaya PASAMANBARAT-SUMBAR), Kedlmn:19 Km," tdk berpotensi tsunami #BMKG https://t.co/4B8w2HgkdI"";36;14;74;186;in;108543358;1735914996717273558;infoBMKG;https://twitter.com/infoBMKG/status/1735914996717273558",,,,,
"Sat Dec 16 06:49:21 +0000 2023;1735914995698086301;""#Gempa Magnitudo: 5.4", Kedalaman: 19 km, 16 Des 2023 13:45:54 WIB, Koordinat: 0.35 LS-98.75 BT (130 km BaratDaya PASAMANBARAT-SUMBAR)," Tidak berpotensi tsunami #BMKG https://t.co/OiHiTwvX8x"";0;0;1;19;in;108543358;1735914995698086301;infoBMKG;https://twitter.com/infoBMKG/status/1735914995698086301",,,,,,
"Sat Dec 16 05:11:09 +0000 2023;1735890282988835271;""#Gempa Mag:3.2", 16-Dec-2023 12:08:05WIB, Lok:5.29LU, 95.65BT (7 km TimurLaut JANTHO-ACEHBESAR), Kedlmn:10 Km #BMKG  Disclaimer:Informasi ini mengutamakan kecepatan," sehingga hasil pengolahan data belum stabil dan bisa berubah seiring kelengkapan data https://t.co/c4CeVg6TRi"";1;1;4;20;in;108543358;1735890282988835271;infoBMKG;https://twitter.com/infoBMKG/status/1735890282988835271",,,,,
"Sat Dec 16 04:33:08 +0000 2023;1735880717719265586;""#Gempa Mag:4.2", 16-Dec-2023 11:28:44WIB, Lok:7.79LS, 127.58BT (46 km BaratLaut MALUKUBRTDAYA), Kedlmn:141 Km #BMKG  Disclaimer:Informasi ini mengutamakan kecepatan," sehingga hasil pengolahan data belum stabil dan bisa berubah seiring kelengkapan data https://t.co/YmCU17cKZH"";0;1;3;12;in;108543358;1735880717719265586;infoBMKG;https://twitter.com/infoBMKG/status/1735880717719265586",,,,,
"Sat Dec 16 03:52:10 +0000 2023;1735870405007839548;""#Gempa Mag:3.2", 16-Dec-2023 10:49:56WIB, Lok:0.70LS, 119.59BT (41 km BaratDaya DONGGALA-SULTENG), Kedlmn:17 Km #BMKG  Disclaimer:Informasi ini mengutamakan kecepatan," sehingga hasil pengolahan data belum stabil dan bisa berubah seiring kelengkapan data https://t.co/4UL61ib04A"";0;0;2;10;in;108543358;1735870405007839548;infoBMKG;https://twitter.com/infoBMKG/status/1735870405007839548",,,,,
"Sat Dec 16 03:32:10 +0000 2023;1735865372426002918;""#Gempa Mag:3.6", 16-Dec-2023 10:29:32WIB, Lok:1.26LU, 126.13BT (113 km Tenggara BITUNG-SULUT), Kedlmn:24 Km #BMKG  Disclaimer:Informasi ini mengutamakan kecepatan," sehingga hasil pengolahan data belum stabil dan bisa berubah seiring kelengkapan data https://t.co/CeLwFlRaPQ"";0;0;1;9;in;108543358;1735865372426002918;infoBMKG;https://twitter.com/infoBMKG/status/1735865372426002918",,,,,
"Sat Dec 16 03:13:09 +0000 2023;1735860585819144517;""#Gempa Mag:3.3", 16-Dec-2023 10:10:45WIB, Lok:2.06LS, 100.61BT (79 km Tenggara PESISIRSELATAN-SUMBAR), Kedlmn:30 Km #BMKG  Disclaimer:Informasi ini mengutamakan kecepatan," sehingga hasil pengolahan data belum stabil dan bisa berubah seiring kelengkapan data https://t.co/EiRX8N2Zx5"";0;0;8;27;in;108543358;1735860585819144517;infoBMKG;https://twitter.com/infoBMKG/status/1735860585819144517",,,,,
"Sat Dec 16 02:35:08 +0000 2023;1735851019966562410;""#Gempa Mag:2.3", 16-Dec-2023 09:28:42WIB, Lok:6.83LS, 106.50BT (18 km BaratLaut KAB-SUKABUMI-JABAR), Kedlmn:10 Km #BMKG  Disclaimer:Informasi ini mengutamakan kecepatan," sehingga hasil pengolahan data belum stabil dan bisa berubah seiring kelengkapan data https://t.co/KjhnLKMiAV"";4;3;50;123;in;108543358;1735851019966562410;infoBMKG;https://twitter.com/infoBMKG/status/1735851019966562410",,,,,
"Fri Dec 15 23:30:09 +0000 2023;1735804467214471239;""#Gempa Mag:2.0", 16-Dec-2023 06:26:50WIB, Lok:7.24LS, 109.79BT (18 km BaratLaut WONOSOBO-JATENG), Kedlmn:19 Km #BMKG  Disclaimer:Informasi ini mengutamakan kecepatan," sehingga hasil pengolahan data belum stabil dan bisa berubah seiring kelengkapan data https://t.co/1mnBUZ3cio"";7;8;54;168;in;108543358;1735804467214471239;infoBMKG;https://twitter.com/infoBMKG/status/1735804467214471239",,,,,
"Fri Dec 15 22:23:11 +0000 2023;1735787614316438021;""#Gempa Mag:4.1", 16-Dec-2023 05:17:07WIB, Lok:1.18LS, 126.83BT (95 km BaratDaya LABUHA-MALUT), Kedlmn:10 Km #BMKG  Disclaimer:Informasi ini mengutamakan kecepatan," sehingga hasil pengolahan data belum stabil dan bisa berubah seiring kelengkapan data https://t.co/y2LqgICd6E"";0;0;6;23;in;108543358;1735787614316438021;infoBMKG;https://twitter.com/infoBMKG/status/1735787614316438021",,,,,
"Fri Dec 15 21:49:09 +0000 2023;1735779051590259134;""#Gempa Mag:3.6", 16-Dec-2023 04:45:29WIB, Lok:8.21LS, 119.88BT (31 km BaratLaut LABUANBAJO-NTT), Kedlmn:178 Km #BMKG  Disclaimer:Informasi ini mengutamakan kecepatan," sehingga hasil pengolahan data belum stabil dan bisa berubah seiring kelengkapan data https://t.co/1VFJ45spAW"";0;0;6;20;in;108543358;1735779051590259134;infoBMKG;https://twitter.com/infoBMKG/status/1735779051590259134",,,,,
"Fri Dec 15 21:39:10 +0000 2023;1735776536400404549;""#Gempa Mag:4.6", 16-Dec-2023 04:32:22WIB, Lok:7.44LU, 126.91BT (383 km TimurLaut MELONGUANE-SULUT), Kedlmn:58 Km #BMKG  Disclaimer:Informasi ini mengutamakan kecepatan," sehingga hasil pengolahan data belum stabil dan bisa berubah seiring kelengkapan data https://t.co/cveSYOyFSR"";0;1;2;13;in;108543358;1735776536400404549;infoBMKG;https://twitter.com/infoBMKG/status/1735776536400404549",,,,,
"Fri Dec 15 21:16:09 +0000 2023;1735770744456651147;""#Gempa Mag:3.3", 16-Dec-2023 04:11:39WIB, Lok:4.59LS, 101.89BT (93 km BaratLaut ENGGANO-BENGKULU), Kedlmn:10 Km #BMKG  Disclaimer:Informasi ini mengutamakan kecepatan," sehingga hasil pengolahan data belum stabil dan bisa berubah seiring kelengkapan data https://t.co/GBfQ59qKVe"";0;0;2;18;in;108543358;1735770744456651147;infoBMKG;https://twitter.com/infoBMKG/status/1735770744456651147",,,,,
"Fri Dec 15 19:17:00 +0000 2023;1735740761893900532;""#Gempa (UPDATE) Mag:4.0", 16-Des-23 01:42:58 WIB, Lok:7.15 LS, 108.89 BT (Pusat gempa berada di darat 31 km barat daya Kab. Tegal), Kedlmn:10 Km Dirasakan (MMI) II-III Majenang," II-III Kuningan #BMKG https://t.co/Mq5TQPPpK0"";10;37;136;458;in;108543358;1735740761893900532;infoBMKG;https://twitter.com/infoBMKG/status/1735740761893900532",,,,,
"Fri Dec 15 19:16:53 +0000 2023;1735740730000412890;""#Gempa Dirasakan Magnitudo: 4.0", Kedalaman: 10 km, 16 Des 2023 01:42:58 WIB," Koordinat: 7.15 LS-108.89 BT (Pusat gempa berada di darat 31 km barat daya Kab. Tegal) #BMKG https://t.co/OiHiTwvX8x"";0;0;12;32;in;108543358;1735740730000412890;infoBMKG;https://twitter.com/infoBMKG/status/1735740730000412890",,,,,,,
"Fri Dec 15 18:49:09 +0000 2023;1735733752972841238;""#Gempa Mag:3.4", 16-Dec-2023 01:45:25WIB, Lok:0.92LS, 134.31BT (34 km Tenggara MANOKWARISEL-PAPUABRT), Kedlmn:10 Km #BMKG  Disclaimer:Informasi ini mengutamakan kecepatan," sehingga hasil pengolahan data belum stabil dan bisa berubah seiring kelengkapan data https://t.co/aYfVmRCUH7"";0;6;4;33;in;108543358;1735733752972841238;infoBMKG;https://twitter.com/infoBMKG/status/1735733752972841238",,,,,
"Fri Dec 15 18:46:08 +0000 2023;1735732992021238078;""#Gempa Mag:4.1", 16-Dec-2023 01:42:57WIB, Lok:7.11LS, 108.91BT (27 km BaratDaya KAB-TEGAL-JATENG), Kedlmn:10 Km #BMKG  Disclaimer:Informasi ini mengutamakan kecepatan," sehingga hasil pengolahan data belum stabil dan bisa berubah seiring kelengkapan data https://t.co/RwhUmCrJ9L"";92;143;343;899;in;108543358;1735732992021238078;infoBMKG;https://twitter.com/infoBMKG/status/1735732992021238078",,,,,
"Fri Dec 15 18:27:09 +0000 2023;1735728214117585361;""#Gempa Mag:3.4", 16-Dec-2023 01:23:08WIB, Lok:9.75LS, 114.73BT (119 km BaratDaya KUTASELATAN-BALI), Kedlmn:10 Km #BMKG  Disclaimer:Informasi ini mengutamakan kecepatan," sehingga hasil pengolahan data belum stabil dan bisa berubah seiring kelengkapan data https://t.co/NYtMmXNtLP"";2;2;7;31;in;108543358;1735728214117585361;infoBMKG;https://twitter.com/infoBMKG/status/1735728214117585361",,,,,
"Fri Dec 15 18:15:09 +0000 2023;1735725195627991217;""#Gempa Mag:3.7", 16-Dec-2023 01:10:24WIB, Lok:9.73LS, 114.67BT (120 km BaratDaya KUTASELATAN-BALI), Kedlmn:11 Km #BMKG  Disclaimer:Informasi ini mengutamakan kecepatan," sehingga hasil pengolahan data belum stabil dan bisa berubah seiring kelengkapan data https://t.co/PvzHvjv8hx"";1;2;9;37;in;108543358;1735725195627991217;infoBMKG;https://twitter.com/infoBMKG/status/1735725195627991217",,,,,
"Fri Dec 15 17:28:10 +0000 2023;1735713372518355047;""#Gempa Mag:3.4", 16-Dec-2023 00:25:44WIB, Lok:0.36LS, 123.91BT (82 km BaratDaya BOLAANGUKI-BOLSEL-SULUT), Kedlmn:77 Km #BMKG  Disclaimer:Informasi ini mengutamakan kecepatan," sehingga hasil pengolahan data belum stabil dan bisa berubah seiring kelengkapan data https://t.co/RT0Wk5JMAL"";0;1;4;13;in;108543358;1735713372518355047;infoBMKG;https://twitter.com/infoBMKG/status/1735713372518355047",,,,,
"Fri Dec 15 17:22:09 +0000 2023;1735711858974396821;""#Gempa Mag:3.4", 16-Dec-2023 00:18:20WIB, Lok:0.11LS, 122.83BT (79 km BaratDaya BONEBOLANGO-GORONTALO), Kedlmn:139 Km #BMKG  Disclaimer:Informasi ini mengutamakan kecepatan," sehingga hasil pengolahan data belum stabil dan bisa berubah seiring kelengkapan data https://t.co/gudBXZD3tV"";0;0;3;9;in;108543358;1735711858974396821;infoBMKG;https://twitter.com/infoBMKG/status/1735711858974396821",,,,,
"Fri Dec 15 16:54:08 +0000 2023;1735704809142182060;""#Gempa Mag:3.0", 15-Dec-2023 23:50:22WIB, Lok:6.74LS, 106.53BT (27 km BaratLaut KAB-SUKABUMI-JABAR), Kedlmn:13 Km #BMKG  Disclaimer:Informasi ini mengutamakan kecepatan," sehingga hasil pengolahan data belum stabil dan bisa berubah seiring kelengkapan data https://t.co/EyS4CaiRV7"";14;13;71;218;in;108543358;1735704809142182060;infoBMKG;https://twitter.com/infoBMKG/status/1735704809142182060",,,,,
"Fri Dec 15 16:41:10 +0000 2023;1735701542387450186;""#Gempa Mag:4.8", 15-Dec-2023 23:35:21WIB, Lok:8.24LU, 127.32BT (476 km TimurLaut MELONGUANE-SULUT), Kedlmn:10 Km #BMKG  Disclaimer:Informasi ini mengutamakan kecepatan," sehingga hasil pengolahan data belum stabil dan bisa berubah seiring kelengkapan data https://t.co/05fR4Qlkxy"";0;0;8;19;in;108543358;1735701542387450186;infoBMKG;https://twitter.com/infoBMKG/status/1735701542387450186",,,,,
"Fri Dec 15 16:11:09 +0000 2023;1735693989763019071;""#Gempa Mag:5.0", 15-Dec-2023 23:05:32WIB, Lok:8.74LU, 127.48BT (534 km TimurLaut MELONGUANE-SULUT), Kedlmn:10 Km #BMKG  Disclaimer:Informasi ini mengutamakan kecepatan," sehingga hasil pengolahan data belum stabil dan bisa berubah seiring kelengkapan data https://t.co/so2RqaISQA"";0;2;4;24;in;108543358;1735693989763019071;infoBMKG;https://twitter.com/infoBMKG/status/1735693989763019071",,,,,
"Fri Dec 15 15:46:09 +0000 2023;1735687699074625934;""#Gempa Mag:4.9", 15-Dec-2023 22:40:26WIB, Lok:8.71LU, 127.39BT (529 km TimurLaut MELONGUANE-SULUT), Kedlmn:10 Km #BMKG  Disclaimer:Informasi ini mengutamakan kecepatan," sehingga hasil pengolahan data belum stabil dan bisa berubah seiring kelengkapan data https://t.co/DR44qqsRT8"";0;1;4;19;in;108543358;1735687699074625934;infoBMKG;https://twitter.com/infoBMKG/status/1735687699074625934",,,,,
"Fri Dec 15 14:52:24 +0000 2023;1735674171479232606;""#Gempa (UPDATE) Mag:4.5", 15-Des-23 21:24:34 WIB, Lok:7.15 LS, 108.86 BT (Pusat gempa berada di darat 34 km barat daya Kab. Tegal), Kedlmn:10 Km Dirasakan (MMI) III Cirebon, II-III Tegal, II-III Brebes, II-III Banjar," II Subang #BMKG https://t.co/JmUxvc7tRz"";114;143;341;1304;in;108543358;1735674171479232606;infoBMKG;https://twitter.com/infoBMKG/status/1735674171479232606",,
"Fri Dec 15 14:52:12 +0000 2023;1735674119750864957;""#Gempa Dirasakan Magnitudo: 4.5", Kedalaman: 10 km, 15 Des 2023 21:24:34 WIB," Koordinat: 7.15 LS-108.86 BT (Pusat gempa berada di darat 34 km barat daya Kab. Tegal) #BMKG https://t.co/OiHiTwvpiZ"";1;5;27;126;in;108543358;1735674119750864957;infoBMKG;https://twitter.com/infoBMKG/status/1735674119750864957",,,,,,,
"Fri Dec 15 14:27:13 +0000 2023;1735667833357381975;""#Gempa Mag:4.3", 15-Dec-2023 21:24:34WIB, Lok:7.14LS, 108.85BT (34 km BaratDaya KAB-TEGAL-JATENG), Kedlmn:13 Km #BMKG  Disclaimer:Informasi ini mengutamakan kecepatan," sehingga hasil pengolahan data belum stabil dan bisa berubah seiring kelengkapan data https://t.co/Ly72Q5SCyO"";1021;1216;1528;4460;in;108543358;1735667833357381975;infoBMKG;https://twitter.com/infoBMKG/status/1735667833357381975",,,,,
"Fri Dec 15 13:46:10 +0000 2023;1735657501918670926;""#Gempa Mag:3.7", 15-Dec-2023 20:42:07WIB, Lok:4.26LU, 126.86BT (35 km TimurLaut MELONGUANE-SULUT), Kedlmn:10 Km #BMKG  Disclaimer:Informasi ini mengutamakan kecepatan," sehingga hasil pengolahan data belum stabil dan bisa berubah seiring kelengkapan data https://t.co/vOtHSgkfa3"";0;1;5;20;in;108543358;1735657501918670926;infoBMKG;https://twitter.com/infoBMKG/status/1735657501918670926",,,,,
"Fri Dec 15 10:56:07 +0000 2023;1735614710681416093;""#Gempa Mag:3.1", 15-Dec-2023 17:53:00WIB, Lok:2.47LS, 140.45BT (87 km TimurLaut KAB-JAYAPURA-PAPUA), Kedlmn:10 Km #BMKG  Disclaimer:Informasi ini mengutamakan kecepatan," sehingga hasil pengolahan data belum stabil dan bisa berubah seiring kelengkapan data https://t.co/DS4rCr46FV"";0;0;4;12;in;108543358;1735614710681416093;infoBMKG;https://twitter.com/infoBMKG/status/1735614710681416093",,,,,
"Fri Dec 15 10:00:09 +0000 2023;1735600626623791119;""#Gempa Mag:2.9", 15-Dec-2023 16:57:43WIB, Lok:8.79LS, 119.73BT (37 km BaratDaya LABUANBAJO-NTT), Kedlmn:10 Km #BMKG  Disclaimer:Informasi ini mengutamakan kecepatan," sehingga hasil pengolahan data belum stabil dan bisa berubah seiring kelengkapan data https://t.co/3WomhWvQqS"";0;0;2;5;in;108543358;1735600626623791119;infoBMKG;https://twitter.com/infoBMKG/status/1735600626623791119",,,,,
"Fri Dec 15 08:56:09 +0000 2023;1735584518902616529;""#Gempa Mag:3.6", 15-Dec-2023 15:52:41WIB, Lok:2.86LS, 101.62BT (64 km Tenggara MUKOMUKO-BENGKULU), Kedlmn:13 Km #BMKG  Disclaimer:Informasi ini mengutamakan kecepatan," sehingga hasil pengolahan data belum stabil dan bisa berubah seiring kelengkapan data https://t.co/WAPD0MAn6M"";0;0;1;6;in;108543358;1735584518902616529;infoBMKG;https://twitter.com/infoBMKG/status/1735584518902616529",,,,,
"Fri Dec 15 07:52:09 +0000 2023;1735568414167769098;""#Gempa Mag:2.9", 15-Dec-2023 14:48:20WIB, Lok:0.41LS, 100.36BT (6 km BaratLaut PADANGPANJANG-SUMBAR), Kedlmn:10 Km #BMKG  Disclaimer:Informasi ini mengutamakan kecepatan," sehingga hasil pengolahan data belum stabil dan bisa berubah seiring kelengkapan data https://t.co/4OexQfB0Rw"";0;0;1;16;in;108543358;1735568414167769098;infoBMKG;https://twitter.com/infoBMKG/status/1735568414167769098",,,,,
"Fri Dec 15 07:40:09 +0000 2023;1735565392809213989;""#Gempa Mag:3.1", 15-Dec-2023 14:37:03WIB, Lok:8.73LS, 123.93BT (57 km Tenggara LEMBATA-NTT), Kedlmn:77 Km #BMKG  Disclaimer:Informasi ini mengutamakan kecepatan," sehingga hasil pengolahan data belum stabil dan bisa berubah seiring kelengkapan data https://t.co/CGHcQ81fYn"";0;0;4;5;in;108543358;1735565392809213989;infoBMKG;https://twitter.com/infoBMKG/status/1735565392809213989",,,,,
"Fri Dec 15 07:13:08 +0000 2023;1735558595700465857;""#Gempa Mag:2.0", 15-Dec-2023 14:10:24WIB, Lok:7.20LS, 107.78BT (13 km BaratLaut KAB-GARUT-JABAR), Kedlmn:10 Km #BMKG  Disclaimer:Informasi ini mengutamakan kecepatan," sehingga hasil pengolahan data belum stabil dan bisa berubah seiring kelengkapan data https://t.co/nDEAQGSnki"";0;0;10;41;in;108543358;1735558595700465857;infoBMKG;https://twitter.com/infoBMKG/status/1735558595700465857",,,,,
"Fri Dec 15 06:57:10 +0000 2023;1735554574961025457;""#Gempa Mag:2.0", 15-Dec-2023 13:54:05WIB, Lok:2.96LS, 119.40BT (9 km Tenggara MAMASA-SULBAR), Kedlmn:16 Km #BMKG  Disclaimer:Informasi ini mengutamakan kecepatan," sehingga hasil pengolahan data belum stabil dan bisa berubah seiring kelengkapan data https://t.co/tjBsr7JJzh"";0;0;2;7;in;108543358;1735554574961025457;infoBMKG;https://twitter.com/infoBMKG/status/1735554574961025457",,,,,
"Fri Dec 15 06:45:09 +0000 2023;1735551553472520621;""#Gempa Mag:2.7", 15-Dec-2023 13:41:06WIB, Lok:0.54LU, 126.75BT (73 km BaratDaya TERNATE-MALUT), Kedlmn:13 Km #BMKG  Disclaimer:Informasi ini mengutamakan kecepatan," sehingga hasil pengolahan data belum stabil dan bisa berubah seiring kelengkapan data https://t.co/hwF9r0RMsZ"";0;0;1;8;in;108543358;1735551553472520621;infoBMKG;https://twitter.com/infoBMKG/status/1735551553472520621",,,,,
"Fri Dec 15 06:41:09 +0000 2023;1735550546390695987;""#Gempa Mag:2.2", 15-Dec-2023 13:38:37WIB, Lok:0.20LS, 122.89BT (86 km BaratDaya BONEBOLANGO-GORONTALO), Kedlmn:70 Km #BMKG  Disclaimer:Informasi ini mengutamakan kecepatan," sehingga hasil pengolahan data belum stabil dan bisa berubah seiring kelengkapan data https://t.co/GwgKWvRL9P"";0;0;2;7;in;108543358;1735550546390695987;infoBMKG;https://twitter.com/infoBMKG/status/1735550546390695987",,,,,
"Fri Dec 15 06:40:09 +0000 2023;1735550291976839392;""#Gempa Mag:2.1", 15-Dec-2023 13:34:31WIB, Lok:0.65LS, 100.07BT (8 km BaratDaya PARIAMAN-SUMBAR), Kedlmn:76 Km #BMKG  Disclaimer:Informasi ini mengutamakan kecepatan," sehingga hasil pengolahan data belum stabil dan bisa berubah seiring kelengkapan data https://t.co/ja0UUrd8TZ"";0;0;2;9;in;108543358;1735550291976839392;infoBMKG;https://twitter.com/infoBMKG/status/1735550291976839392",,,,,
"Fri Dec 15 06:23:09 +0000 2023;1735546016005517697;""#Gempa Mag:2.2", 15-Dec-2023 13:19:47WIB, Lok:8.57LS, 119.05BT (35 km Tenggara KOTA-BIMA-NTB), Kedlmn:18 Km #BMKG  Disclaimer:Informasi ini mengutamakan kecepatan," sehingga hasil pengolahan data belum stabil dan bisa berubah seiring kelengkapan data https://t.co/ExwpBsTGZd"";0;0;2;7;in;108543358;1735546016005517697;infoBMKG;https://twitter.com/infoBMKG/status/1735546016005517697",,,,,
"Fri Dec 15 05:47:09 +0000 2023;1735536954857640182;""#Gempa Mag:2.6", 15-Dec-2023 12:41:22WIB, Lok:9.47LS, 115.37BT (76 km Tenggara KUTASELATAN-BALI), Kedlmn:18 Km #BMKG  Disclaimer:Informasi ini mengutamakan kecepatan," sehingga hasil pengolahan data belum stabil dan bisa berubah seiring kelengkapan data https://t.co/7bP7igr5j5"";0;0;5;17;in;108543358;1735536954857640182;infoBMKG;https://twitter.com/infoBMKG/status/1735536954857640182",,,,,
"Fri Dec 15 05:28:08 +0000 2023;1735532167730745579;""#Gempa Mag:3.1", 15-Dec-2023 12:24:33WIB, Lok:2.25LS, 140.20BT (90 km TimurLaut KAB-JAYAPURA-PAPUA), Kedlmn:10 Km #BMKG  Disclaimer:Informasi ini mengutamakan kecepatan," sehingga hasil pengolahan data belum stabil dan bisa berubah seiring kelengkapan data https://t.co/3PlF71ps7j"";0;0;4;5;in;108543358;1735532167730745579;infoBMKG;https://twitter.com/infoBMKG/status/1735532167730745579",,,,,
"Fri Dec 15 05:11:09 +0000 2023;1735527895798620555;""#Gempa Mag:3.0", 15-Dec-2023 12:09:03WIB, Lok:0.77LU, 126.69BT (75 km BaratDaya TERNATE-MALUT), Kedlmn:14 Km #BMKG  Disclaimer:Informasi ini mengutamakan kecepatan," sehingga hasil pengolahan data belum stabil dan bisa berubah seiring kelengkapan data https://t.co/nqY3AB6Vh3"";0;0;4;7;in;108543358;1735527895798620555;infoBMKG;https://twitter.com/infoBMKG/status/1735527895798620555",,,,,
"Fri Dec 15 04:45:10 +0000 2023;1735521355184152645;""#Gempa Mag:4.2", 15-Dec-2023 11:41:23WIB, Lok:1.63LU, 126.62BT (112 km BaratLaut HALMAHERABARAT-MALUT), Kedlmn:11 Km #BMKG  Disclaimer:Informasi ini mengutamakan kecepatan," sehingga hasil pengolahan data belum stabil dan bisa berubah seiring kelengkapan data https://t.co/MGTduWVvgd"";0;1;7;15;in;108543358;1735521355184152645;infoBMKG;https://twitter.com/infoBMKG/status/1735521355184152645",,,,,
"Fri Dec 15 04:10:12 +0000 2023;1735512557451178003;""#Gempa (UPDATE) Mag:2.5", 15-Des-23 10:23:23 WIB, Lok:2.93 LS, 119.39 BT (Pusat gempa berada di darat 7 km Tenggara Mamasa)," Kedlmn:2 Km Dirasakan (MMI) II Mamasa #BMKG https://t.co/ge3XxbMIgl"";1;17;60;240;in;108543358;1735512557451178003;infoBMKG;https://twitter.com/infoBMKG/status/1735512557451178003",,,,,,
"Fri Dec 15 04:10:01 +0000 2023;1735512511808745911;""#Gempa Dirasakan Magnitudo: 2.5", Kedalaman: 2 km, 15 Des 2023 10:23:23 WIB," Koordinat: 2.93 LS-119.39 BT (Pusat gempa berada di darat 7 km Tenggara Mamasa) #BMKG https://t.co/OiHiTwvX8x"";0;0;2;5;in;108543358;1735512511808745911;infoBMKG;https://twitter.com/infoBMKG/status/1735512511808745911",,,,,,,
"Fri Dec 15 00:14:38 +0000 2023;1735453272776048671;""#Gempa (UPDATE) Mag:3.2", 14-Des-23 18:08:31 WIB, Lok:6.73 LS, 106.55 BT (Pusat gempa berada di darat 28 km Utara Kab. Sukabumi)," Kedlmn:10 Km Dirasakan (MMI) II Pamijahan #BMKG https://t.co/nFZxAkt9iO"";0;0;13;52;in;108543358;1735453272776048671;infoBMKG;https://twitter.com/infoBMKG/status/1735453272776048671",,,,,,
"Fri Dec 15 00:14:30 +0000 2023;1735453241809437093;""#Gempa Dirasakan Magnitudo: 3.2", Kedalaman: 10 km, 14 Des 2023 18:08:31 WIB," Koordinat: 6.73 LS-106.55 BT (Pusat gempa berada di darat 28 km Utara Kab. Sukabumi) #BMKG https://t.co/OiHiTwvX8x"";0;2;3;12;in;108543358;1735453241809437093;infoBMKG;https://twitter.com/infoBMKG/status/1735453241809437093",,,,,,,
"Fri Dec 15 00:05:10 +0000 2023;1735450893028590015;""#Gempa Mag:5.4", 15-Dec-2023 07:02:09WIB, Lok:6.94LS, 129.68BT (213 km BaratLaut MALUKUTENGGARABRT), Kedlmn:178 Km #BMKG  Disclaimer:Informasi ini mengutamakan kecepatan," sehingga hasil pengolahan data belum stabil dan bisa berubah seiring kelengkapan data https://t.co/ASIqqbqejF"";1;0;7;35;in;108543358;1735450893028590015;infoBMKG;https://twitter.com/infoBMKG/status/1735450893028590015",,,,,
"Thu Dec 14 22:51:10 +0000 2023;1735432268330791274;""#Gempa Mag:4.7", 15-Dec-2023 05:44:20WIB, Lok:7.64LU, 126.94BT (405 km TimurLaut MELONGUANE-SULUT), Kedlmn:10 Km #BMKG  Disclaimer:Informasi ini mengutamakan kecepatan," sehingga hasil pengolahan data belum stabil dan bisa berubah seiring kelengkapan data https://t.co/7fr8LqVMKu"";0;0;1;18;in;108543358;1735432268330791274;infoBMKG;https://twitter.com/infoBMKG/status/1735432268330791274",,,,,
"Thu Dec 14 22:49:10 +0000 2023;1735431764372537752;""#Gempa Mag:4.6", 15-Dec-2023 05:44:20WIB, Lok:7.64LU, 126.94BT (405 km TimurLaut MELONGUANE-SULUT), Kedlmn:10 Km #BMKG  Disclaimer:Informasi ini mengutamakan kecepatan," sehingga hasil pengolahan data belum stabil dan bisa berubah seiring kelengkapan data https://t.co/LANw3RXvn0"";0;0;2;4;in;108543358;1735431764372537752;infoBMKG;https://twitter.com/infoBMKG/status/1735431764372537752",,,,,
"Thu Dec 14 20:47:09 +0000 2023;1735401061110931896;""#Gempa Mag:3.5", 15-Dec-2023 03:43:09WIB, Lok:4.41LS, 101.98BT (76 km BaratDaya SELUMA-BENGKULU), Kedlmn:10 Km #BMKG  Disclaimer:Informasi ini mengutamakan kecepatan," sehingga hasil pengolahan data belum stabil dan bisa berubah seiring kelengkapan data https://t.co/Ph53SavNQO"";0;0;10;22;in;108543358;1735401061110931896;infoBMKG;https://twitter.com/infoBMKG/status/1735401061110931896",,,,,
"Thu Dec 14 17:54:09 +0000 2023;1735357524810011012;""#Gempa Mag:5.2", 15-Dec-2023 00:49:05WIB, Lok:6.79LS, 130.60BT (152 km BaratLaut MALUKUTENGGARABRT), Kedlmn:166 Km #BMKG  Disclaimer:Informasi ini mengutamakan kecepatan," sehingga hasil pengolahan data belum stabil dan bisa berubah seiring kelengkapan data https://t.co/mrbCovGw6s"";0;1;4;15;in;108543358;1735357524810011012;infoBMKG;https://twitter.com/infoBMKG/status/1735357524810011012",,,,,
"Thu Dec 14 17:52:16 +0000 2023;1735357049566011820;""#Gempa Mag:5.2", 15-Des-23 00:49:05 WIB, Lok:6.79 LS,130.60 BT (152 km BaratLaut TANIMBAR), Kedlmn:166 Km," tdk berpotensi tsunami #BMKG https://t.co/ExdEJo5yr8"";0;1;5;24;in;108543358;1735357049566011820;infoBMKG;https://twitter.com/infoBMKG/status/1735357049566011820",,,,,
"Thu Dec 14 17:52:14 +0000 2023;1735357040732848573;""#Gempa Magnitudo: 5.2", Kedalaman: 166 km, 15 Des 2023 00:49:05 WIB, Koordinat: 6.79 LS-130.60 BT (152 km BaratLaut TANIMBAR)," Tidak berpotensi tsunami #BMKG https://t.co/OiHiTwvX8x"";0;0;3;5;in;108543358;1735357040732848573;infoBMKG;https://twitter.com/infoBMKG/status/1735357040732848573",,,,,,
"Thu Dec 14 17:19:08 +0000 2023;1735348709968494798;""#Gempa Mag:2.0", 15-Dec-2023 00:17:26WIB, Lok:7.34LS, 109.91BT (3 km TimurLaut WONOSOBO-JATENG), Kedlmn:16 Km #BMKG  Disclaimer:Informasi ini mengutamakan kecepatan," sehingga hasil pengolahan data belum stabil dan bisa berubah seiring kelengkapan data https://t.co/85Ckf2RJVX"";10;1;46;158;in;108543358;1735348709968494798;infoBMKG;https://twitter.com/infoBMKG/status/1735348709968494798",,,,,
"Thu Dec 14 17:17:08 +0000 2023;1735348209252483544;""#Gempa Mag:3.5", 15-Dec-2023 00:14:30WIB, Lok:1.98LU, 96.72BT (67 km Tenggara SINABANG-ACEH), Kedlmn:53 Km #BMKG  Disclaimer:Informasi ini mengutamakan kecepatan," sehingga hasil pengolahan data belum stabil dan bisa berubah seiring kelengkapan data https://t.co/7baYmCgS52"";2;0;2;11;in;108543358;1735348209252483544;infoBMKG;https://twitter.com/infoBMKG/status/1735348209252483544",,,,,
"Thu Dec 14 16:02:09 +0000 2023;1735329337694622085;""#Gempa Mag:3.1", 14-Dec-2023 22:57:33WIB, Lok:1.17LU, 128.26BT (29 km BaratDaya HALMAHERATIMUR-MALUT), Kedlmn:17 Km #BMKG  Disclaimer:Informasi ini mengutamakan kecepatan," sehingga hasil pengolahan data belum stabil dan bisa berubah seiring kelengkapan data https://t.co/FAIzcVneqG"";1;1;2;4;in;108543358;1735329337694622085;infoBMKG;https://twitter.com/infoBMKG/status/1735329337694622085",,,,,
"Thu Dec 14 12:55:12 +0000 2023;1735282288303460618;""#Gempa Mag:4.0", 14-Dec-2023 19:51:27WIB, Lok:5.44LS, 130.24BT (261 km BaratDaya SERAMBAGIANTIMUR-MALUKU), Kedlmn:69 Km #BMKG  Disclaimer:Informasi ini mengutamakan kecepatan," sehingga hasil pengolahan data belum stabil dan bisa berubah seiring kelengkapan data https://t.co/GkQqqtgUop"";0;0;8;11;in;108543358;1735282288303460618;infoBMKG;https://twitter.com/infoBMKG/status/1735282288303460618",,,,,
"Thu Dec 14 11:51:10 +0000 2023;1735266174760620282;""#Gempa Mag:4.8", 14-Dec-2023 18:46:04WIB, Lok:7.85LU, 126.98BT (429 km TimurLaut MELONGUANE-SULUT), Kedlmn:10 Km #BMKG  Disclaimer:Informasi ini mengutamakan kecepatan," sehingga hasil pengolahan data belum stabil dan bisa berubah seiring kelengkapan data https://t.co/mPpM8DXSqp"";0;0;4;8;in;108543358;1735266174760620282;infoBMKG;https://twitter.com/infoBMKG/status/1735266174760620282",,,,,
"Thu Dec 14 11:35:33 +0000 2023;1735262243896639662;""#Gempa (UPDATE) Mag:3.2", 14-Des-23 18:08:31 WIB, Lok:6.73 LS, 106.55 BT (Pusat gempa berada di darat 28 km Utara Kab. Sukabumi)," Kedlmn:10 Km Dirasakan (MMI) II Pamijahan #BMKG https://t.co/SaFnnlUnFl"";24;8;93;286;in;108543358;1735262243896639662;infoBMKG;https://twitter.com/infoBMKG/status/1735262243896639662",,,,,,
"Thu Dec 14 11:35:23 +0000 2023;1735262201982914858;""#Gempa Dirasakan Magnitudo: 3.2", Kedalaman: 10 km, 14 Des 2023 18:08:31 WIB," Koordinat: 6.73 LS-106.55 BT (Pusat gempa berada di darat 28 km Utara Kab. Sukabumi) #BMKG https://t.co/OiHiTwvX8x"";0;1;4;13;in;108543358;1735262201982914858;infoBMKG;https://twitter.com/infoBMKG/status/1735262201982914858",,,,,,,
"Thu Dec 14 09:25:11 +0000 2023;1735229438500254117;""#Gempa Mag:4.4", 14-Dec-2023 16:19:11WIB, Lok:1.80LU, 127.39BT (54 km BaratLaut HALMAHERABARAT-MALUT), Kedlmn:90 Km #BMKG  Disclaimer:Informasi ini mengutamakan kecepatan," sehingga hasil pengolahan data belum stabil dan bisa berubah seiring kelengkapan data https://t.co/wCNYeCsZUo"";0;0;5;12;in;108543358;1735229438500254117;infoBMKG;https://twitter.com/infoBMKG/status/1735229438500254117",,,,,
"Thu Dec 14 07:41:28 +0000 2023;1735203336444637447;""#Gempa (UPDATE) Mag:4.9", 14-Des-23 14:27:18 WIB, Lok:7.26 LS, 106.13 BT (Pusat gempa berada di laut 39 km BaratDaya Bayah), Kedlmn:23 Km Dirasakan (MMI) III - IV Malingping, III - IV Malasari, III - IV Leuwiliang, III Bayah, II - III Kalapanunggal," II Pelabuhan Ratu #BMKG https://t.co/0DvYZyJZcy"";8;7;83;207;in;108543358;1735203336444637447;infoBMKG;https://twitter.com/infoBMKG/status/1735203336444637447",
"Thu Dec 14 07:41:17 +0000 2023;1735203288063299586;""#Gempa Dirasakan Magnitudo: 4.9", Kedalaman: 23 km, 14 Des 2023 14:27:18 WIB," Koordinat: 7.26 LS-106.13 BT (Pusat gempa berada di laut 39 km BaratDaya Bayah) #BMKG https://t.co/OiHiTwvX8x"";2;0;4;16;in;108543358;1735203288063299586;infoBMKG;https://twitter.com/infoBMKG/status/1735203288063299586",,,,,,,
"Thu Dec 14 07:30:08 +0000 2023;1735200485714559290;""#Gempa Mag:4.9", 14-Dec-2023 14:27:19WIB, Lok:7.17LS, 106.13BT (29 km BaratDaya BAYAH-BANTEN), Kedlmn:15 Km #BMKG  Disclaimer:Informasi ini mengutamakan kecepatan," sehingga hasil pengolahan data belum stabil dan bisa berubah seiring kelengkapan data https://t.co/6DTLHJSNNn"";196;155;626;1320;in;108543358;1735200485714559290;infoBMKG;https://twitter.com/infoBMKG/status/1735200485714559290",,,,,
"Thu Dec 14 06:08:09 +0000 2023;1735179854143012904;""#Gempa Mag:3.3", 14-Dec-2023 13:02:27WIB, Lok:8.33LS, 118.89BT (21 km TimurLaut BIMA-NTB), Kedlmn:14 Km #BMKG  Disclaimer:Informasi ini mengutamakan kecepatan," sehingga hasil pengolahan data belum stabil dan bisa berubah seiring kelengkapan data https://t.co/8q4VdczOJi"";0;1;5;22;in;108543358;1735179854143012904;infoBMKG;https://twitter.com/infoBMKG/status/1735179854143012904",,,,,
"Thu Dec 14 05:32:10 +0000 2023;1735170795868172303;""#Gempa Mag:4.9", 14-Dec-2023 12:26:41WIB, Lok:8.77LU, 127.42BT (536 km TimurLaut MELONGUANE-SULUT), Kedlmn:10 Km #BMKG  Disclaimer:Informasi ini mengutamakan kecepatan," sehingga hasil pengolahan data belum stabil dan bisa berubah seiring kelengkapan data https://t.co/PvqxpO083H"";0;0;5;27;in;108543358;1735170795868172303;infoBMKG;https://twitter.com/infoBMKG/status/1735170795868172303",,,,,
"Thu Dec 14 05:25:10 +0000 2023;1735169034990371063;""#Gempa Mag:3.1", 14-Dec-2023 12:20:41WIB, Lok:0.00LS, 123.35BT (64 km Tenggara BONEBOLANGO-GORONTALO), Kedlmn:131 Km #BMKG  Disclaimer:Informasi ini mengutamakan kecepatan," sehingga hasil pengolahan data belum stabil dan bisa berubah seiring kelengkapan data https://t.co/7cdnbt9hyg"";0;1;2;7;in;108543358;1735169034990371063;infoBMKG;https://twitter.com/infoBMKG/status/1735169034990371063",,,,,
"Thu Dec 14 04:42:08 +0000 2023;1735158206123655554;""#Gempa Mag:3.3", 14-Dec-2023 11:39:30WIB, Lok:8.09LS, 110.51BT (15 km BaratDaya GUNUNGKIDUL-DIY), Kedlmn:116 Km #BMKG  Disclaimer:Informasi ini mengutamakan kecepatan," sehingga hasil pengolahan data belum stabil dan bisa berubah seiring kelengkapan data https://t.co/xudAd3Lvau"";8;1;31;74;in;108543358;1735158206123655554;infoBMKG;https://twitter.com/infoBMKG/status/1735158206123655554",,,,,
"Thu Dec 14 04:21:08 +0000 2023;1735152919639621973;""#Gempa Mag:2.2", 14-Dec-2023 11:16:11WIB, Lok:6.96LS, 106.82BT (13 km BaratDaya KOTA-SUKABUMI-JABAR), Kedlmn:10 Km #BMKG  Disclaimer:Informasi ini mengutamakan kecepatan," sehingga hasil pengolahan data belum stabil dan bisa berubah seiring kelengkapan data https://t.co/7OMvEPzP2Z"";24;8;46;142;in;108543358;1735152919639621973;infoBMKG;https://twitter.com/infoBMKG/status/1735152919639621973",,,,,
"Thu Dec 14 04:19:09 +0000 2023;1735152423042421231;""#Gempa Mag:1.3", 14-Dec-2023 11:13:23WIB, Lok:2.72LS, 120.97BT (27 km BaratDaya LUWUTIMUR-SULSEL), Kedlmn:10 Km #BMKG  Disclaimer:Informasi ini mengutamakan kecepatan," sehingga hasil pengolahan data belum stabil dan bisa berubah seiring kelengkapan data https://t.co/zaccpoSFtK"";0;0;3;9;in;108543358;1735152423042421231;infoBMKG;https://twitter.com/infoBMKG/status/1735152423042421231",,,,,
"Thu Dec 14 03:42:09 +0000 2023;1735143108516762043;""#Gempa Mag:4.8", 14-Dec-2023 10:36:41WIB, Lok:8.04LU, 127.24BT (453 km TimurLaut MELONGUANE-SULUT), Kedlmn:10 Km #BMKG  Disclaimer:Informasi ini mengutamakan kecepatan," sehingga hasil pengolahan data belum stabil dan bisa berubah seiring kelengkapan data https://t.co/1rEEeQO1vV"";0;3;6;21;in;108543358;1735143108516762043;infoBMKG;https://twitter.com/infoBMKG/status/1735143108516762043",,,,,
"Thu Dec 14 03:28:09 +0000 2023;1735139586710598034;""#Gempa Mag:2.7", 14-Dec-2023 10:24:57WIB, Lok:9.82LS, 119.27BT (12 km BaratDaya WANOKAKA-NTT), Kedlmn:26 Km #BMKG  Disclaimer:Informasi ini mengutamakan kecepatan," sehingga hasil pengolahan data belum stabil dan bisa berubah seiring kelengkapan data https://t.co/DBjHo2tIdO"";0;0;6;30;in;108543358;1735139586710598034;infoBMKG;https://twitter.com/infoBMKG/status/1735139586710598034",,,,,
"Thu Dec 14 02:58:08 +0000 2023;1735132032475554246;""#Gempa Mag:2.4", 14-Dec-2023 09:54:04WIB, Lok:6.88LS, 106.43BT (17 km BaratLaut KAB-SUKABUMI-JABAR), Kedlmn:20 Km #BMKG  Disclaimer:Informasi ini mengutamakan kecepatan," sehingga hasil pengolahan data belum stabil dan bisa berubah seiring kelengkapan data https://t.co/9oODH59FL4"";15;3;27;99;in;108543358;1735132032475554246;infoBMKG;https://twitter.com/infoBMKG/status/1735132032475554246",,,,,
"Thu Dec 14 02:46:09 +0000 2023;1735129017471369390;""#Gempa Mag:2.2", 14-Dec-2023 09:42:46WIB, Lok:6.90LS, 106.47BT (13 km BaratLaut KAB-SUKABUMI-JABAR), Kedlmn:10 Km #BMKG  Disclaimer:Informasi ini mengutamakan kecepatan," sehingga hasil pengolahan data belum stabil dan bisa berubah seiring kelengkapan data https://t.co/6m5JU5055g"";0;3;24;82;in;108543358;1735129017471369390;infoBMKG;https://twitter.com/infoBMKG/status/1735129017471369390",,,,,
"Thu Dec 14 02:24:10 +0000 2023;1735123484165243324;""#Gempa Mag:3.0", 14-Dec-2023 09:20:59WIB, Lok:2.63LS, 129.49BT (95 km TimurLaut MALUKUTENGAH), Kedlmn:10 Km #BMKG  Disclaimer:Informasi ini mengutamakan kecepatan," sehingga hasil pengolahan data belum stabil dan bisa berubah seiring kelengkapan data https://t.co/n9acv9F1vT"";0;0;7;20;in;108543358;1735123484165243324;infoBMKG;https://twitter.com/infoBMKG/status/1735123484165243324",,,,,
"Thu Dec 14 02:14:10 +0000 2023;1735120966425202954;""#Gempa Mag:2.2", 14-Dec-2023 09:10:05WIB, Lok:6.77LS, 106.52BT (24 km BaratLaut KAB-SUKABUMI-JABAR), Kedlmn:15 Km #BMKG  Disclaimer:Informasi ini mengutamakan kecepatan," sehingga hasil pengolahan data belum stabil dan bisa berubah seiring kelengkapan data https://t.co/cEUC4VJbni"";15;7;66;191;in;108543358;1735120966425202954;infoBMKG;https://twitter.com/infoBMKG/status/1735120966425202954",,,,,
"Thu Dec 14 01:26:31 +0000 2023;1735108975149130072;""#Gempa (UPDATE) Mag:5.5", 14-Des-23 08:05:52 WIB, Lok:0.00 LU, 124.08 BT (Pusat gempa berada di laut 42 Km Tenggara BOLAANGUKI-BOLSEL), Kedlmn:99 Km Dirasakan (MMI) III Bolaang Uki, II Bone Bolango, II Kotamobagu," II Taliabu #BMKG https://t.co/UDf9cZ6jVS"";0;0;6;26;in;108543358;1735108975149130072;infoBMKG;https://twitter.com/infoBMKG/status/1735108975149130072",,,
"Thu Dec 14 01:26:21 +0000 2023;1735108932807626759;""#Gempa Dirasakan Magnitudo: 5.5", Kedalaman: 99 km, 14 Des 2023 08:05:52 WIB," Koordinat: 0.00 LU-124.08 BT (Pusat gempa berada di laut 42 Km Tenggara BOLAANGUKI-BOLSEL) #BMKG https://t.co/OiHiTwvX8x"";0;0;4;6;in;108543358;1735108932807626759;infoBMKG;https://twitter.com/infoBMKG/status/1735108932807626759",,,,,,,
"Thu Dec 14 01:09:10 +0000 2023;1735104610141192649;""#Gempa Mag:5.4", 14-Dec-2023 08:05:52WIB, Lok:0.00LS, 124.08BT (42 km Tenggara BOLAANGUKI-BOLSEL-SULUT), Kedlmn:99 Km #BMKG  Disclaimer:Informasi ini mengutamakan kecepatan," sehingga hasil pengolahan data belum stabil dan bisa berubah seiring kelengkapan data https://t.co/ZYny678Y1m"";4;1;11;36;in;108543358;1735104610141192649;infoBMKG;https://twitter.com/infoBMKG/status/1735104610141192649",,,,,
"Wed Dec 13 10:53:04 +0000 2023;1734889164049674574;""#Gempa (UPDATE) Mag:4.3", 13-Des-23 17:35:55 WIB, Lok:8.12 LS, 107.93 BT (Pusat gempa berada di laut 78 Km Barat Daya Kab. Pangandaran), Kedlmn:29 Km Dirasakan (MMI) II - III Tasikmalaya, II-III Cipatujah, II - III Cikajang, II-III Ciamis, II-III Pangandaran," II-III Cijulang #BMKG https://t.co/YLQ9iaIaHX"";3;0;11;37;in;108543358;1734889164049674574;infoBMKG;https://twitter.com/infoBMKG/status/1734889164049674574",
"Wed Dec 13 10:50:41 +0000 2023;1734888568227844208;""#Gempa (UPDATE) Mag:4.3", 13-Des-23 17:35:55 WIB, Lok:8.12 LS, 107.93 BT (Pusat gempa berada di laut 78 Km Barat Daya Kab. Pangandaran)," Kedlmn:29 Km Dirasakan (MMI) II - III Tasikmalaya #BMKG https://t.co/WYVgJ2yLPp"";2;0;7;21;in;108543358;1734888568227844208;infoBMKG;https://twitter.com/infoBMKG/status/1734888568227844208",,,,,,
"Wed Dec 13 10:50:29 +0000 2023;1734888517095051272;""#Gempa Dirasakan Magnitudo: 4.3", Kedalaman: 29 km, 13 Des 2023 17:35:55 WIB," Koordinat: 8.12 LS-107.93 BT (Pusat gempa berada di laut 78 Km Barat Daya Kab. Pangandaran) #BMKG https://t.co/OiHiTwvX8x"";0;0;1;9;in;108543358;1734888517095051272;infoBMKG;https://twitter.com/infoBMKG/status/1734888517095051272",,,,,,,
"Wed Dec 13 10:38:09 +0000 2023;1734885411384856874;""#Gempa Mag:4.3", 13-Dec-2023 17:35:54WIB, Lok:8.14LS, 107.95BT (77 km BaratDaya KAB-PANGANDARAN-JABAR), Kedlmn:20 Km #BMKG  Disclaimer:Informasi ini mengutamakan kecepatan," sehingga hasil pengolahan data belum stabil dan bisa berubah seiring kelengkapan data https://t.co/xMeJsHlwDV"";46;68;148;495;in;108543358;1734885411384856874;infoBMKG;https://twitter.com/infoBMKG/status/1734885411384856874",,,,,
"Wed Dec 13 06:20:08 +0000 2023;1734820479557673104;""#Gempa Mag:4.0", 13-Dec-2023 13:14:33WIB, Lok:0.06LU, 97.05BT (102 km BaratDaya NIASSELATAN-SUMUT), Kedlmn:13 Km #BMKG  Disclaimer:Informasi ini mengutamakan kecepatan," sehingga hasil pengolahan data belum stabil dan bisa berubah seiring kelengkapan data https://t.co/IDPnZwwExz"";0;0;7;19;in;108543358;1734820479557673104;infoBMKG;https://twitter.com/infoBMKG/status/1734820479557673104",,,,,
"Wed Dec 13 06:04:10 +0000 2023;1734816462152642655;""#Gempa Mag:2.9", 13-Dec-2023 12:59:03WIB, Lok:0.28LS, 122.92BT (93 km BaratDaya BONEBOLANGO-GORONTALO), Kedlmn:10 Km #BMKG  Disclaimer:Informasi ini mengutamakan kecepatan," sehingga hasil pengolahan data belum stabil dan bisa berubah seiring kelengkapan data https://t.co/P5XN9AQsEo"";0;0;2;8;in;108543358;1734816462152642655;infoBMKG;https://twitter.com/infoBMKG/status/1734816462152642655",,,,,
"Wed Dec 13 04:18:14 +0000 2023;1734789802875314432;""#Gempa Mag:3.9", 13-Dec-2023 11:14:45WIB, Lok:0.60LS, 137.02BT (125 km TimurLaut BIAKNUMFOR-PAPUA), Kedlmn:10 Km #BMKG  Disclaimer:Informasi ini mengutamakan kecepatan," sehingga hasil pengolahan data belum stabil dan bisa berubah seiring kelengkapan data https://t.co/01d7bDsNoH"";0;4;3;9;in;108543358;1734789802875314432;infoBMKG;https://twitter.com/infoBMKG/status/1734789802875314432",,,,,
"Wed Dec 13 02:10:16 +0000 2023;1734757597423738893;""#Gempa Mag:3.2", 13-Dec-2023 09:07:34WIB, Lok:0.57LS, 119.47BT (43 km BaratDaya DONGGALA-SULTENG), Kedlmn:13 Km #BMKG  Disclaimer:Informasi ini mengutamakan kecepatan," sehingga hasil pengolahan data belum stabil dan bisa berubah seiring kelengkapan data https://t.co/wgDH4debH2"";0;0;3;16;in;108543358;1734757597423738893;infoBMKG;https://twitter.com/infoBMKG/status/1734757597423738893",,,,,
"Wed Dec 13 01:50:09 +0000 2023;1734752535330935027;""#Gempa Mag:2.6", 13-Dec-2023 08:43:20WIB, Lok:6.74LS, 106.54BT (27 km BaratLaut KAB-SUKABUMI-JABAR), Kedlmn:10 Km #BMKG  Disclaimer:Informasi ini mengutamakan kecepatan," sehingga hasil pengolahan data belum stabil dan bisa berubah seiring kelengkapan data https://t.co/N8SrmG9QsN"";1;0;12;37;in;108543358;1734752535330935027;infoBMKG;https://twitter.com/infoBMKG/status/1734752535330935027",,,,,
"Wed Dec 13 01:48:08 +0000 2023;1734752030236016827;""#Gempa Mag:2.6", 13-Dec-2023 08:42:51WIB, Lok:6.74LS, 106.53BT (27 km BaratLaut KAB-SUKABUMI-JABAR), Kedlmn:10 Km #BMKG  Disclaimer:Informasi ini mengutamakan kecepatan," sehingga hasil pengolahan data belum stabil dan bisa berubah seiring kelengkapan data https://t.co/lXTm1Abye5"";1;1;12;48;in;108543358;1734752030236016827;infoBMKG;https://twitter.com/infoBMKG/status/1734752030236016827",,,,,
"Wed Dec 13 01:02:10 +0000 2023;1734740459090784733;""#Gempa Mag:3.2", 13-Dec-2023 07:57:13WIB, Lok:4.74LS, 104.20BT (22 km Tenggara OGANKOMRNGULUSEL-SUMSEL), Kedlmn:129 Km #BMKG  Disclaimer:Informasi ini mengutamakan kecepatan," sehingga hasil pengolahan data belum stabil dan bisa berubah seiring kelengkapan data https://t.co/BUk7PT853B"";0;0;7;19;in;108543358;1734740459090784733;infoBMKG;https://twitter.com/infoBMKG/status/1734740459090784733",,,,,
"Tue Dec 12 23:08:09 +0000 2023;1734711769455800654;""#Gempa Mag:3.5", 13-Dec-2023 06:01:58WIB, Lok:2.20LU, 128.47BT (25 km TimurLaut DARUBA-MALUT), Kedlmn:29 Km #BMKG  Disclaimer:Informasi ini mengutamakan kecepatan," sehingga hasil pengolahan data belum stabil dan bisa berubah seiring kelengkapan data https://t.co/SZ6y6TAnUK"";0;1;4;11;in;108543358;1734711769455800654;infoBMKG;https://twitter.com/infoBMKG/status/1734711769455800654",,,,,
"Tue Dec 12 22:34:09 +0000 2023;1734703210643042588;""#Gempa Mag:3.6", 13-Dec-2023 05:31:51WIB, Lok:6.98LS, 105.44BT (38 km BaratDaya SUMUR-BANTEN), Kedlmn:14 Km #BMKG  Disclaimer:Informasi ini mengutamakan kecepatan," sehingga hasil pengolahan data belum stabil dan bisa berubah seiring kelengkapan data https://t.co/824TkCNOTf"";0;1;7;27;in;108543358;1734703210643042588;infoBMKG;https://twitter.com/infoBMKG/status/1734703210643042588",,,,,
"Tue Dec 12 22:29:10 +0000 2023;1734701956059591014;""#Gempa Mag:3.6", 13-Dec-2023 05:25:49WIB, Lok:1.62LU, 127.06BT (66 km BaratLaut HALMAHERABARAT-MALUT), Kedlmn:94 Km #BMKG  Disclaimer:Informasi ini mengutamakan kecepatan," sehingga hasil pengolahan data belum stabil dan bisa berubah seiring kelengkapan data https://t.co/kCvlFF8hZE"";0;0;2;10;in;108543358;1734701956059591014;infoBMKG;https://twitter.com/infoBMKG/status/1734701956059591014",,,,,
"Tue Dec 12 22:00:43 +0000 2023;1734694795908686053;""#Gempa (UPDATE) Mag:3.1", 13-Des-23 04:01:52 WIB, Lok:0.45 LS, 100.25 BT (Pusat gempa berada di darat 15 km BaratLaut Padang Panjang)," Kedlmn:5 Km Dirasakan (MMI) II Padang Panjang #BMKG https://t.co/M3IfvNzu8r"";0;0;1;15;in;108543358;1734694795908686053;infoBMKG;https://twitter.com/infoBMKG/status/1734694795908686053",,,,,,
"Tue Dec 12 22:00:33 +0000 2023;1734694755853054060;""#Gempa Dirasakan Magnitudo: 3.1", Kedalaman: 5 km, 13 Des 2023 04:01:52 WIB," Koordinat: 0.45 LS-100.25 BT (Pusat gempa berada di darat 15 km BaratLaut Padang Panjang) #BMKG https://t.co/OiHiTwvX8x"";0;0;1;7;in;108543358;1734694755853054060;infoBMKG;https://twitter.com/infoBMKG/status/1734694755853054060",,,,,,,
"Tue Dec 12 21:48:31 +0000 2023;1734691727225864666;""#Gempa Mag:4.9", 13-Dec-2023 04:42:51WIB, Lok:8.72LU, 126.40BT (525 km BaratLaut MELONGUANE-SULUT), Kedlmn:115 Km #BMKG  Disclaimer:Informasi ini mengutamakan kecepatan," sehingga hasil pengolahan data belum stabil dan bisa berubah seiring kelengkapan data https://t.co/iGgA0Duiww"";0;1;5;15;in;108543358;1734691727225864666;infoBMKG;https://twitter.com/infoBMKG/status/1734691727225864666",,,,,
"Tue Dec 12 21:05:25 +0000 2023;1734680882915733869;""#Gempa Mag:2.8", 13-Dec-2023 04:01:50WIB, Lok:0.47LS, 100.28BT (12 km BaratDaya PADANGPANJANG-SUMBAR), Kedlmn:10 Km #BMKG  Disclaimer:Informasi ini mengutamakan kecepatan," sehingga hasil pengolahan data belum stabil dan bisa berubah seiring kelengkapan data https://t.co/u2ipVaWBd4"";0;1;10;20;in;108543358;1734680882915733869;infoBMKG;https://twitter.com/infoBMKG/status/1734680882915733869",,,,,
"Tue Dec 12 19:07:10 +0000 2023;1734651122001002632;""#Gempa Mag:3.3", 13-Dec-2023 02:03:46WIB, Lok:3.67LS, 140.62BT (39 km BaratDaya KEEROM-PAPUA), Kedlmn:31 Km #BMKG  Disclaimer:Informasi ini mengutamakan kecepatan," sehingga hasil pengolahan data belum stabil dan bisa berubah seiring kelengkapan data https://t.co/usHoIaMywr"";0;0;2;12;in;108543358;1734651122001002632;infoBMKG;https://twitter.com/infoBMKG/status/1734651122001002632",,,,,
"Tue Dec 12 18:02:54 +0000 2023;1734634948756488434;""#Gempa (UPDATE) Mag:3.9", 13-Des-23 00:37:16 WIB, Lok:0.73 LS, 119.62 BT (Pusat gempa berada di Laut 41 Km Barat Daya Donggala)," Kedlmn:14 Km Dirasakan (MMI) II-III Palu #BMKG https://t.co/1s0w46QZ7M"";0;0;2;10;in;108543358;1734634948756488434;infoBMKG;https://twitter.com/infoBMKG/status/1734634948756488434",,,,,,
"Tue Dec 12 18:02:43 +0000 2023;1734634903151792608;""#Gempa Dirasakan Magnitudo: 3.9", Kedalaman: 14 km, 13 Des 2023 00:37:16 WIB," Koordinat: 0.73 LS-119.62 BT (Pusat gempa berada di Laut 41 Km Barat Daya Donggala) #BMKG https://t.co/OiHiTwvX8x"";0;0;2;5;in;108543358;1734634903151792608;infoBMKG;https://twitter.com/infoBMKG/status/1734634903151792608",,,,,,,
"Tue Dec 12 17:53:10 +0000 2023;1734632501690434025;""#Gempa Mag:3.1", 13-Dec-2023 00:50:33WIB, Lok:9.96LS, 124.29BT (25 km BaratDaya TIMORTENGAHSEL-NTT), Kedlmn:10 Km #BMKG  Disclaimer:Informasi ini mengutamakan kecepatan," sehingga hasil pengolahan data belum stabil dan bisa berubah seiring kelengkapan data https://t.co/ZjJMf5bAMz"";0;1;5;10;in;108543358;1734632501690434025;infoBMKG;https://twitter.com/infoBMKG/status/1734632501690434025",,,,,
"Tue Dec 12 17:44:08 +0000 2023;1734630226448290188;""#Gempa Mag:2.6", 13-Dec-2023 00:37:57WIB, Lok:6.86LS, 106.16BT (13 km BaratLaut BAYAH-BANTEN), Kedlmn:109 Km #BMKG  Disclaimer:Informasi ini mengutamakan kecepatan," sehingga hasil pengolahan data belum stabil dan bisa berubah seiring kelengkapan data https://t.co/dlc85fYVJx"";0;1;4;23;in;108543358;1734630226448290188;infoBMKG;https://twitter.com/infoBMKG/status/1734630226448290188",,,,,
"Tue Dec 12 17:43:10 +0000 2023;1734629981295464677;""#Gempa Mag:3.8", 13-Dec-2023 00:37:16WIB, Lok:0.71LS, 119.59BT (41 km BaratDaya DONGGALA-SULTENG), Kedlmn:16 Km #BMKG  Disclaimer:Informasi ini mengutamakan kecepatan," sehingga hasil pengolahan data belum stabil dan bisa berubah seiring kelengkapan data https://t.co/1xcvh3YBaJ"";0;1;2;17;in;108543358;1734629981295464677;infoBMKG;https://twitter.com/infoBMKG/status/1734629981295464677",,,,,
"Tue Dec 12 17:42:11 +0000 2023;1734629733827273067;""#Gempa Mag:3.8", 13-Dec-2023 00:37:16WIB, Lok:0.71LS, 119.59BT (41 km BaratDaya DONGGALA-SULTENG), Kedlmn:16 Km #BMKG  Disclaimer:Informasi ini mengutamakan kecepatan," sehingga hasil pengolahan data belum stabil dan bisa berubah seiring kelengkapan data https://t.co/B1zQk75Ni3"";4;1;5;14;in;108543358;1734629733827273067;infoBMKG;https://twitter.com/infoBMKG/status/1734629733827273067",,,,,
"Tue Dec 12 17:15:10 +0000 2023;1734622936139784244;""#Gempa Mag:2.7", 13-Dec-2023 00:12:30WIB, Lok:7.96LS, 110.52BT (10 km BaratLaut GUNUNGKIDUL-DIY), Kedlmn:10 Km #BMKG  Disclaimer:Informasi ini mengutamakan kecepatan," sehingga hasil pengolahan data belum stabil dan bisa berubah seiring kelengkapan data https://t.co/Yj4Mp4rhpr"";13;7;58;200;in;108543358;1734622936139784244;infoBMKG;https://twitter.com/infoBMKG/status/1734622936139784244",,,,,
"Tue Dec 12 16:24:08 +0000 2023;1734610094602813886;""#Gempa Mag:3.3", 12-Dec-2023 23:22:21WIB, Lok:9.97LS, 124.27BT (27 km BaratDaya TIMORTENGAHSEL-NTT), Kedlmn:10 Km #BMKG  Disclaimer:Informasi ini mengutamakan kecepatan," sehingga hasil pengolahan data belum stabil dan bisa berubah seiring kelengkapan data https://t.co/fDAKyNALTA"";0;2;3;13;in;108543358;1734610094602813886;infoBMKG;https://twitter.com/infoBMKG/status/1734610094602813886",,,,,
"Tue Dec 12 16:06:09 +0000 2023;1734605566239248682;""#Gempa Mag:2.4", 12-Dec-2023 23:01:02WIB, Lok:7.14LS, 108.85BT (34 km BaratDaya KAB-TEGAL-JATENG), Kedlmn:10 Km #BMKG  Disclaimer:Informasi ini mengutamakan kecepatan," sehingga hasil pengolahan data belum stabil dan bisa berubah seiring kelengkapan data https://t.co/O543OhyC2J"";6;2;14;87;in;108543358;1734605566239248682;infoBMKG;https://twitter.com/infoBMKG/status/1734605566239248682",,,,,
"Tue Dec 12 15:58:09 +0000 2023;1734603553799602286;""#Gempa Mag:2.4", 12-Dec-2023 22:51:08WIB, Lok:2.76LU, 98.34BT (2 km TimurLaut KAB-DAIRI-SUMUT), Kedlmn:10 Km #BMKG  Disclaimer:Informasi ini mengutamakan kecepatan," sehingga hasil pengolahan data belum stabil dan bisa berubah seiring kelengkapan data https://t.co/C1ozqVBLtq"";0;0;5;25;in;108543358;1734603553799602286;infoBMKG;https://twitter.com/infoBMKG/status/1734603553799602286",,,,,
"Tue Dec 12 13:39:09 +0000 2023;1734568574566735981;""#Gempa Mag:2.5", 12-Dec-2023 20:36:04WIB, Lok:3.55LS, 119.48BT (13 km BaratLaut PINRANG-SULSEL), Kedlmn:10 Km #BMKG  Disclaimer:Informasi ini mengutamakan kecepatan," sehingga hasil pengolahan data belum stabil dan bisa berubah seiring kelengkapan data https://t.co/7lszq00jQr"";0;1;6;14;in;108543358;1734568574566735981;infoBMKG;https://twitter.com/infoBMKG/status/1734568574566735981",,,,,
"Tue Dec 12 12:45:10 +0000 2023;1734554990491124021;""#Gempa Mag:3.8", 12-Dec-2023 19:39:20WIB, Lok:4.16LS, 129.34BT (104 km Tenggara MALUKUTENGAH), Kedlmn:127 Km #BMKG  Disclaimer:Informasi ini mengutamakan kecepatan," sehingga hasil pengolahan data belum stabil dan bisa berubah seiring kelengkapan data https://t.co/ZaEDVP8gOK"";0;1;3;10;in;108543358;1734554990491124021;infoBMKG;https://twitter.com/infoBMKG/status/1734554990491124021",,,,,
"Tue Dec 12 10:43:10 +0000 2023;1734524285140804011;""#Gempa Mag:2.2", 12-Dec-2023 17:38:35WIB, Lok:2.41LS, 120.70BT (55 km BaratLaut LUWUTIMUR-SULSEL), Kedlmn:10 Km #BMKG  Disclaimer:Informasi ini mengutamakan kecepatan," sehingga hasil pengolahan data belum stabil dan bisa berubah seiring kelengkapan data https://t.co/BNe765eubU"";0;0;1;10;in;108543358;1734524285140804011;infoBMKG;https://twitter.com/infoBMKG/status/1734524285140804011",,,,,
"Tue Dec 12 08:40:09 +0000 2023;1734493329323380902;""#Gempa Mag:3.5", 12-Dec-2023 15:36:50WIB, Lok:1.41LS, 100.21BT (41 km BaratDaya PESISIRSELATAN-SUMBAR), Kedlmn:25 Km #BMKG  Disclaimer:Informasi ini mengutamakan kecepatan," sehingga hasil pengolahan data belum stabil dan bisa berubah seiring kelengkapan data https://t.co/ca0T0gz12L"";1;0;8;16;in;108543358;1734493329323380902;infoBMKG;https://twitter.com/infoBMKG/status/1734493329323380902",,,,,
"Tue Dec 12 08:22:08 +0000 2023;1734488794186072451;""#Gempa Mag:3.1", 12-Dec-2023 15:17:53WIB, Lok:7.82LS, 114.42BT (45 km TimurLaut BANYUWANGI-JATIM), Kedlmn:11 Km #BMKG  Disclaimer:Informasi ini mengutamakan kecepatan," sehingga hasil pengolahan data belum stabil dan bisa berubah seiring kelengkapan data https://t.co/HYClaV5kTz"";3;10;34;100;in;108543358;1734488794186072451;infoBMKG;https://twitter.com/infoBMKG/status/1734488794186072451",,,,,
"Tue Dec 12 07:51:12 +0000 2023;1734481011323625592;""#Gempa Mag:3.6", 12-Dec-2023 14:47:01WIB, Lok:2.02LS, 122.43BT (95 km TimurLaut MOROWALI-SULTENG), Kedlmn:10 Km #BMKG  Disclaimer:Informasi ini mengutamakan kecepatan," sehingga hasil pengolahan data belum stabil dan bisa berubah seiring kelengkapan data https://t.co/7da6OzkeUW"";0;0;2;5;in;108543358;1734481011323625592;infoBMKG;https://twitter.com/infoBMKG/status/1734481011323625592",,,,,
"Tue Dec 12 05:28:10 +0000 2023;1734445013101343068;""#Gempa Mag:4.1", 12-Dec-2023 12:25:56WIB, Lok:1.89LS, 122.51BT (87 km BaratDaya BANGGAIKEP-SULTENG), Kedlmn:10 Km #BMKG  Disclaimer:Informasi ini mengutamakan kecepatan," sehingga hasil pengolahan data belum stabil dan bisa berubah seiring kelengkapan data https://t.co/eW3Tob8XW8"";0;0;5;11;in;108543358;1734445013101343068;infoBMKG;https://twitter.com/infoBMKG/status/1734445013101343068",,,,,
"Tue Dec 12 05:05:10 +0000 2023;1734439225943277705;""#Gempa Mag:4.1", 12-Dec-2023 12:02:48WIB, Lok:2.69LS, 129.61BT (99 km TimurLaut MALUKUTENGAH), Kedlmn:10 Km #BMKG  Disclaimer:Informasi ini mengutamakan kecepatan," sehingga hasil pengolahan data belum stabil dan bisa berubah seiring kelengkapan data https://t.co/KUIAvkRokl"";0;0;7;23;in;108543358;1734439225943277705;infoBMKG;https://twitter.com/infoBMKG/status/1734439225943277705",,,,,
"Tue Dec 12 03:12:10 +0000 2023;1734410789015138304;""#Gempa Mag:4.8", 12-Dec-2023 10:06:42WIB, Lok:8.49LU, 127.08BT (501 km TimurLaut MELONGUANE-SULUT), Kedlmn:10 Km #BMKG  Disclaimer:Informasi ini mengutamakan kecepatan," sehingga hasil pengolahan data belum stabil dan bisa berubah seiring kelengkapan data https://t.co/3fbunQgEdq"";0;0;2;6;in;108543358;1734410789015138304;infoBMKG;https://twitter.com/infoBMKG/status/1734410789015138304",,,,,
"Tue Dec 12 00:40:31 +0000 2023;1734372623583494424;""#Gempa Mag:5.1", 12-Des-23 07:37:27 WIB, Lok:10.47 LS,116.98 BT (191 km Tenggara SUMBAWABARAT-NTB), Kedlmn:10 Km," tdk berpotensi tsunami #BMKG https://t.co/sTCADpzapZ"";2;0;14;28;in;108543358;1734372623583494424;infoBMKG;https://twitter.com/infoBMKG/status/1734372623583494424",,,,,
"Tue Dec 12 00:40:29 +0000 2023;1734372614796406944;""#Gempa Magnitudo: 5.1", Kedalaman: 10 km, 12 Des 2023 07:37:27 WIB, Koordinat: 10.47 LS-116.98 BT (191 km Tenggara SUMBAWABARAT-NTB)," Tidak berpotensi tsunami #BMKG https://t.co/OiHiTwvX8x"";0;0;6;8;in;108543358;1734372614796406944;infoBMKG;https://twitter.com/infoBMKG/status/1734372614796406944",,,,,,
"Tue Dec 12 00:40:08 +0000 2023;1734372528792219909;""#Gempa Mag:5.2", 12-Dec-2023 07:37:26WIB, Lok:10.49LS, 116.98BT (193 km Tenggara SUMBAWABARAT-NTB), Kedlmn:10 Km #BMKG  Disclaimer:Informasi ini mengutamakan kecepatan," sehingga hasil pengolahan data belum stabil dan bisa berubah seiring kelengkapan data https://t.co/sqlkI1rVcC"";0;0;17;37;in;108543358;1734372528792219909;infoBMKG;https://twitter.com/infoBMKG/status/1734372528792219909",,,,,
"Tue Dec 12 00:03:08 +0000 2023;1734363217718313218;""#Gempa Mag:2.5", 12-Dec-2023 07:00:59WIB, Lok:6.78LS, 106.54BT (23 km BaratLaut KAB-SUKABUMI-JABAR), Kedlmn:10 Km #BMKG  Disclaimer:Informasi ini mengutamakan kecepatan," sehingga hasil pengolahan data belum stabil dan bisa berubah seiring kelengkapan data https://t.co/uI0TLv65vo"";0;1;6;16;in;108543358;1734363217718313218;infoBMKG;https://twitter.com/infoBMKG/status/1734363217718313218",,,,,
"Mon Dec 11 23:49:09 +0000 2023;1734359696562434311;""#Gempa Mag:5.0", 12-Dec-2023 06:43:23WIB, Lok:8.19LU, 127.27BT (470 km TimurLaut MELONGUANE-SULUT), Kedlmn:10 Km #BMKG  Disclaimer:Informasi ini mengutamakan kecepatan," sehingga hasil pengolahan data belum stabil dan bisa berubah seiring kelengkapan data https://t.co/r5JfVYhsna"";0;0;3;13;in;108543358;1734359696562434311;infoBMKG;https://twitter.com/infoBMKG/status/1734359696562434311",,,,,
"Mon Dec 11 23:00:10 +0000 2023;1734347369611919631;""#Gempa Mag:3.2", 12-Dec-2023 05:57:58WIB, Lok:1.93LU, 126.47BT (140 km BaratLaut HALMAHERABARAT-MALUT), Kedlmn:21 Km #BMKG  Disclaimer:Informasi ini mengutamakan kecepatan," sehingga hasil pengolahan data belum stabil dan bisa berubah seiring kelengkapan data https://t.co/4qNv5hgvHH"";0;0;1;17;in;108543358;1734347369611919631;infoBMKG;https://twitter.com/infoBMKG/status/1734347369611919631",,,,,
"Mon Dec 11 21:54:09 +0000 2023;1734330758033207381;""#Gempa Mag:4.7", 12-Dec-2023 04:48:10WIB, Lok:7.85LU, 126.82BT (428 km TimurLaut MELONGUANE-SULUT), Kedlmn:12 Km #BMKG  Disclaimer:Informasi ini mengutamakan kecepatan," sehingga hasil pengolahan data belum stabil dan bisa berubah seiring kelengkapan data https://t.co/2XdBHL9OMb"";0;1;1;8;in;108543358;1734330758033207381;infoBMKG;https://twitter.com/infoBMKG/status/1734330758033207381",,,,,
"Mon Dec 11 20:08:10 +0000 2023;1734304087683051895;""#Gempa Mag:2.8", 12-Dec-2023 03:05:44WIB, Lok:6.67LS, 106.53BT (30 km BaratDaya KOTA-BOGOR-JABAR), Kedlmn:10 Km #BMKG  Disclaimer:Informasi ini mengutamakan kecepatan," sehingga hasil pengolahan data belum stabil dan bisa berubah seiring kelengkapan data https://t.co/jY9kfLJCRj"";2;5;53;130;in;108543358;1734304087683051895;infoBMKG;https://twitter.com/infoBMKG/status/1734304087683051895",,,,,
"Mon Dec 11 18:55:10 +0000 2023;1734285712902758519;""#Gempa Mag:3.9", 12-Dec-2023 01:51:48WIB, Lok:2.70LU, 126.80BT (144 km Tenggara MELONGUANE-SULUT), Kedlmn:11 Km #BMKG  Disclaimer:Informasi ini mengutamakan kecepatan," sehingga hasil pengolahan data belum stabil dan bisa berubah seiring kelengkapan data https://t.co/urNO4lIRxQ"";0;0;1;9;in;108543358;1734285712902758519;infoBMKG;https://twitter.com/infoBMKG/status/1734285712902758519",,,,,
"Mon Dec 11 18:27:08 +0000 2023;1734278660230914315;""#Gempa Mag:3.4", 12-Dec-2023 01:23:43WIB, Lok:9.15LS, 112.36BT (114 km BaratDaya KAB-MALANG-JATIM), Kedlmn:10 Km #BMKG  Disclaimer:Informasi ini mengutamakan kecepatan," sehingga hasil pengolahan data belum stabil dan bisa berubah seiring kelengkapan data https://t.co/83w9wS4ZnJ"";1;0;10;57;in;108543358;1734278660230914315;infoBMKG;https://twitter.com/infoBMKG/status/1734278660230914315",,,,,
"Mon Dec 11 18:26:10 +0000 2023;1734278415715557395;""#Gempa Mag:2.8", 12-Dec-2023 01:21:13WIB, Lok:2.97LS, 121.94BT (30 km Tenggara MOROWALI-SULTENG), Kedlmn:10 Km #BMKG  Disclaimer:Informasi ini mengutamakan kecepatan," sehingga hasil pengolahan data belum stabil dan bisa berubah seiring kelengkapan data https://t.co/qOEHrIZGnD"";0;0;2;9;in;108543358;1734278415715557395;infoBMKG;https://twitter.com/infoBMKG/status/1734278415715557395",,,,,
"Mon Dec 11 17:24:09 +0000 2023;1734262809742188622;""#Gempa Mag:4.2", 12-Dec-2023 00:19:20WIB, Lok:6.54LS, 129.63BT (244 km BaratLaut MALUKUTENGGARABRT), Kedlmn:10 Km #BMKG  Disclaimer:Informasi ini mengutamakan kecepatan," sehingga hasil pengolahan data belum stabil dan bisa berubah seiring kelengkapan data https://t.co/7AOulOB5yL"";0;0;1;17;in;108543358;1734262809742188622;infoBMKG;https://twitter.com/infoBMKG/status/1734262809742188622",,,,,
"Mon Dec 11 17:10:08 +0000 2023;1734259284148658532;""#Gempa Mag:2.7", 12-Dec-2023 00:07:21WIB, Lok:7.27LS, 109.76BT (16 km TimurLaut BANJARNEGARA-JATENG), Kedlmn:17 Km #BMKG  Disclaimer:Informasi ini mengutamakan kecepatan," sehingga hasil pengolahan data belum stabil dan bisa berubah seiring kelengkapan data https://t.co/PGi6jILNTL"";0;1;9;40;in;108543358;1734259284148658532;infoBMKG;https://twitter.com/infoBMKG/status/1734259284148658532",,,,,
"Mon Dec 11 17:00:10 +0000 2023;1734256773220179991;""#Gempa Mag:2.9", 11-Dec-2023 23:53:06WIB, Lok:0.49LS, 123.38BT (98 km TimurLaut BANGGAIKEP-SULTENG), Kedlmn:10 Km #BMKG  Disclaimer:Informasi ini mengutamakan kecepatan," sehingga hasil pengolahan data belum stabil dan bisa berubah seiring kelengkapan data https://t.co/ssrcojPcp0"";0;0;1;10;in;108543358;1734256773220179991;infoBMKG;https://twitter.com/infoBMKG/status/1734256773220179991",,,,,
"Mon Dec 11 16:08:10 +0000 2023;1734243686043771145;""#Gempa Mag:4.4", 11-Dec-2023 23:02:17WIB, Lok:6.90LU, 126.56BT (322 km BaratLaut MELONGUANE-SULUT), Kedlmn:169 Km #BMKG  Disclaimer:Informasi ini mengutamakan kecepatan," sehingga hasil pengolahan data belum stabil dan bisa berubah seiring kelengkapan data https://t.co/mm7h26dX4n"";0;1;2;25;in;108543358;1734243686043771145;infoBMKG;https://twitter.com/infoBMKG/status/1734243686043771145",,,,,
"Mon Dec 11 13:24:10 +0000 2023;1734202417380790296;""#Gempa Mag:4.2", 11-Dec-2023 20:20:44WIB, Lok:2.88LU, 126.03BT (75 km TimurLaut ONDONG-KEP.SITARO-SULUT), Kedlmn:94 Km #BMKG  Disclaimer:Informasi ini mengutamakan kecepatan," sehingga hasil pengolahan data belum stabil dan bisa berubah seiring kelengkapan data https://t.co/k1WTtvwTjJ"";0;0;1;4;in;108543358;1734202417380790296;infoBMKG;https://twitter.com/infoBMKG/status/1734202417380790296",,,,,
"Mon Dec 11 11:59:23 +0000 2023;1734181081371591106;""#Gempa Mag:4.2", 11-Dec-2023 18:53:55WIB, Lok:0.51LU, 125.89BT (134 km Tenggara BITUNG-SULUT), Kedlmn:10 Km #BMKG  Disclaimer:Informasi ini mengutamakan kecepatan," sehingga hasil pengolahan data belum stabil dan bisa berubah seiring kelengkapan data https://t.co/JFAZfgue08"";0;0;0;9;in;108543358;1734181081371591106;infoBMKG;https://twitter.com/infoBMKG/status/1734181081371591106",,,,,
"Mon Dec 11 10:34:19 +0000 2023;1734159669910974562;""#Gempa (UPDATE) Mag:5.8", 11-Des-23 17:16:40 WIB, Lok:0.49 LS, 101.36 BT (Pusat gempa berada di darat 19 km Baratdaya Kuantan Singingi)," Kedlmn:257 Km Dirasakan (MMI) II Padang #BMKG https://t.co/GarGjWTH1g"";3;6;86;176;in;108543358;1734159669910974562;infoBMKG;https://twitter.com/infoBMKG/status/1734159669910974562",,,,,,
"Mon Dec 11 10:34:03 +0000 2023;1734159604819562862;""#Gempa Dirasakan Magnitudo: 5.8", Kedalaman: 257 km, 11 Des 2023 17:16:40 WIB," Koordinat: 0.49 LS-101.36 BT (Pusat gempa berada di darat 19 km Baratdaya Kuantan Singingi) #BMKG https://t.co/OiHiTwvX8x"";0;0;1;11;in;108543358;1734159604819562862;infoBMKG;https://twitter.com/infoBMKG/status/1734159604819562862",,,,,,,
"Mon Dec 11 10:20:12 +0000 2023;1734156119445287357;""#Gempa Mag:5.8", 11-Dec-2023 17:16:40WIB, Lok:0.50LS, 101.33BT (22 km BaratDaya KUANTANSINGINGI-RIAU), Kedlmn:258 Km #BMKG  Disclaimer:Informasi ini mengutamakan kecepatan," sehingga hasil pengolahan data belum stabil dan bisa berubah seiring kelengkapan data https://t.co/MtuyIcvoHU"";5;4;71;159;in;108543358;1734156119445287357;infoBMKG;https://twitter.com/infoBMKG/status/1734156119445287357",,,,,
"Mon Dec 11 10:19:43 +0000 2023;1734155997399404709;""#Gempa Mag:5.8", 11-Des-23 17:16:40 WIB, Lok:0.49 LS,101.36 BT (19 km BaratDaya KUANTANSINGINGI-RIAU), Kedlmn:257 Km," tdk berpotensi tsunami #BMKG https://t.co/2WPG3Sv5pl"";0;4;18;41;in;108543358;1734155997399404709;infoBMKG;https://twitter.com/infoBMKG/status/1734155997399404709",,,,,
"Mon Dec 11 10:19:39 +0000 2023;1734155980789920039;""#Gempa Magnitudo: 5.8", Kedalaman: 257 km, 11 Des 2023 17:16:40 WIB, Koordinat: 0.49 LS-101.36 BT (19 km BaratDaya KUANTANSINGINGI-RIAU)," Tidak berpotensi tsunami #BMKG https://t.co/OiHiTwvX8x"";1;0;1;8;in;108543358;1734155980789920039;infoBMKG;https://twitter.com/infoBMKG/status/1734155980789920039",,,,,,
"Mon Dec 11 08:51:10 +0000 2023;1734133712479228385;""#Gempa Mag:3.9", 11-Dec-2023 15:47:33WIB, Lok:9.49LS, 118.17BT (91 km BaratLaut KODI-SUMBABARATDAYA-NTT), Kedlmn:23 Km #BMKG  Disclaimer:Informasi ini mengutamakan kecepatan," sehingga hasil pengolahan data belum stabil dan bisa berubah seiring kelengkapan data https://t.co/u8khiAEkZ9"";0;0;0;11;in;108543358;1734133712479228385;infoBMKG;https://twitter.com/infoBMKG/status/1734133712479228385",,,,,
"Mon Dec 11 07:41:10 +0000 2023;1734116097358709025;""#Gempa Mag:3.5", 11-Dec-2023 14:35:58WIB, Lok:3.55LS, 135.58BT (19 km BaratDaya NABIRE-PAPUA), Kedlmn:27 Km #BMKG  Disclaimer:Informasi ini mengutamakan kecepatan," sehingga hasil pengolahan data belum stabil dan bisa berubah seiring kelengkapan data https://t.co/KRd5q8siUz"";0;0;0;5;in;108543358;1734116097358709025;infoBMKG;https://twitter.com/infoBMKG/status/1734116097358709025",,,,,
"Mon Dec 11 07:37:09 +0000 2023;1734115088196624709;""#Gempa Mag:2.7", 11-Dec-2023 14:34:45WIB, Lok:3.52LS, 119.52BT (14 km BaratLaut PINRANG-SULSEL), Kedlmn:10 Km #BMKG  Disclaimer:Informasi ini mengutamakan kecepatan," sehingga hasil pengolahan data belum stabil dan bisa berubah seiring kelengkapan data https://t.co/5xVDazkcqL"";0;0;1;18;in;108543358;1734115088196624709;infoBMKG;https://twitter.com/infoBMKG/status/1734115088196624709",,,,,
"Mon Dec 11 07:36:09 +0000 2023;1734114834579706107;""#Gempa Mag:3.3", 11-Dec-2023 14:32:29WIB, Lok:8.11LS, 117.78BT (58 km TimurLaut SUMBAWA-NTB), Kedlmn:24 Km #BMKG  Disclaimer:Informasi ini mengutamakan kecepatan," sehingga hasil pengolahan data belum stabil dan bisa berubah seiring kelengkapan data https://t.co/7lHUnsVxVZ"";0;0;2;8;in;108543358;1734114834579706107;infoBMKG;https://twitter.com/infoBMKG/status/1734114834579706107",,,,,
"Mon Dec 11 07:02:09 +0000 2023;1734106277817823302;""#Gempa Mag:3.4", 11-Dec-2023 13:58:09WIB, Lok:6.39LS, 106.06BT (9 km BaratDaya PANDEGLANG-BANTEN), Kedlmn:169 Km #BMKG  Disclaimer:Informasi ini mengutamakan kecepatan," sehingga hasil pengolahan data belum stabil dan bisa berubah seiring kelengkapan data https://t.co/f5bsPs52oy"";2;1;12;54;in;108543358;1734106277817823302;infoBMKG;https://twitter.com/infoBMKG/status/1734106277817823302",,,,,
"Mon Dec 11 05:13:09 +0000 2023;1734078847203815570;""#Gempa Mag:4.4", 11-Dec-2023 12:09:29WIB, Lok:4.24LS, 139.44BT (29 km BaratLaut YAHUKIMO-PAPUA), Kedlmn:10 Km #BMKG  Disclaimer:Informasi ini mengutamakan kecepatan," sehingga hasil pengolahan data belum stabil dan bisa berubah seiring kelengkapan data https://t.co/TWKYXrM8Am"";0;0;1;12;in;108543358;1734078847203815570;infoBMKG;https://twitter.com/infoBMKG/status/1734078847203815570",,,,,
"Mon Dec 11 04:50:09 +0000 2023;1734073060179972467;""#Gempa Mag:2.8", 11-Dec-2023 11:46:21WIB, Lok:3.54LS, 119.50BT (13 km BaratLaut PINRANG-SULSEL), Kedlmn:10 Km #BMKG  Disclaimer:Informasi ini mengutamakan kecepatan," sehingga hasil pengolahan data belum stabil dan bisa berubah seiring kelengkapan data https://t.co/1rEnuQ7LDt"";0;0;2;10;in;108543358;1734073060179972467;infoBMKG;https://twitter.com/infoBMKG/status/1734073060179972467",,,,,
"Mon Dec 11 04:49:05 +0000 2023;1734072789802598417;""#Gempa (UPDATE) Mag:5.3", 11-Des-23 11:33:32 WIB, Lok:2.62 LU, 128.23 BT (Pusat gempa berada di laut 62 km Timur Laut Pulaudoi)," Kedlmn:114 Km Dirasakan (MMI) II Tobelo #BMKG https://t.co/n2TJCnmxan"";0;7;28;74;in;108543358;1734072789802598417;infoBMKG;https://twitter.com/infoBMKG/status/1734072789802598417",,,,,,
"Mon Dec 11 04:48:52 +0000 2023;1734072735759048914;""#Gempa Dirasakan Magnitudo: 5.3", Kedalaman: 114 km, 11 Des 2023 11:33:32 WIB," Koordinat: 2.62 LU-128.23 BT (Pusat gempa berada di laut 62 km Timur Laut Pulaudoi) #BMKG https://t.co/OiHiTwvX8x"";0;0;0;4;in;108543358;1734072735759048914;infoBMKG;https://twitter.com/infoBMKG/status/1734072735759048914",,,,,,,
"Mon Dec 11 04:37:09 +0000 2023;1734069788220194870;""#Gempa Mag:5.3", 11-Dec-2023 11:33:32WIB, Lok:2.62LU, 128.23BT (64 km BaratLaut DARUBA-MALUT), Kedlmn:114 Km #BMKG  Disclaimer:Informasi ini mengutamakan kecepatan," sehingga hasil pengolahan data belum stabil dan bisa berubah seiring kelengkapan data https://t.co/gKP699oPe6"";1;0;4;16;in;108543358;1734069788220194870;infoBMKG;https://twitter.com/infoBMKG/status/1734069788220194870",,,,,
"Mon Dec 11 04:36:52 +0000 2023;1734069717487550689;""#Gempa Mag:5.3", 11-Des-23 11:33:32 WIB, Lok:2.62 LU,128.23 BT (62 km TimurLaut PULAUDOI-MALUT), Kedlmn:114 Km," tdk berpotensi tsunami #BMKG https://t.co/73bgtbiO5E"";0;0;0;7;in;108543358;1734069717487550689;infoBMKG;https://twitter.com/infoBMKG/status/1734069717487550689",,,,,
"Mon Dec 11 04:36:51 +0000 2023;1734069711410020710;""#Gempa Magnitudo: 5.3", Kedalaman: 114 km, 11 Des 2023 11:33:32 WIB, Koordinat: 2.62 LU-128.23 BT (62 km TimurLaut PULAUDOI-MALUT)," Tidak berpotensi tsunami #BMKG https://t.co/OiHiTwvX8x"";0;0;1;2;in;108543358;1734069711410020710;infoBMKG;https://twitter.com/infoBMKG/status/1734069711410020710",,,,,,
"Mon Dec 11 03:53:09 +0000 2023;1734058714150391877;""#Gempa Mag:5.0", 11-Dec-2023 10:50:22WIB, Lok:7.89LS, 127.70BT (30 km BaratLaut MALUKUBRTDAYA), Kedlmn:35 Km #BMKG  Disclaimer:Informasi ini mengutamakan kecepatan," sehingga hasil pengolahan data belum stabil dan bisa berubah seiring kelengkapan data https://t.co/TR7LiztJ8Z"";0;1;7;26;in;108543358;1734058714150391877;infoBMKG;https://twitter.com/infoBMKG/status/1734058714150391877",,,,,
"Mon Dec 11 02:56:10 +0000 2023;1734044372461850885;""#Gempa Mag:3.1", 11-Dec-2023 09:51:52WIB, Lok:0.15LS, 122.97BT (78 km BaratDaya BONEBOLANGO-GORONTALO), Kedlmn:95 Km #BMKG  Disclaimer:Informasi ini mengutamakan kecepatan," sehingga hasil pengolahan data belum stabil dan bisa berubah seiring kelengkapan data https://t.co/SLQilfznIg"";0;0;1;19;in;108543358;1734044372461850885;infoBMKG;https://twitter.com/infoBMKG/status/1734044372461850885",,,,,
"Mon Dec 11 02:55:08 +0000 2023;1734044113606201402;""#Gempa Mag:3.3", 11-Dec-2023 09:50:59WIB, Lok:2.62LS, 140.77BT (80 km TimurLaut KEEROM-PAPUA), Kedlmn:12 Km #BMKG  Disclaimer:Informasi ini mengutamakan kecepatan," sehingga hasil pengolahan data belum stabil dan bisa berubah seiring kelengkapan data https://t.co/4LGqtyWHcY"";0;0;0;6;in;108543358;1734044113606201402;infoBMKG;https://twitter.com/infoBMKG/status/1734044113606201402",,,,,
"Sun Dec 10 23:45:16 +0000 2023;1733996334360023251;""#Gempa Mag:2.8", 11-Dec-2023 06:41:30WIB, Lok:5.22LU, 96.18BT (27 km BaratLaut KAB-PIDIEJAYA-ACEH), Kedlmn:11 Km #BMKG  Disclaimer:Informasi ini mengutamakan kecepatan," sehingga hasil pengolahan data belum stabil dan bisa berubah seiring kelengkapan data https://t.co/1nW96Nwq1A"";0;0;3;28;in;108543358;1733996334360023251;infoBMKG;https://twitter.com/infoBMKG/status/1733996334360023251",,,,,
"Sun Dec 10 21:33:09 +0000 2023;1733963086619713652;""#Gempa (UPDATE) Mag:5.5", 11-Des-23 02:52:14 WIB, Lok:4.39 LS, 139.67 BT (Pusat gempa berada di darat 55 km TimurLaut Yahukimo)," Kedlmn:72 Km Dirasakan (MMI) III-IV Oksibil #BMKG https://t.co/AsWuFbXLjz"";1;15;67;146;in;108543358;1733963086619713652;infoBMKG;https://twitter.com/infoBMKG/status/1733963086619713652",,,,,,
"Sun Dec 10 21:33:00 +0000 2023;1733963045406445933;""#Gempa Dirasakan Magnitudo: 5.5", Kedalaman: 72 km, 11 Des 2023 02:52:14 WIB," Koordinat: 4.39 LS-139.67 BT (Pusat gempa berada di darat 55 km TimurLaut Yahukimo) #BMKG https://t.co/OiHiTwvX8x"";0;0;0;4;in;108543358;1733963045406445933;infoBMKG;https://twitter.com/infoBMKG/status/1733963045406445933",,,,,,,
"Sun Dec 10 20:26:10 +0000 2023;1733946226423521589;""#Gempa Mag:2.7", 11-Dec-2023 03:23:24WIB, Lok:1.45LS, 133.88BT (55 km Tenggara PEGUNUNGANARFAK-PAPUABRT), Kedlmn:29 Km #BMKG  Disclaimer:Informasi ini mengutamakan kecepatan," sehingga hasil pengolahan data belum stabil dan bisa berubah seiring kelengkapan data https://t.co/acXv00mmmR"";0;0;2;11;in;108543358;1733946226423521589;infoBMKG;https://twitter.com/infoBMKG/status/1733946226423521589",,,,,
"Sun Dec 10 19:55:17 +0000 2023;1733938457008091585;""#Gempa Mag:5.5", 11-Des-23 02:52:14 WIB, Lok:4.39 LS,139.67 BT (19 km TimurLaut YAHUKIMO-PAPUAPGNGN), Kedlmn:72 Km," tdk berpotensi tsunami #BMKG https://t.co/ICjY5yt0g6"";1;1;5;14;in;108543358;1733938457008091585;infoBMKG;https://twitter.com/infoBMKG/status/1733938457008091585",,,,,
"Sun Dec 10 19:55:14 +0000 2023;1733938442361586076;""#Gempa Magnitudo: 5.5", Kedalaman: 72 km, 11 Des 2023 02:52:14 WIB, Koordinat: 4.39 LS-139.67 BT (19 km TimurLaut YAHUKIMO-PAPUAPGNGN)," Tidak berpotensi tsunami #BMKG https://t.co/OiHiTwvX8x"";0;0;2;8;in;108543358;1733938442361586076;infoBMKG;https://twitter.com/infoBMKG/status/1733938442361586076",,,,,,
"Sun Dec 10 18:57:09 +0000 2023;1733923824910127417;""#Gempa Mag:4.5", 11-Dec-2023 01:53:17WIB, Lok:8.83LS, 119.08BT (55 km Tenggara KOTA-BIMA-NTB), Kedlmn:85 Km #BMKG  Disclaimer:Informasi ini mengutamakan kecepatan," sehingga hasil pengolahan data belum stabil dan bisa berubah seiring kelengkapan data https://t.co/0VBKXFbshM"";0;1;0;7;in;108543358;1733923824910127417;infoBMKG;https://twitter.com/infoBMKG/status/1733923824910127417",,,,,
"Sun Dec 10 17:51:09 +0000 2023;1733907217353724000;""#Gempa Mag:4.8", 11-Dec-2023 00:46:07WIB, Lok:7.92LU, 127.17BT (439 km TimurLaut MELONGUANE-SULUT), Kedlmn:10 Km #BMKG  Disclaimer:Informasi ini mengutamakan kecepatan," sehingga hasil pengolahan data belum stabil dan bisa berubah seiring kelengkapan data https://t.co/tOf2Iwr9gp"";0;0;4;11;in;108543358;1733907217353724000;infoBMKG;https://twitter.com/infoBMKG/status/1733907217353724000",,,,,
"Sun Dec 10 15:43:10 +0000 2023;1733875009247166482;""#Gempa Mag:3.5", 10-Dec-2023 22:40:59WIB, Lok:1.83LU, 126.47BT (135 km BaratLaut HALMAHERABARAT-MALUT), Kedlmn:25 Km #BMKG  Disclaimer:Informasi ini mengutamakan kecepatan," sehingga hasil pengolahan data belum stabil dan bisa berubah seiring kelengkapan data https://t.co/kQ70q4KRFd"";0;0;0;6;in;108543358;1733875009247166482;infoBMKG;https://twitter.com/infoBMKG/status/1733875009247166482",,,,,
"Sun Dec 10 10:42:11 +0000 2023;1733799261819867268;""#Gempa Mag:4.7", 10-Dec-2023 17:36:01WIB, Lok:9.51LU, 125.57BT (624 km BaratLaut MELONGUANE-SULUT), Kedlmn:125 Km #BMKG  Disclaimer:Informasi ini mengutamakan kecepatan," sehingga hasil pengolahan data belum stabil dan bisa berubah seiring kelengkapan data https://t.co/cz0HHflIcx"";0;0;2;6;in;108543358;1733799261819867268;infoBMKG;https://twitter.com/infoBMKG/status/1733799261819867268",,,,,
"Sun Dec 10 10:41:10 +0000 2023;1733799008978825714;""#Gempa Mag:4.7", 10-Dec-2023 17:36:01WIB, Lok:9.51LU, 125.57BT (624 km BaratLaut MELONGUANE-SULUT), Kedlmn:125 Km #BMKG  Disclaimer:Informasi ini mengutamakan kecepatan," sehingga hasil pengolahan data belum stabil dan bisa berubah seiring kelengkapan data https://t.co/cusAF7kNrf"";0;0;0;5;in;108543358;1733799008978825714;infoBMKG;https://twitter.com/infoBMKG/status/1733799008978825714",,,,,
"Sun Dec 10 10:01:10 +0000 2023;1733788939499266346;""#Gempa Mag:4.4", 10-Dec-2023 16:57:19WIB, Lok:0.43LU, 122.20BT (19 km BaratDaya BOALEMO-GORONTALO), Kedlmn:212 Km #BMKG  Disclaimer:Informasi ini mengutamakan kecepatan," sehingga hasil pengolahan data belum stabil dan bisa berubah seiring kelengkapan data https://t.co/nZcrtLsBrO"";0;0;2;15;in;108543358;1733788939499266346;infoBMKG;https://twitter.com/infoBMKG/status/1733788939499266346",,,,,
"Sun Dec 10 07:32:10 +0000 2023;1733751442383700105;""#Gempa Mag:3.4", 10-Dec-2023 14:27:19WIB, Lok:0.79LU, 126.02BT (123 km Tenggara BITUNG-SULUT), Kedlmn:10 Km #BMKG  Disclaimer:Informasi ini mengutamakan kecepatan," sehingga hasil pengolahan data belum stabil dan bisa berubah seiring kelengkapan data https://t.co/UwANrexVmQ"";0;0;1;6;in;108543358;1733751442383700105;infoBMKG;https://twitter.com/infoBMKG/status/1733751442383700105",,,,,
"Sun Dec 10 05:12:34 +0000 2023;1733716313368068554;""#Gempa (UPDATE) Mag:5.3", 10-Des-23 11:49:46 WIB, Lok:3.55 LS, 141.05 BT (Pusat gempa berada di darat 32 km Tenggara Senggi-Keerom), Kedlmn:105 Km Dirasakan (MMI) III Kota Jayapura," II Kab. Jayapura #BMKG https://t.co/1zAHPY9iPz"";0;0;2;9;in;108543358;1733716313368068554;infoBMKG;https://twitter.com/infoBMKG/status/1733716313368068554",,,,,
"Sun Dec 10 05:12:22 +0000 2023;1733716263099379946;""#Gempa Dirasakan Magnitudo: 5.3", Kedalaman: 105 km, 10 Des 2023 11:49:46 WIB," Koordinat: 3.55 LS-141.05 BT (Pusat gempa berada di darat 32 km Tenggara Senggi-Keerom) #BMKG https://t.co/OiHiTwvX8x"";0;0;2;2;in;108543358;1733716263099379946;infoBMKG;https://twitter.com/infoBMKG/status/1733716263099379946",,,,,,,
"Sun Dec 10 04:53:07 +0000 2023;1733711419940692327;""#Gempa Mag:5.4", 10-Dec-2023 11:49:47WIB, Lok:3.59LS, 140.99BT (37 km Tenggara KEEROM-PAPUA), Kedlmn:96 Km #BMKG  Disclaimer:Informasi ini mengutamakan kecepatan," sehingga hasil pengolahan data belum stabil dan bisa berubah seiring kelengkapan data https://t.co/JSZSldV0j4"";1;8;36;122;in;108543358;1733711419940692327;infoBMKG;https://twitter.com/infoBMKG/status/1733711419940692327",,,,,
"Sun Dec 10 04:52:53 +0000 2023;1733711361237278925;""#Gempa Mag:5.3", 10-Des-23 11:49:46 WIB, Lok:3.55 LS,141.05 BT (39 km Tenggara KEEROM-PAPUA), Kedlmn:105 Km," tdk berpotensi tsunami #BMKG https://t.co/to5dKbKTrc"";2;0;5;8;in;108543358;1733711361237278925;infoBMKG;https://twitter.com/infoBMKG/status/1733711361237278925",,,,,
"Sun Dec 10 04:52:51 +0000 2023;1733711352269844604;""#Gempa Magnitudo: 5.3", Kedalaman: 105 km, 10 Des 2023 11:49:46 WIB, Koordinat: 3.55 LS-141.05 BT (39 km Tenggara KEEROM-PAPUA)," Tidak berpotensi tsunami #BMKG https://t.co/OiHiTwvX8x"";1;0;0;0;in;108543358;1733711352269844604;infoBMKG;https://twitter.com/infoBMKG/status/1733711352269844604",,,,,,
"Sun Dec 10 02:17:08 +0000 2023;1733672163050467487;""#Gempa Mag:3.3", 10-Dec-2023 09:11:54WIB, Lok:7.76LS, 106.13BT (93 km BaratDaya BAYAH-BANTEN), Kedlmn:12 Km #BMKG  Disclaimer:Informasi ini mengutamakan kecepatan," sehingga hasil pengolahan data belum stabil dan bisa berubah seiring kelengkapan data https://t.co/0BzGG8C4kH"";2;1;20;54;in;108543358;1733672163050467487;infoBMKG;https://twitter.com/infoBMKG/status/1733672163050467487",,,,,
"Sun Dec 10 00:24:09 +0000 2023;1733643729423237587;""#Gempa Mag:3.6", 10-Dec-2023 07:20:29WIB, Lok:1.46LU, 98.35BT (57 km BaratDaya SIBOLGA-SUMUT), Kedlmn:13 Km #BMKG  Disclaimer:Informasi ini mengutamakan kecepatan," sehingga hasil pengolahan data belum stabil dan bisa berubah seiring kelengkapan data https://t.co/abjP00ThYT"";0;0;5;31;in;108543358;1733643729423237587;infoBMKG;https://twitter.com/infoBMKG/status/1733643729423237587",,,,,
"Sun Dec 10 00:04:10 +0000 2023;1733638699450290570;""#Gempa Mag:4.9", 10-Dec-2023 06:59:06WIB, Lok:7.87LU, 126.70BT (430 km TimurLaut MELONGUANE-SULUT), Kedlmn:10 Km #BMKG  Disclaimer:Informasi ini mengutamakan kecepatan," sehingga hasil pengolahan data belum stabil dan bisa berubah seiring kelengkapan data https://t.co/byPv6KAMBv"";0;0;2;7;in;108543358;1733638699450290570;infoBMKG;https://twitter.com/infoBMKG/status/1733638699450290570",,,,,
"Sat Dec 09 23:31:09 +0000 2023;1733630394078277810;""#Gempa Mag:4.6", 10-Dec-2023 06:27:32WIB, Lok:0.98LU, 120.88BT (17 km TimurLaut TOLI-TOLI-SULTENG), Kedlmn:561 Km #BMKG  Disclaimer:Informasi ini mengutamakan kecepatan," sehingga hasil pengolahan data belum stabil dan bisa berubah seiring kelengkapan data https://t.co/rzv5DOEaTG"";0;0;2;8;in;108543358;1733630394078277810;infoBMKG;https://twitter.com/infoBMKG/status/1733630394078277810",,,,,
"Sat Dec 09 21:57:10 +0000 2023;1733606742540554590;""#Gempa Mag:3.4", 10-Dec-2023 04:53:59WIB, Lok:0.15LU, 124.84BT (72 km Tenggara TUTUYAN-BOLTIM-SULUT), Kedlmn:10 Km #BMKG  Disclaimer:Informasi ini mengutamakan kecepatan," sehingga hasil pengolahan data belum stabil dan bisa berubah seiring kelengkapan data https://t.co/NxAjFDNNWW"";0;0;1;9;in;108543358;1733606742540554590;infoBMKG;https://twitter.com/infoBMKG/status/1733606742540554590",,,,,
"Sat Dec 09 19:47:09 +0000 2023;1733574022502449193;""#Gempa Mag:4.7", 10-Dec-2023 02:44:48WIB, Lok:1.86LU, 126.46BT (137 km BaratLaut HALMAHERABARAT-MALUT), Kedlmn:29 Km #BMKG  Disclaimer:Informasi ini mengutamakan kecepatan," sehingga hasil pengolahan data belum stabil dan bisa berubah seiring kelengkapan data https://t.co/7MjMQbeyKc"";0;1;2;19;in;108543358;1733574022502449193;infoBMKG;https://twitter.com/infoBMKG/status/1733574022502449193",,,,,
"Sat Dec 09 19:29:09 +0000 2023;1733569493094518848;""#Gempa Mag:4.0", 10-Dec-2023 02:25:55WIB, Lok:8.29LS, 117.69BT (37 km TimurLaut SUMBAWA-NTB), Kedlmn:20 Km #BMKG  Disclaimer:Informasi ini mengutamakan kecepatan," sehingga hasil pengolahan data belum stabil dan bisa berubah seiring kelengkapan data https://t.co/dopfYYmtFA"";3;5;10;76;in;108543358;1733569493094518848;infoBMKG;https://twitter.com/infoBMKG/status/1733569493094518848",,,,,
"Sat Dec 09 17:33:09 +0000 2023;1733540297118986498;""#Gempa Mag:2.6", 10-Dec-2023 00:29:26WIB, Lok:8.33LS, 116.02BT (15 km BaratLaut LOMBOKUTARA-NTB), Kedlmn:14 Km #BMKG  Disclaimer:Informasi ini mengutamakan kecepatan," sehingga hasil pengolahan data belum stabil dan bisa berubah seiring kelengkapan data https://t.co/sO5kQ3G4kR"";0;1;0;16;in;108543358;1733540297118986498;infoBMKG;https://twitter.com/infoBMKG/status/1733540297118986498",,,,,
"Sat Dec 09 17:29:10 +0000 2023;1733539297700298915;""#Gempa Mag:2.7", 10-Dec-2023 00:25:54WIB, Lok:8.30LS, 116.02BT (16 km BaratLaut LOMBOKUTARA-NTB), Kedlmn:11 Km #BMKG  Disclaimer:Informasi ini mengutamakan kecepatan," sehingga hasil pengolahan data belum stabil dan bisa berubah seiring kelengkapan data https://t.co/Lxc3snGUsd"";0;1;0;13;in;108543358;1733539297700298915;infoBMKG;https://twitter.com/infoBMKG/status/1733539297700298915",,,,,
"Sat Dec 09 15:28:09 +0000 2023;1733508842695365106;""#Gempa Mag:3.0", 09-Dec-2023 22:24:26WIB, Lok:9.08LS, 123.93BT (83 km Tenggara LEMBATA-NTT), Kedlmn:38 Km #BMKG  Disclaimer:Informasi ini mengutamakan kecepatan," sehingga hasil pengolahan data belum stabil dan bisa berubah seiring kelengkapan data https://t.co/c6ho1stHd0"";0;1;1;11;in;108543358;1733508842695365106;infoBMKG;https://twitter.com/infoBMKG/status/1733508842695365106",,,,,
"Sat Dec 09 15:19:10 +0000 2023;1733506581101510866;""#Gempa Mag:3.4", 09-Dec-2023 22:14:28WIB, Lok:2.67LS, 129.54BT (95 km TimurLaut MALUKUTENGAH), Kedlmn:18 Km #BMKG  Disclaimer:Informasi ini mengutamakan kecepatan," sehingga hasil pengolahan data belum stabil dan bisa berubah seiring kelengkapan data https://t.co/dbmRvZ9106"";0;0;1;7;in;108543358;1733506581101510866;infoBMKG;https://twitter.com/infoBMKG/status/1733506581101510866",,,,,
"Sat Dec 09 15:12:09 +0000 2023;1733504815249187017;""#Gempa Mag:5.0", 09-Dec-2023 22:07:03WIB, Lok:6.15LU, 126.24BT (243 km BaratLaut MELONGUANE-SULUT), Kedlmn:10 Km #BMKG  Disclaimer:Informasi ini mengutamakan kecepatan," sehingga hasil pengolahan data belum stabil dan bisa berubah seiring kelengkapan data https://t.co/qrTZ3mb72B"";0;1;4;22;in;108543358;1733504815249187017;infoBMKG;https://twitter.com/infoBMKG/status/1733504815249187017",,,,,
"Sat Dec 09 14:25:09 +0000 2023;1733492987496378394;""#Gempa Mag:3.6", 09-Dec-2023 21:22:48WIB, Lok:8.87LS, 124.19BT (75 km BaratDaya ALOR-NTT), Kedlmn:76 Km #BMKG  Disclaimer:Informasi ini mengutamakan kecepatan," sehingga hasil pengolahan data belum stabil dan bisa berubah seiring kelengkapan data https://t.co/V6O5fslbX8"";0;0;1;8;in;108543358;1733492987496378394;infoBMKG;https://twitter.com/infoBMKG/status/1733492987496378394",,,,,
"Sat Dec 09 12:30:10 +0000 2023;1733464051609661474;""#Gempa Mag:3.5", 09-Dec-2023 19:27:22WIB, Lok:8.93LS, 124.57BT (44 km BaratLaut BELU-NTT), Kedlmn:138 Km #BMKG  Disclaimer:Informasi ini mengutamakan kecepatan," sehingga hasil pengolahan data belum stabil dan bisa berubah seiring kelengkapan data https://t.co/rSzZrCAncu"";0;0;0;4;in;108543358;1733464051609661474;infoBMKG;https://twitter.com/infoBMKG/status/1733464051609661474",,,,,
"Sat Dec 09 11:34:08 +0000 2023;1733449948325458259;""#Gempa Mag:3.2", 09-Dec-2023 18:30:32WIB, Lok:2.19LS, 139.54BT (48 km TimurLaut SARMI-PAPUA), Kedlmn:43 Km #BMKG  Disclaimer:Informasi ini mengutamakan kecepatan," sehingga hasil pengolahan data belum stabil dan bisa berubah seiring kelengkapan data https://t.co/pzJM1rwr9L"";0;0;2;9;in;108543358;1733449948325458259;infoBMKG;https://twitter.com/infoBMKG/status/1733449948325458259",,,,,
"Sat Dec 09 10:52:08 +0000 2023;1733439381116219612;""#Gempa Mag:3.0", 09-Dec-2023 17:48:01WIB, Lok:8.59LS, 118.40BT (9 km BaratDaya DOMPU-NTB), Kedlmn:111 Km #BMKG  Disclaimer:Informasi ini mengutamakan kecepatan," sehingga hasil pengolahan data belum stabil dan bisa berubah seiring kelengkapan data https://t.co/FbgrMARgDh"";0;0;0;11;in;108543358;1733439381116219612;infoBMKG;https://twitter.com/infoBMKG/status/1733439381116219612",,,,,
"Sat Dec 09 09:44:09 +0000 2023;1733422271103164653;""#Gempa Mag:4.8", 09-Dec-2023 16:37:33WIB, Lok:7.55LU, 126.70BT (394 km TimurLaut MELONGUANE-SULUT), Kedlmn:10 Km #BMKG  Disclaimer:Informasi ini mengutamakan kecepatan," sehingga hasil pengolahan data belum stabil dan bisa berubah seiring kelengkapan data https://t.co/NB3lP5ikPK"";0;0;2;26;in;108543358;1733422271103164653;infoBMKG;https://twitter.com/infoBMKG/status/1733422271103164653",,,,,
"Sat Dec 09 09:32:10 +0000 2023;1733419253561467220;""#Gempa Mag:2.2", 09-Dec-2023 16:27:17WIB, Lok:3.03LS, 119.75BT (5 km TimurLaut TANATORAJA-SULSEL), Kedlmn:10 Km #BMKG  Disclaimer:Informasi ini mengutamakan kecepatan," sehingga hasil pengolahan data belum stabil dan bisa berubah seiring kelengkapan data https://t.co/UlecKdHjE0"";0;0;1;10;in;108543358;1733419253561467220;infoBMKG;https://twitter.com/infoBMKG/status/1733419253561467220",,,,,
"Sat Dec 09 08:43:10 +0000 2023;1733406923586986241;""#Gempa Mag:3.1", 09-Dec-2023 15:40:34WIB, Lok:4.42LS, 128.48BT (104 km Tenggara BURUSELATAN-MALUKU), Kedlmn:10 Km #BMKG  Disclaimer:Informasi ini mengutamakan kecepatan," sehingga hasil pengolahan data belum stabil dan bisa berubah seiring kelengkapan data https://t.co/o1pNQO3Htc"";0;0;1;11;in;108543358;1733406923586986241;infoBMKG;https://twitter.com/infoBMKG/status/1733406923586986241",,,,,
"Sat Dec 09 08:19:10 +0000 2023;1733400883441148339;""#Gempa Mag:4.7", 09-Dec-2023 15:12:15WIB, Lok:9.20LU, 126.74BT (577 km TimurLaut MELONGUANE-SULUT), Kedlmn:33 Km #BMKG  Disclaimer:Informasi ini mengutamakan kecepatan," sehingga hasil pengolahan data belum stabil dan bisa berubah seiring kelengkapan data https://t.co/ouOnacfpe2"";0;0;7;26;in;108543358;1733400883441148339;infoBMKG;https://twitter.com/infoBMKG/status/1733400883441148339",,,,,
"Sat Dec 09 04:36:08 +0000 2023;1733344757748056440;""#Gempa Mag:3.1", 09-Dec-2023 11:33:52WIB, Lok:9.62LS, 119.44BT (5 km TimurLaut WAIKABUBAK-NTT), Kedlmn:26 Km #BMKG  Disclaimer:Informasi ini mengutamakan kecepatan," sehingga hasil pengolahan data belum stabil dan bisa berubah seiring kelengkapan data https://t.co/4UIdO4xD3d"";0;0;1;6;in;108543358;1733344757748056440;infoBMKG;https://twitter.com/infoBMKG/status/1733344757748056440",,,,,
"Sat Dec 09 04:19:10 +0000 2023;1733340487518736499;""#Gempa Mag:4.0", 09-Dec-2023 11:16:00WIB, Lok:0.27LU, 123.86BT (18 km BaratDaya BOLAANGUKI-BOLSEL-SULUT), Kedlmn:199 Km #BMKG  Disclaimer:Informasi ini mengutamakan kecepatan," sehingga hasil pengolahan data belum stabil dan bisa berubah seiring kelengkapan data https://t.co/ZoIE7SUkSX"";0;0;3;18;in;108543358;1733340487518736499;infoBMKG;https://twitter.com/infoBMKG/status/1733340487518736499",,,,,
"Sat Dec 09 02:45:09 +0000 2023;1733316827466604588;""#Gempa Mag:4.7", 09-Dec-2023 09:38:59WIB, Lok:7.92LU, 127.12BT (438 km TimurLaut MELONGUANE-SULUT), Kedlmn:39 Km #BMKG  Disclaimer:Informasi ini mengutamakan kecepatan," sehingga hasil pengolahan data belum stabil dan bisa berubah seiring kelengkapan data https://t.co/AgEIliVvhe"";1;0;1;9;in;108543358;1733316827466604588;infoBMKG;https://twitter.com/infoBMKG/status/1733316827466604588",,,,,
"Sat Dec 09 00:23:10 +0000 2023;1733281093036728372;""#Gempa Mag:3.7", 09-Dec-2023 07:19:23WIB, Lok:2.06LU, 128.94BT (71 km TimurLaut DARUBA-MALUT), Kedlmn:17 Km #BMKG  Disclaimer:Informasi ini mengutamakan kecepatan," sehingga hasil pengolahan data belum stabil dan bisa berubah seiring kelengkapan data https://t.co/IXye9iWR85"";0;0;1;18;in;108543358;1733281093036728372;infoBMKG;https://twitter.com/infoBMKG/status/1733281093036728372",,,,,
"Fri Dec 08 22:01:10 +0000 2023;1733245359252820437;""#Gempa Mag:4.6", 09-Dec-2023 04:54:31WIB, Lok:9.26LU, 126.83BT (584 km TimurLaut MELONGUANE-SULUT), Kedlmn:85 Km #BMKG  Disclaimer:Informasi ini mengutamakan kecepatan," sehingga hasil pengolahan data belum stabil dan bisa berubah seiring kelengkapan data https://t.co/Ky5uWP6tZ4"";0;0;5;25;in;108543358;1733245359252820437;infoBMKG;https://twitter.com/infoBMKG/status/1733245359252820437",,,,,
"Fri Dec 08 20:23:09 +0000 2023;1733220691640717571;""#Gempa Mag:4.5", 09-Dec-2023 03:18:18WIB, Lok:7.77LU, 127.42BT (427 km TimurLaut MELONGUANE-SULUT), Kedlmn:10 Km #BMKG  Disclaimer:Informasi ini mengutamakan kecepatan," sehingga hasil pengolahan data belum stabil dan bisa berubah seiring kelengkapan data https://t.co/I5nBk6TET1"";0;0;5;12;in;108543358;1733220691640717571;infoBMKG;https://twitter.com/infoBMKG/status/1733220691640717571",,,,,
"Fri Dec 08 19:51:11 +0000 2023;1733212646143615199;""#Gempa Mag:3.9", 09-Dec-2023 02:48:21WIB, Lok:0.43LU, 125.50BT (104 km Tenggara RATAHAN-MITRA-SULUT), Kedlmn:10 Km #BMKG  Disclaimer:Informasi ini mengutamakan kecepatan," sehingga hasil pengolahan data belum stabil dan bisa berubah seiring kelengkapan data https://t.co/H6zgyR0Wyb"";0;0;0;8;in;108543358;1733212646143615199;infoBMKG;https://twitter.com/infoBMKG/status/1733212646143615199",,,,,
"Fri Dec 08 19:30:09 +0000 2023;1733207356190965901;""#Gempa Mag:2.8", 09-Dec-2023 02:25:12WIB, Lok:1.11LU, 126.36BT (118 km BaratLaut TERNATE-MALUT), Kedlmn:12 Km #BMKG  Disclaimer:Informasi ini mengutamakan kecepatan," sehingga hasil pengolahan data belum stabil dan bisa berubah seiring kelengkapan data https://t.co/LT1ebNOGUy"";0;0;1;5;in;108543358;1733207356190965901;infoBMKG;https://twitter.com/infoBMKG/status/1733207356190965901",,,,,
"Fri Dec 08 18:24:08 +0000 2023;1733190742477258860;""#Gempa Mag:3.3", 09-Dec-2023 01:19:51WIB, Lok:7.32LS, 106.05BT (48 km BaratDaya BAYAH-BANTEN), Kedlmn:21 Km #BMKG  Disclaimer:Informasi ini mengutamakan kecepatan," sehingga hasil pengolahan data belum stabil dan bisa berubah seiring kelengkapan data https://t.co/YPAZHibexu"";0;0;6;30;in;108543358;1733190742477258860;infoBMKG;https://twitter.com/infoBMKG/status/1733190742477258860",,,,,
"Fri Dec 08 17:02:09 +0000 2023;1733170109605355682;""#Gempa Mag:3.8", 08-Dec-2023 23:57:56WIB, Lok:6.13LS, 103.80BT (105 km BaratDaya PESISIRBARAT-LAMPUNG), Kedlmn:21 Km #BMKG  Disclaimer:Informasi ini mengutamakan kecepatan," sehingga hasil pengolahan data belum stabil dan bisa berubah seiring kelengkapan data https://t.co/Q8BikLlyGl"";0;0;5;20;in;108543358;1733170109605355682;infoBMKG;https://twitter.com/infoBMKG/status/1733170109605355682",,,,,
"Fri Dec 08 16:47:10 +0000 2023;1733166337567150441;""#Gempa Mag:3.9", 08-Dec-2023 23:41:37WIB, Lok:1.87LU, 124.72BT (57 km BaratLaut AIRMADIDI-MINUT-SULUT), Kedlmn:204 Km #BMKG  Disclaimer:Informasi ini mengutamakan kecepatan," sehingga hasil pengolahan data belum stabil dan bisa berubah seiring kelengkapan data https://t.co/ZnyJAfoWAI"";0;0;0;12;in;108543358;1733166337567150441;infoBMKG;https://twitter.com/infoBMKG/status/1733166337567150441",,,,,
"Fri Dec 08 16:43:08 +0000 2023;1733165325259325925;""#Gempa Mag:3.1", 08-Dec-2023 23:38:10WIB, Lok:8.12LS, 118.22BT (53 km BaratLaut DOMPU-NTB), Kedlmn:23 Km #BMKG  Disclaimer:Informasi ini mengutamakan kecepatan," sehingga hasil pengolahan data belum stabil dan bisa berubah seiring kelengkapan data https://t.co/B810o6IIv6"";0;0;0;8;in;108543358;1733165325259325925;infoBMKG;https://twitter.com/infoBMKG/status/1733165325259325925",,,,,
"Fri Dec 08 16:16:09 +0000 2023;1733158532386845174;""#Gempa Mag:4.7", 08-Dec-2023 23:09:52WIB, Lok:8.28LU, 126.95BT (476 km TimurLaut MELONGUANE-SULUT), Kedlmn:10 Km #BMKG  Disclaimer:Informasi ini mengutamakan kecepatan," sehingga hasil pengolahan data belum stabil dan bisa berubah seiring kelengkapan data https://t.co/cBywDG3L9e"";0;0;0;6;in;108543358;1733158532386845174;infoBMKG;https://twitter.com/infoBMKG/status/1733158532386845174",,,,,
"Fri Dec 08 16:15:10 +0000 2023;1733158284469878977;""#Gempa Mag:4.7", 08-Dec-2023 23:09:52WIB, Lok:8.28LU, 126.95BT (476 km TimurLaut MELONGUANE-SULUT), Kedlmn:10 Km #BMKG  Disclaimer:Informasi ini mengutamakan kecepatan," sehingga hasil pengolahan data belum stabil dan bisa berubah seiring kelengkapan data https://t.co/1VHVnNJnqR"";0;0;1;7;in;108543358;1733158284469878977;infoBMKG;https://twitter.com/infoBMKG/status/1733158284469878977",,,,,
"Fri Dec 08 15:25:10 +0000 2023;1733145704154251679;""#Gempa Mag:2.9", 08-Dec-2023 22:18:12WIB, Lok:1.54LU, 124.44BT (40 km BaratLaut AMURANG-MINSEL-SULUT), Kedlmn:218 Km #BMKG  Disclaimer:Informasi ini mengutamakan kecepatan," sehingga hasil pengolahan data belum stabil dan bisa berubah seiring kelengkapan data https://t.co/xJtQRGqpGo"";0;0;0;14;in;108543358;1733145704154251679;infoBMKG;https://twitter.com/infoBMKG/status/1733145704154251679",,,,,
"Fri Dec 08 13:52:10 +0000 2023;1733122296544694767;""#Gempa Mag:3.2", 08-Dec-2023 20:49:24WIB, Lok:1.65LU, 122.43BT (107 km BaratLaut GORONTALOUTARA-GORONTALO), Kedlmn:12 Km #BMKG  Disclaimer:Informasi ini mengutamakan kecepatan," sehingga hasil pengolahan data belum stabil dan bisa berubah seiring kelengkapan data https://t.co/lqy4usqUNJ"";0;0;4;9;in;108543358;1733122296544694767;infoBMKG;https://twitter.com/infoBMKG/status/1733122296544694767",,,,,
"Fri Dec 08 13:10:10 +0000 2023;1733111728052015270;""#Gempa Mag:3.2", 08-Dec-2023 20:05:35WIB, Lok:1.57LS, 135.47BT (80 km BaratLaut KEP-YAPEN-PAPUA), Kedlmn:15 Km #BMKG  Disclaimer:Informasi ini mengutamakan kecepatan," sehingga hasil pengolahan data belum stabil dan bisa berubah seiring kelengkapan data https://t.co/nuO76pYxoU"";0;0;1;9;in;108543358;1733111728052015270;infoBMKG;https://twitter.com/infoBMKG/status/1733111728052015270",,,,,
"Fri Dec 08 10:37:09 +0000 2023;1733073220809740526;""#Gempa Mag:5.1", 08-Dec-2023 17:32:41WIB, Lok:8.60LU, 127.15BT (513 km TimurLaut MELONGUANE-SULUT), Kedlmn:10 Km #BMKG  Disclaimer:Informasi ini mengutamakan kecepatan," sehingga hasil pengolahan data belum stabil dan bisa berubah seiring kelengkapan data https://t.co/P3HFvalaK3"";0;6;51;141;in;108543358;1733073220809740526;infoBMKG;https://twitter.com/infoBMKG/status/1733073220809740526",,,,,
"Fri Dec 08 09:14:09 +0000 2023;1733052331548459509;""#Gempa Mag:3.4", 08-Dec-2023 16:09:37WIB, Lok:2.46LS, 138.61BT (33 km Tenggara MAMBERAMOTENGAH-PAPUA), Kedlmn:36 Km #BMKG  Disclaimer:Informasi ini mengutamakan kecepatan," sehingga hasil pengolahan data belum stabil dan bisa berubah seiring kelengkapan data https://t.co/n5dpKhkNoS"";0;0;0;6;in;108543358;1733052331548459509;infoBMKG;https://twitter.com/infoBMKG/status/1733052331548459509",,,,,
"Fri Dec 08 09:07:09 +0000 2023;1733050571966607860;""#Gempa Mag:4.5", 08-Dec-2023 16:03:44WIB, Lok:2.35LS, 100.28BT (84 km Tenggara TUAPEJAT-SUMBAR), Kedlmn:12 Km #BMKG  Disclaimer:Informasi ini mengutamakan kecepatan," sehingga hasil pengolahan data belum stabil dan bisa berubah seiring kelengkapan data https://t.co/abseSIZLDx"";0;1;15;56;in;108543358;1733050571966607860;infoBMKG;https://twitter.com/infoBMKG/status/1733050571966607860",,,,,
"Fri Dec 08 09:05:09 +0000 2023;1733050068239097989;""#Gempa Mag:4.7", 08-Dec-2023 15:59:34WIB, Lok:8.41LU, 127.26BT (494 km TimurLaut MELONGUANE-SULUT), Kedlmn:132 Km #BMKG  Disclaimer:Informasi ini mengutamakan kecepatan," sehingga hasil pengolahan data belum stabil dan bisa berubah seiring kelengkapan data https://t.co/Yv84yHFNot"";0;1;1;7;in;108543358;1733050068239097989;infoBMKG;https://twitter.com/infoBMKG/status/1733050068239097989",,,,,
"Fri Dec 08 07:37:09 +0000 2023;1733027922901074090;""#Gempa Mag:3.5", 08-Dec-2023 14:31:46WIB, Lok:6.11LU, 126.32BT (237 km BaratLaut MELONGUANE-SULUT), Kedlmn:10 Km #BMKG  Disclaimer:Informasi ini mengutamakan kecepatan," sehingga hasil pengolahan data belum stabil dan bisa berubah seiring kelengkapan data https://t.co/24gg3dbttb"";0;0;0;9;in;108543358;1733027922901074090;infoBMKG;https://twitter.com/infoBMKG/status/1733027922901074090",,,,,
"Fri Dec 08 07:22:11 +0000 2023;1733024154822263261;""#Gempa Mag:2.2", 08-Dec-2023 14:19:41WIB, Lok:0.45LS, 119.92BT (9 km Tenggara DONGGALA-SULTENG), Kedlmn:10 Km #BMKG  Disclaimer:Informasi ini mengutamakan kecepatan," sehingga hasil pengolahan data belum stabil dan bisa berubah seiring kelengkapan data https://t.co/gRHlSGBlYv"";0;0;0;20;in;108543358;1733024154822263261;infoBMKG;https://twitter.com/infoBMKG/status/1733024154822263261",,,,,
"Fri Dec 08 07:02:09 +0000 2023;1733019113793200186;""#Gempa Mag:3.2", 08-Dec-2023 13:58:47WIB, Lok:2.43LU, 128.55BT (51 km TimurLaut DARUBA-MALUT), Kedlmn:52 Km #BMKG  Disclaimer:Informasi ini mengutamakan kecepatan," sehingga hasil pengolahan data belum stabil dan bisa berubah seiring kelengkapan data https://t.co/BaobWshCNo"";0;0;0;9;in;108543358;1733019113793200186;infoBMKG;https://twitter.com/infoBMKG/status/1733019113793200186",,,,,
"Fri Dec 08 06:56:09 +0000 2023;1733017603038396831;""#Gempa Mag:5.3", 08-Dec-2023 13:52:48WIB, Lok:8.69LU, 127.24BT (524 km TimurLaut MELONGUANE-SULUT), Kedlmn:87 Km #BMKG  Disclaimer:Informasi ini mengutamakan kecepatan," sehingga hasil pengolahan data belum stabil dan bisa berubah seiring kelengkapan data https://t.co/chbcj7J0FV"";0;0;3;12;in;108543358;1733017603038396831;infoBMKG;https://twitter.com/infoBMKG/status/1733017603038396831",,,,,
"Fri Dec 08 06:45:09 +0000 2023;1733014836181934092;""#Gempa Mag:3.4", 08-Dec-2023 13:42:58WIB, Lok:9.60LS, 114.64BT (110 km BaratDaya KUTASELATAN-BALI), Kedlmn:10 Km #BMKG  Disclaimer:Informasi ini mengutamakan kecepatan," sehingga hasil pengolahan data belum stabil dan bisa berubah seiring kelengkapan data https://t.co/EjokKPJ72t"";0;0;9;16;in;108543358;1733014836181934092;infoBMKG;https://twitter.com/infoBMKG/status/1733014836181934092",,,,,
"Fri Dec 08 05:59:09 +0000 2023;1733003258493653099;""#Gempa Mag:3.1", 08-Dec-2023 12:52:44WIB, Lok:6.46LS, 104.93BT (75 km BaratLaut SUMUR-BANTEN), Kedlmn:13 Km #BMKG  Disclaimer:Informasi ini mengutamakan kecepatan," sehingga hasil pengolahan data belum stabil dan bisa berubah seiring kelengkapan data https://t.co/5DbUyUhkkA"";0;0;6;15;in;108543358;1733003258493653099;infoBMKG;https://twitter.com/infoBMKG/status/1733003258493653099",,,,,
"Thu Dec 07 15:12:09 +0000 2023;1732780040524620265;""#Gempa Mag:3.2", 07-Dec-2023 22:08:04WIB, Lok:3.87LU, 126.28BT (46 km BaratDaya MELONGUANE-SULUT), Kedlmn:45 Km #BMKG  Disclaimer:Informasi ini mengutamakan kecepatan," sehingga hasil pengolahan data belum stabil dan bisa berubah seiring kelengkapan data https://t.co/zDGFMsiQpz"";0;0;1;11;in;108543358;1732780040524620265;infoBMKG;https://twitter.com/infoBMKG/status/1732780040524620265",,,,,
"Thu Dec 07 15:04:09 +0000 2023;1732778024163230037;""#Gempa Mag:3.1", 07-Dec-2023 22:00:08WIB, Lok:1.79LS, 139.04BT (77 km BaratLaut SARMI-PAPUA), Kedlmn:10 Km #BMKG  Disclaimer:Informasi ini mengutamakan kecepatan," sehingga hasil pengolahan data belum stabil dan bisa berubah seiring kelengkapan data https://t.co/8LenrjyvHD"";0;0;1;15;in;108543358;1732778024163230037;infoBMKG;https://twitter.com/infoBMKG/status/1732778024163230037",,,,,
"Thu Dec 07 14:28:09 +0000 2023;1732768967616262248;""#Gempa (UPDATE) Mag:3.1", 07-Des-23 21:00:02 WIB, Lok:8.73 LS, 115.37 BT (Pusat gempa berada di laut 17 km Timur Laut Kuta Selatan)," Kedlmn:10 Km Dirasakan (MMI) II Nusa Dua #BMKG https://t.co/ahKiWtpa3L"";5;0;8;22;in;108543358;1732768967616262248;infoBMKG;https://twitter.com/infoBMKG/status/1732768967616262248",,,,,,
"Thu Dec 07 14:28:00 +0000 2023;1732768927501963278;""#Gempa Dirasakan Magnitudo: 3.1", Kedalaman: 10 km, 07 Des 2023 21:00:02 WIB," Koordinat: 8.73 LS-115.37 BT (Pusat gempa berada di laut 17 km Timur Laut Kuta Selatan) #BMKG https://t.co/OiHiTwvpiZ"";1;0;3;11;in;108543358;1732768927501963278;infoBMKG;https://twitter.com/infoBMKG/status/1732768927501963278",,,,,,,
"Thu Dec 07 14:16:09 +0000 2023;1732765944525488622;""#Gempa Mag:5.0", 07-Dec-2023 21:10:32WIB, Lok:13.39LU, 128.02BT (1054 km TimurLaut MELONGUANE-SULUT), Kedlmn:50 Km #BMKG  Disclaimer:Informasi ini mengutamakan kecepatan," sehingga hasil pengolahan data belum stabil dan bisa berubah seiring kelengkapan data https://t.co/oZuFKFhSGp"";0;1;10;27;in;108543358;1732765944525488622;infoBMKG;https://twitter.com/infoBMKG/status/1732765944525488622",,,,,
"Thu Dec 07 14:03:09 +0000 2023;1732762674503524748;""#Gempa Mag:3.1", 07-Dec-2023 21:00:01WIB, Lok:8.78LS, 115.35BT (13 km TimurLaut KUTASELATAN-BALI), Kedlmn:10 Km #BMKG  Disclaimer:Informasi ini mengutamakan kecepatan," sehingga hasil pengolahan data belum stabil dan bisa berubah seiring kelengkapan data https://t.co/s4SJmWJUMy"";5;2;5;34;in;108543358;1732762674503524748;infoBMKG;https://twitter.com/infoBMKG/status/1732762674503524748",,,,,
"Thu Dec 07 13:42:10 +0000 2023;1732757394361651436;""#Gempa Mag:3.3", 07-Dec-2023 20:38:52WIB, Lok:7.49LS, 119.47BT (121 km BaratLaut LABUANBAJO-NTT), Kedlmn:310 Km #BMKG  Disclaimer:Informasi ini mengutamakan kecepatan," sehingga hasil pengolahan data belum stabil dan bisa berubah seiring kelengkapan data https://t.co/E5Ysa7vIcu"";0;1;2;12;in;108543358;1732757394361651436;infoBMKG;https://twitter.com/infoBMKG/status/1732757394361651436",,,,,
"Thu Dec 07 13:15:09 +0000 2023;1732750594123997334;""#Gempa Mag:5.9", 07-Dec-2023 20:09:46WIB, Lok:5.77LU, 125.54BT (233 km BaratLaut MELONGUANE-SULUT), Kedlmn:39 Km #BMKG  Disclaimer:Informasi ini mengutamakan kecepatan," sehingga hasil pengolahan data belum stabil dan bisa berubah seiring kelengkapan data https://t.co/pvHdINrAK5"";0;1;2;9;in;108543358;1732750594123997334;infoBMKG;https://twitter.com/infoBMKG/status/1732750594123997334",,,,,
"Thu Dec 07 13:13:23 +0000 2023;1732750152669225147;""#Gempa Magnitudo: 5.6", Kedalaman: 12 km, 07 Des 2023 20:09:44 WIB, Koordinat: 5.74 LU-125.50 BT (206 km BaratLaut PULAUKARATUNG-SULUT)," Tidak berpotensi tsunami #BMKG https://t.co/OiHiTwvX8x"";0;0;1;7;in;108543358;1732750152669225147;infoBMKG;https://twitter.com/infoBMKG/status/1732750152669225147",,,,,,
"Thu Dec 07 13:13:23 +0000 2023;1732750151951974754;""#Gempa Mag:5.6", 07-Des-23 20:09:44 WIB, Lok:5.74 LU,125.50 BT (206 km BaratLaut PULAUKARATUNG-SULUT), Kedlmn:12 Km," tdk berpotensi tsunami #BMKG https://t.co/rroZNNFTN7"";0;0;3;13;in;108543358;1732750151951974754;infoBMKG;https://twitter.com/infoBMKG/status/1732750151951974754",,,,,
"Thu Dec 07 12:30:08 +0000 2023;1732739268106215796;""#Gempa Mag:2.6", 07-Dec-2023 19:26:09WIB, Lok:6.90LS, 106.79BT (15 km BaratLaut KOTA-SUKABUMI-JABAR), Kedlmn:28 Km #BMKG  Disclaimer:Informasi ini mengutamakan kecepatan," sehingga hasil pengolahan data belum stabil dan bisa berubah seiring kelengkapan data https://t.co/SrdA7dydZ2"";1;5;2;40;in;108543358;1732739268106215796;infoBMKG;https://twitter.com/infoBMKG/status/1732739268106215796",,,,,
"Thu Dec 07 11:07:05 +0000 2023;1732718365050118252;""#Gempa (UPDATE) Mag:2.9", 07-Des-23 17:53:39 WIB, Lok:6.82 LS, 107.10 BT (Pusat gempa berada di darat 4 Km Barat Laut Kabupaten Cianjur), Kedlmn:8 Km Dirasakan (MMI) III Cianjur," III Cugenang #BMKG https://t.co/LUMWHmKfvC"";2;5;48;134;in;108543358;1732718365050118252;infoBMKG;https://twitter.com/infoBMKG/status/1732718365050118252",,,,,
"Thu Dec 07 11:06:57 +0000 2023;1732718334414885103;""#Gempa Dirasakan Magnitudo: 2.9", Kedalaman: 8 km, 07 Des 2023 17:53:39 WIB," Koordinat: 6.82 LS-107.10 BT (Pusat gempa berada di darat 4 Km Barat Laut Kabupaten Cianjur) #BMKG https://t.co/OiHiTwvX8x"";0;0;0;5;in;108543358;1732718334414885103;infoBMKG;https://twitter.com/infoBMKG/status/1732718334414885103",,,,,,,
"Thu Dec 07 10:17:11 +0000 2023;1732705810390929694;""#Gempa (UPDATE) Mag:2.8", 07-Des-23 16:59:56 WIB, Lok:6.85 LS, 107.08 BT (Pusat gempa berada di darat 7 km BaratDaya Kab. Cianjur), Kedlmn:5 Km Dirasakan (MMI) III Cianjur, III Cugenang, III Cipanas," III Pacet #BMKG https://t.co/4iiP5MxxVE"";7;13;74;204;in;108543358;1732705810390929694;infoBMKG;https://twitter.com/infoBMKG/status/1732705810390929694",,,
"Thu Dec 07 10:17:01 +0000 2023;1732705768120762606;""#Gempa Dirasakan Magnitudo: 2.8", Kedalaman: 5 km, 07 Des 2023 16:59:56 WIB," Koordinat: 6.85 LS-107.08 BT (Pusat gempa berada di darat 7 km BaratDaya Kab. Cianjur) #BMKG https://t.co/OiHiTwvX8x"";1;0;1;10;in;108543358;1732705768120762606;infoBMKG;https://twitter.com/infoBMKG/status/1732705768120762606",,,,,,,
"Thu Dec 07 07:01:09 +0000 2023;1732656474198024343;""#Gempa Mag:4.6", 07-Dec-2023 13:56:03WIB, Lok:5.15LU, 127.29BT (144 km TimurLaut MELONGUANE-SULUT), Kedlmn:104 Km #BMKG  Disclaimer:Informasi ini mengutamakan kecepatan," sehingga hasil pengolahan data belum stabil dan bisa berubah seiring kelengkapan data https://t.co/ec20eYcQuM"";0;0;1;6;in;108543358;1732656474198024343;infoBMKG;https://twitter.com/infoBMKG/status/1732656474198024343",,,,,
"Thu Dec 07 06:44:10 +0000 2023;1732652200651084120;""#Gempa Mag:5.6", 07-Dec-2023 13:38:44WIB, Lok:9.26LU, 127.10BT (586 km TimurLaut MELONGUANE-SULUT), Kedlmn:101 Km #BMKG  Disclaimer:Informasi ini mengutamakan kecepatan," sehingga hasil pengolahan data belum stabil dan bisa berubah seiring kelengkapan data https://t.co/YmGvQmFS3N"";0;0;2;8;in;108543358;1732652200651084120;infoBMKG;https://twitter.com/infoBMKG/status/1732652200651084120",,,,,
"Thu Dec 07 04:51:10 +0000 2023;1732623761860706464;""#Gempa Mag:4.8", 07-Dec-2023 11:45:54WIB, Lok:8.24LU, 126.82BT (471 km TimurLaut MELONGUANE-SULUT), Kedlmn:65 Km #BMKG  Disclaimer:Informasi ini mengutamakan kecepatan," sehingga hasil pengolahan data belum stabil dan bisa berubah seiring kelengkapan data https://t.co/Uvx9HB7B83"";0;0;0;3;in;108543358;1732623761860706464;infoBMKG;https://twitter.com/infoBMKG/status/1732623761860706464",,,,,
"Thu Dec 07 02:41:10 +0000 2023;1732591049896603760;""#Gempa Mag:3.3", 07-Dec-2023 09:38:22WIB, Lok:1.19LS, 126.85BT (93 km BaratDaya LABUHA-MALUT), Kedlmn:10 Km #BMKG  Disclaimer:Informasi ini mengutamakan kecepatan," sehingga hasil pengolahan data belum stabil dan bisa berubah seiring kelengkapan data https://t.co/37JQvyBL7o"";0;0;0;6;in;108543358;1732591049896603760;infoBMKG;https://twitter.com/infoBMKG/status/1732591049896603760",,,,,
"Thu Dec 07 02:13:10 +0000 2023;1732583999636471920;""#Gempa Mag:4.9", 07-Dec-2023 09:09:22WIB, Lok:1.17LS, 126.82BT (95 km BaratDaya LABUHA-MALUT), Kedlmn:10 Km #BMKG  Disclaimer:Informasi ini mengutamakan kecepatan," sehingga hasil pengolahan data belum stabil dan bisa berubah seiring kelengkapan data https://t.co/aANF38jQkz"";0;0;1;17;in;108543358;1732583999636471920;infoBMKG;https://twitter.com/infoBMKG/status/1732583999636471920",,,,,
"Thu Dec 07 02:12:56 +0000 2023;1732583942673604832;""#Gempa Mag:5.0", 07-Des-23 09:09:22 WIB, Lok:1.15 LS,126.83 BT (92 km BaratDaya LABUHA-MALUT), Kedlmn:10 Km," tdk berpotensi tsunami #BMKG https://t.co/mc0gK5qgVD"";0;0;3;21;in;108543358;1732583942673604832;infoBMKG;https://twitter.com/infoBMKG/status/1732583942673604832",,,,,
"Thu Dec 07 02:12:53 +0000 2023;1732583931357315462;""#Gempa Magnitudo: 5.0", Kedalaman: 10 km, 07 Des 2023 09:09:22 WIB, Koordinat: 1.15 LS-126.83 BT (92 km BaratDaya LABUHA-MALUT)," Tidak berpotensi tsunami #BMKG https://t.co/OiHiTwvX8x"";0;0;2;8;in;108543358;1732583931357315462;infoBMKG;https://twitter.com/infoBMKG/status/1732583931357315462",,,,,,
"Thu Dec 07 02:06:09 +0000 2023;1732582235411542240;""#Gempa Mag:3.7", 07-Dec-2023 09:02:49WIB, Lok:10.06LS, 119.11BT (42 km BaratDaya WANOKAKA-NTT), Kedlmn:10 Km #BMKG  Disclaimer:Informasi ini mengutamakan kecepatan," sehingga hasil pengolahan data belum stabil dan bisa berubah seiring kelengkapan data https://t.co/qfvEyojwUx"";0;0;1;6;in;108543358;1732582235411542240;infoBMKG;https://twitter.com/infoBMKG/status/1732582235411542240",,,,,
"Thu Dec 07 01:56:08 +0000 2023;1732579716610347473;""#Gempa Mag:2.4", 07-Dec-2023 08:52:29WIB, Lok:6.85LS, 106.63BT (17 km TimurLaut KAB-SUKABUMI-JABAR), Kedlmn:10 Km #BMKG  Disclaimer:Informasi ini mengutamakan kecepatan," sehingga hasil pengolahan data belum stabil dan bisa berubah seiring kelengkapan data https://t.co/cvsB2NQVKk"";0;0;2;18;in;108543358;1732579716610347473;infoBMKG;https://twitter.com/infoBMKG/status/1732579716610347473",,,,,
"Thu Dec 07 00:23:09 +0000 2023;1732556316110119373;""#Gempa Mag:3.7", 07-Dec-2023 07:20:54WIB, Lok:1.20LU, 128.15BT (39 km BaratDaya HALMAHERATIMUR-MALUT), Kedlmn:13 Km #BMKG  Disclaimer:Informasi ini mengutamakan kecepatan," sehingga hasil pengolahan data belum stabil dan bisa berubah seiring kelengkapan data https://t.co/NkIizrsmCF"";0;0;1;10;in;108543358;1732556316110119373;infoBMKG;https://twitter.com/infoBMKG/status/1732556316110119373",,,,,
"Wed Dec 06 23:39:10 +0000 2023;1732545245890662750;""#Gempa Mag:4.7", 07-Dec-2023 06:33:53WIB, Lok:7.92LU, 126.72BT (435 km TimurLaut MELONGUANE-SULUT), Kedlmn:10 Km #BMKG  Disclaimer:Informasi ini mengutamakan kecepatan," sehingga hasil pengolahan data belum stabil dan bisa berubah seiring kelengkapan data https://t.co/Mji9qL4aKY"";0;0;0;11;in;108543358;1732545245890662750;infoBMKG;https://twitter.com/infoBMKG/status/1732545245890662750",,,,,
"Wed Dec 06 23:25:10 +0000 2023;1732541724424356165;""#Gempa Mag:3.5", 07-Dec-2023 06:20:24WIB, Lok:8.66LS, 118.40BT (15 km BaratDaya DOMPU-NTB), Kedlmn:105 Km #BMKG  Disclaimer:Informasi ini mengutamakan kecepatan," sehingga hasil pengolahan data belum stabil dan bisa berubah seiring kelengkapan data https://t.co/bHZRdqSeYo"";0;0;4;26;in;108543358;1732541724424356165;infoBMKG;https://twitter.com/infoBMKG/status/1732541724424356165",,,,,
"Wed Dec 06 23:19:09 +0000 2023;1732540207235465253;""#Gempa Mag:2.9", 07-Dec-2023 06:12:23WIB, Lok:0.95LU, 118.79BT (172 km TimurLaut BONTANG-KALTIM), Kedlmn:10 Km #BMKG  Disclaimer:Informasi ini mengutamakan kecepatan," sehingga hasil pengolahan data belum stabil dan bisa berubah seiring kelengkapan data https://t.co/w9a6epxKxg"";1;0;3;23;in;108543358;1732540207235465253;infoBMKG;https://twitter.com/infoBMKG/status/1732540207235465253",,,,,
"Wed Dec 06 21:46:10 +0000 2023;1732516808371089883;""#Gempa Mag:2.3", 07-Dec-2023 04:43:24WIB, Lok:4.29LS, 121.72BT (29 km Tenggara KOLAKA-SULTRA), Kedlmn:10 Km #BMKG  Disclaimer:Informasi ini mengutamakan kecepatan," sehingga hasil pengolahan data belum stabil dan bisa berubah seiring kelengkapan data https://t.co/QrE32Kv1LB"";0;0;4;28;in;108543358;1732516808371089883;infoBMKG;https://twitter.com/infoBMKG/status/1732516808371089883",,,,,
"Wed Dec 06 19:30:10 +0000 2023;1732482581852287267;""#Gempa Mag:4.8", 07-Dec-2023 02:24:31WIB, Lok:8.28LU, 126.97BT (476 km TimurLaut MELONGUANE-SULUT), Kedlmn:70 Km #BMKG  Disclaimer:Informasi ini mengutamakan kecepatan," sehingga hasil pengolahan data belum stabil dan bisa berubah seiring kelengkapan data https://t.co/7n3aVRDPof"";0;1;0;7;in;108543358;1732482581852287267;infoBMKG;https://twitter.com/infoBMKG/status/1732482581852287267",,,,,
"Wed Dec 06 19:16:09 +0000 2023;1732479056304816299;""#Gempa Mag:4.8", 07-Dec-2023 02:11:41WIB, Lok:8.84LU, 127.07BT (539 km TimurLaut MELONGUANE-SULUT), Kedlmn:10 Km #BMKG  Disclaimer:Informasi ini mengutamakan kecepatan," sehingga hasil pengolahan data belum stabil dan bisa berubah seiring kelengkapan data https://t.co/qN20Ju3Dlc"";0;0;0;11;in;108543358;1732479056304816299;infoBMKG;https://twitter.com/infoBMKG/status/1732479056304816299",,,,,
"Wed Dec 06 18:07:08 +0000 2023;1732461688916767020;""#Gempa Mag:3.3", 07-Dec-2023 01:03:48WIB, Lok:6.73LS, 106.54BT (28 km BaratLaut KAB-SUKABUMI-JABAR), Kedlmn:5 Km #BMKG  Disclaimer:Informasi ini mengutamakan kecepatan," sehingga hasil pengolahan data belum stabil dan bisa berubah seiring kelengkapan data https://t.co/92TBnn77KU"";3;8;4;38;in;108543358;1732461688916767020;infoBMKG;https://twitter.com/infoBMKG/status/1732461688916767020",,,,,
"Wed Dec 06 17:32:10 +0000 2023;1732452886410653984;""#Gempa Mag:4.8", 07-Dec-2023 00:25:54WIB, Lok:8.29LU, 126.67BT (476 km BaratLaut MELONGUANE-SULUT), Kedlmn:77 Km #BMKG  Disclaimer:Informasi ini mengutamakan kecepatan," sehingga hasil pengolahan data belum stabil dan bisa berubah seiring kelengkapan data https://t.co/v77AwePfZ1"";0;0;2;8;in;108543358;1732452886410653984;infoBMKG;https://twitter.com/infoBMKG/status/1732452886410653984",,,,,
"Wed Dec 06 17:31:10 +0000 2023;1732452635125707079;""#Gempa Mag:4.8", 07-Dec-2023 00:25:54WIB, Lok:8.29LU, 126.67BT (476 km BaratLaut MELONGUANE-SULUT), Kedlmn:77 Km #BMKG  Disclaimer:Informasi ini mengutamakan kecepatan," sehingga hasil pengolahan data belum stabil dan bisa berubah seiring kelengkapan data https://t.co/iOrIkh4oEO"";0;0;0;4;in;108543358;1732452635125707079;infoBMKG;https://twitter.com/infoBMKG/status/1732452635125707079",,,,,
"Wed Dec 06 17:30:10 +0000 2023;1732452386088907009;""#Gempa Mag:4.8", 07-Dec-2023 00:25:54WIB, Lok:8.29LU, 126.67BT (476 km BaratLaut MELONGUANE-SULUT), Kedlmn:77 Km #BMKG  Disclaimer:Informasi ini mengutamakan kecepatan," sehingga hasil pengolahan data belum stabil dan bisa berubah seiring kelengkapan data https://t.co/ZV3Wq0KjNb"";0;0;1;8;in;108543358;1732452386088907009;infoBMKG;https://twitter.com/infoBMKG/status/1732452386088907009",,,,,
"Wed Dec 06 16:23:11 +0000 2023;1732435528434549159;""#Gempa Mag:2.9", 06-Dec-2023 23:20:12WIB, Lok:0.82LU, 121.26BT (19 km BaratDaya BUOL-SULTENG), Kedlmn:62 Km #BMKG  Disclaimer:Informasi ini mengutamakan kecepatan," sehingga hasil pengolahan data belum stabil dan bisa berubah seiring kelengkapan data https://t.co/QRkBjzCAQ1"";1;0;0;9;in;108543358;1732435528434549159;infoBMKG;https://twitter.com/infoBMKG/status/1732435528434549159",,,,,
"Wed Dec 06 15:12:09 +0000 2023;1732417649630396552;""#Gempa Mag:4.4", 06-Dec-2023 22:08:59WIB, Lok:5.62LS, 102.27BT (30 km Tenggara ENGGANO-BENGKULU), Kedlmn:10 Km #BMKG  Disclaimer:Informasi ini mengutamakan kecepatan," sehingga hasil pengolahan data belum stabil dan bisa berubah seiring kelengkapan data https://t.co/2F5c9hWNYI"";0;1;5;26;in;108543358;1732417649630396552;infoBMKG;https://twitter.com/infoBMKG/status/1732417649630396552",,,,,
"Wed Dec 06 14:59:09 +0000 2023;1732414380435018176;""#Gempa Mag:3.0", 06-Dec-2023 21:57:34WIB, Lok:2.55LU, 128.23BT (56 km BaratLaut DARUBA-MALUT), Kedlmn:22 Km #BMKG  Disclaimer:Informasi ini mengutamakan kecepatan," sehingga hasil pengolahan data belum stabil dan bisa berubah seiring kelengkapan data https://t.co/monL51EObT"";0;0;3;12;in;108543358;1732414380435018176;infoBMKG;https://twitter.com/infoBMKG/status/1732414380435018176",,,,,
"Wed Dec 06 14:57:10 +0000 2023;1732413881027625460;""#Gempa Mag:5.6", 06-Dec-2023 21:52:38WIB, Lok:8.45LU, 126.96BT (495 km TimurLaut MELONGUANE-SULUT), Kedlmn:92 Km #BMKG  Disclaimer:Informasi ini mengutamakan kecepatan," sehingga hasil pengolahan data belum stabil dan bisa berubah seiring kelengkapan data https://t.co/ccnDmZnlmr"";0;2;6;16;in;108543358;1732413881027625460;infoBMKG;https://twitter.com/infoBMKG/status/1732413881027625460",,,,,
"Wed Dec 06 14:48:46 +0000 2023;1732411764699255212;""#Gempa (UPDATE) Mag:3.0", 06-Des-23 21:20:06 WIB, Lok:6.76 LS, 106.54 BT (Pusat gempa berada di darat 25 km barat laut Kab. Sukabumi), Kedlmn:5 Km Dirasakan (MMI) II-III Bogor Barat, II-III Cisolok, II-III Bayah," II-III Leuwiliang #BMKG https://t.co/NnkSgDiPN0"";1;1;12;43;in;108543358;1732411764699255212;infoBMKG;https://twitter.com/infoBMKG/status/1732411764699255212",,,
"Wed Dec 06 14:48:34 +0000 2023;1732411716074680793;""#Gempa Dirasakan Magnitudo: 3.0", Kedalaman: 5 km, 06 Des 2023 21:20:06 WIB," Koordinat: 6.76 LS-106.54 BT (Pusat gempa berada di darat 25 km barat laut Kab. Sukabumi) #BMKG https://t.co/OiHiTwvX8x"";0;0;0;7;in;108543358;1732411716074680793;infoBMKG;https://twitter.com/infoBMKG/status/1732411716074680793",,,,,,,
"Wed Dec 06 14:42:10 +0000 2023;1732410105839386663;""#Gempa Mag:3.2", 06-Dec-2023 21:38:58WIB, Lok:3.43LU, 125.34BT (26 km BaratDaya TAHUNA-KEP.SANGIHE-SULUT), Kedlmn:10 Km #BMKG  Disclaimer:Informasi ini mengutamakan kecepatan," sehingga hasil pengolahan data belum stabil dan bisa berubah seiring kelengkapan data https://t.co/laX1iHpnCU"";0;1;1;6;in;108543358;1732410105839386663;infoBMKG;https://twitter.com/infoBMKG/status/1732410105839386663",,,,,
"Wed Dec 06 14:31:09 +0000 2023;1732407332443938907;""#Gempa Mag:3.1", 06-Dec-2023 21:27:28WIB, Lok:5.24LS, 102.46BT (24 km TimurLaut ENGGANO-BENGKULU), Kedlmn:10 Km #BMKG  Disclaimer:Informasi ini mengutamakan kecepatan," sehingga hasil pengolahan data belum stabil dan bisa berubah seiring kelengkapan data https://t.co/dv3aVcITDp"";0;0;0;9;in;108543358;1732407332443938907;infoBMKG;https://twitter.com/infoBMKG/status/1732407332443938907",,,,,
"Wed Dec 06 14:23:08 +0000 2023;1732405317303177365;""#Gempa Mag:3.0", 06-Dec-2023 21:20:06WIB, Lok:6.74LS, 106.54BT (27 km BaratLaut KAB-SUKABUMI-JABAR), Kedlmn:5 Km #BMKG  Disclaimer:Informasi ini mengutamakan kecepatan," sehingga hasil pengolahan data belum stabil dan bisa berubah seiring kelengkapan data https://t.co/lj3OvvTjf4"";1;3;13;50;in;108543358;1732405317303177365;infoBMKG;https://twitter.com/infoBMKG/status/1732405317303177365",,,,,
"Wed Dec 06 13:49:11 +0000 2023;1732396773464011065;""#Gempa (UPDATE) Mag:3.0", 06-Des-23 20:20:02 WIB, Lok:6.77 LS, 106.52 BT (Pusat gempa berada di darat 24 km barat laut Kab. Sukabumi), Kedlmn:5 Km Dirasakan (MMI) II-III Bogor Barat, II-III Cisolok, II-III Bayah," II-III Leuwiliang #BMKG https://t.co/xR9Wty1q7G"";1;10;37;115;in;108543358;1732396773464011065;infoBMKG;https://twitter.com/infoBMKG/status/1732396773464011065",,,
"Wed Dec 06 13:49:03 +0000 2023;1732396738219213203;""#Gempa Dirasakan Magnitudo: 3.0", Kedalaman: 5 km, 06 Des 2023 20:20:02 WIB," Koordinat: 6.77 LS-106.52 BT (Pusat gempa berada di darat 24 km barat laut Kab. Sukabumi) #BMKG https://t.co/OiHiTwvX8x"";0;1;1;8;in;108543358;1732396738219213203;infoBMKG;https://twitter.com/infoBMKG/status/1732396738219213203",,,,,,,
"Wed Dec 06 13:26:09 +0000 2023;1732390976193527923;""#Gempa Mag:3.7", 06-Dec-2023 20:21:12WIB, Lok:3.10LS, 103.62BT (45 km BaratLaut PENUKALABABLMTNGILIR-SUMSEL), Kedlmn:124 Km #BMKG  Disclaimer:Informasi ini mengutamakan kecepatan," sehingga hasil pengolahan data belum stabil dan bisa berubah seiring kelengkapan data https://t.co/pHMZfYuksY"";0;1;3;12;in;108543358;1732390976193527923;infoBMKG;https://twitter.com/infoBMKG/status/1732390976193527923",,,,,
"Wed Dec 06 13:22:08 +0000 2023;1732389963621421544;""#Gempa Mag:2.9", 06-Dec-2023 20:20:01WIB, Lok:6.74LS, 106.56BT (27 km TimurLaut KAB-SUKABUMI-JABAR), Kedlmn:10 Km #BMKG  Disclaimer:Informasi ini mengutamakan kecepatan," sehingga hasil pengolahan data belum stabil dan bisa berubah seiring kelengkapan data https://t.co/DxvPCP0exJ"";4;1;9;38;in;108543358;1732389963621421544;infoBMKG;https://twitter.com/infoBMKG/status/1732389963621421544",,,,,
"Wed Dec 06 13:07:09 +0000 2023;1732386194946924993;""#Gempa Mag:4.2", 06-Dec-2023 20:01:27WIB, Lok:3.29LU, 127.00BT (86 km Tenggara MELONGUANE-SULUT), Kedlmn:10 Km #BMKG  Disclaimer:Informasi ini mengutamakan kecepatan," sehingga hasil pengolahan data belum stabil dan bisa berubah seiring kelengkapan data https://t.co/6enfd9o1Xf"";0;0;0;6;in;108543358;1732386194946924993;infoBMKG;https://twitter.com/infoBMKG/status/1732386194946924993",,,,,
"Wed Dec 06 11:36:09 +0000 2023;1732363291144675734;""#Gempa Mag:3.3", 06-Dec-2023 18:32:13WIB, Lok:8.00LS, 107.37BT (104 km BaratDaya KAB-GARUT-JABAR), Kedlmn:23 Km #BMKG  Disclaimer:Informasi ini mengutamakan kecepatan," sehingga hasil pengolahan data belum stabil dan bisa berubah seiring kelengkapan data https://t.co/AKWablUog5"";1;0;15;51;in;108543358;1732363291144675734;infoBMKG;https://twitter.com/infoBMKG/status/1732363291144675734",,,,,
"Wed Dec 06 10:46:10 +0000 2023;1732350712787669193;""#Gempa Mag:5.2", 06-Dec-2023 17:41:23WIB, Lok:8.45LU, 126.85BT (494 km TimurLaut MELONGUANE-SULUT), Kedlmn:10 Km #BMKG  Disclaimer:Informasi ini mengutamakan kecepatan," sehingga hasil pengolahan data belum stabil dan bisa berubah seiring kelengkapan data https://t.co/bCNBqTd9d1"";0;0;3;19;in;108543358;1732350712787669193;infoBMKG;https://twitter.com/infoBMKG/status/1732350712787669193",,,,,
"Wed Dec 06 10:45:09 +0000 2023;1732350457115517135;""#Gempa Mag:6.0", 06-Dec-2023 17:40:28WIB, Lok:12.57LU, 127.23BT (954 km TimurLaut MELONGUANE-SULUT), Kedlmn:15 Km #BMKG  Disclaimer:Informasi ini mengutamakan kecepatan," sehingga hasil pengolahan data belum stabil dan bisa berubah seiring kelengkapan data https://t.co/6MqPEcUAop"";1;3;35;111;in;108543358;1732350457115517135;infoBMKG;https://twitter.com/infoBMKG/status/1732350457115517135",,,,,
"Wed Dec 06 08:40:10 +0000 2023;1732319004667371996;""#Gempa Mag:4.9", 06-Dec-2023 15:33:10WIB, Lok:8.53LU, 126.70BT (503 km TimurLaut MELONGUANE-SULUT), Kedlmn:42 Km #BMKG  Disclaimer:Informasi ini mengutamakan kecepatan," sehingga hasil pengolahan data belum stabil dan bisa berubah seiring kelengkapan data https://t.co/WzPZkPUNsz"";0;0;1;7;in;108543358;1732319004667371996;infoBMKG;https://twitter.com/infoBMKG/status/1732319004667371996",,,,,
"Wed Dec 06 08:13:08 +0000 2023;1732312203884388712;""#Gempa Mag:2.8", 06-Dec-2023 15:10:15WIB, Lok:6.73LS, 106.55BT (28 km Utara KAB-SUKABUMI-JABAR), Kedlmn:10 Km #BMKG  Disclaimer:Informasi ini mengutamakan kecepatan," sehingga hasil pengolahan data belum stabil dan bisa berubah seiring kelengkapan data https://t.co/cVqbqXIZdx"";0;0;11;51;in;108543358;1732312203884388712;infoBMKG;https://twitter.com/infoBMKG/status/1732312203884388712",,,,,
"Wed Dec 06 08:04:10 +0000 2023;1732309944421187951;""#Gempa Mag:3.2", 06-Dec-2023 14:59:43WIB, Lok:1.80LS, 100.43BT (52 km BaratDaya PESISIRSELATAN-SUMBAR), Kedlmn:25 Km #BMKG  Disclaimer:Informasi ini mengutamakan kecepatan," sehingga hasil pengolahan data belum stabil dan bisa berubah seiring kelengkapan data https://t.co/EnHQFp0BvN"";0;1;1;6;in;108543358;1732309944421187951;infoBMKG;https://twitter.com/infoBMKG/status/1732309944421187951",,,,,
"Wed Dec 06 05:56:08 +0000 2023;1732277723148816796;""#Gempa Mag:3.8", 06-Dec-2023 12:51:44WIB, Lok:2.62LS, 139.44BT (31 km Tenggara SARMI-PAPUA), Kedlmn:87 Km #BMKG  Disclaimer:Informasi ini mengutamakan kecepatan," sehingga hasil pengolahan data belum stabil dan bisa berubah seiring kelengkapan data https://t.co/zQet9I8LMv"";0;0;0;6;in;108543358;1732277723148816796;infoBMKG;https://twitter.com/infoBMKG/status/1732277723148816796",,,,,
"Wed Dec 06 04:07:11 +0000 2023;1732250306409598989;""#Gempa Mag:4.6", 06-Dec-2023 11:00:24WIB, Lok:8.69LU, 126.39BT (522 km BaratLaut MELONGUANE-SULUT), Kedlmn:10 Km #BMKG  Disclaimer:Informasi ini mengutamakan kecepatan," sehingga hasil pengolahan data belum stabil dan bisa berubah seiring kelengkapan data https://t.co/2YeQrtkMnX"";0;1;3;14;in;108543358;1732250306409598989;infoBMKG;https://twitter.com/infoBMKG/status/1732250306409598989",,,,,
"Wed Dec 06 02:00:10 +0000 2023;1732218340142408190;""#Gempa Mag:5.3", 06-Dec-2023 08:55:53WIB, Lok:9.11LU, 126.77BT (567 km TimurLaut MELONGUANE-SULUT), Kedlmn:99 Km #BMKG  Disclaimer:Informasi ini mengutamakan kecepatan," sehingga hasil pengolahan data belum stabil dan bisa berubah seiring kelengkapan data https://t.co/anb5EfJi9z"";0;0;3;16;in;108543358;1732218340142408190;infoBMKG;https://twitter.com/infoBMKG/status/1732218340142408190",,,,,
"Wed Dec 06 01:07:09 +0000 2023;1732205000905068693;""#Gempa Mag:2.7", 06-Dec-2023 08:04:14WIB, Lok:0.01LS, 100.41BT (31 km Tenggara PASAMAN-SUMBAR), Kedlmn:145 Km #BMKG  Disclaimer:Informasi ini mengutamakan kecepatan," sehingga hasil pengolahan data belum stabil dan bisa berubah seiring kelengkapan data https://t.co/sXiAUf1Tws"";0;0;3;32;in;108543358;1732205000905068693;infoBMKG;https://twitter.com/infoBMKG/status/1732205000905068693",,,,,
"Tue Dec 05 23:44:09 +0000 2023;1732184112302374978;""#Gempa Mag:5.3", 06-Dec-2023 06:39:25WIB, Lok:11.00LU, 127.25BT (780 km TimurLaut MELONGUANE-SULUT), Kedlmn:132 Km #BMKG  Disclaimer:Informasi ini mengutamakan kecepatan," sehingga hasil pengolahan data belum stabil dan bisa berubah seiring kelengkapan data https://t.co/Ze0ld0Wkt4"";0;0;5;28;in;108543358;1732184112302374978;infoBMKG;https://twitter.com/infoBMKG/status/1732184112302374978",,,,,
"Tue Dec 05 21:57:10 +0000 2023;1732157188507042173;""#Gempa Mag:4.9", 06-Dec-2023 04:52:05WIB, Lok:9.02LU, 126.83BT (558 km TimurLaut MELONGUANE-SULUT), Kedlmn:113 Km #BMKG  Disclaimer:Informasi ini mengutamakan kecepatan," sehingga hasil pengolahan data belum stabil dan bisa berubah seiring kelengkapan data https://t.co/5XqfTvZWqb"";0;0;0;11;in;108543358;1732157188507042173;infoBMKG;https://twitter.com/infoBMKG/status/1732157188507042173",,,,,
"Tue Dec 05 17:39:10 +0000 2023;1732092261859782782;""#Gempa Mag:4.9", 06-Dec-2023 00:33:26WIB, Lok:8.70LU, 126.93BT (523 km TimurLaut MELONGUANE-SULUT), Kedlmn:119 Km #BMKG  Disclaimer:Informasi ini mengutamakan kecepatan," sehingga hasil pengolahan data belum stabil dan bisa berubah seiring kelengkapan data https://t.co/vtdaWRqR0h"";1;0;5;26;in;108543358;1732092261859782782;infoBMKG;https://twitter.com/infoBMKG/status/1732092261859782782",,,,,
"Tue Dec 05 14:50:08 +0000 2023;1732049722414952552;""#Gempa Mag:5.1", 05-Dec-2023 21:45:00WIB, Lok:9.71LU, 93.41BT (474 km BaratLaut KOTA-SABANG-ACEH), Kedlmn:71 Km #BMKG  Disclaimer:Informasi ini mengutamakan kecepatan," sehingga hasil pengolahan data belum stabil dan bisa berubah seiring kelengkapan data https://t.co/jetFXmljMr"";1;1;7;28;in;108543358;1732049722414952552;infoBMKG;https://twitter.com/infoBMKG/status/1732049722414952552",,,,,
"Tue Dec 05 13:41:09 +0000 2023;1732032363067257310;""#Gempa Mag:5.7", 05-Dec-2023 20:36:27WIB, Lok:9.96LU, 127.17BT (664 km TimurLaut MELONGUANE-SULUT), Kedlmn:10 Km #BMKG  Disclaimer:Informasi ini mengutamakan kecepatan," sehingga hasil pengolahan data belum stabil dan bisa berubah seiring kelengkapan data https://t.co/otI8SLVhob"";0;0;1;12;in;108543358;1732032363067257310;infoBMKG;https://twitter.com/infoBMKG/status/1732032363067257310",,,,,
"Tue Dec 05 13:39:10 +0000 2023;1732031861768306925;""#Gempa Mag:4.4", 05-Dec-2023 20:32:41WIB, Lok:7.69LU, 126.64BT (410 km BaratLaut MELONGUANE-SULUT), Kedlmn:68 Km #BMKG  Disclaimer:Informasi ini mengutamakan kecepatan," sehingga hasil pengolahan data belum stabil dan bisa berubah seiring kelengkapan data https://t.co/TdMMx6JHa3"";0;0;0;9;in;108543358;1732031861768306925;infoBMKG;https://twitter.com/infoBMKG/status/1732031861768306925",,,,,
"Tue Dec 05 13:13:10 +0000 2023;1732025319174160612;""#Gempa Mag:4.2", 05-Dec-2023 20:10:35WIB, Lok:2.66LU, 128.24BT (68 km BaratLaut DARUBA-MALUT), Kedlmn:19 Km #BMKG  Disclaimer:Informasi ini mengutamakan kecepatan," sehingga hasil pengolahan data belum stabil dan bisa berubah seiring kelengkapan data https://t.co/xRQ9fQGA7e"";0;0;4;18;in;108543358;1732025319174160612;infoBMKG;https://twitter.com/infoBMKG/status/1732025319174160612",,,,,
"Tue Dec 05 13:12:08 +0000 2023;1732025062075908400;""#Gempa (UPDATE) Mag:2.6", 05-Des-23 19:50:51 WIB, Lok:6.82 LS, 107.07 BT (Pusat gempa berada di darat 7 km barat laut Kab. Cianjur), Kedlmn:11 Km Dirasakan (MMI) II-III Cugenang," II-III Cianjur #BMKG https://t.co/WjV1CYUe74"";1;10;30;90;in;108543358;1732025062075908400;infoBMKG;https://twitter.com/infoBMKG/status/1732025062075908400",,,,,
"Tue Dec 05 13:11:58 +0000 2023;1732025019361120724;""#Gempa Dirasakan Magnitudo: 2.6", Kedalaman: 11 km, 05 Des 2023 19:50:51 WIB," Koordinat: 6.82 LS-107.07 BT (Pusat gempa berada di darat 7 km barat laut Kab. Cianjur) #BMKG https://t.co/OiHiTwvX8x"";0;0;0;4;in;108543358;1732025019361120724;infoBMKG;https://twitter.com/infoBMKG/status/1732025019361120724",,,,,,,
"Tue Dec 05 13:06:05 +0000 2023;1732023537882497289;""#Gempa (UPDATE) Mag:5.6", 05-Des-23 19:36:37 WIB, Lok:2.64 LU, 128.24 BT (Pusat gempa berada di laut 64 km timur laut Pulaudoi), Kedlmn:18 Km Dirasakan (MMI) IV Morotai," III Halmahera Utara #BMKG https://t.co/rSHg7c7f6N"";0;0;4;15;in;108543358;1732023537882497289;infoBMKG;https://twitter.com/infoBMKG/status/1732023537882497289",,,,,
"Tue Dec 05 12:59:23 +0000 2023;1732021851176808589;""#Gempa (UPDATE) Mag:5.6", 05-Des-23 19:36:37 WIB, Lok:2.64 LU, 128.24 BT (Pusat gempa berada di laut 64 km timur laut Pulaudoi), Kedlmn:18 Km Dirasakan (MMI) IV-V Morotai," III Halmahera Utara #BMKG https://t.co/nBRhgiPwIs"";0;1;4;9;in;108543358;1732021851176808589;infoBMKG;https://twitter.com/infoBMKG/status/1732021851176808589",,,,,
"Tue Dec 05 12:59:14 +0000 2023;1732021815801938229;""#Gempa Dirasakan Magnitudo: 5.6", Kedalaman: 18 km, 05 Des 2023 19:36:37 WIB," Koordinat: 2.64 LU-128.24 BT (Pusat gempa berada di laut 64 km timur laut Pulaudoi) #BMKG https://t.co/OiHiTwvX8x"";0;0;2;5;in;108543358;1732021815801938229;infoBMKG;https://twitter.com/infoBMKG/status/1732021815801938229",,,,,,,
"Tue Dec 05 12:48:09 +0000 2023;1732019026308809181;""#Gempa Mag:5.7", 05-Dec-2023 19:42:30WIB, Lok:8.66LU, 126.80BT (518 km TimurLaut MELONGUANE-SULUT), Kedlmn:10 Km #BMKG  Disclaimer:Informasi ini mengutamakan kecepatan," sehingga hasil pengolahan data belum stabil dan bisa berubah seiring kelengkapan data https://t.co/xGd2mPWZnW"";0;3;17;55;in;108543358;1732019026308809181;infoBMKG;https://twitter.com/infoBMKG/status/1732019026308809181",,,,,
"Tue Dec 05 12:47:09 +0000 2023;1732018774461849684;""#Gempa Mag:5.5", 05-Dec-2023 19:42:30WIB, Lok:8.67LU, 126.79BT (519 km TimurLaut MELONGUANE-SULUT), Kedlmn:10 Km #BMKG  Disclaimer:Informasi ini mengutamakan kecepatan," sehingga hasil pengolahan data belum stabil dan bisa berubah seiring kelengkapan data https://t.co/HSv28u3MrK"";0;0;2;10;in;108543358;1732018774461849684;infoBMKG;https://twitter.com/infoBMKG/status/1732018774461849684",,,,,
"Tue Dec 05 12:39:47 +0000 2023;1732016917714801029;""#Gempa Magnitudo: 5.6", Kedalaman: 18 km, 05 Des 2023 19:36:37 WIB, Koordinat: 2.64 LU-128.24 BT (64 km TimurLaut PULAUDOI-MALUT)," Tidak berpotensi tsunami #BMKG https://t.co/OiHiTwvX8x"";0;0;1;11;in;108543358;1732016917714801029;infoBMKG;https://twitter.com/infoBMKG/status/1732016917714801029",,,,,,
"Tue Dec 05 12:39:46 +0000 2023;1732016914820661298;""#Gempa Mag:5.6", 05-Des-23 19:36:37 WIB, Lok:2.64 LU,128.24 BT (64 km TimurLaut PULAUDOI-MALUT), Kedlmn:18 Km," tdk berpotensi tsunami #BMKG https://t.co/GWZ1o6Aki9"";3;0;8;17;in;108543358;1732016914820661298;infoBMKG;https://twitter.com/infoBMKG/status/1732016914820661298",,,,,
"Tue Dec 05 12:39:09 +0000 2023;1732016761363665397;""#Gempa Mag:5.7", 05-Dec-2023 19:36:37WIB, Lok:2.65LU, 128.24BT (67 km BaratLaut DARUBA-MALUT), Kedlmn:21 Km #BMKG  Disclaimer:Informasi ini mengutamakan kecepatan," sehingga hasil pengolahan data belum stabil dan bisa berubah seiring kelengkapan data https://t.co/ygaPgWqfVN"";2;2;9;37;in;108543358;1732016761363665397;infoBMKG;https://twitter.com/infoBMKG/status/1732016761363665397",,,,,
"Tue Dec 05 09:48:10 +0000 2023;1731973729318813830;""#Gempa Mag:5.7", 05-Dec-2023 16:42:45WIB, Lok:10.06LU, 126.69BT (673 km TimurLaut MELONGUANE-SULUT), Kedlmn:107 Km #BMKG  Disclaimer:Informasi ini mengutamakan kecepatan," sehingga hasil pengolahan data belum stabil dan bisa berubah seiring kelengkapan data https://t.co/ayUT8YwyH3"";0;0;3;11;in;108543358;1731973729318813830;infoBMKG;https://twitter.com/infoBMKG/status/1731973729318813830",,,,,
"Tue Dec 05 09:32:30 +0000 2023;1731969788849824161;""#Gempa (UPDATE) Mag:3.5", 05-Des-23 16:14:13 WIB, Lok:7.23 LS, 107.73 BT (Pusat gempa berada di darat 18 km Baratdaya Garut), Kedlmn:5 Km Dirasakan (MMI) III Garut, II-III Majalaya, II-III Kertasari, II-III Ciwidey, II-III Balegede, II-III Rancabali," II Pangalengan #BMKG https://t.co/6VQUUryqeB"";1;1;15;39;in;108543358;1731969788849824161;infoBMKG;https://twitter.com/infoBMKG/status/1731969788849824161"
"Tue Dec 05 09:32:18 +0000 2023;1731969737696174121;""#Gempa Dirasakan Magnitudo: 3.5", Kedalaman: 5 km, 05 Des 2023 16:14:13 WIB," Koordinat: 7.23 LS-107.73 BT (Pusat gempa berada di darat 18 km Baratdaya Garut) #BMKG https://t.co/OiHiTwvX8x"";0;0;3;7;in;108543358;1731969737696174121;infoBMKG;https://twitter.com/infoBMKG/status/1731969737696174121",,,,,,,
"Tue Dec 05 09:18:08 +0000 2023;1731966172931949050;""#Gempa Mag:3.8", 05-Dec-2023 16:14:13WIB, Lok:7.23LS, 107.73BT (18 km BaratDaya KAB-GARUT-JABAR), Kedlmn:10 Km #BMKG  Disclaimer:Informasi ini mengutamakan kecepatan," sehingga hasil pengolahan data belum stabil dan bisa berubah seiring kelengkapan data https://t.co/4gqANTl7el"";24;33;117;341;in;108543358;1731966172931949050;infoBMKG;https://twitter.com/infoBMKG/status/1731966172931949050",,,,,
"Tue Dec 05 09:15:09 +0000 2023;1731965422411694348;""#Gempa Mag:5.5", 05-Dec-2023 16:10:12WIB, Lok:8.78LU, 126.92BT (531 km TimurLaut MELONGUANE-SULUT), Kedlmn:66 Km #BMKG  Disclaimer:Informasi ini mengutamakan kecepatan," sehingga hasil pengolahan data belum stabil dan bisa berubah seiring kelengkapan data https://t.co/VR0UJ0giqR"";2;10;5;35;in;108543358;1731965422411694348;infoBMKG;https://twitter.com/infoBMKG/status/1731965422411694348",,,,,
"Tue Dec 05 08:29:10 +0000 2023;1731953847814513051;""#Gempa Mag:6.0", 05-Dec-2023 15:23:57WIB, Lok:13.94LU, 120.46BT (1213 km TimurLaut TANATIDUNG-KALTARA), Kedlmn:96 Km #BMKG  Disclaimer:Informasi ini mengutamakan kecepatan," sehingga hasil pengolahan data belum stabil dan bisa berubah seiring kelengkapan data https://t.co/4P46zSaClM"";4;6;50;160;in;108543358;1731953847814513051;infoBMKG;https://twitter.com/infoBMKG/status/1731953847814513051",,,,,
"Tue Dec 05 05:18:10 +0000 2023;1731905781195579856;""#Gempa Mag:3.5", 05-Dec-2023 12:13:56WIB, Lok:3.04LS, 130.67BT (21 km TimurLaut SERAMBAGIANTIMUR-MALUKU), Kedlmn:10 Km #BMKG  Disclaimer:Informasi ini mengutamakan kecepatan," sehingga hasil pengolahan data belum stabil dan bisa berubah seiring kelengkapan data https://t.co/6RGQUxdp7K"";0;0;1;4;in;108543358;1731905781195579856;infoBMKG;https://twitter.com/infoBMKG/status/1731905781195579856",,,,,
"Tue Dec 05 05:04:10 +0000 2023;1731902259238428990;""#Gempa Mag:4.6", 05-Dec-2023 11:58:53WIB, Lok:8.01LU, 127.24BT (450 km TimurLaut MELONGUANE-SULUT), Kedlmn:57 Km #BMKG  Disclaimer:Informasi ini mengutamakan kecepatan," sehingga hasil pengolahan data belum stabil dan bisa berubah seiring kelengkapan data https://t.co/Uge5b2oeJm"";0;0;5;11;in;108543358;1731902259238428990;infoBMKG;https://twitter.com/infoBMKG/status/1731902259238428990",,,,,
"Tue Dec 05 04:32:09 +0000 2023;1731894203658236286;""#Gempa Mag:4.7", 05-Dec-2023 11:27:44WIB, Lok:8.07LU, 126.73BT (452 km TimurLaut MELONGUANE-SULUT), Kedlmn:65 Km #BMKG  Disclaimer:Informasi ini mengutamakan kecepatan," sehingga hasil pengolahan data belum stabil dan bisa berubah seiring kelengkapan data https://t.co/uhONdKfwVW"";0;0;0;7;in;108543358;1731894203658236286;infoBMKG;https://twitter.com/infoBMKG/status/1731894203658236286",,,,,
"Tue Dec 05 03:45:12 +0000 2023;1731882386055692779;""#Gempa Mag:4.8", 05-Dec-2023 10:39:55WIB, Lok:8.90LU, 127.03BT (545 km TimurLaut MELONGUANE-SULUT), Kedlmn:47 Km #BMKG  Disclaimer:Informasi ini mengutamakan kecepatan," sehingga hasil pengolahan data belum stabil dan bisa berubah seiring kelengkapan data https://t.co/Ux75ckU4E5"";0;1;4;12;in;108543358;1731882386055692779;infoBMKG;https://twitter.com/infoBMKG/status/1731882386055692779",,,,,
"Tue Dec 05 00:47:09 +0000 2023;1731837580461981710;""#Gempa Mag:3.4", 05-Dec-2023 07:43:05WIB, Lok:8.49LS, 120.98BT (33 km TimurLaut BAJAWA-NGADA-NTT), Kedlmn:164 Km #BMKG  Disclaimer:Informasi ini mengutamakan kecepatan," sehingga hasil pengolahan data belum stabil dan bisa berubah seiring kelengkapan data https://t.co/cpL8S1n7ZF"";0;0;2;9;in;108543358;1731837580461981710;infoBMKG;https://twitter.com/infoBMKG/status/1731837580461981710",,,,,
"Tue Dec 05 00:41:10 +0000 2023;1731836071925961080;""#Gempa Mag:5.3", 05-Dec-2023 07:34:34WIB, Lok:8.65LU, 126.67BT (516 km BaratLaut MELONGUANE-SULUT), Kedlmn:124 Km #BMKG  Disclaimer:Informasi ini mengutamakan kecepatan," sehingga hasil pengolahan data belum stabil dan bisa berubah seiring kelengkapan data https://t.co/LjbfcnZzeS"";0;0;3;6;in;108543358;1731836071925961080;infoBMKG;https://twitter.com/infoBMKG/status/1731836071925961080",,,,,
"Tue Dec 05 00:40:09 +0000 2023;1731835818791391565;""#Gempa Mag:5.4", 05-Dec-2023 07:34:35WIB, Lok:8.68LU, 126.65BT (520 km BaratLaut MELONGUANE-SULUT), Kedlmn:53 Km #BMKG  Disclaimer:Informasi ini mengutamakan kecepatan," sehingga hasil pengolahan data belum stabil dan bisa berubah seiring kelengkapan data https://t.co/bnS5hduIJS"";0;1;2;21;in;108543358;1731835818791391565;infoBMKG;https://twitter.com/infoBMKG/status/1731835818791391565",,,,,
"Tue Dec 05 00:39:10 +0000 2023;1731835570861879299;""#Gempa Mag:5.3", 05-Dec-2023 07:34:35WIB, Lok:8.68LU, 126.65BT (520 km BaratLaut MELONGUANE-SULUT), Kedlmn:53 Km #BMKG  Disclaimer:Informasi ini mengutamakan kecepatan," sehingga hasil pengolahan data belum stabil dan bisa berubah seiring kelengkapan data https://t.co/QL0Cgr4zyW"";0;0;8;22;in;108543358;1731835570861879299;infoBMKG;https://twitter.com/infoBMKG/status/1731835570861879299",,,,,
"Mon Dec 04 22:36:09 +0000 2023;1731804611600884046;""#Gempa Mag:3.6", 05-Dec-2023 05:32:53WIB, Lok:2.48LU, 128.30BT (48 km TimurLaut DARUBA-MALUT), Kedlmn:134 Km #BMKG  Disclaimer:Informasi ini mengutamakan kecepatan," sehingga hasil pengolahan data belum stabil dan bisa berubah seiring kelengkapan data https://t.co/IKBVbayHE9"";0;1;1;4;in;108543358;1731804611600884046;infoBMKG;https://twitter.com/infoBMKG/status/1731804611600884046",,,,,
"Mon Dec 04 22:31:09 +0000 2023;1731803352525312351;""#Gempa Mag:3.6", 05-Dec-2023 05:26:59WIB, Lok:3.58LU, 127.00BT (58 km Tenggara MELONGUANE-SULUT), Kedlmn:15 Km #BMKG  Disclaimer:Informasi ini mengutamakan kecepatan," sehingga hasil pengolahan data belum stabil dan bisa berubah seiring kelengkapan data https://t.co/LsnpmJ7XTV"";0;0;0;4;in;108543358;1731803352525312351;infoBMKG;https://twitter.com/infoBMKG/status/1731803352525312351",,,,,
"Mon Dec 04 22:13:10 +0000 2023;1731798826594550062;""#Gempa Mag:2.5", 05-Dec-2023 05:10:46WIB, Lok:0.35LU, 122.14BT (24 km Tenggara POHUWATO-GORONTALO), Kedlmn:149 Km #BMKG  Disclaimer:Informasi ini mengutamakan kecepatan," sehingga hasil pengolahan data belum stabil dan bisa berubah seiring kelengkapan data https://t.co/3CsX88M71q"";0;0;1;21;in;108543358;1731798826594550062;infoBMKG;https://twitter.com/infoBMKG/status/1731798826594550062",,,,,
"Mon Dec 04 22:01:10 +0000 2023;1731795808335577504;""#Gempa Mag:3.9", 05-Dec-2023 04:57:10WIB, Lok:1.01LU, 99.51BT (16 km BaratLaut MANDAILINGNATAL-SUMUT), Kedlmn:10 Km #BMKG  Disclaimer:Informasi ini mengutamakan kecepatan," sehingga hasil pengolahan data belum stabil dan bisa berubah seiring kelengkapan data https://t.co/v1i181rRML"";0;3;20;60;in;108543358;1731795808335577504;infoBMKG;https://twitter.com/infoBMKG/status/1731795808335577504",,,,,
"Mon Dec 04 19:51:09 +0000 2023;1731763090256240978;""#Gempa Mag:4.1", 05-Dec-2023 02:45:54WIB, Lok:0.44LU, 121.88BT (7 km BaratDaya POHUWATO-GORONTALO), Kedlmn:108 Km #BMKG  Disclaimer:Informasi ini mengutamakan kecepatan," sehingga hasil pengolahan data belum stabil dan bisa berubah seiring kelengkapan data https://t.co/yLh7X9eCMB"";0;2;6;23;in;108543358;1731763090256240978;infoBMKG;https://twitter.com/infoBMKG/status/1731763090256240978",,,,,
"Mon Dec 04 19:27:09 +0000 2023;1731757048520663479;""#Gempa Mag:2.8", 05-Dec-2023 02:22:19WIB, Lok:4.40LS, 121.63BT (38 km Tenggara KOLAKA-SULTRA), Kedlmn:10 Km #BMKG  Disclaimer:Informasi ini mengutamakan kecepatan," sehingga hasil pengolahan data belum stabil dan bisa berubah seiring kelengkapan data https://t.co/9Uvn3VTlu0"";0;1;0;9;in;108543358;1731757048520663479;infoBMKG;https://twitter.com/infoBMKG/status/1731757048520663479",,,,,
"Mon Dec 04 19:21:10 +0000 2023;1731755540760698908;""#Gempa Mag:4.5", 05-Dec-2023 02:14:39WIB, Lok:6.28LS, 131.40BT (163 km BaratDaya MALUKUTENGGARA), Kedlmn:10 Km #BMKG  Disclaimer:Informasi ini mengutamakan kecepatan," sehingga hasil pengolahan data belum stabil dan bisa berubah seiring kelengkapan data https://t.co/9Ika3SsUT9"";0;1;0;5;in;108543358;1731755540760698908;infoBMKG;https://twitter.com/infoBMKG/status/1731755540760698908",,,,,
"Mon Dec 04 19:04:09 +0000 2023;1731751261035454532;""#Gempa Mag:3.7", 05-Dec-2023 02:00:50WIB, Lok:3.58LU, 127.02BT (60 km Tenggara MELONGUANE-SULUT), Kedlmn:15 Km #BMKG  Disclaimer:Informasi ini mengutamakan kecepatan," sehingga hasil pengolahan data belum stabil dan bisa berubah seiring kelengkapan data https://t.co/HFZfbnyg1l"";0;1;1;5;in;108543358;1731751261035454532;infoBMKG;https://twitter.com/infoBMKG/status/1731751261035454532",,,,,
"Mon Dec 04 18:25:10 +0000 2023;1731741447978951085;""#Gempa Mag:4.9", 05-Dec-2023 01:21:32WIB, Lok:3.60LU, 126.94BT (53 km Tenggara MELONGUANE-SULUT), Kedlmn:11 Km #BMKG  Disclaimer:Informasi ini mengutamakan kecepatan," sehingga hasil pengolahan data belum stabil dan bisa berubah seiring kelengkapan data https://t.co/TqQ9X9jkcN"";0;0;1;11;in;108543358;1731741447978951085;infoBMKG;https://twitter.com/infoBMKG/status/1731741447978951085",,,,,
"Mon Dec 04 17:12:09 +0000 2023;1731723074679284189;""#Gempa Mag:4.4", 05-Dec-2023 00:07:05WIB, Lok:8.09LU, 126.67BT (454 km BaratLaut MELONGUANE-SULUT), Kedlmn:95 Km #BMKG  Disclaimer:Informasi ini mengutamakan kecepatan," sehingga hasil pengolahan data belum stabil dan bisa berubah seiring kelengkapan data https://t.co/QuMGAk8Rxt"";0;0;2;8;in;108543358;1731723074679284189;infoBMKG;https://twitter.com/infoBMKG/status/1731723074679284189",,,,,
"Sun Dec 03 19:35:10 +0000 2023;1731396676022386737;""#Gempa Mag:2.4", 04-Dec-2023 02:31:52WIB, Lok:0.64LU, 121.44BT (37 km Tenggara BUOL-SULTENG), Kedlmn:49 Km #BMKG  Disclaimer:Informasi ini mengutamakan kecepatan," sehingga hasil pengolahan data belum stabil dan bisa berubah seiring kelengkapan data https://t.co/oySdHSYfHy"";0;0;2;15;in;108543358;1731396676022386737;infoBMKG;https://twitter.com/infoBMKG/status/1731396676022386737",,,,,
"Sun Dec 03 18:18:10 +0000 2023;1731377298715427038;""#Gempa Mag:4.8", 04-Dec-2023 01:11:21WIB, Lok:8.99LU, 126.91BT (555 km TimurLaut MELONGUANE-SULUT), Kedlmn:58 Km #BMKG  Disclaimer:Informasi ini mengutamakan kecepatan," sehingga hasil pengolahan data belum stabil dan bisa berubah seiring kelengkapan data https://t.co/05qSXO3Laf"";0;0;4;21;in;108543358;1731377298715427038;infoBMKG;https://twitter.com/infoBMKG/status/1731377298715427038",,,,,
"Sun Dec 03 17:01:10 +0000 2023;1731357923513966728;""#Gempa Mag:2.9", 03-Dec-2023 23:56:44WIB, Lok:2.58LS, 129.35BT (91 km TimurLaut MALUKUTENGAH), Kedlmn:10 Km #BMKG  Disclaimer:Informasi ini mengutamakan kecepatan," sehingga hasil pengolahan data belum stabil dan bisa berubah seiring kelengkapan data https://t.co/c8C9mgHs64"";0;0;1;8;in;108543358;1731357923513966728;infoBMKG;https://twitter.com/infoBMKG/status/1731357923513966728",,,,,
"Sun Dec 03 16:11:09 +0000 2023;1731345336931844283;""#Gempa Mag:3.2", 03-Dec-2023 23:08:04WIB, Lok:1.96LU, 126.03BT (114 km Tenggara ONDONG-KEP.SITARO-SULUT), Kedlmn:13 Km #BMKG  Disclaimer:Informasi ini mengutamakan kecepatan," sehingga hasil pengolahan data belum stabil dan bisa berubah seiring kelengkapan data https://t.co/fmdWmLNgCf"";0;0;0;15;in;108543358;1731345336931844283;infoBMKG;https://twitter.com/infoBMKG/status/1731345336931844283",,,,,
"Sun Dec 03 15:50:10 +0000 2023;1731340053258154318;""#Gempa Mag:5.0", 03-Dec-2023 22:43:06WIB, Lok:7.45LU, 126.52BT (383 km BaratLaut MELONGUANE-SULUT), Kedlmn:10 Km #BMKG  Disclaimer:Informasi ini mengutamakan kecepatan," sehingga hasil pengolahan data belum stabil dan bisa berubah seiring kelengkapan data https://t.co/P1XWFnIK6C"";0;3;14;36;in;108543358;1731340053258154318;infoBMKG;https://twitter.com/infoBMKG/status/1731340053258154318",,,,,
"Sun Dec 03 15:33:09 +0000 2023;1731335772085858697;""#Gempa Mag:4.9", 03-Dec-2023 22:26:43WIB, Lok:7.56LU, 127.02BT (397 km TimurLaut MELONGUANE-SULUT), Kedlmn:10 Km #BMKG  Disclaimer:Informasi ini mengutamakan kecepatan," sehingga hasil pengolahan data belum stabil dan bisa berubah seiring kelengkapan data https://t.co/adTPEwpDur"";0;3;4;25;in;108543358;1731335772085858697;infoBMKG;https://twitter.com/infoBMKG/status/1731335772085858697",,,,,
"Sun Dec 03 15:14:10 +0000 2023;1731330995348213811;""#Gempa Mag:3.9", 03-Dec-2023 22:09:20WIB, Lok:2.52LU, 126.06BT (81 km Tenggara ONDONG-KEP.SITARO-SULUT), Kedlmn:38 Km #BMKG  Disclaimer:Informasi ini mengutamakan kecepatan," sehingga hasil pengolahan data belum stabil dan bisa berubah seiring kelengkapan data https://t.co/OxlEENOFhc"";0;2;3;19;in;108543358;1731330995348213811;infoBMKG;https://twitter.com/infoBMKG/status/1731330995348213811",,,,,
"Sun Dec 03 14:40:09 +0000 2023;1731322433951736083;""#Gempa Mag:5.9", 03-Dec-2023 21:36:03WIB, Lok:8.35LU, 127.18BT (486 km TimurLaut MELONGUANE-SULUT), Kedlmn:10 Km #BMKG  Disclaimer:Informasi ini mengutamakan kecepatan," sehingga hasil pengolahan data belum stabil dan bisa berubah seiring kelengkapan data https://t.co/hTtecE2uYA"";2;1;12;55;in;108543358;1731322433951736083;infoBMKG;https://twitter.com/infoBMKG/status/1731322433951736083",,,,,
"Sun Dec 03 10:40:10 +0000 2023;1731262039056916533;""#Gempa Mag:6.8", 03-Dec-2023 17:35:57WIB, Lok:8.18LU, 126.88BT (465 km TimurLaut MELONGUANE-SULUT), Kedlmn:10 Km #BMKG  Disclaimer:Informasi ini mengutamakan kecepatan," sehingga hasil pengolahan data belum stabil dan bisa berubah seiring kelengkapan data https://t.co/05RzwbpBil"";10;20;116;273;in;108543358;1731262039056916533;infoBMKG;https://twitter.com/infoBMKG/status/1731262039056916533",,,,,
"Sun Dec 03 08:20:09 +0000 2023;1731226803258438043;""#Gempa Mag:3.4", 03-Dec-2023 15:17:04WIB, Lok:9.77LS, 119.13BT (25 km Tenggara KODI-SUMBABARATDAYA-NTT), Kedlmn:23 Km #BMKG  Disclaimer:Informasi ini mengutamakan kecepatan," sehingga hasil pengolahan data belum stabil dan bisa berubah seiring kelengkapan data https://t.co/KPdKLnxK4p"";0;0;3;15;in;108543358;1731226803258438043;infoBMKG;https://twitter.com/infoBMKG/status/1731226803258438043",,,,,
"Sun Dec 03 07:53:09 +0000 2023;1731220008301461729;""#Gempa Mag:3.8", 03-Dec-2023 14:49:53WIB, Lok:4.32LU, 126.96BT (47 km TimurLaut MELONGUANE-SULUT), Kedlmn:10 Km #BMKG  Disclaimer:Informasi ini mengutamakan kecepatan," sehingga hasil pengolahan data belum stabil dan bisa berubah seiring kelengkapan data https://t.co/0eSX67QprM"";0;1;0;9;in;108543358;1731220008301461729;infoBMKG;https://twitter.com/infoBMKG/status/1731220008301461729",,,,,
"Sun Dec 03 07:40:11 +0000 2023;1731216744776376706;""#Gempa Mag:2.7", 03-Dec-2023 14:36:01WIB, Lok:2.20LS, 120.85BT (55 km BaratLaut LUWUTIMUR-SULSEL), Kedlmn:10 Km #BMKG  Disclaimer:Informasi ini mengutamakan kecepatan," sehingga hasil pengolahan data belum stabil dan bisa berubah seiring kelengkapan data https://t.co/2wFhcNQ6ua"";0;0;1;5;in;108543358;1731216744776376706;infoBMKG;https://twitter.com/infoBMKG/status/1731216744776376706",,,,,
"Sun Dec 03 06:51:09 +0000 2023;1731204408397152449;""#Gempa Mag:3.3", 03-Dec-2023 13:45:11WIB, Lok:8.64LS, 123.60BT (22 km Tenggara LEMBATA-NTT), Kedlmn:127 Km #BMKG  Disclaimer:Informasi ini mengutamakan kecepatan," sehingga hasil pengolahan data belum stabil dan bisa berubah seiring kelengkapan data https://t.co/6c52GTQZnT"";0;0;3;8;in;108543358;1731204408397152449;infoBMKG;https://twitter.com/infoBMKG/status/1731204408397152449",,,,,
"Sun Dec 03 05:05:09 +0000 2023;1731177731596177837;""#Gempa Mag:5.0", 03-Dec-2023 11:59:18WIB, Lok:8.29LU, 126.74BT (476 km TimurLaut MELONGUANE-SULUT), Kedlmn:10 Km #BMKG  Disclaimer:Informasi ini mengutamakan kecepatan," sehingga hasil pengolahan data belum stabil dan bisa berubah seiring kelengkapan data https://t.co/2bM6pKnIjs"";0;0;8;27;in;108543358;1731177731596177837;infoBMKG;https://twitter.com/infoBMKG/status/1731177731596177837",,,,,
"Sun Dec 03 02:43:10 +0000 2023;1731141998567149847;""#Gempa Mag:5.2", 03-Dec-2023 09:39:57WIB, Lok:2.68LS, 129.46BT (88 km TimurLaut MALUKUTENGAH), Kedlmn:10 Km #BMKG  Disclaimer:Informasi ini mengutamakan kecepatan," sehingga hasil pengolahan data belum stabil dan bisa berubah seiring kelengkapan data https://t.co/9uOhrrtC5J"";0;0;4;12;in;108543358;1731141998567149847;infoBMKG;https://twitter.com/infoBMKG/status/1731141998567149847",,,,,
"Sun Dec 03 02:42:58 +0000 2023;1731141949523185671;""#Gempa Mag:5.2", 03-Des-23 09:39:57 WIB, Lok:2.69 LS,129.46 BT (87 km TimurLaut MALUKUTENGAH), Kedlmn:10 Km," tdk berpotensi tsunami #BMKG https://t.co/8mfEx1KW1F"";0;0;7;24;in;108543358;1731141949523185671;infoBMKG;https://twitter.com/infoBMKG/status/1731141949523185671",,,,,
"Sun Dec 03 02:42:54 +0000 2023;1731141934620770437;""#Gempa Magnitudo: 5.2", Kedalaman: 10 km, 03 Des 2023 09:39:57 WIB, Koordinat: 2.69 LS-129.46 BT (87 km TimurLaut MALUKUTENGAH)," Tidak berpotensi tsunami #BMKG https://t.co/OiHiTwvX8x"";0;0;3;4;in;108543358;1731141934620770437;infoBMKG;https://twitter.com/infoBMKG/status/1731141934620770437",,,,,,
"Sun Dec 03 02:07:09 +0000 2023;1731132934026137799;""#Gempa Mag:5.5", 03-Dec-2023 09:02:38WIB, Lok:8.37LU, 127.12BT (488 km TimurLaut MELONGUANE-SULUT), Kedlmn:10 Km #BMKG  Disclaimer:Informasi ini mengutamakan kecepatan," sehingga hasil pengolahan data belum stabil dan bisa berubah seiring kelengkapan data https://t.co/o8yiHcWEzl"";1;0;7;16;in;108543358;1731132934026137799;infoBMKG;https://twitter.com/infoBMKG/status/1731132934026137799",,,,,
"Sun Dec 03 01:40:36 +0000 2023;1731126253590290598;""#Gempa (UPDATE) Mag:4.7", 03-Des-23 08:16:28 WIB, Lok:8.95 LS, 118.79 BT (Pusat gempa berada di Laut 54 Tenggara Kota Bima)," Kedlmn:67 Km Dirasakan (MMI) II-III Bima #BMKG https://t.co/R3WRYrCojn"";0;1;3;12;in;108543358;1731126253590290598;infoBMKG;https://twitter.com/infoBMKG/status/1731126253590290598",,,,,,
"Sun Dec 03 01:40:29 +0000 2023;1731126223118766487;""#Gempa Dirasakan Magnitudo: 4.7", Kedalaman: 67 km, 03 Des 2023 08:16:28 WIB," Koordinat: 8.95 LS-118.79 BT (Pusat gempa berada di Laut 54 Tenggara Kota Bima) #BMKG https://t.co/OiHiTwvX8x"";0;1;1;7;in;108543358;1731126223118766487;infoBMKG;https://twitter.com/infoBMKG/status/1731126223118766487",,,,,,,
"Sun Dec 03 01:20:09 +0000 2023;1731121106709545043;""#Gempa Mag:4.7", 03-Dec-2023 08:16:28WIB, Lok:8.99LS, 118.81BT (59 km Tenggara KOTA-BIMA-NTB), Kedlmn:63 Km #BMKG  Disclaimer:Informasi ini mengutamakan kecepatan," sehingga hasil pengolahan data belum stabil dan bisa berubah seiring kelengkapan data https://t.co/yPvpCnOEzm"";1;1;2;25;in;108543358;1731121106709545043;infoBMKG;https://twitter.com/infoBMKG/status/1731121106709545043",,,,,
"Sun Dec 03 00:31:10 +0000 2023;1731108780493127699;""#Gempa Mag:4.7", 03-Dec-2023 07:24:18WIB, Lok:8.35LS, 119.84BT (17 km BaratLaut LABUANBAJO-NTT), Kedlmn:174 Km #BMKG  Disclaimer:Informasi ini mengutamakan kecepatan," sehingga hasil pengolahan data belum stabil dan bisa berubah seiring kelengkapan data https://t.co/9x80BiSJfS"";0;0;6;23;in;108543358;1731108780493127699;infoBMKG;https://twitter.com/infoBMKG/status/1731108780493127699",,,,,
"Sun Dec 03 00:25:10 +0000 2023;1731107272309543026;""#Gempa Mag:4.2", 03-Dec-2023 07:21:12WIB, Lok:0.74LU, 125.33BT (68 km Tenggara RATAHAN-MITRA-SULUT), Kedlmn:41 Km #BMKG  Disclaimer:Informasi ini mengutamakan kecepatan," sehingga hasil pengolahan data belum stabil dan bisa berubah seiring kelengkapan data https://t.co/xseUgMw2cU"";0;0;2;15;in;108543358;1731107272309543026;infoBMKG;https://twitter.com/infoBMKG/status/1731107272309543026",,,,,
"Sat Dec 02 23:51:09 +0000 2023;1731098708639658150;""#Gempa Mag:4.7", 03-Dec-2023 06:45:23WIB, Lok:8.01LU, 126.86BT (446 km TimurLaut MELONGUANE-SULUT), Kedlmn:10 Km #BMKG  Disclaimer:Informasi ini mengutamakan kecepatan," sehingga hasil pengolahan data belum stabil dan bisa berubah seiring kelengkapan data https://t.co/dtv85hjQOi"";0;0;2;15;in;108543358;1731098708639658150;infoBMKG;https://twitter.com/infoBMKG/status/1731098708639658150",,,,,
"Sat Dec 02 23:50:09 +0000 2023;1731098457577005543;""#Gempa Mag:4.7", 03-Dec-2023 06:45:23WIB, Lok:8.01LU, 126.86BT (446 km TimurLaut MELONGUANE-SULUT), Kedlmn:10 Km #BMKG  Disclaimer:Informasi ini mengutamakan kecepatan," sehingga hasil pengolahan data belum stabil dan bisa berubah seiring kelengkapan data https://t.co/yRbCP42LoD"";0;0;2;6;in;108543358;1731098457577005543;infoBMKG;https://twitter.com/infoBMKG/status/1731098457577005543",,,,,
"Sat Dec 02 23:44:09 +0000 2023;1731096949749932426;""#Gempa Mag:3.7", 03-Dec-2023 06:39:57WIB, Lok:8.30LS, 124.87BT (35 km Tenggara ALOR-NTT), Kedlmn:18 Km #BMKG  Disclaimer:Informasi ini mengutamakan kecepatan," sehingga hasil pengolahan data belum stabil dan bisa berubah seiring kelengkapan data https://t.co/ZaaBb6PSrr"";1;0;4;16;in;108543358;1731096949749932426;infoBMKG;https://twitter.com/infoBMKG/status/1731096949749932426",,,,,
"Sat Dec 02 21:52:09 +0000 2023;1731068763179819481;""#Gempa Mag:5.4", 03-Dec-2023 04:46:44WIB, Lok:8.23LU, 126.95BT (471 km TimurLaut MELONGUANE-SULUT), Kedlmn:43 Km #BMKG  Disclaimer:Informasi ini mengutamakan kecepatan," sehingga hasil pengolahan data belum stabil dan bisa berubah seiring kelengkapan data https://t.co/L9bL9hFfHo"";1;0;8;23;in;108543358;1731068763179819481;infoBMKG;https://twitter.com/infoBMKG/status/1731068763179819481",,,,,
"Sat Dec 02 20:57:10 +0000 2023;1731054924300259679;""#Gempa Mag:6.3", 03-Dec-2023 03:52:24WIB, Lok:8.09LU, 126.90BT (455 km TimurLaut MELONGUANE-SULUT), Kedlmn:10 Km #BMKG  Disclaimer:Informasi ini mengutamakan kecepatan," sehingga hasil pengolahan data belum stabil dan bisa berubah seiring kelengkapan data https://t.co/ZMYGiRvOKb"";0;5;6;33;in;108543358;1731054924300259679;infoBMKG;https://twitter.com/infoBMKG/status/1731054924300259679",,,,,
"Sat Dec 02 20:03:10 +0000 2023;1731041334696513877;""#Gempa Mag:5.3", 03-Dec-2023 02:57:10WIB, Lok:8.27LU, 126.76BT (474 km TimurLaut MELONGUANE-SULUT), Kedlmn:10 Km #BMKG  Disclaimer:Informasi ini mengutamakan kecepatan," sehingga hasil pengolahan data belum stabil dan bisa berubah seiring kelengkapan data https://t.co/V3CNmxL3p1"";0;1;7;24;in;108543358;1731041334696513877;infoBMKG;https://twitter.com/infoBMKG/status/1731041334696513877",,,,,
"Sat Dec 02 19:59:09 +0000 2023;1731040326151028818;""#Gempa Mag:5.2", 03-Dec-2023 02:54:21WIB, Lok:7.79LU, 127.01BT (422 km TimurLaut MELONGUANE-SULUT), Kedlmn:10 Km #BMKG  Disclaimer:Informasi ini mengutamakan kecepatan," sehingga hasil pengolahan data belum stabil dan bisa berubah seiring kelengkapan data https://t.co/znS9dnodgh"";0;1;6;14;in;108543358;1731040326151028818;infoBMKG;https://twitter.com/infoBMKG/status/1731040326151028818",,,,,
"Sat Dec 02 19:54:58 +0000 2023;1731039273892430152;""#Gempa (UPDATE) Mag:2.7", 03-Des-23 01:32:02 WIB, Lok:7.22 LS, 107.43 BT (Pusat gempa berada di darat, 24 km BaratDaya Kab. Bandung), Kedlmn:6 Km Dirasakan (MMI) II - III Kab. Bandung," III Cianjur #BMKG https://t.co/gmd7Dysgif"";0;0;5;13;in;108543358;1731039273892430152;infoBMKG;https://twitter.com/infoBMKG/status/1731039273892430152",,,,
"Sat Dec 02 19:54:47 +0000 2023;1731039228640071686;""#Gempa Dirasakan Magnitudo: 2.7", Kedalaman: 6 km, 03 Des 2023 01:32:02 WIB, Koordinat: 7.22 LS-107.43 BT (Pusat gempa berada di darat," 24 km BaratDaya Kab. Bandung) #BMKG https://t.co/OiHiTwvX8x"";0;0;0;6;in;108543358;1731039228640071686;infoBMKG;https://twitter.com/infoBMKG/status/1731039228640071686",,,,,,
"Sat Dec 02 19:42:09 +0000 2023;1731036047784792393;""#Gempa Mag:5.5", 03-Dec-2023 02:37:03WIB, Lok:8.22LU, 127.08BT (471 km TimurLaut MELONGUANE-SULUT), Kedlmn:10 Km #BMKG  Disclaimer:Informasi ini mengutamakan kecepatan," sehingga hasil pengolahan data belum stabil dan bisa berubah seiring kelengkapan data https://t.co/SwykM4VpoO"";1;3;6;16;in;108543358;1731036047784792393;infoBMKG;https://twitter.com/infoBMKG/status/1731036047784792393",,,,,
"Sat Dec 02 19:23:09 +0000 2023;1731031267989499968;""#Gempa Mag:5.1", 03-Dec-2023 02:17:05WIB, Lok:8.16LU, 127.11BT (464 km TimurLaut MELONGUANE-SULUT), Kedlmn:10 Km #BMKG  Disclaimer:Informasi ini mengutamakan kecepatan," sehingga hasil pengolahan data belum stabil dan bisa berubah seiring kelengkapan data https://t.co/wodfXCz32c"";0;1;2;14;in;108543358;1731031267989499968;infoBMKG;https://twitter.com/infoBMKG/status/1731031267989499968",,,,,
"Sat Dec 02 18:37:08 +0000 2023;1731019687100821769;""#Gempa Mag:2.8", 03-Dec-2023 01:32:01WIB, Lok:7.15LS, 107.44BT (17 km BaratDaya KAB-BANDUNG-JABAR), Kedlmn:10 Km #BMKG  Disclaimer:Informasi ini mengutamakan kecepatan," sehingga hasil pengolahan data belum stabil dan bisa berubah seiring kelengkapan data https://t.co/Ye95Axs5JM"";3;3;11;39;in;108543358;1731019687100821769;infoBMKG;https://twitter.com/infoBMKG/status/1731019687100821769",,,,,
"Sat Dec 02 18:33:10 +0000 2023;1731018688831311899;""#Gempa Mag:4.8", 03-Dec-2023 01:28:37WIB, Lok:2.74LS, 129.62BT (96 km TimurLaut MALUKUTENGAH), Kedlmn:13 Km #BMKG  Disclaimer:Informasi ini mengutamakan kecepatan," sehingga hasil pengolahan data belum stabil dan bisa berubah seiring kelengkapan data https://t.co/rFagC7WZIS"";0;0;3;12;in;108543358;1731018688831311899;infoBMKG;https://twitter.com/infoBMKG/status/1731018688831311899",,,,,
"Sat Dec 02 18:16:09 +0000 2023;1731014405197017544;""#Gempa Mag:6.4", 03-Dec-2023 01:09:31WIB, Lok:8.20LU, 127.13BT (469 km TimurLaut MELONGUANE-SULUT), Kedlmn:69 Km #BMKG  Disclaimer:Informasi ini mengutamakan kecepatan," sehingga hasil pengolahan data belum stabil dan bisa berubah seiring kelengkapan data https://t.co/5e5IFJZOZJ"";0;0;6;13;in;108543358;1731014405197017544;infoBMKG;https://twitter.com/infoBMKG/status/1731014405197017544",,,,,
"Sat Dec 02 18:14:09 +0000 2023;1731013901498896672;""#Gempa Mag:6.5", 03-Dec-2023 01:09:25WIB, Lok:8.39LU, 127.26BT (492 km TimurLaut MELONGUANE-SULUT), Kedlmn:10 Km #BMKG  Disclaimer:Informasi ini mengutamakan kecepatan," sehingga hasil pengolahan data belum stabil dan bisa berubah seiring kelengkapan data https://t.co/75M8xiw6pN"";0;0;10;17;in;108543358;1731013901498896672;infoBMKG;https://twitter.com/infoBMKG/status/1731013901498896672",,,,,
"Sat Dec 02 18:02:09 +0000 2023;1731010882120151253;""#Gempa Mag:6.0", 03-Dec-2023 00:55:33WIB, Lok:8.25LU, 126.91BT (473 km TimurLaut MELONGUANE-SULUT), Kedlmn:93 Km #BMKG  Disclaimer:Informasi ini mengutamakan kecepatan," sehingga hasil pengolahan data belum stabil dan bisa berubah seiring kelengkapan data https://t.co/ML8EgvIL64"";0;0;4;14;in;108543358;1731010882120151253;infoBMKG;https://twitter.com/infoBMKG/status/1731010882120151253",,,,,
"Sat Dec 02 18:01:10 +0000 2023;1731010634542940665;""#Gempa Mag:6.1", 03-Dec-2023 00:55:29WIB, Lok:8.55LU, 126.93BT (506 km TimurLaut MELONGUANE-SULUT), Kedlmn:115 Km #BMKG  Disclaimer:Informasi ini mengutamakan kecepatan," sehingga hasil pengolahan data belum stabil dan bisa berubah seiring kelengkapan data https://t.co/MGMzUYndKj"";0;1;5;12;in;108543358;1731010634542940665;infoBMKG;https://twitter.com/infoBMKG/status/1731010634542940665",,,,,
"Sat Dec 02 17:45:09 +0000 2023;1731006605658067421;""#Gempa Mag:6.5", 03-Dec-2023 00:40:17WIB, Lok:8.34LU, 127.03BT (483 km TimurLaut MELONGUANE-SULUT), Kedlmn:95 Km #BMKG  Disclaimer:Informasi ini mengutamakan kecepatan," sehingga hasil pengolahan data belum stabil dan bisa berubah seiring kelengkapan data https://t.co/1sOSKvvMJp"";0;1;25;39;in;108543358;1731006605658067421;infoBMKG;https://twitter.com/infoBMKG/status/1731006605658067421",,,,,
"Sat Dec 02 17:35:09 +0000 2023;1731004086886285624;""#Gempa Mag:5.6", 03-Dec-2023 00:31:35WIB, Lok:9.20LU, 127.20BT (580 km TimurLaut MELONGUANE-SULUT), Kedlmn:162 Km #BMKG  Disclaimer:Informasi ini mengutamakan kecepatan," sehingga hasil pengolahan data belum stabil dan bisa berubah seiring kelengkapan data https://t.co/pDULTIcM2E"";0;0;6;18;in;108543358;1731004086886285624;infoBMKG;https://twitter.com/infoBMKG/status/1731004086886285624",,,,,
"Sat Dec 02 17:24:09 +0000 2023;1731001320474386490;""#Gempa Mag:2.9", 03-Dec-2023 00:20:44WIB, Lok:2.75LS, 129.61BT (94 km TimurLaut MALUKUTENGAH), Kedlmn:10 Km #BMKG  Disclaimer:Informasi ini mengutamakan kecepatan," sehingga hasil pengolahan data belum stabil dan bisa berubah seiring kelengkapan data https://t.co/Bx6HUUE7m4"";0;0;1;9;in;108543358;1731001320474386490;infoBMKG;https://twitter.com/infoBMKG/status/1731001320474386490",,,,,
"Sat Dec 02 17:17:10 +0000 2023;1730999560766738875;""#Gempa Mag:2.5", 03-Dec-2023 00:15:08WIB, Lok:0.29LU, 121.87BT (20 km BaratDaya POHUWATO-GORONTALO), Kedlmn:142 Km #BMKG  Disclaimer:Informasi ini mengutamakan kecepatan," sehingga hasil pengolahan data belum stabil dan bisa berubah seiring kelengkapan data https://t.co/YjQlggWiBU"";0;0;1;11;in;108543358;1730999560766738875;infoBMKG;https://twitter.com/infoBMKG/status/1730999560766738875",,,,,
"Sat Dec 02 17:07:09 +0000 2023;1730997041676107852;""#Gempa Mag:5.5", 03-Dec-2023 00:02:05WIB, Lok:8.07LU, 126.90BT (453 km TimurLaut MELONGUANE-SULUT), Kedlmn:10 Km #BMKG  Disclaimer:Informasi ini mengutamakan kecepatan," sehingga hasil pengolahan data belum stabil dan bisa berubah seiring kelengkapan data https://t.co/Zm3HABZ0Kf"";1;0;7;22;in;108543358;1730997041676107852;infoBMKG;https://twitter.com/infoBMKG/status/1730997041676107852",,,,,
"Sat Dec 02 16:56:10 +0000 2023;1730994275666784636;""#Gempa Mag:5.9", 02-Dec-2023 23:52:53WIB, Lok:9.64LU, 127.38BT (631 km TimurLaut MELONGUANE-SULUT), Kedlmn:94 Km #BMKG  Disclaimer:Informasi ini mengutamakan kecepatan," sehingga hasil pengolahan data belum stabil dan bisa berubah seiring kelengkapan data https://t.co/1kZoWdOiN3"";0;0;5;17;in;108543358;1730994275666784636;infoBMKG;https://twitter.com/infoBMKG/status/1730994275666784636",,,,,
"Sat Dec 02 16:54:10 +0000 2023;1730993774220964281;""#Gempa Mag:4.9", 02-Dec-2023 23:47:34WIB, Lok:7.51LU, 126.56BT (390 km BaratLaut MELONGUANE-SULUT), Kedlmn:35 Km #BMKG  Disclaimer:Informasi ini mengutamakan kecepatan," sehingga hasil pengolahan data belum stabil dan bisa berubah seiring kelengkapan data https://t.co/MQ0i2b8gz5"";1;0;1;15;in;108543358;1730993774220964281;infoBMKG;https://twitter.com/infoBMKG/status/1730993774220964281",,,,,
"Sat Dec 02 16:41:11 +0000 2023;1730990506849841206;""#Gempa (UPDATE) Mag:5.0", 02-Des-23 21:57:22 WIB, Lok:2.67 LS, 129.62 BT (Pusat gempa berada di laut 21 km TimurLaut Wahai)," Kedlmn:10 Km Dirasakan (MMI) II Kairatu #BMKG https://t.co/XotDbZwzwj"";0;0;1;20;in;108543358;1730990506849841206;infoBMKG;https://twitter.com/infoBMKG/status/1730990506849841206",,,,,,
"Sat Dec 02 16:41:09 +0000 2023;1730990497328767100;""#Gempa Mag:5.7", 02-Dec-2023 23:34:29WIB, Lok:8.38LU, 126.92BT (487 km TimurLaut MELONGUANE-SULUT), Kedlmn:49 Km #BMKG  Disclaimer:Informasi ini mengutamakan kecepatan," sehingga hasil pengolahan data belum stabil dan bisa berubah seiring kelengkapan data https://t.co/jeb2GrybZT"";0;0;3;15;in;108543358;1730990497328767100;infoBMKG;https://twitter.com/infoBMKG/status/1730990497328767100",,,,,
"Sat Dec 02 16:41:02 +0000 2023;1730990467851186305;""#Gempa Dirasakan Magnitudo: 5.0", Kedalaman: 10 km, 02 Des 2023 21:57:22 WIB," Koordinat: 2.67 LS-129.62 BT (Pusat gempa berada di laut 21 km TimurLaut Wahai) #BMKG https://t.co/OiHiTwvX8x"";0;0;1;12;in;108543358;1730990467851186305;infoBMKG;https://twitter.com/infoBMKG/status/1730990467851186305",,,,,,,
"Sat Dec 02 16:40:10 +0000 2023;1730990248799412679;""#Gempa Mag:5.7", 02-Dec-2023 23:34:29WIB, Lok:8.38LU, 126.92BT (487 km TimurLaut MELONGUANE-SULUT), Kedlmn:49 Km #BMKG  Disclaimer:Informasi ini mengutamakan kecepatan," sehingga hasil pengolahan data belum stabil dan bisa berubah seiring kelengkapan data https://t.co/oduyu34lYh"";0;0;2;15;in;108543358;1730990248799412679;infoBMKG;https://twitter.com/infoBMKG/status/1730990248799412679",,,,,
"Sat Dec 02 16:38:09 +0000 2023;1730989742077219127;""#Gempa Mag:6.1", 02-Dec-2023 23:33:01WIB, Lok:11.55LU, 127.59BT (845 km TimurLaut MELONGUANE-SULUT), Kedlmn:122 Km #BMKG  Disclaimer:Informasi ini mengutamakan kecepatan," sehingga hasil pengolahan data belum stabil dan bisa berubah seiring kelengkapan data https://t.co/msWB0j3faB"";1;1;17;28;in;108543358;1730989742077219127;infoBMKG;https://twitter.com/infoBMKG/status/1730989742077219127",,,,,
"Sat Dec 02 16:32:57 +0000 2023;1730988432414101815;""#Gempa (UPDATE) Mag:7.5", 02-Des-23 21:37:07 WIB, Lok:8.53 LU, 126.59 BT (Pusat gempa berada di laut 420 km BaratLaut Pulau Karatung)," Kedlmn:56 Km Dirasakan (MMI) III Naha #BMKG https://t.co/1pc4S4enkB"";11;30;124;306;in;108543358;1730988432414101815;infoBMKG;https://twitter.com/infoBMKG/status/1730988432414101815",,,,,,
"Sat Dec 02 16:32:46 +0000 2023;1730988388273262722;""#Gempa Dirasakan Magnitudo: 7.5", Kedalaman: 56 km, 02 Des 2023 21:37:07 WIB," Koordinat: 8.53 LU-126.59 BT (Pusat gempa berada di laut 420 km BaratLaut Pulau Karatung) #BMKG https://t.co/OiHiTwvX8x"";1;3;24;49;in;108543358;1730988388273262722;infoBMKG;https://twitter.com/infoBMKG/status/1730988388273262722",,,,,,,
"Sat Dec 02 16:26:09 +0000 2023;1730986722459308218;""#Gempa Mag:6.2", 02-Dec-2023 23:19:47WIB, Lok:8.32LU, 127.14BT (482 km TimurLaut MELONGUANE-SULUT), Kedlmn:106 Km #BMKG  Disclaimer:Informasi ini mengutamakan kecepatan," sehingga hasil pengolahan data belum stabil dan bisa berubah seiring kelengkapan data https://t.co/84g6qzeLEq"";0;1;14;42;in;108543358;1730986722459308218;infoBMKG;https://twitter.com/infoBMKG/status/1730986722459308218",,,,,
"Sat Dec 02 16:23:09 +0000 2023;1730985968805822485;""#Gempa Mag:5.7", 02-Dec-2023 23:17:04WIB, Lok:8.11LU, 126.88BT (457 km TimurLaut MELONGUANE-SULUT), Kedlmn:10 Km #BMKG  Disclaimer:Informasi ini mengutamakan kecepatan," sehingga hasil pengolahan data belum stabil dan bisa berubah seiring kelengkapan data https://t.co/IAJ3lcgrVq"";3;1;10;20;in;108543358;1730985968805822485;infoBMKG;https://twitter.com/infoBMKG/status/1730985968805822485",,,,,
"Sat Dec 02 16:06:08 +0000 2023;1730981685297361213;""#Gempa Mag:3.1", 02-Dec-2023 23:04:08WIB, Lok:7.67LS, 115.00BT (50 km BaratLaut BULELENG-BALI), Kedlmn:13 Km #BMKG  Disclaimer:Informasi ini mengutamakan kecepatan," sehingga hasil pengolahan data belum stabil dan bisa berubah seiring kelengkapan data https://t.co/Oys71MeW4F"";0;1;7;24;in;108543358;1730981685297361213;infoBMKG;https://twitter.com/infoBMKG/status/1730981685297361213",,,,,
"Sat Dec 02 16:01:08 +0000 2023;1730980428608307571;""#Gempa Mag:5.2", 02-Dec-2023 22:54:17WIB, Lok:7.93LU, 126.90BT (437 km TimurLaut MELONGUANE-SULUT), Kedlmn:82 Km #BMKG  Disclaimer:Informasi ini mengutamakan kecepatan," sehingga hasil pengolahan data belum stabil dan bisa berubah seiring kelengkapan data https://t.co/BoRnQ5xBFG"";0;1;8;14;in;108543358;1730980428608307571;infoBMKG;https://twitter.com/infoBMKG/status/1730980428608307571",,,,,
"Sat Dec 02 15:57:10 +0000 2023;1730979428325621792;""#Gempa Mag:5.4", 02-Dec-2023 22:50:48WIB, Lok:7.79LU, 126.76BT (421 km TimurLaut MELONGUANE-SULUT), Kedlmn:10 Km #BMKG  Disclaimer:Informasi ini mengutamakan kecepatan," sehingga hasil pengolahan data belum stabil dan bisa berubah seiring kelengkapan data https://t.co/iMXMvw5Ja3"";2;0;6;20;in;108543358;1730979428325621792;infoBMKG;https://twitter.com/infoBMKG/status/1730979428325621792",,,,,
"Sat Dec 02 15:48:09 +0000 2023;1730977160893284613;""#Gempa Mag:5.6", 02-Dec-2023 22:42:56WIB, Lok:8.21LU, 127.12BT (470 km TimurLaut MELONGUANE-SULUT), Kedlmn:49 Km #BMKG  Disclaimer:Informasi ini mengutamakan kecepatan," sehingga hasil pengolahan data belum stabil dan bisa berubah seiring kelengkapan data https://t.co/ljuwkmMIuq"";0;3;15;28;in;108543358;1730977160893284613;infoBMKG;https://twitter.com/infoBMKG/status/1730977160893284613",,,,,
"Sat Dec 02 15:44:10 +0000 2023;1730976156684628169;""#Gempa Mag:5.7", 02-Dec-2023 22:38:29WIB, Lok:7.99LU, 127.05BT (445 km TimurLaut MELONGUANE-SULUT), Kedlmn:10 Km #BMKG  Disclaimer:Informasi ini mengutamakan kecepatan," sehingga hasil pengolahan data belum stabil dan bisa berubah seiring kelengkapan data https://t.co/59aAbjncIE"";1;0;7;22;in;108543358;1730976156684628169;infoBMKG;https://twitter.com/infoBMKG/status/1730976156684628169",,,,,
"Sat Dec 02 15:36:09 +0000 2023;1730974140159664441;""#Gempa Mag:5.7", 02-Dec-2023 22:29:33WIB, Lok:8.40LU, 127.31BT (494 km TimurLaut MELONGUANE-SULUT), Kedlmn:101 Km #BMKG  Disclaimer:Informasi ini mengutamakan kecepatan," sehingga hasil pengolahan data belum stabil dan bisa berubah seiring kelengkapan data https://t.co/uuZIb4bjMR"";1;0;6;15;in;108543358;1730974140159664441;infoBMKG;https://twitter.com/infoBMKG/status/1730974140159664441",,,,,
"Sat Dec 02 15:35:09 +0000 2023;1730973888228811188;""#Gempa Mag:5.7", 02-Dec-2023 22:29:33WIB, Lok:8.40LU, 127.31BT (494 km TimurLaut MELONGUANE-SULUT), Kedlmn:101 Km #BMKG  Disclaimer:Informasi ini mengutamakan kecepatan," sehingga hasil pengolahan data belum stabil dan bisa berubah seiring kelengkapan data https://t.co/tajfmHzbcp"";0;0;7;18;in;108543358;1730973888228811188;infoBMKG;https://twitter.com/infoBMKG/status/1730973888228811188",,,,,
"Sat Dec 02 15:25:10 +0000 2023;1730971373772931265;""#Gempa Mag:3.6", 02-Dec-2023 22:22:18WIB, Lok:2.73LS, 129.62BT (97 km TimurLaut MALUKUTENGAH), Kedlmn:10 Km #BMKG  Disclaimer:Informasi ini mengutamakan kecepatan," sehingga hasil pengolahan data belum stabil dan bisa berubah seiring kelengkapan data https://t.co/b2cvPGwcsa"";0;0;4;11;in;108543358;1730971373772931265;infoBMKG;https://twitter.com/infoBMKG/status/1730971373772931265",,,,,
"Sat Dec 02 15:07:11 +0000 2023;1730966851256262936;""#Gempa Mag:6.2", 02-Dec-2023 22:00:14WIB, Lok:8.31LU, 126.98BT (480 km TimurLaut MELONGUANE-SULUT), Kedlmn:47 Km #BMKG  Disclaimer:Informasi ini mengutamakan kecepatan," sehingga hasil pengolahan data belum stabil dan bisa berubah seiring kelengkapan data https://t.co/hqZOSLlsLN"";2;3;37;70;in;108543358;1730966851256262936;infoBMKG;https://twitter.com/infoBMKG/status/1730966851256262936",,,,,
"Sat Dec 02 15:01:10 +0000 2023;1730965336403615857;""#Gempa Mag:5.3", 02-Dec-2023 21:57:22WIB, Lok:2.67LS, 129.62BT (101 km TimurLaut MALUKUTENGAH), Kedlmn:10 Km #BMKG  Disclaimer:Informasi ini mengutamakan kecepatan," sehingga hasil pengolahan data belum stabil dan bisa berubah seiring kelengkapan data https://t.co/sqJ7h5mgFz"";1;0;2;15;in;108543358;1730965336403615857;infoBMKG;https://twitter.com/infoBMKG/status/1730965336403615857",,,,,
"Sat Dec 02 15:00:41 +0000 2023;1730965213472772468;""#Gempa Mag:5.0", 02-Des-23 21:57:22 WIB, Lok:2.67 LS,129.62 BT (101 km TimurLaut MALUKUTENGAH), Kedlmn:10 Km," tdk berpotensi tsunami #BMKG https://t.co/DgPEaNCgPm"";3;1;4;15;in;108543358;1730965213472772468;infoBMKG;https://twitter.com/infoBMKG/status/1730965213472772468",,,,,
"Sat Dec 02 15:00:40 +0000 2023;1730965211010723874;""#Gempa Magnitudo: 5.0", Kedalaman: 10 km, 02 Des 2023 21:57:22 WIB, Koordinat: 2.67 LS-129.62 BT (101 km TimurLaut MALUKUTENGAH)," Tidak berpotensi tsunami #BMKG https://t.co/OiHiTwvX8x"";0;0;0;3;in;108543358;1730965211010723874;infoBMKG;https://twitter.com/infoBMKG/status/1730965211010723874",,,,,,
"Sat Dec 02 14:41:09 +0000 2023;1730960296930574592;""#Gempa Mag:7.5", 02-Dec-2023 21:36:27WIB, Lok:11.56LU, 126.87BT (840 km TimurLaut MELONGUANE-SULUT), Kedlmn:113 Km #BMKG  Disclaimer:Informasi ini mengutamakan kecepatan," sehingga hasil pengolahan data belum stabil dan bisa berubah seiring kelengkapan data https://t.co/SGP68QhV3H"";33;53;258;591;in;108543358;1730960296930574592;infoBMKG;https://twitter.com/infoBMKG/status/1730960296930574592",,,,,
"Sat Dec 02 14:17:09 +0000 2023;1730954258168828246;""#Gempa Mag:3.5", 02-Dec-2023 21:14:36WIB, Lok:10.03LS, 123.77BT (13 km BaratDaya KAB-KUPANG-NTT), Kedlmn:28 Km #BMKG  Disclaimer:Informasi ini mengutamakan kecepatan," sehingga hasil pengolahan data belum stabil dan bisa berubah seiring kelengkapan data https://t.co/mkVeQg8H83"";0;0;0;12;in;108543358;1730954258168828246;infoBMKG;https://twitter.com/infoBMKG/status/1730954258168828246",,,,,
"Sat Dec 02 14:07:10 +0000 2023;1730951744426037390;""#Gempa Mag:3.8", 02-Dec-2023 21:03:58WIB, Lok:0.03LS, 123.70BT (55 km BaratDaya BOLAANGUKI-BOLSEL-SULUT), Kedlmn:119 Km #BMKG  Disclaimer:Informasi ini mengutamakan kecepatan," sehingga hasil pengolahan data belum stabil dan bisa berubah seiring kelengkapan data https://t.co/nLrIvD9PzD"";0;0;2;12;in;108543358;1730951744426037390;infoBMKG;https://twitter.com/infoBMKG/status/1730951744426037390",,,,,
"Sat Dec 02 13:51:54 +0000 2023;1730947902984601769;""#Gempa (UPDATE) Mag:5.0", 02-Des-23 20:42:04 WIB, Lok:3.53 LS, 102.01 BT (Pusat gempa berada di laut 23 km BaratDaya Bengkulu Utara), Kedlmn:108 Km Dirasakan (MMI) II-III Kota Bengkulu," II Mukomuko #BMKG https://t.co/3hb2VPs5ul"";5;0;28;61;in;108543358;1730947902984601769;infoBMKG;https://twitter.com/infoBMKG/status/1730947902984601769",,,,,
"Sat Dec 02 13:51:42 +0000 2023;1730947853693186521;""#Gempa Dirasakan Magnitudo: 5.0", Kedalaman: 108 km, 02 Des 2023 20:42:04 WIB," Koordinat: 3.53 LS-102.01 BT (Pusat gempa berada di laut 23 km BaratDaya Bengkulu Utara) #BMKG https://t.co/OiHiTwvX8x"";0;0;3;12;in;108543358;1730947853693186521;infoBMKG;https://twitter.com/infoBMKG/status/1730947853693186521",,,,,,,
"Sat Dec 02 13:45:17 +0000 2023;1730946238177251803;""#Gempa Mag:5.0", 02-Des-23 20:42:04 WIB, Lok:3.53 LS,102.01 BT (23 km BaratDaya BENGKULUUTARA), Kedlmn:108 Km," tdk berpotensi tsunami #BMKG https://t.co/voqLwEsxCq"";7;8;14;60;in;108543358;1730946238177251803;infoBMKG;https://twitter.com/infoBMKG/status/1730946238177251803",,,,,
"Sat Dec 02 13:45:16 +0000 2023;1730946235941712204;""#Gempa Magnitudo: 5.0", Kedalaman: 108 km, 02 Des 2023 20:42:04 WIB, Koordinat: 3.53 LS-102.01 BT (23 km BaratDaya BENGKULUUTARA)," Tidak berpotensi tsunami #BMKG https://t.co/OiHiTwvX8x"";0;1;1;7;in;108543358;1730946235941712204;infoBMKG;https://twitter.com/infoBMKG/status/1730946235941712204",,,,,,
"Sat Dec 02 13:44:09 +0000 2023;1730945955875438686;""#Gempa Mag:4.9", 02-Dec-2023 20:42:06WIB, Lok:3.50LS, 102.00BT (22 km BaratDaya BENGKULUUTARA), Kedlmn:88 Km #BMKG  Disclaimer:Informasi ini mengutamakan kecepatan," sehingga hasil pengolahan data belum stabil dan bisa berubah seiring kelengkapan data https://t.co/axcDNM7Wgb"";6;9;7;49;in;108543358;1730945955875438686;infoBMKG;https://twitter.com/infoBMKG/status/1730945955875438686",,,,,
"Sat Dec 02 12:34:08 +0000 2023;1730928334052491710;""#Gempa Mag:2.5", 02-Dec-2023 19:31:02WIB, Lok:5.23LU, 96.22BT (27 km BaratLaut KAB-PIDIEJAYA-ACEH), Kedlmn:10 Km #BMKG  Disclaimer:Informasi ini mengutamakan kecepatan," sehingga hasil pengolahan data belum stabil dan bisa berubah seiring kelengkapan data https://t.co/Qerzs9Wp37"";1;0;1;13;in;108543358;1730928334052491710;infoBMKG;https://twitter.com/infoBMKG/status/1730928334052491710",,,,,
"Sat Dec 02 12:19:51 +0000 2023;1730924739705876818;""#Gempa (UPDATE) Mag:6.0", 02-Des-23 19:01:02 WIB, Lok:7.13 LS, 129.81 BT (Pusat gempa berada di laut 190 km BaratLaut Tanimbar), Kedlmn:157 Km Dirasakan (MMI) II-III Saumlaki, II Tual," II Damer #BMKG https://t.co/QumqOnj7EM"";0;0;9;26;in;108543358;1730924739705876818;infoBMKG;https://twitter.com/infoBMKG/status/1730924739705876818",,,,
"Sat Dec 02 12:19:39 +0000 2023;1730924689705558159;""#Gempa Dirasakan Magnitudo: 6.0", Kedalaman: 157 km, 02 Des 2023 19:01:02 WIB," Koordinat: 7.13 LS-129.81 BT (Pusat gempa berada di laut 190 km BaratLaut Tanimbar) #BMKG https://t.co/OiHiTwvX8x"";0;0;2;8;in;108543358;1730924689705558159;infoBMKG;https://twitter.com/infoBMKG/status/1730924689705558159",,,,,,,
"Sat Dec 02 12:04:38 +0000 2023;1730920911052935655;""#Gempa Mag:6.0", 02-Des-23 19:01:02 WIB, Lok:7.13 LS,129.81 BT (190 km BaratLaut TANIMBAR), Kedlmn:157 Km," tdk berpotensi tsunami #BMKG https://t.co/Nm8ELqaRUW"";0;0;6;19;in;108543358;1730920911052935655;infoBMKG;https://twitter.com/infoBMKG/status/1730920911052935655",,,,,
"Sat Dec 02 12:04:38 +0000 2023;1730920908590878881;""#Gempa Magnitudo: 6.0", Kedalaman: 157 km, 02 Des 2023 19:01:02 WIB, Koordinat: 7.13 LS-129.81 BT (190 km BaratLaut TANIMBAR)," Tidak berpotensi tsunami #BMKG https://t.co/OiHiTwvX8x"";0;0;2;8;in;108543358;1730920908590878881;infoBMKG;https://twitter.com/infoBMKG/status/1730920908590878881",,,,,,
"Sat Dec 02 12:04:08 +0000 2023;1730920785072824602;""#Gempa Mag:6.1", 02-Dec-2023 19:01:02WIB, Lok:7.15LS, 129.82BT (188 km BaratLaut MALUKUTENGGARABRT), Kedlmn:162 Km #BMKG  Disclaimer:Informasi ini mengutamakan kecepatan," sehingga hasil pengolahan data belum stabil dan bisa berubah seiring kelengkapan data https://t.co/ev2v3MO7g4"";0;0;4;18;in;108543358;1730920785072824602;infoBMKG;https://twitter.com/infoBMKG/status/1730920785072824602",,,,,
"Sat Dec 02 11:57:08 +0000 2023;1730919022299172893;""#Gempa Mag:3.3", 02-Dec-2023 18:54:43WIB, Lok:3.52LS, 140.25BT (60 km BaratDaya KEEROM-PAPUA), Kedlmn:10 Km #BMKG  Disclaimer:Informasi ini mengutamakan kecepatan," sehingga hasil pengolahan data belum stabil dan bisa berubah seiring kelengkapan data https://t.co/CjygrzpHfV"";0;0;2;9;in;108543358;1730919022299172893;infoBMKG;https://twitter.com/infoBMKG/status/1730919022299172893",,,,,
"Sat Dec 02 11:56:09 +0000 2023;1730918774197641244;""#Gempa Mag:3.4", 02-Dec-2023 18:53:38WIB, Lok:5.70LU, 126.25BT (194 km BaratLaut MELONGUANE-SULUT), Kedlmn:105 Km #BMKG  Disclaimer:Informasi ini mengutamakan kecepatan," sehingga hasil pengolahan data belum stabil dan bisa berubah seiring kelengkapan data https://t.co/I6aHcWpT4S"";0;0;1;8;in;108543358;1730918774197641244;infoBMKG;https://twitter.com/infoBMKG/status/1730918774197641244",,,,,
"Sat Dec 02 11:10:09 +0000 2023;1730907199457927575;""#Gempa Mag:3.2", 02-Dec-2023 18:06:03WIB, Lok:1.99LU, 128.91BT (68 km Tenggara DARUBA-MALUT), Kedlmn:10 Km #BMKG  Disclaimer:Informasi ini mengutamakan kecepatan," sehingga hasil pengolahan data belum stabil dan bisa berubah seiring kelengkapan data https://t.co/h629jSqYYD"";0;0;1;10;in;108543358;1730907199457927575;infoBMKG;https://twitter.com/infoBMKG/status/1730907199457927575",,,,,
"Sat Dec 02 11:09:10 +0000 2023;1730906951293587745;""#Gempa Mag:2.7", 02-Dec-2023 18:04:32WIB, Lok:1.23LS, 120.26BT (45 km TimurLaut SIGI-SULTENG), Kedlmn:10 Km #BMKG  Disclaimer:Informasi ini mengutamakan kecepatan," sehingga hasil pengolahan data belum stabil dan bisa berubah seiring kelengkapan data https://t.co/bmqnCEFLDH"";0;0;0;6;in;108543358;1730906951293587745;infoBMKG;https://twitter.com/infoBMKG/status/1730906951293587745",,,,,
"Sat Dec 02 11:07:08 +0000 2023;1730906439009591492;""#Gempa Mag:2.8", 02-Dec-2023 18:02:46WIB, Lok:8.29LS, 108.80BT (66 km BaratDaya CILACAP-JATENG), Kedlmn:71 Km #BMKG  Disclaimer:Informasi ini mengutamakan kecepatan," sehingga hasil pengolahan data belum stabil dan bisa berubah seiring kelengkapan data https://t.co/xPh8ir2amW"";0;0;12;18;in;108543358;1730906439009591492;infoBMKG;https://twitter.com/infoBMKG/status/1730906439009591492",,,,,
"Sat Dec 02 10:50:10 +0000 2023;1730902167559754076;""#Gempa Mag:2.9", 02-Dec-2023 17:46:58WIB, Lok:8.91LS, 124.09BT (82 km BaratLaut TIMORTENGAHUT-NTT), Kedlmn:70 Km #BMKG  Disclaimer:Informasi ini mengutamakan kecepatan," sehingga hasil pengolahan data belum stabil dan bisa berubah seiring kelengkapan data https://t.co/lAqVx1fvyS"";0;0;0;9;in;108543358;1730902167559754076;infoBMKG;https://twitter.com/infoBMKG/status/1730902167559754076",,,,,
"Sat Dec 02 09:24:09 +0000 2023;1730880521096643055;""#Gempa Mag:3.4", 02-Dec-2023 16:19:57WIB, Lok:1.58LS, 136.81BT (73 km TimurLaut KEP-YAPEN-PAPUA), Kedlmn:12 Km #BMKG  Disclaimer:Informasi ini mengutamakan kecepatan," sehingga hasil pengolahan data belum stabil dan bisa berubah seiring kelengkapan data https://t.co/fevd6yIwAh"";0;0;1;4;in;108543358;1730880521096643055;infoBMKG;https://twitter.com/infoBMKG/status/1730880521096643055",,,,,
"Sat Dec 02 09:02:10 +0000 2023;1730874990172778538;""#Gempa Mag:2.6", 02-Dec-2023 15:56:33WIB, Lok:2.81LS, 119.10BT (27 km BaratLaut MAMASA-SULBAR), Kedlmn:10 Km #BMKG  Disclaimer:Informasi ini mengutamakan kecepatan," sehingga hasil pengolahan data belum stabil dan bisa berubah seiring kelengkapan data https://t.co/VmKSOKisx8"";0;0;5;10;in;108543358;1730874990172778538;infoBMKG;https://twitter.com/infoBMKG/status/1730874990172778538",,,,,
"Sat Dec 02 08:49:08 +0000 2023;1730871710495428750;""#Gempa Mag:3.5", 02-Dec-2023 15:46:02WIB, Lok:7.00LS, 107.27BT (24 km Tenggara KAB-CIANJUR-JABAR), Kedlmn:148 Km #BMKG  Disclaimer:Informasi ini mengutamakan kecepatan," sehingga hasil pengolahan data belum stabil dan bisa berubah seiring kelengkapan data https://t.co/heUn08eFEz"";3;2;14;40;in;108543358;1730871710495428750;infoBMKG;https://twitter.com/infoBMKG/status/1730871710495428750",,,,,
"Sat Dec 02 06:20:08 +0000 2023;1730834213883306218;""#Gempa Mag:4.3", 02-Dec-2023 13:15:54WIB, Lok:5.98LS, 105.79BT (18 km BaratLaut ANYER-BANTEN), Kedlmn:128 Km #BMKG  Disclaimer:Informasi ini mengutamakan kecepatan," sehingga hasil pengolahan data belum stabil dan bisa berubah seiring kelengkapan data https://t.co/HLJZzAII16"";1;4;18;61;in;108543358;1730834213883306218;infoBMKG;https://twitter.com/infoBMKG/status/1730834213883306218",,,,,
"Sat Dec 02 06:00:14 +0000 2023;1730829206748271012;""#Gempa (UPDATE) Mag:5.2", 02-Des-23 12:37:31 WIB, Lok:9.38 LS, 112.65 BT (Pusat gempa berada di laut 138 km Tenggara Kab. Malang)," Kedlmn:10 Km Dirasakan (MMI) II Malang #BMKG https://t.co/Xm8SJ4bcOm"";3;2;46;122;in;108543358;1730829206748271012;infoBMKG;https://twitter.com/infoBMKG/status/1730829206748271012",,,,,,
"Sat Dec 02 06:00:03 +0000 2023;1730829158249644133;""#Gempa Dirasakan Magnitudo: 5.2", Kedalaman: 10 km, 02 Des 2023 12:37:31 WIB," Koordinat: 9.38 LS-112.65 BT (Pusat gempa berada di laut 138 km Tenggara Kab. Malang) #BMKG https://t.co/OiHiTwvX8x"";0;0;5;11;in;108543358;1730829158249644133;infoBMKG;https://twitter.com/infoBMKG/status/1730829158249644133",,,,,,,
"Sat Dec 02 05:42:09 +0000 2023;1730824652736668037;""#Gempa Mag:5.3", 02-Dec-2023 12:37:23WIB, Lok:9.98LS, 112.51BT (204 km BaratDaya KAB-MALANG-JATIM), Kedlmn:10 Km #BMKG  Disclaimer:Informasi ini mengutamakan kecepatan," sehingga hasil pengolahan data belum stabil dan bisa berubah seiring kelengkapan data https://t.co/Jy73lpcbui"";46;23;89;284;in;108543358;1730824652736668037;infoBMKG;https://twitter.com/infoBMKG/status/1730824652736668037",,,,,
"Sat Dec 02 05:40:53 +0000 2023;1730824335785607401;""#Gempa Mag:5.2", 02-Des-23 12:37:31 WIB, Lok:9.38 LS,112.65 BT (138 km Tenggara KAB-MALANG-JATIM), Kedlmn:10 Km," tdk berpotensi tsunami #BMKG https://t.co/A4URkyhL1H"";45;35;51;187;in;108543358;1730824335785607401;infoBMKG;https://twitter.com/infoBMKG/status/1730824335785607401",,,,,
"Sat Dec 02 05:40:52 +0000 2023;1730824331209654430;""#Gempa Magnitudo: 5.2", Kedalaman: 10 km, 02 Des 2023 12:37:31 WIB, Koordinat: 9.38 LS-112.65 BT (138 km Tenggara KAB-MALANG-JATIM)," Tidak berpotensi tsunami #BMKG https://t.co/OiHiTwvX8x"";1;0;3;20;in;108543358;1730824331209654430;infoBMKG;https://twitter.com/infoBMKG/status/1730824331209654430",,,,,,
"Sat Dec 02 05:30:09 +0000 2023;1730821635916312728;""#Gempa Mag:3.3", 02-Dec-2023 12:27:14WIB, Lok:8.99LS, 118.91BT (53 km BaratLaut TAMBOLAKA-NTT), Kedlmn:63 Km #BMKG  Disclaimer:Informasi ini mengutamakan kecepatan," sehingga hasil pengolahan data belum stabil dan bisa berubah seiring kelengkapan data https://t.co/wuXHBSkGy8"";0;0;0;4;in;108543358;1730821635916312728;infoBMKG;https://twitter.com/infoBMKG/status/1730821635916312728",,,,,
"Sat Dec 02 04:33:09 +0000 2023;1730807289295364202;""#Gempa Mag:2.8", 02-Dec-2023 11:29:18WIB, Lok:5.25LU, 96.22BT (29 km BaratLaut KAB-PIDIEJAYA-ACEH), Kedlmn:10 Km #BMKG  Disclaimer:Informasi ini mengutamakan kecepatan," sehingga hasil pengolahan data belum stabil dan bisa berubah seiring kelengkapan data https://t.co/tPSaSiAdE1"";1;0;1;8;in;108543358;1730807289295364202;infoBMKG;https://twitter.com/infoBMKG/status/1730807289295364202",,,,,
"Sat Dec 02 04:31:09 +0000 2023;1730806785517457644;""#Gempa Mag:4.4", 02-Dec-2023 11:25:40WIB, Lok:7.52LS, 128.57BT (111 km TimurLaut MALUKUBRTDAYA), Kedlmn:170 Km #BMKG  Disclaimer:Informasi ini mengutamakan kecepatan," sehingga hasil pengolahan data belum stabil dan bisa berubah seiring kelengkapan data https://t.co/zxPfK2VNFI"";0;0;0;7;in;108543358;1730806785517457644;infoBMKG;https://twitter.com/infoBMKG/status/1730806785517457644",,,,,
"Sat Dec 02 03:10:10 +0000 2023;1730786406170239357;""#Gempa Mag:2.9", 02-Dec-2023 10:06:59WIB, Lok:4.28LS, 123.41BT (51 km Tenggara KONAWE-KEP-SULTRA), Kedlmn:12 Km #BMKG  Disclaimer:Informasi ini mengutamakan kecepatan," sehingga hasil pengolahan data belum stabil dan bisa berubah seiring kelengkapan data https://t.co/aosyXa3lBr"";0;0;1;7;in;108543358;1730786406170239357;infoBMKG;https://twitter.com/infoBMKG/status/1730786406170239357",,,,,
"Sat Dec 02 01:13:10 +0000 2023;1730756961971683398;""#Gempa Mag:2.7", 02-Dec-2023 08:08:20WIB, Lok:0.58LU, 121.81BT (20 km BaratLaut POHUWATO-GORONTALO), Kedlmn:73 Km #BMKG  Disclaimer:Informasi ini mengutamakan kecepatan," sehingga hasil pengolahan data belum stabil dan bisa berubah seiring kelengkapan data https://t.co/Qy0ai8XCmM"";0;0;0;14;in;108543358;1730756961971683398;infoBMKG;https://twitter.com/infoBMKG/status/1730756961971683398",,,,,
"Fri Dec 01 23:16:08 +0000 2023;1730727512475656249;""#Gempa Mag:3.9", 02-Dec-2023 06:10:35WIB, Lok:1.34LU, 97.27BT (14 km BaratDaya NIASUTARA-SUMUT), Kedlmn:23 Km #BMKG  Disclaimer:Informasi ini mengutamakan kecepatan," sehingga hasil pengolahan data belum stabil dan bisa berubah seiring kelengkapan data https://t.co/tzdLzMcELl"";0;0;1;16;in;108543358;1730727512475656249;infoBMKG;https://twitter.com/infoBMKG/status/1730727512475656249",,,,,
"Fri Dec 01 22:40:09 +0000 2023;1730718456746766461;""#Gempa Mag:3.1", 02-Dec-2023 05:35:58WIB, Lok:1.86LS, 135.83BT (39 km BaratDaya KEP-YAPEN-PAPUA), Kedlmn:10 Km #BMKG  Disclaimer:Informasi ini mengutamakan kecepatan," sehingga hasil pengolahan data belum stabil dan bisa berubah seiring kelengkapan data https://t.co/HRrjSri4wh"";0;1;13;31;in;108543358;1730718456746766461;infoBMKG;https://twitter.com/infoBMKG/status/1730718456746766461",,,,,
"Fri Dec 01 20:42:10 +0000 2023;1730688763976954221;""#Gempa Mag:2.7", 02-Dec-2023 03:37:58WIB, Lok:2.61LS, 129.44BT (93 km TimurLaut MALUKUTENGAH), Kedlmn:10 Km #BMKG  Disclaimer:Informasi ini mengutamakan kecepatan," sehingga hasil pengolahan data belum stabil dan bisa berubah seiring kelengkapan data https://t.co/3JDErlaDCF"";0;0;1;5;in;108543358;1730688763976954221;infoBMKG;https://twitter.com/infoBMKG/status/1730688763976954221",,,,,
"Fri Dec 01 20:32:10 +0000 2023;1730686247587422522;""#Gempa Mag:3.4", 02-Dec-2023 03:29:23WIB, Lok:2.16LS, 120.65BT (74 km BaratLaut LUWUTIMUR-SULSEL), Kedlmn:10 Km #BMKG  Disclaimer:Informasi ini mengutamakan kecepatan," sehingga hasil pengolahan data belum stabil dan bisa berubah seiring kelengkapan data https://t.co/9Ro0xkUFVh"";0;2;3;6;in;108543358;1730686247587422522;infoBMKG;https://twitter.com/infoBMKG/status/1730686247587422522",,,,,
"Fri Dec 01 20:24:08 +0000 2023;1730684226796925331;""#Gempa Mag:2.7", 02-Dec-2023 03:19:47WIB, Lok:5.74LS, 103.20BT (102 km BaratDaya PESISIRBARAT-LAMPUNG), Kedlmn:10 Km #BMKG  Disclaimer:Informasi ini mengutamakan kecepatan," sehingga hasil pengolahan data belum stabil dan bisa berubah seiring kelengkapan data https://t.co/s72dBelKt5"";0;0;4;8;in;108543358;1730684226796925331;infoBMKG;https://twitter.com/infoBMKG/status/1730684226796925331",,,,,
"Fri Dec 01 19:21:09 +0000 2023;1730668375070961956;""#Gempa Mag:3.1", 02-Dec-2023 02:17:55WIB, Lok:8.62LS, 118.38BT (13 km BaratDaya DOMPU-NTB), Kedlmn:121 Km #BMKG  Disclaimer:Informasi ini mengutamakan kecepatan," sehingga hasil pengolahan data belum stabil dan bisa berubah seiring kelengkapan data https://t.co/TPYI3k84v0"";0;0;3;14;in;108543358;1730668375070961956;infoBMKG;https://twitter.com/infoBMKG/status/1730668375070961956",,,,,
"Fri Dec 01 18:52:10 +0000 2023;1730661081918697744;""#Gempa Mag:4.9", 02-Dec-2023 01:50:07WIB, Lok:2.61LS, 129.46BT (94 km TimurLaut MALUKUTENGAH), Kedlmn:10 Km #BMKG  Disclaimer:Informasi ini mengutamakan kecepatan," sehingga hasil pengolahan data belum stabil dan bisa berubah seiring kelengkapan data https://t.co/Haij3uiYCh"";0;0;2;15;in;108543358;1730661081918697744;infoBMKG;https://twitter.com/infoBMKG/status/1730661081918697744",,,,,
"Fri Dec 01 18:25:09 +0000 2023;1730654282414952770;""#Gempa Mag:3.6", 02-Dec-2023 01:21:02WIB, Lok:6.16LS, 129.73BT (266 km BaratLaut MALUKUTENGGARABRT), Kedlmn:19 Km #BMKG  Disclaimer:Informasi ini mengutamakan kecepatan," sehingga hasil pengolahan data belum stabil dan bisa berubah seiring kelengkapan data https://t.co/7HlS2TlTol"";0;0;2;15;in;108543358;1730654282414952770;infoBMKG;https://twitter.com/infoBMKG/status/1730654282414952770",,,,,
"Fri Dec 01 18:23:11 +0000 2023;1730653786425921819;""#Gempa Mag:2.9", 02-Dec-2023 01:20:00WIB, Lok:0.28LS, 122.07BT (83 km Tenggara POHUWATO-GORONTALO), Kedlmn:10 Km #BMKG  Disclaimer:Informasi ini mengutamakan kecepatan," sehingga hasil pengolahan data belum stabil dan bisa berubah seiring kelengkapan data https://t.co/PrCbAg3ILM"";0;0;1;10;in;108543358;1730653786425921819;infoBMKG;https://twitter.com/infoBMKG/status/1730653786425921819",,,,,
"Fri Dec 01 18:15:11 +0000 2023;1730651773944336604;""#Gempa Mag:2.8", 02-Dec-2023 01:12:14WIB, Lok:1.10LS, 120.45BT (47 km BaratLaut POSO-SULTENG), Kedlmn:10 Km #BMKG  Disclaimer:Informasi ini mengutamakan kecepatan," sehingga hasil pengolahan data belum stabil dan bisa berubah seiring kelengkapan data https://t.co/2A32t0HOVi"";0;1;0;9;in;108543358;1730651773944336604;infoBMKG;https://twitter.com/infoBMKG/status/1730651773944336604",,,,,
"Fri Dec 01 18:02:11 +0000 2023;1730648502018208122;""#Gempa Mag:4.6", 02-Dec-2023 00:58:56WIB, Lok:2.63LS, 129.46BT (93 km TimurLaut MALUKUTENGAH), Kedlmn:10 Km #BMKG  Disclaimer:Informasi ini mengutamakan kecepatan," sehingga hasil pengolahan data belum stabil dan bisa berubah seiring kelengkapan data https://t.co/UyTF9zRuk3"";0;0;4;21;in;108543358;1730648502018208122;infoBMKG;https://twitter.com/infoBMKG/status/1730648502018208122",,,,,
"Fri Dec 01 17:26:08 +0000 2023;1730639431416377602;""#Gempa Mag:2.8", 02-Dec-2023 00:20:50WIB, Lok:4.52LU, 96.44BT (34 km TimurLaut KAB-NAGANRAYA-ACEH), Kedlmn:10 Km #BMKG  Disclaimer:Informasi ini mengutamakan kecepatan," sehingga hasil pengolahan data belum stabil dan bisa berubah seiring kelengkapan data https://t.co/TidIzPDimc"";0;0;2;10;in;108543358;1730639431416377602;infoBMKG;https://twitter.com/infoBMKG/status/1730639431416377602",,,,,
"Fri Dec 01 13:49:09 +0000 2023;1730584822660374793;""#Gempa Mag:3.2", 01-Dec-2023 20:45:35WIB, Lok:4.90LU, 94.58BT (115 km BaratLaut CALANG-ACEHJAYA), Kedlmn:10 Km #BMKG  Disclaimer:Informasi ini mengutamakan kecepatan," sehingga hasil pengolahan data belum stabil dan bisa berubah seiring kelengkapan data https://t.co/pEd0AE1vrT"";0;0;0;19;in;108543358;1730584822660374793;infoBMKG;https://twitter.com/infoBMKG/status/1730584822660374793",,,,,
"Fri Dec 01 13:28:09 +0000 2023;1730579541146673223;""#Gempa Mag:3.0", 01-Dec-2023 20:25:51WIB, Lok:9.13LS, 120.24BT (58 km BaratDaya BORONG-NTT), Kedlmn:10 Km #BMKG  Disclaimer:Informasi ini mengutamakan kecepatan," sehingga hasil pengolahan data belum stabil dan bisa berubah seiring kelengkapan data https://t.co/5AAIQs9qFS"";0;0;2;6;in;108543358;1730579541146673223;infoBMKG;https://twitter.com/infoBMKG/status/1730579541146673223",,,,,
"Fri Dec 01 13:19:10 +0000 2023;1730577279032643608;""#Gempa Mag:3.3", 01-Dec-2023 20:14:55WIB, Lok:0.92LU, 125.61BT (79 km Tenggara BITUNG-SULUT), Kedlmn:15 Km #BMKG  Disclaimer:Informasi ini mengutamakan kecepatan," sehingga hasil pengolahan data belum stabil dan bisa berubah seiring kelengkapan data https://t.co/dCLKay0Biz"";0;0;2;7;in;108543358;1730577279032643608;infoBMKG;https://twitter.com/infoBMKG/status/1730577279032643608",,,,,
"Fri Dec 01 11:25:08 +0000 2023;1730548581525082474;""#Gempa Mag:2.7", 01-Dec-2023 18:18:54WIB, Lok:2.67LS, 140.84BT (75 km TimurLaut KEEROM-PAPUA), Kedlmn:28 Km #BMKG  Disclaimer:Informasi ini mengutamakan kecepatan," sehingga hasil pengolahan data belum stabil dan bisa berubah seiring kelengkapan data https://t.co/HirqDT1fuD"";0;0;2;10;in;108543358;1730548581525082474;infoBMKG;https://twitter.com/infoBMKG/status/1730548581525082474",,,,,
"Fri Dec 01 10:54:08 +0000 2023;1730540781730152576;""#Gempa Mag:3.8", 01-Dec-2023 17:50:45WIB, Lok:4.51LU, 96.43BT (33 km TimurLaut KAB-NAGANRAYA-ACEH), Kedlmn:10 Km #BMKG  Disclaimer:Informasi ini mengutamakan kecepatan," sehingga hasil pengolahan data belum stabil dan bisa berubah seiring kelengkapan data https://t.co/tNbMdQgCeF"";0;0;13;77;in;108543358;1730540781730152576;infoBMKG;https://twitter.com/infoBMKG/status/1730540781730152576",,,,,
"Fri Dec 01 09:35:10 +0000 2023;1730520905431073228;""#Gempa Mag:3.1", 01-Dec-2023 16:31:12WIB, Lok:7.87LS, 119.04BT (72 km TimurLaut BIMA-NTB), Kedlmn:16 Km #BMKG  Disclaimer:Informasi ini mengutamakan kecepatan," sehingga hasil pengolahan data belum stabil dan bisa berubah seiring kelengkapan data https://t.co/laXILcgt54"";0;0;2;14;in;108543358;1730520905431073228;infoBMKG;https://twitter.com/infoBMKG/status/1730520905431073228",,,,,
"Fri Dec 01 04:58:08 +0000 2023;1730451190654419182;""#Gempa Mag:3.2", 01-Dec-2023 11:53:09WIB, Lok:4.54LU, 96.59BT (29 km BaratDaya TAKENGON-ACEHTENGAH), Kedlmn:10 Km #BMKG  Disclaimer:Informasi ini mengutamakan kecepatan," sehingga hasil pengolahan data belum stabil dan bisa berubah seiring kelengkapan data https://t.co/vcucDK9rtD"";0;0;1;16;in;108543358;1730451190654419182;infoBMKG;https://twitter.com/infoBMKG/status/1730451190654419182",,,,,
"Fri Dec 01 04:22:09 +0000 2023;1730442135034548471;""#Gempa Mag:2.9", 01-Dec-2023 11:17:42WIB, Lok:1.78LU, 122.85BT (107 km BaratLaut BOROKO-BOLMUT-SULUT), Kedlmn:10 Km #BMKG  Disclaimer:Informasi ini mengutamakan kecepatan," sehingga hasil pengolahan data belum stabil dan bisa berubah seiring kelengkapan data https://t.co/nEgi6nrS6l"";0;1;2;16;in;108543358;1730442135034548471;infoBMKG;https://twitter.com/infoBMKG/status/1730442135034548471",,,,,
"Fri Dec 01 02:35:09 +0000 2023;1730415206608855542;""#Gempa Mag:4.4", 01-Dec-2023 09:29:57WIB, Lok:6.47LS, 127.97BT (187 km TimurLaut MALUKUBRTDAYA), Kedlmn:386 Km #BMKG  Disclaimer:Informasi ini mengutamakan kecepatan," sehingga hasil pengolahan data belum stabil dan bisa berubah seiring kelengkapan data https://t.co/S20X9obG3d"";0;0;0;13;in;108543358;1730415206608855542;infoBMKG;https://twitter.com/infoBMKG/status/1730415206608855542",,,,,
"Fri Dec 01 01:46:10 +0000 2023;1730402878328799681;""#Gempa Mag:3.1", 01-Dec-2023 08:40:30WIB, Lok:1.39LU, 126.93BT (69 km BaratLaut JAILOLO-MALUT), Kedlmn:24 Km #BMKG  Disclaimer:Informasi ini mengutamakan kecepatan," sehingga hasil pengolahan data belum stabil dan bisa berubah seiring kelengkapan data https://t.co/TfUWt3IbVI"";0;0;2;13;in;108543358;1730402878328799681;infoBMKG;https://twitter.com/infoBMKG/status/1730402878328799681",,,,,
"Fri Dec 01 01:11:08 +0000 2023;1730394062791041382;""#Gempa Mag:2.4", 01-Dec-2023 08:09:03WIB, Lok:7.47LS, 107.32BT (54 km BaratDaya KAB-BANDUNG-JABAR), Kedlmn:17 Km #BMKG  Disclaimer:Informasi ini mengutamakan kecepatan," sehingga hasil pengolahan data belum stabil dan bisa berubah seiring kelengkapan data https://t.co/PuEZAWZWgU"";0;1;5;35;in;108543358;1730394062791041382;infoBMKG;https://twitter.com/infoBMKG/status/1730394062791041382",,,,,
"Fri Dec 01 00:36:50 +0000 2023;1730385433098645949;""#Gempa (UPDATE) Mag:3.0", 01-Des-23 07:15:09 WIB, Lok:8.16 LS, 124.58 BT (Pusat gempa berada di darat 15 km TimurLaut Alor)," Kedlmn:10 Km Dirasakan (MMI) III Alor #BMKG https://t.co/CKLRjMJVuc"";0;15;70;170;in;108543358;1730385433098645949;infoBMKG;https://twitter.com/infoBMKG/status/1730385433098645949",,,,,,
"Fri Dec 01 00:36:41 +0000 2023;1730385391994446132;""#Gempa Dirasakan Magnitudo: 3.0", Kedalaman: 10 km, 01 Des 2023 07:15:09 WIB," Koordinat: 8.16 LS-124.58 BT (Pusat gempa berada di darat 15 km TimurLaut Alor) #BMKG https://t.co/OiHiTwvX8x"";0;0;0;5;in;108543358;1730385391994446132;infoBMKG;https://twitter.com/infoBMKG/status/1730385391994446132",,,,,,,
