"conversation_id_str","created_at","favorite_count","full_text","id_str","image_url","in_reply_to_screen_name","lang","location","quote_count","reply_count","retweet_count","tweet_url","user_id_str","username"
"1774211290489405719","Sat Mar 30 23:05:09 +0000 2024","563","#Gempa Mag:4.0 31-Mar-2024 05:59:19WIB Lok:5.68LS 112.56BT (147 km TimurLaut TUBAN-JATIM) Kedlmn:10 Km #BMKG Disclaimer:Informasi ini mengutamakan kecepatan sehingga hasil pengolahan data belum stabil dan bisa berubah seiring kelengkapan data https://t.co/bumnSZBMkY","1774211290489405719","https://pbs.twimg.com/tweet_video_thumb/GJ9DxBxa8AAvqlz.jpg","","in","Indonesia","9","39","68","https://x.com/infoBMKG/status/1774211290489405719","108543358","infoBMKG"
"1774208775660138700","Sat Mar 30 22:55:09 +0000 2024","204","#Gempa Mag:4.1 31-Mar-2024 05:51:55WIB Lok:5.89LS 112.50BT (123 km TimurLaut TUBAN-JATIM) Kedlmn:10 Km #BMKG Disclaimer:Informasi ini mengutamakan kecepatan sehingga hasil pengolahan data belum stabil dan bisa berubah seiring kelengkapan data https://t.co/1IcaDW5RRw","1774208775660138700","https://pbs.twimg.com/tweet_video_thumb/GJ9Beo6boAA-l5z.jpg","","in","Indonesia","5","9","41","https://x.com/infoBMKG/status/1774208775660138700","108543358","infoBMKG"
"1774191665429004464","Sat Mar 30 21:47:10 +0000 2024","205","#Gempa Mag:3.9 31-Mar-2024 04:43:22WIB Lok:5.94LS 112.45BT (115 km TimurLaut TUBAN-JATIM) Kedlmn:12 Km #BMKG Disclaimer:Informasi ini mengutamakan kecepatan sehingga hasil pengolahan data belum stabil dan bisa berubah seiring kelengkapan data https://t.co/WrqAzurhUo","1774191665429004464","https://pbs.twimg.com/tweet_video_thumb/GJ8x6q7bwAADgjs.jpg","","in","Indonesia","7","7","27","https://x.com/infoBMKG/status/1774191665429004464","108543358","infoBMKG"
"1774184871780639090","Sat Mar 30 21:20:10 +0000 2024","34","#Gempa Mag:4.6 31-Mar-2024 04:15:58WIB Lok:1.34LU 123.56BT (56 km TimurLaut BOROKO-BOLMUT-SULUT) Kedlmn:313 Km #BMKG Disclaimer:Informasi ini mengutamakan kecepatan sehingga hasil pengolahan data belum stabil dan bisa berubah seiring kelengkapan data https://t.co/cnjk93vTmG","1774184871780639090","https://pbs.twimg.com/tweet_video_thumb/GJ8rvN-bIAAT6Td.jpg","","in","Indonesia","0","0","2","https://x.com/infoBMKG/status/1774184871780639090","108543358","infoBMKG"
"1774156442733555780","Sat Mar 30 19:27:12 +0000 2024","33","#Gempa Mag:4.1 31-Mar-2024 02:22:57WIB Lok:2.24LU 122.91BT (152 km BaratLaut BOROKO-BOLMUT-SULUT) Kedlmn:446 Km #BMKG Disclaimer:Informasi ini mengutamakan kecepatan sehingga hasil pengolahan data belum stabil dan bisa berubah seiring kelengkapan data https://t.co/Oh6bcnjB03","1774156442733555780","https://pbs.twimg.com/tweet_video_thumb/GJ8R4cBbEAE5sog.jpg","","in","Indonesia","0","0","10","https://x.com/infoBMKG/status/1774156442733555780","108543358","infoBMKG"
"1774144603937193991","Sat Mar 30 18:40:10 +0000 2024","217","#Gempa Mag:3.6 31-Mar-2024 01:37:02WIB Lok:6.00LS 112.15BT (100 km TimurLaut TUBAN-JATIM) Kedlmn:10 Km #BMKG Disclaimer:Informasi ini mengutamakan kecepatan sehingga hasil pengolahan data belum stabil dan bisa berubah seiring kelengkapan data https://t.co/6irAdqqV5q","1774144603937193991","https://pbs.twimg.com/tweet_video_thumb/GJ8HHVPaMAAn0Ns.jpg","","in","Indonesia","7","21","29","https://x.com/infoBMKG/status/1774144603937193991","108543358","infoBMKG"
"1774131780217630905","Sat Mar 30 17:49:12 +0000 2024","18","#Gempa Mag:3.9 31-Mar-2024 00:45:33WIB Lok:2.36LS 137.03BT (66 km TimurLaut WAROPEN-PAPUA) Kedlmn:15 Km #BMKG Disclaimer:Informasi ini mengutamakan kecepatan sehingga hasil pengolahan data belum stabil dan bisa berubah seiring kelengkapan data https://t.co/9T7OEeK13w","1774131780217630905","https://pbs.twimg.com/tweet_video_thumb/GJ77cfvbEAA6QFh.jpg","","in","Indonesia","0","1","3","https://x.com/infoBMKG/status/1774131780217630905","108543358","infoBMKG"
"1774081186341724629","Sat Mar 30 14:28:10 +0000 2024","34","#Gempa Mag:3.3 30-Mar-2024 21:24:45WIB Lok:9.76LS 117.97BT (114 km BaratDaya KODI-SUMBABARATDAYA-NTT) Kedlmn:10 Km #BMKG Disclaimer:Informasi ini mengutamakan kecepatan sehingga hasil pengolahan data belum stabil dan bisa berubah seiring kelengkapan data https://t.co/lyaoBuLg9T","1774081186341724629","https://pbs.twimg.com/tweet_video_thumb/GJ7Nb6XaMAA_KOr.jpg","","in","Indonesia","1","1","3","https://x.com/infoBMKG/status/1774081186341724629","108543358","infoBMKG"
"1774046460830716038","Sat Mar 30 12:10:11 +0000 2024","89","#Gempa Mag:4.3 30-Mar-2024 19:06:31WIB Lok:8.42LS 119.27BT (58 km TimurLaut KOTA-BIMA-NTB) Kedlmn:11 Km #BMKG Disclaimer:Informasi ini mengutamakan kecepatan sehingga hasil pengolahan data belum stabil dan bisa berubah seiring kelengkapan data https://t.co/6XxIvWmNdo","1774046460830716038","https://pbs.twimg.com/tweet_video_thumb/GJ6t2owbgAA-w-d.jpg","","in","Indonesia","12","0","15","https://x.com/infoBMKG/status/1774046460830716038","108543358","infoBMKG"
"1773976501253525886","Sat Mar 30 07:32:11 +0000 2024","14","#Gempa Mag:3.9 30-Mar-2024 14:27:28WIB Lok:0.35LU 122.05BT (16 km Tenggara POHUWATO-GORONTALO) Kedlmn:186 Km #BMKG Disclaimer:Informasi ini mengutamakan kecepatan sehingga hasil pengolahan data belum stabil dan bisa berubah seiring kelengkapan data https://t.co/KQPxD1gzo3","1773976501253525886","https://pbs.twimg.com/tweet_video_thumb/GJ5uOdubEAAdzT0.jpg","","in","Indonesia","1","0","1","https://x.com/infoBMKG/status/1773976501253525886","108543358","infoBMKG"
"1773953851995177265","Sat Mar 30 06:02:11 +0000 2024","106","#Gempa Mag:3.8 30-Mar-2024 12:56:33WIB Lok:5.84LS 112.36BT (122 km TimurLaut TUBAN-JATIM) Kedlmn:10 Km #BMKG Disclaimer:Informasi ini mengutamakan kecepatan sehingga hasil pengolahan data belum stabil dan bisa berubah seiring kelengkapan data https://t.co/WeZpECEIZ0","1773953851995177265","https://pbs.twimg.com/tweet_video_thumb/GJ5Zn2ebIAA_xQz.jpg","","in","Indonesia","2","1","13","https://x.com/infoBMKG/status/1773953851995177265","108543358","infoBMKG"
"1773950329580917229","Sat Mar 30 05:48:11 +0000 2024","14","#Gempa Mag:3.3 30-Mar-2024 12:43:56WIB Lok:0.85LU 125.36BT (66 km Tenggara RATAHAN-MITRA-SULUT) Kedlmn:34 Km #BMKG Disclaimer:Informasi ini mengutamakan kecepatan sehingga hasil pengolahan data belum stabil dan bisa berubah seiring kelengkapan data https://t.co/TBQ0ZbfQna","1773950329580917229","https://pbs.twimg.com/tweet_video_thumb/GJ5WbBpaAAAlrF5.jpg","","in","Indonesia","0","0","0","https://x.com/infoBMKG/status/1773950329580917229","108543358","infoBMKG"
"1773945797274702308","Sat Mar 30 05:30:11 +0000 2024","16","#Gempa Mag:2.6 30-Mar-2024 12:26:29WIB Lok:0.51LS 120.81BT (98 km TimurLaut POSO-SULTENG) Kedlmn:10 Km #BMKG Disclaimer:Informasi ini mengutamakan kecepatan sehingga hasil pengolahan data belum stabil dan bisa berubah seiring kelengkapan data https://t.co/GHUhbDb3Bh","1773945797274702308","https://pbs.twimg.com/tweet_video_thumb/GJ5STO1aIAApWVh.jpg","","in","Indonesia","0","1","1","https://x.com/infoBMKG/status/1773945797274702308","108543358","infoBMKG"
"1773939505835491427","Sat Mar 30 05:05:11 +0000 2024","330","#Gempa Mag:3.3 30-Mar-2024 12:01:17WIB Lok:5.72LS 112.33BT (134 km TimurLaut TUBAN-JATIM) Kedlmn:10 Km #BMKG Disclaimer:Informasi ini mengutamakan kecepatan sehingga hasil pengolahan data belum stabil dan bisa berubah seiring kelengkapan data https://t.co/jLNKrbOeu0","1773939505835491427","https://pbs.twimg.com/tweet_video_thumb/GJ5Mk25bMAAz2Jo.jpg","","in","Indonesia","8","16","35","https://x.com/infoBMKG/status/1773939505835491427","108543358","infoBMKG"
"1773887910376591719","Sat Mar 30 01:40:09 +0000 2024","57","#Gempa Mag:3.8 30-Mar-2024 08:37:35WIB Lok:6.41LS 104.96BT (74 km BaratLaut SUMUR-BANTEN) Kedlmn:23 Km #BMKG Disclaimer:Informasi ini mengutamakan kecepatan sehingga hasil pengolahan data belum stabil dan bisa berubah seiring kelengkapan data https://t.co/f17v8oi3vO","1773887910376591719","https://pbs.twimg.com/tweet_video_thumb/GJ4dp0bakAA1xz9.jpg","","in","Indonesia","1","1","9","https://x.com/infoBMKG/status/1773887910376591719","108543358","infoBMKG"
"1773882123847639077","Sat Mar 30 01:17:10 +0000 2024","47","#Gempa Mag:4.5 30-Mar-2024 08:13:14WIB Lok:2.45LU 126.92BT (142 km BaratLaut HALMAHERABARAT-MALUT) Kedlmn:10 Km #BMKG Disclaimer:Informasi ini mengutamakan kecepatan sehingga hasil pengolahan data belum stabil dan bisa berubah seiring kelengkapan data https://t.co/zabkn301Qz","1773882123847639077","https://pbs.twimg.com/tweet_video_thumb/GJ4YY_kbYAAsO37.jpg","","in","Indonesia","0","1","5","https://x.com/infoBMKG/status/1773882123847639077","108543358","infoBMKG"
"1773862751271825621","Sat Mar 30 00:00:11 +0000 2024","49","#Gempa Mag:4.4 30-Mar-2024 06:56:33WIB Lok:0.97LS 128.60BT (114 km TimurLaut HALMAHERASELATAN-MALUT) Kedlmn:10 Km #BMKG Disclaimer:Informasi ini mengutamakan kecepatan sehingga hasil pengolahan data belum stabil dan bisa berubah seiring kelengkapan data https://t.co/LhCXNpjVgd","1773862751271825621","https://pbs.twimg.com/tweet_video_thumb/GJ4GxUrasAA7xsv.jpg","","in","Indonesia","0","0","5","https://x.com/infoBMKG/status/1773862751271825621","108543358","infoBMKG"
"1773838342410699093","Fri Mar 29 22:23:11 +0000 2024","13","#Gempa Mag:2.4 30-Mar-2024 05:19:33WIB Lok:1.85LS 120.88BT (52 km Tenggara POSO-SULTENG) Kedlmn:10 Km #BMKG Disclaimer:Informasi ini mengutamakan kecepatan sehingga hasil pengolahan data belum stabil dan bisa berubah seiring kelengkapan data https://t.co/Wf0mN7uN4T","1773838342410699093","https://pbs.twimg.com/tweet_video_thumb/GJ3wkj5bIAAWKKX.jpg","","in","Indonesia","0","1","1","https://x.com/infoBMKG/status/1773838342410699093","108543358","infoBMKG"
"1773824249423409554","Fri Mar 29 21:27:11 +0000 2024","21","#Gempa Mag:2.7 30-Mar-2024 04:22:09WIB Lok:0.60LU 121.62BT (39 km BaratLaut POHUWATO-GORONTALO) Kedlmn:82 Km #BMKG Disclaimer:Informasi ini mengutamakan kecepatan sehingga hasil pengolahan data belum stabil dan bisa berubah seiring kelengkapan data https://t.co/YFNZqpMADA","1773824249423409554","https://pbs.twimg.com/tweet_video_thumb/GJ3jwRCaoAAcsfk.jpg","","in","Indonesia","0","1","1","https://x.com/infoBMKG/status/1773824249423409554","108543358","infoBMKG"
"1773802850554159598","Fri Mar 29 20:02:09 +0000 2024","32","#Gempa Mag:3.7 30-Mar-2024 02:55:42WIB Lok:2.23LS 139.07BT (30 km BaratLaut SARMI-PAPUA) Kedlmn:12 Km #BMKG Disclaimer:Informasi ini mengutamakan kecepatan sehingga hasil pengolahan data belum stabil dan bisa berubah seiring kelengkapan data https://t.co/1ETY1b9i7V","1773802850554159598","https://pbs.twimg.com/tweet_video_thumb/GJ3QSnIbAAAS9ut.jpg","","in","Indonesia","1","2","4","https://x.com/infoBMKG/status/1773802850554159598","108543358","infoBMKG"
"1773054675660734929","Wed Mar 27 18:29:11 +0000 2024","16","#Gempa Mag:3.0 28-Mar-2024 01:24:58WIB Lok:9.74LS 121.87BT (90 km TimurLaut SABURAIJUA-NTT) Kedlmn:10 Km #BMKG Disclaimer:Informasi ini mengutamakan kecepatan sehingga hasil pengolahan data belum stabil dan bisa berubah seiring kelengkapan data https://t.co/w19s7o0v9H","1773054675660734929","https://pbs.twimg.com/tweet_video_thumb/GJsn1IkbAAArX1N.jpg","","in","Indonesia","0","1","4","https://x.com/infoBMKG/status/1773054675660734929","108543358","infoBMKG"
"1773052409411174534","Wed Mar 27 18:20:10 +0000 2024","35","#Gempa Mag:4.0 28-Mar-2024 01:16:53WIB Lok:9.41LS 123.63BT (70 km BaratLaut KAB-KUPANG-NTT) Kedlmn:10 Km #BMKG Disclaimer:Informasi ini mengutamakan kecepatan sehingga hasil pengolahan data belum stabil dan bisa berubah seiring kelengkapan data https://t.co/P7P7iAuAjY","1773052409411174534","https://pbs.twimg.com/tweet_video_thumb/GJslxPvagAQxvZs.jpg","","in","Indonesia","0","1","3","https://x.com/infoBMKG/status/1773052409411174534","108543358","infoBMKG"
"1773050392936595922","Wed Mar 27 18:12:10 +0000 2024","93","#Gempa Mag:4.3 28-Mar-2024 01:07:03WIB Lok:5.39LU 93.93BT (164 km BaratDaya KOTA-SABANG-ACEH) Kedlmn:10 Km #BMKG Disclaimer:Informasi ini mengutamakan kecepatan sehingga hasil pengolahan data belum stabil dan bisa berubah seiring kelengkapan data https://t.co/3rSgYfZnVV","1773050392936595922","https://pbs.twimg.com/tweet_video_thumb/GJsj7vdagAAeRT6.jpg","","in","Indonesia","1","5","14","https://x.com/infoBMKG/status/1773050392936595922","108543358","infoBMKG"
"1773042345170337992","Wed Mar 27 17:40:11 +0000 2024","46","#Gempa Mag:4.4 28-Mar-2024 00:35:43WIB Lok:3.91LU 126.96BT (32 km Tenggara MELONGUANE-SULUT) Kedlmn:10 Km #BMKG Disclaimer:Informasi ini mengutamakan kecepatan sehingga hasil pengolahan data belum stabil dan bisa berubah seiring kelengkapan data https://t.co/MLOSIGA0vk","1773042345170337992","https://pbs.twimg.com/tweet_video_thumb/GJscncBagAEoLsJ.jpg","","in","Indonesia","1","4","10","https://x.com/infoBMKG/status/1773042345170337992","108543358","infoBMKG"
"1773031268198011126","Wed Mar 27 16:56:10 +0000 2024","200","#Gempa Mag:3.0 27-Mar-2024 23:51:37WIB Lok:7.70LS 106.56BT (79 km Tenggara KAB-SUKABUMI-JABAR) Kedlmn:21 Km #BMKG Disclaimer:Informasi ini mengutamakan kecepatan sehingga hasil pengolahan data belum stabil dan bisa berubah seiring kelengkapan data https://t.co/8YvuRTCCzH","1773031268198011126","https://pbs.twimg.com/tweet_video_thumb/GJsSipVagAMrUoi.jpg","","in","Indonesia","5","7","36","https://x.com/infoBMKG/status/1773031268198011126","108543358","infoBMKG"
"1773014917005942933","Wed Mar 27 15:51:11 +0000 2024","32","#Gempa Mag:3.0 27-Mar-2024 22:47:29WIB Lok:0.23LU 122.17BT (35 km Tenggara POHUWATO-GORONTALO) Kedlmn:156 Km #BMKG Disclaimer:Informasi ini mengutamakan kecepatan sehingga hasil pengolahan data belum stabil dan bisa berubah seiring kelengkapan data https://t.co/A2PQFyRaWu","1773014917005942933","https://pbs.twimg.com/tweet_video_thumb/GJsDq1RawAAGYXv.jpg","","in","Indonesia","0","0","3","https://x.com/infoBMKG/status/1773014917005942933","108543358","infoBMKG"
"1772988738232283486","Wed Mar 27 14:07:10 +0000 2024","65","#Gempa Mag:4.5 27-Mar-2024 21:03:13WIB Lok:7.01LS 129.44BT (222 km TimurLaut MALUKUBRTDAYA) Kedlmn:184 Km #BMKG Disclaimer:Informasi ini mengutamakan kecepatan sehingga hasil pengolahan data belum stabil dan bisa berubah seiring kelengkapan data https://t.co/MxZRfAaBeI","1772988738232283486","https://pbs.twimg.com/tweet_video_thumb/GJrr3EGawAAOq7v.jpg","","in","Indonesia","0","1","6","https://x.com/infoBMKG/status/1772988738232283486","108543358","infoBMKG"
"1772970621703708931","Wed Mar 27 12:55:11 +0000 2024","75","#Gempa Mag:4.4 27-Mar-2024 19:51:52WIB Lok:6.89LS 129.77BT (208 km BaratLaut MALUKUTENGGARABRT) Kedlmn:197 Km #BMKG Disclaimer:Informasi ini mengutamakan kecepatan sehingga hasil pengolahan data belum stabil dan bisa berubah seiring kelengkapan data https://t.co/n2IBfhsfk1","1772970621703708931","https://pbs.twimg.com/tweet_video_thumb/GJrbYgybMAAGAaX.jpg","","in","Indonesia","0","1","12","https://x.com/infoBMKG/status/1772970621703708931","108543358","infoBMKG"
"1772929096668057829","Wed Mar 27 10:10:10 +0000 2024","38","#Gempa Mag:1.9 27-Mar-2024 17:04:23WIB Lok:1.17LS 133.90BT (25 km Tenggara PEGUNUNGANARFAK-PAPUABRT) Kedlmn:20 Km #BMKG Disclaimer:Informasi ini mengutamakan kecepatan sehingga hasil pengolahan data belum stabil dan bisa berubah seiring kelengkapan data https://t.co/Dla5qfV7nR","1772929096668057829","https://pbs.twimg.com/tweet_video_thumb/GJq1ngUbEAAATvt.jpg","","in","Indonesia","0","4","4","https://x.com/infoBMKG/status/1772929096668057829","108543358","infoBMKG"
"1772899904605896896","Wed Mar 27 08:14:10 +0000 2024","69","#Gempa Mag:4.0 27-Mar-2024 15:10:12WIB Lok:2.04LS 136.67BT (64 km Tenggara KEP-YAPEN-PAPUA) Kedlmn:20 Km #BMKG Disclaimer:Informasi ini mengutamakan kecepatan sehingga hasil pengolahan data belum stabil dan bisa berubah seiring kelengkapan data https://t.co/PeAZaG6g01","1772899904605896896","https://pbs.twimg.com/tweet_video_thumb/GJqbETya8AAGxp9.jpg","","in","Indonesia","0","3","4","https://x.com/infoBMKG/status/1772899904605896896","108543358","infoBMKG"
"1772882283558813741","Wed Mar 27 07:04:09 +0000 2024","767","#Gempa Mag:3.3 27-Mar-2024 14:01:09WIB Lok:6.50LS 111.69BT (45 km TimurLaut REMBANG-JATENG) Kedlmn:19 Km #BMKG Disclaimer:Informasi ini mengutamakan kecepatan sehingga hasil pengolahan data belum stabil dan bisa berubah seiring kelengkapan data https://t.co/7cb1SZCQW6","1772882283558813741","https://pbs.twimg.com/tweet_video_thumb/GJqLCmta0AAaRGD.jpg","","in","Indonesia","58","58","120","https://x.com/infoBMKG/status/1772882283558813741","108543358","infoBMKG"
"1772850319699177661","Wed Mar 27 04:57:08 +0000 2024","82","#Gempa Mag:3.4 27-Mar-2024 11:51:27WIB Lok:7.43LS 106.00BT (62 km BaratDaya BAYAH-BANTEN) Kedlmn:27 Km #BMKG Disclaimer:Informasi ini mengutamakan kecepatan sehingga hasil pengolahan data belum stabil dan bisa berubah seiring kelengkapan data https://t.co/dLq3gQSEVy","1772850319699177661","https://pbs.twimg.com/tweet_video_thumb/GJpt-EWa8AA-Oq4.jpg","","in","Indonesia","2","3","22","https://x.com/infoBMKG/status/1772850319699177661","108543358","infoBMKG"
"1772846298724782192","Wed Mar 27 04:41:10 +0000 2024","489","#Gempa Mag:4.1 27-Mar-2024 11:37:05WIB Lok:5.76LS 112.34BT (130 km TimurLaut TUBAN-JATIM) Kedlmn:10 Km #BMKG Disclaimer:Informasi ini mengutamakan kecepatan sehingga hasil pengolahan data belum stabil dan bisa berubah seiring kelengkapan data https://t.co/Jd2gZ4sgbR","1772846298724782192","https://pbs.twimg.com/tweet_video_thumb/GJpqUCubAAAPHRT.jpg","","in","Indonesia","7","7","71","https://x.com/infoBMKG/status/1772846298724782192","108543358","infoBMKG"
"1772844542603202764","Wed Mar 27 04:34:11 +0000 2024","79","#Gempa Mag:5.3 27-Mar-2024 11:27:21WIB Lok:6.65LS 147.29BT (775 km TimurLaut MERAUKE-PAPUA) Kedlmn:59 Km #BMKG Disclaimer:Informasi ini mengutamakan kecepatan sehingga hasil pengolahan data belum stabil dan bisa berubah seiring kelengkapan data https://t.co/iNxaMBfvA6","1772844542603202764","https://pbs.twimg.com/tweet_video_thumb/GJpotzWbMAAR_G8.jpg","","in","Indonesia","0","0","22","https://x.com/infoBMKG/status/1772844542603202764","108543358","infoBMKG"
"1772726768790900917","Tue Mar 26 20:46:12 +0000 2024","60","#Gempa Mag:3.2 27-Mar-2024 03:42:34WIB Lok:8.34LS 120.15BT (33 km TimurLaut LABUANBAJO-NTT) Kedlmn:165 Km #BMKG Disclaimer:Informasi ini mengutamakan kecepatan sehingga hasil pengolahan data belum stabil dan bisa berubah seiring kelengkapan data https://t.co/GKOl2ajVbw","1772726768790900917","https://pbs.twimg.com/tweet_video_thumb/GJn9mdxWAAAX3Tm.jpg","","in","Indonesia","0","3","6","https://x.com/infoBMKG/status/1772726768790900917","108543358","infoBMKG"
"1772706631798984974","Tue Mar 26 19:26:10 +0000 2024","26","#Gempa Mag:4.4 27-Mar-2024 02:22:03WIB Lok:2.09LU 126.63BT (134 km BaratLaut HALMAHERABARAT-MALUT) Kedlmn:10 Km #BMKG Disclaimer:Informasi ini mengutamakan kecepatan sehingga hasil pengolahan data belum stabil dan bisa berubah seiring kelengkapan data https://t.co/qpTs8FtAj1","1772706631798984974","https://pbs.twimg.com/tweet_video_thumb/GJnrSVIaEAAhbpi.jpg","","in","Indonesia","0","0","9","https://x.com/infoBMKG/status/1772706631798984974","108543358","infoBMKG"
"1772701092788445234","Tue Mar 26 19:04:10 +0000 2024","864","#Gempa Mag:2.9 27-Mar-2024 02:00:48WIB Lok:6.71LS 106.69BT (17 km BaratDaya KOTA-BOGOR-JABAR) Kedlmn:10 Km #BMKG Disclaimer:Informasi ini mengutamakan kecepatan sehingga hasil pengolahan data belum stabil dan bisa berubah seiring kelengkapan data https://t.co/OHkYSwyLgN","1772701092788445234","https://pbs.twimg.com/tweet_video_thumb/GJnmP8DaQAAZrzY.jpg","","in","Indonesia","79","43","144","https://x.com/infoBMKG/status/1772701092788445234","108543358","infoBMKG"
"1772676935719723382","Tue Mar 26 17:28:10 +0000 2024","53","#Gempa Mag:3.1 27-Mar-2024 00:21:09WIB Lok:10.12LS 118.55BT (76 km BaratDaya KODI-SUMBABARATDAYA-NTT) Kedlmn:11 Km #BMKG Disclaimer:Informasi ini mengutamakan kecepatan sehingga hasil pengolahan data belum stabil dan bisa berubah seiring kelengkapan data https://t.co/buFmqyBwFF","1772676935719723382","https://pbs.twimg.com/tweet_video_thumb/GJnQRv_aIAEgOma.jpg","","in","Indonesia","0","0","6","https://x.com/infoBMKG/status/1772676935719723382","108543358","infoBMKG"
"1772639459949088908","Tue Mar 26 14:59:15 +0000 2024","266","#Gempa Mag:3.9 26-Mar-2024 21:54:18WIB Lok:6.16LS 112.27BT (85 km TimurLaut TUBAN-JATIM) Kedlmn:97 Km #BMKG Disclaimer:Informasi ini mengutamakan kecepatan sehingga hasil pengolahan data belum stabil dan bisa berubah seiring kelengkapan data https://t.co/CxTznt0azG","1772639459949088908","https://pbs.twimg.com/tweet_video_thumb/GJmuMW8acAARPLB.jpg","","in","Indonesia","25","11","36","https://x.com/infoBMKG/status/1772639459949088908","108543358","infoBMKG"
"1772638440422785119","Tue Mar 26 14:55:12 +0000 2024","26","#Gempa Mag:2.8 26-Mar-2024 21:50:34WIB Lok:2.09LS 119.68BT (21 km Timur MAMUJUTENGAH-SULBAR) Kedlmn:10 Km #BMKG Disclaimer:Informasi ini mengutamakan kecepatan sehingga hasil pengolahan data belum stabil dan bisa berubah seiring kelengkapan data https://t.co/SPh8YWpQoC","1772638440422785119","https://pbs.twimg.com/tweet_video_thumb/GJmtRBIbMAAns-A.jpg","","in","Indonesia","0","3","5","https://x.com/infoBMKG/status/1772638440422785119","108543358","infoBMKG"
"1772635159764107697","Tue Mar 26 14:42:10 +0000 2024","212","#Gempa Mag:3.8 26-Mar-2024 21:36:28WIB Lok:5.70LS 112.54BT (144 km TimurLaut TUBAN-JATIM) Kedlmn:10 Km #BMKG Disclaimer:Informasi ini mengutamakan kecepatan sehingga hasil pengolahan data belum stabil dan bisa berubah seiring kelengkapan data https://t.co/RBjw6HZ4ia","1772635159764107697","https://pbs.twimg.com/tweet_video_thumb/GJmqSBzaoAEE_7-.jpg","","in","Indonesia","13","12","25","https://x.com/infoBMKG/status/1772635159764107697","108543358","infoBMKG"
"1772618563674857527","Tue Mar 26 13:36:13 +0000 2024","45","#Gempa Mag:4.6 26-Mar-2024 20:31:58WIB Lok:0.07LU 123.81BT (39 km BaratDaya BOLAANGUKI-BOLSEL-SULUT) Kedlmn:128 Km #BMKG Disclaimer:Informasi ini mengutamakan kecepatan sehingga hasil pengolahan data belum stabil dan bisa berubah seiring kelengkapan data https://t.co/eMAQ35EPL1","1772618563674857527","https://pbs.twimg.com/tweet_video_thumb/GJmbMCTasAAGJYO.jpg","","in","Indonesia","0","1","9","https://x.com/infoBMKG/status/1772618563674857527","108543358","infoBMKG"
"1772613518501748905","Tue Mar 26 13:16:11 +0000 2024","296","#Gempa Mag:4.1 26-Mar-2024 20:11:09WIB Lok:5.30LS 112.14BT (177 km TimurLaut TUBAN-JATIM) Kedlmn:10 Km #BMKG Disclaimer:Informasi ini mengutamakan kecepatan sehingga hasil pengolahan data belum stabil dan bisa berubah seiring kelengkapan data https://t.co/smVWRO4ekC","1772613518501748905","https://pbs.twimg.com/tweet_video_thumb/GJmWmL1asAAQXtw.jpg","","in","Indonesia","10","11","40","https://x.com/infoBMKG/status/1772613518501748905","108543358","infoBMKG"
"1772598923284386153","Tue Mar 26 12:18:11 +0000 2024","122","#Gempa Mag:3.2 26-Mar-2024 19:15:13WIB Lok:7.26LS 106.14BT (38 km BaratDaya BAYAH-BANTEN) Kedlmn:29 Km #BMKG Disclaimer:Informasi ini mengutamakan kecepatan sehingga hasil pengolahan data belum stabil dan bisa berubah seiring kelengkapan data https://t.co/6NcPnEU6gp","1772598923284386153","https://pbs.twimg.com/tweet_video_thumb/GJmJU1bbMAAYcrY.jpg","","in","Indonesia","1","4","29","https://x.com/infoBMKG/status/1772598923284386153","108543358","infoBMKG"
"1772575020751188450","Tue Mar 26 10:43:12 +0000 2024","34","#Gempa Mag:3.1 26-Mar-2024 17:37:16WIB Lok:7.44LS 120.57BT (128 km Tenggara SELAYAR-SULSEL) Kedlmn:547 Km #BMKG Disclaimer:Informasi ini mengutamakan kecepatan sehingga hasil pengolahan data belum stabil dan bisa berubah seiring kelengkapan data https://t.co/v3kjePZySm","1772575020751188450","https://pbs.twimg.com/tweet_video_thumb/GJlzlk9bQAAUiT2.jpg","","in","Indonesia","0","2","8","https://x.com/infoBMKG/status/1772575020751188450","108543358","infoBMKG"
"1772551097498091932","Tue Mar 26 09:08:08 +0000 2024","86","#Gempa Mag:5.3 26-Mar-2024 16:03:02WIB Lok:8.81LS 100.36BT (439 km BaratDaya ENGGANO-BENGKULU) Kedlmn:10 Km #BMKG Disclaimer:Informasi ini mengutamakan kecepatan sehingga hasil pengolahan data belum stabil dan bisa berubah seiring kelengkapan data https://t.co/I3a2xcxqDW","1772551097498091932","https://pbs.twimg.com/tweet_video_thumb/GJld1D9a0AAWdAW.jpg","","in","Indonesia","3","6","21","https://x.com/infoBMKG/status/1772551097498091932","108543358","infoBMKG"
"1772541543204938046","Tue Mar 26 08:30:10 +0000 2024","46","#Gempa Mag:3.8 26-Mar-2024 15:24:42WIB Lok:3.62LS 102.04BT (26 km BaratDaya BENGKULUUTARA) Kedlmn:48 Km #BMKG Disclaimer:Informasi ini mengutamakan kecepatan sehingga hasil pengolahan data belum stabil dan bisa berubah seiring kelengkapan data https://t.co/OcZbFCJjIi","1772541543204938046","https://pbs.twimg.com/tweet_video_thumb/GJlVI7cacAATTzh.jpg","","in","Indonesia","1","2","7","https://x.com/infoBMKG/status/1772541543204938046","108543358","infoBMKG"
"1772523671468609694","Tue Mar 26 07:19:09 +0000 2024","619","#Gempa Mag:4.2 26-Mar-2024 14:14:09WIB Lok:5.59LS 112.61BT (158 km TimurLaut TUBAN-JATIM) Kedlmn:10 Km #BMKG Disclaimer:Informasi ini mengutamakan kecepatan sehingga hasil pengolahan data belum stabil dan bisa berubah seiring kelengkapan data https://t.co/4qnp8cwIKv","1772523671468609694","https://pbs.twimg.com/tweet_video_thumb/GJlE4qja8AABV3A.jpg","","in","Indonesia","21","42","85","https://x.com/infoBMKG/status/1772523671468609694","108543358","infoBMKG"
"1772506560608223606","Tue Mar 26 06:11:10 +0000 2024","312","#Gempa Mag:4.1 26-Mar-2024 13:07:54WIB Lok:6.08LS 112.43BT (100 km TimurLaut TUBAN-JATIM) Kedlmn:13 Km #BMKG Disclaimer:Informasi ini mengutamakan kecepatan sehingga hasil pengolahan data belum stabil dan bisa berubah seiring kelengkapan data https://t.co/3HUY4klPM7","1772506560608223606","https://pbs.twimg.com/tweet_video_thumb/GJk1UqNb0AARfN6.jpg","","in","Indonesia","12","20","54","https://x.com/infoBMKG/status/1772506560608223606","108543358","infoBMKG"
"1772500769683689585","Tue Mar 26 05:48:09 +0000 2024","174","#Gempa Mag:3.9 26-Mar-2024 12:43:36WIB Lok:6.10LS 112.30BT (93 km TimurLaut TUBAN-JATIM) Kedlmn:10 Km #BMKG Disclaimer:Informasi ini mengutamakan kecepatan sehingga hasil pengolahan data belum stabil dan bisa berubah seiring kelengkapan data https://t.co/yaMbUGr7WQ","1772500769683689585","https://pbs.twimg.com/tweet_video_thumb/GJkwDmWacAEpnfM.jpg","","in","Indonesia","5","15","31","https://x.com/infoBMKG/status/1772500769683689585","108543358","infoBMKG"
"1772417983052464142","Tue Mar 26 00:19:11 +0000 2024","34","#Gempa Mag:2.9 26-Mar-2024 07:15:02WIB Lok:1.79LS 120.55BT (49 km BaratDaya POSO-SULTENG) Kedlmn:10 Km #BMKG Disclaimer:Informasi ini mengutamakan kecepatan sehingga hasil pengolahan data belum stabil dan bisa berubah seiring kelengkapan data https://t.co/WDsudOQ8QH","1772417983052464142","https://pbs.twimg.com/tweet_video_thumb/GJjkwy0bgAA0957.jpg","","in","Indonesia","0","0","3","https://x.com/infoBMKG/status/1772417983052464142","108543358","infoBMKG"
"1772409424495440242","Mon Mar 25 23:45:11 +0000 2024","27","#Gempa Mag:3.9 26-Mar-2024 06:38:56WIB Lok:0.02LU 125.59BT (136 km Tenggara TUTUYAN-BOLTIM-SULUT) Kedlmn:10 Km #BMKG Disclaimer:Informasi ini mengutamakan kecepatan sehingga hasil pengolahan data belum stabil dan bisa berubah seiring kelengkapan data https://t.co/yDmLRAgmkv","1772409424495440242","https://pbs.twimg.com/tweet_video_thumb/GJjc-mwaoAAgo2X.jpg","","in","Indonesia","1","1","4","https://x.com/infoBMKG/status/1772409424495440242","108543358","infoBMKG"
"1772378975198961978","Mon Mar 25 21:44:11 +0000 2024","48","#Gempa Mag:3.8 26-Mar-2024 04:42:09WIB Lok:1.59LS 120.36BT (48 km BaratDaya POSO-SULTENG) Kedlmn:10 Km #BMKG Disclaimer:Informasi ini mengutamakan kecepatan sehingga hasil pengolahan data belum stabil dan bisa berubah seiring kelengkapan data https://t.co/KT9nVOdPBz","1772378975198961978","https://pbs.twimg.com/tweet_video_thumb/GJjBSOWa4AEumkp.jpg","","in","Indonesia","1","2","9","https://x.com/infoBMKG/status/1772378975198961978","108543358","infoBMKG"
"1772370162379055322","Mon Mar 25 21:09:10 +0000 2024","1040","#Gempa Mag:4.5 26-Mar-2024 04:05:48WIB Lok:5.37LS 112.51BT (177 km TimurLaut TUBAN-JATIM) Kedlmn:10 Km #BMKG Disclaimer:Informasi ini mengutamakan kecepatan sehingga hasil pengolahan data belum stabil dan bisa berubah seiring kelengkapan data https://t.co/BLPrJ96b9H","1772370162379055322","https://pbs.twimg.com/tweet_video_thumb/GJi5RP_a4AArvbE.jpg","","in","Indonesia","51","74","144","https://x.com/infoBMKG/status/1772370162379055322","108543358","infoBMKG"
"1772356824219705467","Mon Mar 25 20:16:10 +0000 2024","244","#Gempa Mag:3.7 26-Mar-2024 03:13:04WIB Lok:5.79LS 112.45BT (131 km TimurLaut TUBAN-JATIM) Kedlmn:10 Km #BMKG Disclaimer:Informasi ini mengutamakan kecepatan sehingga hasil pengolahan data belum stabil dan bisa berubah seiring kelengkapan data https://t.co/3JLNR268Uf","1772356824219705467","https://pbs.twimg.com/tweet_video_thumb/GJitI2Ea4AEphWV.jpg","","in","Indonesia","13","17","45","https://x.com/infoBMKG/status/1772356824219705467","108543358","infoBMKG"
"1772348018450423915","Mon Mar 25 19:41:10 +0000 2024","33","#Gempa Mag:3.2 26-Mar-2024 02:37:21WIB Lok:7.85LS 125.29BT (95 km TimurLaut ALOR-NTT) Kedlmn:10 Km #BMKG Disclaimer:Informasi ini mengutamakan kecepatan sehingga hasil pengolahan data belum stabil dan bisa berubah seiring kelengkapan data https://t.co/AUnudW9NSE","1772348018450423915","https://pbs.twimg.com/tweet_video_thumb/GJilIRsa4AIKqyV.jpg","","in","Indonesia","0","1","5","https://x.com/infoBMKG/status/1772348018450423915","108543358","infoBMKG"
"1772347517268845045","Mon Mar 25 19:39:11 +0000 2024","14","#Gempa Mag:3.1 26-Mar-2024 02:35:13WIB Lok:1.10LU 120.70BT (25 km BaratLaut TOLI-TOLI-SULTENG) Kedlmn:10 Km #BMKG Disclaimer:Informasi ini mengutamakan kecepatan sehingga hasil pengolahan data belum stabil dan bisa berubah seiring kelengkapan data https://t.co/IPqGhAqp2p","1772347517268845045","https://pbs.twimg.com/tweet_video_thumb/GJikrHraQAEYdgo.jpg","","in","Indonesia","0","0","2","https://x.com/infoBMKG/status/1772347517268845045","108543358","infoBMKG"
"1772343989859139920","Mon Mar 25 19:25:10 +0000 2024","12","#Gempa Mag:3.9 26-Mar-2024 02:20:27WIB Lok:5.47LU 126.12BT (174 km BaratLaut MELONGUANE-SULUT) Kedlmn:10 Km #BMKG Disclaimer:Informasi ini mengutamakan kecepatan sehingga hasil pengolahan data belum stabil dan bisa berubah seiring kelengkapan data https://t.co/vPPde6ITCO","1772343989859139920","https://pbs.twimg.com/tweet_video_thumb/GJihd0ta4AAEwOW.jpg","","in","Indonesia","1","0","1","https://x.com/infoBMKG/status/1772343989859139920","108543358","infoBMKG"
"1772341981215412335","Mon Mar 25 19:17:11 +0000 2024","12","#Gempa Mag:3.4 26-Mar-2024 02:14:48WIB Lok:2.62LS 134.40BT (27 km TimurLaut TELUKWONDAMA-PAPUABRT) Kedlmn:10 Km #BMKG Disclaimer:Informasi ini mengutamakan kecepatan sehingga hasil pengolahan data belum stabil dan bisa berubah seiring kelengkapan data https://t.co/CKb7fJryF5","1772341981215412335","https://pbs.twimg.com/tweet_video_thumb/GJifo5NaQAEQ2yZ.jpg","","in","Indonesia","0","0","2","https://x.com/infoBMKG/status/1772341981215412335","108543358","infoBMKG"
"1772319829300756580","Mon Mar 25 17:49:10 +0000 2024","31","#Gempa Mag:4.0 26-Mar-2024 00:47:21WIB Lok:8.60LS 118.40BT (10 km BaratDaya DOMPU-NTB) Kedlmn:108 Km #BMKG Disclaimer:Informasi ini mengutamakan kecepatan sehingga hasil pengolahan data belum stabil dan bisa berubah seiring kelengkapan data https://t.co/whIQNFXe0e","1772319829300756580","https://pbs.twimg.com/tweet_video_thumb/GJiLfdnbcAA3mE6.jpg","","in","Indonesia","1","1","6","https://x.com/infoBMKG/status/1772319829300756580","108543358","infoBMKG"
"1771633057063489773","Sat Mar 23 20:20:10 +0000 2024","514","#Gempa Mag:3.5 24-Mar-2024 03:14:34WIB Lok:5.80LS 112.43BT (129 km TimurLaut TUBAN-JATIM) Kedlmn:10 Km #BMKG Disclaimer:Informasi ini mengutamakan kecepatan sehingga hasil pengolahan data belum stabil dan bisa berubah seiring kelengkapan data https://t.co/7mazziiIRe","1771633057063489773","https://pbs.twimg.com/tweet_video_thumb/GJYa4DcaAAAZzmV.jpg","","in","Indonesia","60","39","72","https://x.com/infoBMKG/status/1771633057063489773","108543358","infoBMKG"
"1771631043327791615","Sat Mar 23 20:12:10 +0000 2024","389","#Gempa Mag:3.6 24-Mar-2024 03:06:42WIB Lok:5.74LS 112.46BT (136 km TimurLaut TUBAN-JATIM) Kedlmn:10 Km #BMKG Disclaimer:Informasi ini mengutamakan kecepatan sehingga hasil pengolahan data belum stabil dan bisa berubah seiring kelengkapan data https://t.co/Luvuizcfs8","1771631043327791615","https://pbs.twimg.com/tweet_video_thumb/GJYZC0-akAABksf.jpg","","in","Indonesia","25","28","62","https://x.com/infoBMKG/status/1771631043327791615","108543358","infoBMKG"
"1771604869964783651","Sat Mar 23 18:28:10 +0000 2024","99","#Gempa Mag:4.4 24-Mar-2024 01:23:06WIB Lok:4.96LU 127.34BT (129 km TimurLaut MELONGUANE-SULUT) Kedlmn:10 Km #BMKG Disclaimer:Informasi ini mengutamakan kecepatan sehingga hasil pengolahan data belum stabil dan bisa berubah seiring kelengkapan data https://t.co/jkUKqFpSrJ","1771604869964783651","https://pbs.twimg.com/tweet_video_thumb/GJYBPX_bMAAjNRv.jpg","","in","Indonesia","3","3","15","https://x.com/infoBMKG/status/1771604869964783651","108543358","infoBMKG"
"1771538689967198237","Sat Mar 23 14:05:11 +0000 2024","196","#Gempa Mag:4.1 23-Mar-2024 21:02:06WIB Lok:9.11LS 122.84BT (88 km Tenggara MAUMERE-SIKKA-NTT) Kedlmn:25 Km #BMKG Disclaimer:Informasi ini mengutamakan kecepatan sehingga hasil pengolahan data belum stabil dan bisa berubah seiring kelengkapan data https://t.co/K4U99Dexnh","1771538689967198237","https://pbs.twimg.com/tweet_video_thumb/GJXFDLcaoAAplh9.jpg","","in","Indonesia","9","8","36","https://x.com/infoBMKG/status/1771538689967198237","108543358","infoBMKG"
"1771528238847991882","Sat Mar 23 13:23:40 +0000 2024","920","#Gempa Mag:5.6 23-Mar-24 20:20:29 WIB Lok:4.66 LS 102.72 BT (31 km BaratDaya BENGKULUSELATAN) Kedlmn:27 Km tdk berpotensi tsunami #BMKG https://t.co/0URmDX7Wu4","1771528238847991882","https://pbs.twimg.com/tweet_video_thumb/GJW7i0NbYAAy-oI.jpg","","in","Indonesia","161","127","201","https://x.com/infoBMKG/status/1771528238847991882","108543358","infoBMKG"
"1771528120669274522","Sat Mar 23 13:23:12 +0000 2024","1526","#Gempa Mag:5.8 23-Mar-2024 20:20:29WIB Lok:4.66LS 102.72BT (31 km BaratDaya BENGKULUSELATAN) Kedlmn:27 Km #BMKG Disclaimer:Informasi ini mengutamakan kecepatan sehingga hasil pengolahan data belum stabil dan bisa berubah seiring kelengkapan data https://t.co/JgpqTeWN70","1771528120669274522","https://pbs.twimg.com/tweet_video_thumb/GJW7b9RbQAAsi-4.jpg","","in","Indonesia","164","145","287","https://x.com/infoBMKG/status/1771528120669274522","108543358","infoBMKG"
"1771522575837126792","Sat Mar 23 13:01:10 +0000 2024","2466","#Gempa Mag:4.5 23-Mar-2024 19:57:33WIB Lok:5.78LS 112.37BT (129 km TimurLaut TUBAN-JATIM) Kedlmn:10 Km #BMKG Disclaimer:Informasi ini mengutamakan kecepatan sehingga hasil pengolahan data belum stabil dan bisa berubah seiring kelengkapan data https://t.co/YvYaEVKB8m","1771522575837126792","https://pbs.twimg.com/tweet_video_thumb/GJW2ZOHawAAgxQr.jpg","","in","Indonesia","404","332","329","https://x.com/infoBMKG/status/1771522575837126792","108543358","infoBMKG"
"1771486594236837982","Sat Mar 23 10:38:11 +0000 2024","172","#Gempa Mag:3.5 23-Mar-2024 17:34:37WIB Lok:0.49LU 126.27BT (125 km BaratDaya TERNATE-MALUT) Kedlmn:10 Km #BMKG Disclaimer:Informasi ini mengutamakan kecepatan sehingga hasil pengolahan data belum stabil dan bisa berubah seiring kelengkapan data https://t.co/71zGpcMMME","1771486594236837982","https://pbs.twimg.com/tweet_video_thumb/GJWVqykaAAAZCaF.jpg","","in","Indonesia","2","5","19","https://x.com/infoBMKG/status/1771486594236837982","108543358","infoBMKG"
"1771450350131913086","Sat Mar 23 08:14:10 +0000 2024","1148","#Gempa Mag:4.0 23-Mar-2024 15:08:45WIB Lok:5.66LS 112.45BT (144 km TimurLaut TUBAN-JATIM) Kedlmn:10 Km #BMKG Disclaimer:Informasi ini mengutamakan kecepatan sehingga hasil pengolahan data belum stabil dan bisa berubah seiring kelengkapan data https://t.co/xARidbQPCZ","1771450350131913086","https://pbs.twimg.com/tweet_video_thumb/GJV0tIeb0AAjqQ5.jpg","","in","Indonesia","138","91","160","https://x.com/infoBMKG/status/1771450350131913086","108543358","infoBMKG"
"1771442801114329114","Sat Mar 23 07:44:10 +0000 2024","667","#Gempa Mag:3.6 23-Mar-2024 14:40:43WIB Lok:5.79LS 112.35BT (127 km TimurLaut TUBAN-JATIM) Kedlmn:10 Km #BMKG Disclaimer:Informasi ini mengutamakan kecepatan sehingga hasil pengolahan data belum stabil dan bisa berubah seiring kelengkapan data https://t.co/h6CzxA6nxZ","1771442801114329114","https://pbs.twimg.com/tweet_video_thumb/GJVt1ouaoAAX6Ze.jpg","","in","Indonesia","78","58","94","https://x.com/infoBMKG/status/1771442801114329114","108543358","infoBMKG"
"1771440280472015328","Sat Mar 23 07:34:09 +0000 2024","493","#Gempa Mag:4.2 23-Mar-2024 14:29:08WIB Lok:7.07LS 105.10BT (69 km BaratDaya SUMUR-BANTEN) Kedlmn:10 Km #BMKG Disclaimer:Informasi ini mengutamakan kecepatan sehingga hasil pengolahan data belum stabil dan bisa berubah seiring kelengkapan data https://t.co/t489RBgduX","1771440280472015328","https://pbs.twimg.com/tweet_video_thumb/GJVri9ebMAApN0p.jpg","","in","Indonesia","51","33","95","https://x.com/infoBMKG/status/1771440280472015328","108543358","infoBMKG"
"1771433489038299430","Sat Mar 23 07:07:10 +0000 2024","1414","#Gempa Mag:4.1 23-Mar-2024 14:04:18WIB Lok:5.76LS 112.34BT (130 km TimurLaut TUBAN-JATIM) Kedlmn:6 Km #BMKG Disclaimer:Informasi ini mengutamakan kecepatan sehingga hasil pengolahan data belum stabil dan bisa berubah seiring kelengkapan data https://t.co/juZPzWS06a","1771433489038299430","https://pbs.twimg.com/tweet_video_thumb/GJVlXsHa4AAGZRe.jpg","","in","Indonesia","206","135","214","https://x.com/infoBMKG/status/1771433489038299430","108543358","infoBMKG"
"1771424681821941912","Sat Mar 23 06:32:10 +0000 2024","2315","#Gempa Mag:4.2 23-Mar-2024 13:28:38WIB Lok:5.71LS 112.50BT (141 km TimurLaut TUBAN-JATIM) Kedlmn:10 Km #BMKG Disclaimer:Informasi ini mengutamakan kecepatan sehingga hasil pengolahan data belum stabil dan bisa berubah seiring kelengkapan data https://t.co/bAooAiKRuQ","1771424681821941912","https://pbs.twimg.com/tweet_video_thumb/GJVdXA_asAAbJZb.jpg","","in","Indonesia","221","166","330","https://x.com/infoBMKG/status/1771424681821941912","108543358","infoBMKG"
"1771421661256167600","Sat Mar 23 06:20:10 +0000 2024","689","#Gempa Mag:3.3 23-Mar-2024 13:15:09WIB Lok:5.67LS 112.39BT (141 km TimurLaut TUBAN-JATIM) Kedlmn:10 Km #BMKG Disclaimer:Informasi ini mengutamakan kecepatan sehingga hasil pengolahan data belum stabil dan bisa berubah seiring kelengkapan data https://t.co/KJTXHlaeQy","1771421661256167600","https://pbs.twimg.com/tweet_video_thumb/GJVanOMaQAAkvAp.jpg","","in","Indonesia","104","70","114","https://x.com/infoBMKG/status/1771421661256167600","108543358","infoBMKG"
"1771409081485721712","Sat Mar 23 05:30:10 +0000 2024","162","#Gempa Mag:3.2 23-Mar-2024 12:26:00WIB Lok:0.34LU 122.32BT (21 km BaratDaya BOALEMO-GORONTALO) Kedlmn:77 Km #BMKG Disclaimer:Informasi ini mengutamakan kecepatan sehingga hasil pengolahan data belum stabil dan bisa berubah seiring kelengkapan data https://t.co/arL2WxXrNX","1771409081485721712","https://pbs.twimg.com/tweet_video_thumb/GJVPK-raIAA_gDw.jpg","","in","Indonesia","4","8","26","https://x.com/infoBMKG/status/1771409081485721712","108543358","infoBMKG"
"1771403538356400491","Sat Mar 23 05:08:09 +0000 2024","481","#Gempa Mag:4.9 23-Mar-2024 12:05:11WIB Lok:4.64LS 101.96BT (85 km BaratLaut ENGGANO-BENGKULU) Kedlmn:20 Km #BMKG Disclaimer:Informasi ini mengutamakan kecepatan sehingga hasil pengolahan data belum stabil dan bisa berubah seiring kelengkapan data https://t.co/SI6DcDzVcz","1771403538356400491","https://pbs.twimg.com/tweet_video_thumb/GJVKIVqaIAEtW2E.jpg","","in","Indonesia","31","22","83","https://x.com/infoBMKG/status/1771403538356400491","108543358","infoBMKG"
"1771393227817726246","Sat Mar 23 04:27:11 +0000 2024","200","#Gempa Mag:3.5 23-Mar-2024 11:24:07WIB Lok:2.57LS 129.59BT (107 km TimurLaut MALUKUTENGAH) Kedlmn:10 Km #BMKG Disclaimer:Informasi ini mengutamakan kecepatan sehingga hasil pengolahan data belum stabil dan bisa berubah seiring kelengkapan data https://t.co/njQhXG8VcN","1771393227817726246","https://pbs.twimg.com/tweet_video_thumb/GJVAwJma0AAfD9o.jpg","","in","Indonesia","9","10","22","https://x.com/infoBMKG/status/1771393227817726246","108543358","infoBMKG"
"1771379133014217170","Sat Mar 23 03:31:10 +0000 2024","283","#Gempa Mag:3.6 23-Mar-2024 10:25:18WIB Lok:0.26LS 123.11BT (88 km BaratDaya BONEBOLANGO-GORONTALO) Kedlmn:78 Km #BMKG Disclaimer:Informasi ini mengutamakan kecepatan sehingga hasil pengolahan data belum stabil dan bisa berubah seiring kelengkapan data https://t.co/MYbhabmnMu","1771379133014217170","https://pbs.twimg.com/tweet_video_thumb/GJUz7u-bEAAJOoQ.jpg","","in","Indonesia","4","6","28","https://x.com/infoBMKG/status/1771379133014217170","108543358","infoBMKG"
"1771359749952745819","Sat Mar 23 02:14:09 +0000 2024","3293","#Gempa Mag:4.5 23-Mar-2024 09:07:38WIB Lok:5.78LS 112.47BT (133 km TimurLaut TUBAN-JATIM) Kedlmn:13 Km #BMKG Disclaimer:Informasi ini mengutamakan kecepatan sehingga hasil pengolahan data belum stabil dan bisa berubah seiring kelengkapan data https://t.co/WUjFU0IKua","1771359749952745819","https://pbs.twimg.com/tweet_video_thumb/GJUiTfCbsAAuRAx.jpg","","in","Indonesia","523","292","435","https://x.com/infoBMKG/status/1771359749952745819","108543358","infoBMKG"
"1771356732897599847","Sat Mar 23 02:02:09 +0000 2024","1015","#Gempa Mag:4.4 23-Mar-2024 08:59:06WIB Lok:5.69LS 112.39BT (139 km TimurLaut TUBAN-JATIM) Kedlmn:10 Km #BMKG Disclaimer:Informasi ini mengutamakan kecepatan sehingga hasil pengolahan data belum stabil dan bisa berubah seiring kelengkapan data https://t.co/u3JmGBSFlI","1771356732897599847","https://pbs.twimg.com/tweet_video_thumb/GJUfj5eaMAAI7e2.jpg","","in","Indonesia","149","107","168","https://x.com/infoBMKG/status/1771356732897599847","108543358","infoBMKG"
"1771355980556886275","Sat Mar 23 01:59:10 +0000 2024","194","#Gempa Mag:4.3 23-Mar-2024 08:53:49WIB Lok:6.05LU 123.98BT (318 km BaratLaut TAHUNA-KEP.SANGIHE-SULUT) Kedlmn:541 Km #BMKG Disclaimer:Informasi ini mengutamakan kecepatan sehingga hasil pengolahan data belum stabil dan bisa berubah seiring kelengkapan data https://t.co/exEefx8Rgo","1771355980556886275","https://pbs.twimg.com/tweet_video_thumb/GJUe4GjbUAA4GXj.jpg","","in","Indonesia","5","6","22","https://x.com/infoBMKG/status/1771355980556886275","108543358","infoBMKG"
"1771342641692893245","Sat Mar 23 01:06:10 +0000 2024","197","#Gempa Mag:3.7 23-Mar-2024 08:02:50WIB Lok:2.31LU 126.83BT (135 km BaratLaut HALMAHERABARAT-MALUT) Kedlmn:10 Km #BMKG Disclaimer:Informasi ini mengutamakan kecepatan sehingga hasil pengolahan data belum stabil dan bisa berubah seiring kelengkapan data https://t.co/i9CeQb9Bce","1771342641692893245","https://pbs.twimg.com/tweet_video_thumb/GJUSvrYbQAAy3w8.jpg","","in","Indonesia","7","6","27","https://x.com/infoBMKG/status/1771342641692893245","108543358","infoBMKG"
"1771339366536974446","Sat Mar 23 00:53:09 +0000 2024","1174","#Gempa Mag:4.1 23-Mar-2024 07:49:42WIB Lok:5.54LS 112.69BT (167 km TimurLaut TUBAN-JATIM) Kedlmn:10 Km #BMKG Disclaimer:Informasi ini mengutamakan kecepatan sehingga hasil pengolahan data belum stabil dan bisa berubah seiring kelengkapan data https://t.co/3ExAGFmcdu","1771339366536974446","https://pbs.twimg.com/tweet_video_thumb/GJUPxCvaEAAsJ8-.jpg","","in","Indonesia","233","125","204","https://x.com/infoBMKG/status/1771339366536974446","108543358","infoBMKG"
"1771338365763465236","Sat Mar 23 00:49:10 +0000 2024","160","#Gempa Mag:2.7 23-Mar-2024 07:42:01WIB Lok:0.40LS 131.72BT (71 km TimurLaut KOTA-SORONG-PAPUABRT) Kedlmn:298 Km #BMKG Disclaimer:Informasi ini mengutamakan kecepatan sehingga hasil pengolahan data belum stabil dan bisa berubah seiring kelengkapan data https://t.co/WRF5rLo4pK","1771338365763465236","https://pbs.twimg.com/tweet_video_thumb/GJUO2wqaEAAQsGn.jpg","","in","Indonesia","2","5","22","https://x.com/infoBMKG/status/1771338365763465236","108543358","infoBMKG"
"1771333580956016940","Sat Mar 23 00:30:10 +0000 2024","2271","#Gempa Mag:4.0 23-Mar-2024 07:24:37WIB Lok:5.56LS 112.48BT (156 km TimurLaut TUBAN-JATIM) Kedlmn:10 Km #BMKG Disclaimer:Informasi ini mengutamakan kecepatan sehingga hasil pengolahan data belum stabil dan bisa berubah seiring kelengkapan data https://t.co/lzIe8i7WCO","1771333580956016940","https://pbs.twimg.com/tweet_video_thumb/GJUKgPmasAATJLL.jpg","","in","Indonesia","273","211","333","https://x.com/infoBMKG/status/1771333580956016940","108543358","infoBMKG"
"1771292312511172763","Fri Mar 22 21:46:10 +0000 2024","2707","#Gempa Mag:4.1 23-Mar-2024 04:42:01WIB Lok:5.76LS 112.30BT (129 km TimurLaut TUBAN-JATIM) Kedlmn:10 Km #BMKG Disclaimer:Informasi ini mengutamakan kecepatan sehingga hasil pengolahan data belum stabil dan bisa berubah seiring kelengkapan data https://t.co/EKCYgABf9P","1771292312511172763","https://pbs.twimg.com/tweet_video_thumb/GJTk-G_akAA5ece.jpg","","in","Indonesia","681","426","454","https://x.com/infoBMKG/status/1771292312511172763","108543358","infoBMKG"
"1771269912214061382","Fri Mar 22 20:17:10 +0000 2024","2289","#Gempa Mag:3.6 23-Mar-2024 03:10:21WIB Lok:5.63LS 112.47BT (148 km TimurLaut TUBAN-JATIM) Kedlmn:10 Km #BMKG Disclaimer:Informasi ini mengutamakan kecepatan sehingga hasil pengolahan data belum stabil dan bisa berubah seiring kelengkapan data https://t.co/JSvbnENj3P","1771269912214061382","https://pbs.twimg.com/tweet_video_thumb/GJTQmQnaoAA8PSi.jpg","","in","Indonesia","520","308","325","https://x.com/infoBMKG/status/1771269912214061382","108543358","infoBMKG"
"1771257082983117281","Fri Mar 22 19:26:11 +0000 2024","219","#Gempa Mag:2.4 23-Mar-2024 02:20:33WIB Lok:0.23LU 99.96BT (19 km TimurLaut PASAMANBARAT-SUMBAR) Kedlmn:10 Km #BMKG Disclaimer:Informasi ini mengutamakan kecepatan sehingga hasil pengolahan data belum stabil dan bisa berubah seiring kelengkapan data https://t.co/nOWaiPF10A","1771257082983117281","https://pbs.twimg.com/tweet_video_thumb/GJTE7fTacAEBRGZ.jpg","","in","Indonesia","21","17","34","https://x.com/infoBMKG/status/1771257082983117281","108543358","infoBMKG"
"1771256827487105123","Fri Mar 22 19:25:10 +0000 2024","1217","#Gempa Mag:3.5 23-Mar-2024 02:20:06WIB Lok:5.94LS 112.33BT (111 km TimurLaut TUBAN-JATIM) Kedlmn:81 Km #BMKG Disclaimer:Informasi ini mengutamakan kecepatan sehingga hasil pengolahan data belum stabil dan bisa berubah seiring kelengkapan data https://t.co/9C4b9SjNUf","1771256827487105123","https://pbs.twimg.com/tweet_video_thumb/GJTEspJacAAMugX.jpg","","in","Indonesia","200","95","152","https://x.com/infoBMKG/status/1771256827487105123","108543358","infoBMKG"
"1771251792929779906","Fri Mar 22 19:05:10 +0000 2024","755","#Gempa Mag:3.7 23-Mar-2024 01:58:57WIB Lok:5.72LS 112.42BT (137 km TimurLaut TUBAN-JATIM) Kedlmn:10 Km #BMKG Disclaimer:Informasi ini mengutamakan kecepatan sehingga hasil pengolahan data belum stabil dan bisa berubah seiring kelengkapan data https://t.co/VcLGiJ7XB8","1771251792929779906","https://pbs.twimg.com/tweet_video_thumb/GJTAHmGacAIampG.jpg","","in","Indonesia","134","128","142","https://x.com/infoBMKG/status/1771251792929779906","108543358","infoBMKG"
"1771248268493877605","Fri Mar 22 18:51:10 +0000 2024","648","#Gempa Mag:3.3 23-Mar-2024 01:46:09WIB Lok:5.65LS 112.34BT (142 km TimurLaut TUBAN-JATIM) Kedlmn:10 Km #BMKG Disclaimer:Informasi ini mengutamakan kecepatan sehingga hasil pengolahan data belum stabil dan bisa berubah seiring kelengkapan data https://t.co/GLp33QYyNr","1771248268493877605","https://pbs.twimg.com/tweet_video_thumb/GJS86b-akAAD1SL.jpg","","in","Indonesia","133","103","120","https://x.com/infoBMKG/status/1771248268493877605","108543358","infoBMKG"
"1771235437774008467","Fri Mar 22 18:00:10 +0000 2024","231","#Gempa Mag:2.6 23-Mar-2024 00:56:34WIB Lok:0.51LU 121.05BT (28 km Tenggara PARIGIMOUTONG-SULTENG) Kedlmn:65 Km #BMKG Disclaimer:Informasi ini mengutamakan kecepatan sehingga hasil pengolahan data belum stabil dan bisa berubah seiring kelengkapan data https://t.co/BXYdroXL5n","1771235437774008467","https://pbs.twimg.com/tweet_video_thumb/GJSxPlQacAECmeI.jpg","","in","Indonesia","8","27","19","https://x.com/infoBMKG/status/1771235437774008467","108543358","infoBMKG"
"1771234425935917133","Fri Mar 22 17:56:09 +0000 2024","907","#Gempa Mag:3.3 23-Mar-2024 00:52:44WIB Lok:5.89LS 112.33BT (116 km TimurLaut TUBAN-JATIM) Kedlmn:10 Km #BMKG Disclaimer:Informasi ini mengutamakan kecepatan sehingga hasil pengolahan data belum stabil dan bisa berubah seiring kelengkapan data https://t.co/07YRdZMscc","1771234425935917133","https://pbs.twimg.com/tweet_video_thumb/GJSwUsnaAAA-rnL.jpg","","in","Indonesia","280","220","164","https://x.com/infoBMKG/status/1771234425935917133","108543358","infoBMKG"
"1771227884600061994","Fri Mar 22 17:30:10 +0000 2024","1575","#Gempa Mag:3.7 23-Mar-2024 00:25:44WIB Lok:5.73LS 112.29BT (132 km TimurLaut TUBAN-JATIM) Kedlmn:10 Km #BMKG Disclaimer:Informasi ini mengutamakan kecepatan sehingga hasil pengolahan data belum stabil dan bisa berubah seiring kelengkapan data https://t.co/SyVbIyAqxS","1771227884600061994","https://pbs.twimg.com/tweet_video_thumb/GJSqX8ebcAA_Z9-.jpg","","in","Indonesia","433","292","259","https://x.com/infoBMKG/status/1771227884600061994","108543358","infoBMKG"
"1771226378085757351","Fri Mar 22 17:24:10 +0000 2024","274","#Gempa Mag:2.4 23-Mar-2024 00:17:02WIB Lok:3.88LS 119.89BT (18 km BaratDaya SIDENRENGRAPPANG-SULSEL) Kedlmn:10 Km #BMKG Disclaimer:Informasi ini mengutamakan kecepatan sehingga hasil pengolahan data belum stabil dan bisa berubah seiring kelengkapan data https://t.co/skToz9ZTW5","1771226378085757351","https://pbs.twimg.com/tweet_video_thumb/GJSpAN4bQAAl0Wb.jpg","","in","Indonesia","19","21","35","https://x.com/infoBMKG/status/1771226378085757351","108543358","infoBMKG"
"1771224864449520008","Fri Mar 22 17:18:10 +0000 2024","904","#Gempa Mag:3.3 23-Mar-2024 00:12:06WIB Lok:5.87LS 112.36BT (119 km TimurLaut TUBAN-JATIM) Kedlmn:14 Km #BMKG Disclaimer:Informasi ini mengutamakan kecepatan sehingga hasil pengolahan data belum stabil dan bisa berubah seiring kelengkapan data https://t.co/vBNZq9apA0","1771224864449520008","https://pbs.twimg.com/tweet_video_thumb/GJSnoHJacAELQrH.jpg","","in","Indonesia","362","219","174","https://x.com/infoBMKG/status/1771224864449520008","108543358","infoBMKG"
"1771209263513571626","Fri Mar 22 16:16:10 +0000 2024","2970","#Gempa Mag:4.1 22-Mar-2024 23:12:22WIB Lok:5.78LS 112.29BT (127 km TimurLaut TUBAN-JATIM) Kedlmn:10 Km #BMKG Disclaimer:Informasi ini mengutamakan kecepatan sehingga hasil pengolahan data belum stabil dan bisa berubah seiring kelengkapan data https://t.co/qTwDn29dvJ","1771209263513571626","https://pbs.twimg.com/tweet_video_thumb/GJSZcCbaoAAN3u9.jpg","","in","Indonesia","1111","530","524","https://x.com/infoBMKG/status/1771209263513571626","108543358","infoBMKG"
"1771200452916645912","Fri Mar 22 15:41:09 +0000 2024","1499","#Gempa Mag:3.6 22-Mar-2024 22:37:14WIB Lok:5.72LS 112.39BT (136 km TimurLaut TUBAN-JATIM) Kedlmn:10 Km #BMKG Disclaimer:Informasi ini mengutamakan kecepatan sehingga hasil pengolahan data belum stabil dan bisa berubah seiring kelengkapan data https://t.co/Caxt8ZjpiT","1771200452916645912","https://pbs.twimg.com/tweet_video_thumb/GJSRbLWbQAAiGYY.jpg","","in","Indonesia","560","287","263","https://x.com/infoBMKG/status/1771200452916645912","108543358","infoBMKG"
"1771197186308706696","Fri Mar 22 15:28:11 +0000 2024","1540","#Gempa Mag:3.7 22-Mar-2024 22:24:19WIB Lok:5.82LS 112.33BT (124 km TimurLaut TUBAN-JATIM) Kedlmn:10 Km #BMKG Disclaimer:Informasi ini mengutamakan kecepatan sehingga hasil pengolahan data belum stabil dan bisa berubah seiring kelengkapan data https://t.co/aJQq7D57W4","1771197186308706696","https://pbs.twimg.com/tweet_video_thumb/GJSOc_jbgAAohs0.jpg","","in","Indonesia","453","220","269","https://x.com/infoBMKG/status/1771197186308706696","108543358","infoBMKG"
"1771185358774092020","Fri Mar 22 14:41:11 +0000 2024","506","#Gempa Mag:3.1 22-Mar-2024 21:37:00WIB Lok:9.69LS 119.86BT (2 km BaratLaut LEWA-SUMBATIMUR-NTT) Kedlmn:25 Km #BMKG Disclaimer:Informasi ini mengutamakan kecepatan sehingga hasil pengolahan data belum stabil dan bisa berubah seiring kelengkapan data https://t.co/igqb39nvmg","1771185358774092020","https://pbs.twimg.com/tweet_video_thumb/GJSDse7bIAA552g.jpg","","in","Indonesia","58","45","75","https://x.com/infoBMKG/status/1771185358774092020","108543358","infoBMKG"
"1771039392171528519","Fri Mar 22 05:01:10 +0000 2024","707","#Gempa Mag:3.3 22-Mar-2024 11:56:24WIB Lok:5.73LS 112.38BT (135 km TimurLaut TUBAN-JATIM) Kedlmn:10 Km #BMKG Disclaimer:Informasi ini mengutamakan kecepatan sehingga hasil pengolahan data belum stabil dan bisa berubah seiring kelengkapan data https://t.co/EoRpCfcCPA","1771039392171528519","https://pbs.twimg.com/tweet_video_thumb/GJP-8PJaAAAMQMv.jpg","","in","Indonesia","112","52","208","https://x.com/infoBMKG/status/1771039392171528519","108543358","infoBMKG"
"1771033855732121617","Fri Mar 22 04:39:10 +0000 2024","1444","#Gempa Mag:4.5 22-Mar-2024 11:35:13WIB Lok:5.64LS 112.34BT (143 km TimurLaut TUBAN-JATIM) Kedlmn:10 Km #BMKG Disclaimer:Informasi ini mengutamakan kecepatan sehingga hasil pengolahan data belum stabil dan bisa berubah seiring kelengkapan data https://t.co/fKfLY5oC7x","1771033855732121617","https://pbs.twimg.com/tweet_video_thumb/GJP5596asAADqrd.jpg","","in","Indonesia","186","89","413","https://x.com/infoBMKG/status/1771033855732121617","108543358","infoBMKG"
"1771030583147479333","Fri Mar 22 04:26:09 +0000 2024","14256","#Gempa Mag:6.1 22-Mar-2024 11:22:45WIB Lok:5.74LS 112.32BT (132 km TimurLaut TUBAN-JATIM) Kedlmn:10 Km #BMKG Disclaimer:Informasi ini mengutamakan kecepatan sehingga hasil pengolahan data belum stabil dan bisa berubah seiring kelengkapan data https://t.co/zXpL4YMJsh","1771030583147479333","https://pbs.twimg.com/tweet_video_thumb/GJP27duboAAlQTf.jpg","","in","Indonesia","4493","2882","5596","https://x.com/infoBMKG/status/1771030583147479333","108543358","infoBMKG"
"1771030577774534895","Fri Mar 22 04:26:08 +0000 2024","7719","#Gempa Mag:6.0 22-Mar-24 11:22:45 WIB Lok:5.74 LS 112.32 BT (132 km TimurLaut TUBAN-JATIM) Kedlmn:10 Km tdk berpotensi tsunami #BMKG https://t.co/RPZsuFQnjX","1771030577774534895","https://pbs.twimg.com/tweet_video_thumb/GJP27J3boAAWGx2.jpg","","in","Indonesia","1546","846","2663","https://x.com/infoBMKG/status/1771030577774534895","108543358","infoBMKG"
"1771011709530169759","Fri Mar 22 03:11:10 +0000 2024","221","#Gempa Mag:3.4 22-Mar-2024 10:06:49WIB Lok:6.63LS 105.74BT (18 km TimurLaut SUMUR-BANTEN) Kedlmn:10 Km #BMKG Disclaimer:Informasi ini mengutamakan kecepatan sehingga hasil pengolahan data belum stabil dan bisa berubah seiring kelengkapan data https://t.co/7zGcZedssZ","1771011709530169759","https://pbs.twimg.com/tweet_video_thumb/GJPlw4Aa0AAyvsz.jpg","","in","Indonesia","5","2","48","https://x.com/infoBMKG/status/1771011709530169759","108543358","infoBMKG"
"1771007437295988752","Fri Mar 22 02:54:11 +0000 2024","57","#Gempa Mag:4.4 22-Mar-2024 09:48:19WIB Lok:4.26LS 137.06BT (71 km Tenggara DEIYAI-PAPUA) Kedlmn:10 Km #BMKG Disclaimer:Informasi ini mengutamakan kecepatan sehingga hasil pengolahan data belum stabil dan bisa berubah seiring kelengkapan data https://t.co/Ba5H1T90XA","1771007437295988752","https://pbs.twimg.com/tweet_video_thumb/GJPh4MNaYAAfUOl.jpg","","in","Indonesia","4","1","11","https://x.com/infoBMKG/status/1771007437295988752","108543358","infoBMKG"
"1770981262767042965","Fri Mar 22 01:10:10 +0000 2024","64","#Gempa Mag:2.6 22-Mar-2024 08:06:49WIB Lok:2.43LS 121.07BT (20 km BaratLaut LUWUTIMUR-SULSEL) Kedlmn:10 Km #BMKG Disclaimer:Informasi ini mengutamakan kecepatan sehingga hasil pengolahan data belum stabil dan bisa berubah seiring kelengkapan data https://t.co/syTXWzrvBP","1770981262767042965","https://pbs.twimg.com/tweet_video_thumb/GJPKEpbaQAAJNQd.jpg","","in","Indonesia","1","1","11","https://x.com/infoBMKG/status/1770981262767042965","108543358","infoBMKG"
"1770969181120512413","Fri Mar 22 00:22:10 +0000 2024","39","#Gempa Mag:4.2 22-Mar-2024 07:19:12WIB Lok:3.61LU 126.34BT (57 km BaratDaya MELONGUANE-SULUT) Kedlmn:35 Km #BMKG Disclaimer:Informasi ini mengutamakan kecepatan sehingga hasil pengolahan data belum stabil dan bisa berubah seiring kelengkapan data https://t.co/a5y2bBXnUJ","1770969181120512413","https://pbs.twimg.com/tweet_video_thumb/GJO_FXBa8AE13lG.jpg","","in","Indonesia","0","2","9","https://x.com/infoBMKG/status/1770969181120512413","108543358","infoBMKG"
"1770893433915449826","Thu Mar 21 19:21:10 +0000 2024","35","#Gempa Mag:3.3 22-Mar-2024 02:17:42WIB Lok:2.48LU 128.49BT (52 km TimurLaut DARUBA-MALUT) Kedlmn:221 Km #BMKG Disclaimer:Informasi ini mengutamakan kecepatan sehingga hasil pengolahan data belum stabil dan bisa berubah seiring kelengkapan data https://t.co/yZGq5Eagi7","1770893433915449826","https://pbs.twimg.com/tweet_video_thumb/GJN6MUbbUAAD7aZ.jpg","","in","Indonesia","0","1","9","https://x.com/infoBMKG/status/1770893433915449826","108543358","infoBMKG"
"1770795050487668986","Thu Mar 21 12:50:14 +0000 2024","31","#Gempa Mag:3.6 21-Mar-2024 19:43:57WIB Lok:0.22LU 100.08BT (13 km BaratLaut PASAMAN-SUMBAR) Kedlmn:10 Km #BMKG Disclaimer:Informasi ini mengutamakan kecepatan sehingga hasil pengolahan data belum stabil dan bisa berubah seiring kelengkapan data https://t.co/FCMG6hpkFI","1770795050487668986","https://pbs.twimg.com/tweet_video_thumb/GJMgtAHXEAESPgL.jpg","","in","Indonesia","3","1","9","https://x.com/infoBMKG/status/1770795050487668986","108543358","infoBMKG"
"1770764333863108868","Thu Mar 21 10:48:11 +0000 2024","49","#Gempa Mag:4.1 21-Mar-2024 17:45:32WIB Lok:4.88LU 94.86BT (84 km BaratLaut CALANG-ACEHJAYA) Kedlmn:17 Km #BMKG Disclaimer:Informasi ini mengutamakan kecepatan sehingga hasil pengolahan data belum stabil dan bisa berubah seiring kelengkapan data https://t.co/94MRNGmC5t","1770764333863108868","https://pbs.twimg.com/tweet_video_thumb/GJMExndXMAEUffR.jpg","","in","Indonesia","1","2","10","https://x.com/infoBMKG/status/1770764333863108868","108543358","infoBMKG"
"1770730867582754871","Thu Mar 21 08:35:12 +0000 2024","19","#Gempa Mag:3.4 21-Mar-2024 15:30:48WIB Lok:2.14LS 120.90BT (57 km BaratLaut LUWUTIMUR-SULSEL) Kedlmn:10 Km #BMKG Disclaimer:Informasi ini mengutamakan kecepatan sehingga hasil pengolahan data belum stabil dan bisa berubah seiring kelengkapan data https://t.co/b5GZTd0FvQ","1770730867582754871","https://pbs.twimg.com/tweet_video_thumb/GJLmVloX0AAMdUH.jpg","","in","Indonesia","0","0","4","https://x.com/infoBMKG/status/1770730867582754871","108543358","infoBMKG"
"1770606830663958809","Thu Mar 21 00:22:19 +0000 2024","17","#Gempa Mag:5.4 21-Mar-24 07:19:14 WIB Lok:1.83 LS 137.50 BT (79 km BaratLaut KASONAWEJA-PAPUA) Kedlmn:10 Km tdk berpotensi tsunami #BMKG https://t.co/lbzuO8qeJA","1770606830663958809","https://pbs.twimg.com/tweet_video_thumb/GJJ1h2XawAAL5rS.jpg","","in","Indonesia","1","2","7","https://x.com/infoBMKG/status/1770606830663958809","108543358","infoBMKG"
"1770606792697069586","Thu Mar 21 00:22:10 +0000 2024","6","#Gempa Mag:5.4 21-Mar-2024 07:19:14WIB Lok:1.83LS 137.50BT (83 km BaratLaut MAMBERAMORAYA-PAPUA) Kedlmn:10 Km #BMKG Disclaimer:Informasi ini mengutamakan kecepatan sehingga hasil pengolahan data belum stabil dan bisa berubah seiring kelengkapan data https://t.co/Mfa3HWK78C","1770606792697069586","https://pbs.twimg.com/tweet_video_thumb/GJJ1fjKaoAA91sV.jpg","","in","Indonesia","0","1","2","https://x.com/infoBMKG/status/1770606792697069586","108543358","infoBMKG"
"1770578615018959155","Wed Mar 20 22:30:12 +0000 2024","17","#Gempa Mag:3.3 21-Mar-2024 05:26:05WIB Lok:0.44LU 126.71BT (81 km BaratDaya TERNATE-MALUT) Kedlmn:10 Km #BMKG Disclaimer:Informasi ini mengutamakan kecepatan sehingga hasil pengolahan data belum stabil dan bisa berubah seiring kelengkapan data https://t.co/Jg4q76gCID","1770578615018959155","https://pbs.twimg.com/tweet_video_thumb/GJJb3brawAES5D6.jpg","","in","Indonesia","0","0","4","https://x.com/infoBMKG/status/1770578615018959155","108543358","infoBMKG"
"1770559230220890560","Wed Mar 20 21:13:10 +0000 2024","9","#Gempa Mag:2.8 21-Mar-2024 04:09:05WIB Lok:2.05LS 100.57BT (77 km BaratDaya PESISIRSELATAN-SUMBAR) Kedlmn:29 Km #BMKG Disclaimer:Informasi ini mengutamakan kecepatan sehingga hasil pengolahan data belum stabil dan bisa berubah seiring kelengkapan data https://t.co/w2OZdhKWrn","1770559230220890560","https://pbs.twimg.com/tweet_video_thumb/GJJKPGxaYAATgyM.jpg","","in","Indonesia","0","2","3","https://x.com/infoBMKG/status/1770559230220890560","108543358","infoBMKG"
"1770558728825413765","Wed Mar 20 21:11:10 +0000 2024","8","#Gempa Mag:2.0 21-Mar-2024 04:07:24WIB Lok:0.85LU 122.68BT (21 km BaratLaut GORONTALOUTARA-GORONTALO) Kedlmn:53 Km #BMKG Disclaimer:Informasi ini mengutamakan kecepatan sehingga hasil pengolahan data belum stabil dan bisa berubah seiring kelengkapan data https://t.co/QegDc1ZOVC","1770558728825413765","https://pbs.twimg.com/tweet_video_thumb/GJJJx6TbkAAOoI-.jpg","","in","Indonesia","0","0","2","https://x.com/infoBMKG/status/1770558728825413765","108543358","infoBMKG"
"1770534065827176762","Wed Mar 20 19:33:10 +0000 2024","17","#Gempa Mag:3.4 21-Mar-2024 02:29:51WIB Lok:3.34LS 101.45BT (83 km BaratDaya LEBONG-BENGKULU) Kedlmn:26 Km #BMKG Disclaimer:Informasi ini mengutamakan kecepatan sehingga hasil pengolahan data belum stabil dan bisa berubah seiring kelengkapan data https://t.co/CNksBVDXNz","1770534065827176762","https://pbs.twimg.com/tweet_video_thumb/GJIzWYGbEAAi3h_.jpg","","in","Indonesia","0","0","2","https://x.com/infoBMKG/status/1770534065827176762","108543358","infoBMKG"
"1770530290395738140","Wed Mar 20 19:18:10 +0000 2024","27","#Gempa Mag:3.8 21-Mar-2024 02:15:05WIB Lok:0.81LU 97.44BT (18 km BaratDaya NIASBARAT-SUMUT) Kedlmn:19 Km #BMKG Disclaimer:Informasi ini mengutamakan kecepatan sehingga hasil pengolahan data belum stabil dan bisa berubah seiring kelengkapan data https://t.co/eqjBNVU2R4","1770530290395738140","https://pbs.twimg.com/tweet_video_thumb/GJIv6mNbsAASO1w.jpg","","in","Indonesia","0","5","5","https://x.com/infoBMKG/status/1770530290395738140","108543358","infoBMKG"
"1770480466182955183","Wed Mar 20 16:00:11 +0000 2024","15","#Gempa Mag:2.5 20-Mar-2024 22:57:01WIB Lok:0.32LS 123.04BT (95 km BaratDaya BONEBOLANGO-GORONTALO) Kedlmn:25 Km #BMKG Disclaimer:Informasi ini mengutamakan kecepatan sehingga hasil pengolahan data belum stabil dan bisa berubah seiring kelengkapan data https://t.co/EYmjd8AHwO","1770480466182955183","https://pbs.twimg.com/tweet_video_thumb/GJICmZEbAAALUNZ.jpg","","in","Indonesia","0","0","3","https://x.com/infoBMKG/status/1770480466182955183","108543358","infoBMKG"
"1770423332569337926","Wed Mar 20 12:13:10 +0000 2024","6","#Gempa Mag:4.8 20-Mar-2024 19:10:43WIB Lok:7.50LS 128.56BT (111 km TimurLaut MALUKUBRTDAYA) Kedlmn:152 Km #BMKG Disclaimer:Informasi ini mengutamakan kecepatan sehingga hasil pengolahan data belum stabil dan bisa berubah seiring kelengkapan data https://t.co/g1z3RTXRoD","1770423332569337926","https://pbs.twimg.com/tweet_video_thumb/GJHOo1-aAAAQD75.jpg","","in","Indonesia","0","0","1","https://x.com/infoBMKG/status/1770423332569337926","108543358","infoBMKG"
"1770417554315727185","Wed Mar 20 11:50:12 +0000 2024","25","#Gempa Mag:3.2 20-Mar-2024 18:46:21WIB Lok:0.78LS 123.63BT (88 km TimurLaut BANGGAIKEP-SULTENG) Kedlmn:10 Km #BMKG Disclaimer:Informasi ini mengutamakan kecepatan sehingga hasil pengolahan data belum stabil dan bisa berubah seiring kelengkapan data https://t.co/ZeNcZeB3dj","1770417554315727185","https://pbs.twimg.com/tweet_video_thumb/GJHJYd1bAAACiON.jpg","","in","Indonesia","0","3","3","https://x.com/infoBMKG/status/1770417554315727185","108543358","infoBMKG"
"1770373753131917548","Wed Mar 20 08:56:09 +0000 2024","7","#Gempa Mag:4.6 20-Mar-2024 15:52:25WIB Lok:7.30LS 129.02BT (166 km TimurLaut MALUKUBRTDAYA) Kedlmn:170 Km #BMKG Disclaimer:Informasi ini mengutamakan kecepatan sehingga hasil pengolahan data belum stabil dan bisa berubah seiring kelengkapan data https://t.co/X9OnRfZnTh","1770373753131917548","https://pbs.twimg.com/tweet_video_thumb/GJGhi8dacAAFOln.jpg","","in","Indonesia","1","1","3","https://x.com/infoBMKG/status/1770373753131917548","108543358","infoBMKG"
"1770366560789835906","Wed Mar 20 08:27:34 +0000 2024","305","#Gempa Mag:5.3 20-Mar-24 15:24:57 WIB Lok:2.09 LS 100.44 BT (83 km BaratDaya PESISIRSELATAN-SUMBAR) Kedlmn:21 Km tdk berpotensi tsunami #BMKG https://t.co/zB5an8Gk1q","1770366560789835906","https://pbs.twimg.com/tweet_video_thumb/GJGbAPgbAAAF6sF.jpg","","in","Indonesia","92","69","112","https://x.com/infoBMKG/status/1770366560789835906","108543358","infoBMKG"
"1770366459795194327","Wed Mar 20 08:27:10 +0000 2024","256","#Gempa Mag:5.3 20-Mar-2024 15:24:57WIB Lok:2.09LS 100.44BT (83 km BaratDaya PESISIRSELATAN-SUMBAR) Kedlmn:21 Km #BMKG Disclaimer:Informasi ini mengutamakan kecepatan sehingga hasil pengolahan data belum stabil dan bisa berubah seiring kelengkapan data https://t.co/TsBtIhXdy4","1770366459795194327","https://pbs.twimg.com/tweet_video_thumb/GJGa6aCasAAnYgA.jpg","","in","Indonesia","67","32","86","https://x.com/infoBMKG/status/1770366459795194327","108543358","infoBMKG"
"1770361679957934324","Wed Mar 20 08:08:10 +0000 2024","12","#Gempa Mag:3.0 20-Mar-2024 15:04:54WIB Lok:1.15LS 120.70BT (27 km BaratLaut POSO-SULTENG) Kedlmn:10 Km #BMKG Disclaimer:Informasi ini mengutamakan kecepatan sehingga hasil pengolahan data belum stabil dan bisa berubah seiring kelengkapan data https://t.co/CL9irLo9VQ","1770361679957934324","https://pbs.twimg.com/tweet_video_thumb/GJGWkLwaAAAqbS6.jpg","","in","Indonesia","0","0","2","https://x.com/infoBMKG/status/1770361679957934324","108543358","infoBMKG"
"1770317655209378128","Wed Mar 20 05:13:14 +0000 2024","10","#Gempa Mag:2.5 20-Mar-2024 12:09:57WIB Lok:2.39LS 140.02BT (68 km TimurLaut KAB-JAYAPURA-PAPUA) Kedlmn:19 Km #BMKG Disclaimer:Informasi ini mengutamakan kecepatan sehingga hasil pengolahan data belum stabil dan bisa berubah seiring kelengkapan data https://t.co/wc9D7geNkr","1770317655209378128","https://pbs.twimg.com/tweet_video_thumb/GJFugRHboAAo5w7.jpg","","in","Indonesia","0","0","2","https://x.com/infoBMKG/status/1770317655209378128","108543358","infoBMKG"
"1770301530970923188","Wed Mar 20 04:09:10 +0000 2024","12","#Gempa Mag:3.1 20-Mar-2024 11:05:47WIB Lok:0.51LU 99.61BT (40 km Tenggara MANDAILINGNATAL-SUMUT) Kedlmn:112 Km #BMKG Disclaimer:Informasi ini mengutamakan kecepatan sehingga hasil pengolahan data belum stabil dan bisa berubah seiring kelengkapan data https://t.co/dx3RApqWiu","1770301530970923188","https://pbs.twimg.com/tweet_video_thumb/GJFf3BnbgAAIr3x.jpg","","in","Indonesia","0","0","4","https://x.com/infoBMKG/status/1770301530970923188","108543358","infoBMKG"
"1770278633611096330","Wed Mar 20 02:38:11 +0000 2024","9","#Gempa Mag:2.5 20-Mar-2024 09:34:51WIB Lok:2.51LS 121.38BT (24 km TimurLaut LUWUTIMUR-SULSEL) Kedlmn:10 Km #BMKG Disclaimer:Informasi ini mengutamakan kecepatan sehingga hasil pengolahan data belum stabil dan bisa berubah seiring kelengkapan data https://t.co/5P10BupDcl","1770278633611096330","https://pbs.twimg.com/tweet_video_thumb/GJFLCQaaIAAEDCR.jpg","","in","Indonesia","0","0","2","https://x.com/infoBMKG/status/1770278633611096330","108543358","infoBMKG"
"1770185014065639696","Tue Mar 19 20:26:10 +0000 2024","66","#Gempa Mag:3.9 20-Mar-2024 03:20:33WIB Lok:8.99LS 114.58BT (71 km BaratDaya JEMBRANA-BALI) Kedlmn:65 Km #BMKG Disclaimer:Informasi ini mengutamakan kecepatan sehingga hasil pengolahan data belum stabil dan bisa berubah seiring kelengkapan data https://t.co/rm0uUX7L0h","1770185014065639696","https://pbs.twimg.com/tweet_video_thumb/GJD1426aIAAN-22.jpg","","in","Indonesia","1","0","12","https://x.com/infoBMKG/status/1770185014065639696","108543358","infoBMKG"
"1770178971814256745","Tue Mar 19 20:02:09 +0000 2024","28","#Gempa Mag:3.4 20-Mar-2024 02:59:25WIB Lok:5.78LS 102.89BT (84 km Tenggara ENGGANO-BENGKULU) Kedlmn:20 Km #BMKG Disclaimer:Informasi ini mengutamakan kecepatan sehingga hasil pengolahan data belum stabil dan bisa berubah seiring kelengkapan data https://t.co/q0croCk1Qh","1770178971814256745","https://pbs.twimg.com/tweet_video_thumb/GJDwZK5aMAAIqpj.jpg","","in","Indonesia","0","0","7","https://x.com/infoBMKG/status/1770178971814256745","108543358","infoBMKG"
"1770115807953248404","Tue Mar 19 15:51:10 +0000 2024","49","#Gempa Mag:2.7 19-Mar-2024 22:45:34WIB Lok:8.01LS 107.93BT (71 km BaratDaya KAB-PANGANDARAN-JABAR) Kedlmn:22 Km #BMKG Disclaimer:Informasi ini mengutamakan kecepatan sehingga hasil pengolahan data belum stabil dan bisa berubah seiring kelengkapan data https://t.co/Igu2cjVjMb","1770115807953248404","https://pbs.twimg.com/tweet_video_thumb/GJC28h4aAAAmesg.jpg","","in","Indonesia","1","2","17","https://x.com/infoBMKG/status/1770115807953248404","108543358","infoBMKG"
"1770109009041006859","Tue Mar 19 15:24:09 +0000 2024","20","#Gempa Mag:3.7 19-Mar-2024 22:21:10WIB Lok:2.26LS 140.10BT (85 km TimurLaut KAB-JAYAPURA-PAPUA) Kedlmn:10 Km #BMKG Disclaimer:Informasi ini mengutamakan kecepatan sehingga hasil pengolahan data belum stabil dan bisa berubah seiring kelengkapan data https://t.co/q5UWjbwK6M","1770109009041006859","https://pbs.twimg.com/tweet_video_thumb/GJCwwv7bgAA-Qoo.jpg","","in","Indonesia","0","0","1","https://x.com/infoBMKG/status/1770109009041006859","108543358","infoBMKG"
"1770054156105265622","Tue Mar 19 11:46:11 +0000 2024","14","#Gempa Mag:4.7 19-Mar-2024 18:41:39WIB Lok:6.68LS 130.53BT (167 km BaratLaut MALUKUTENGGARABRT) Kedlmn:58 Km #BMKG Disclaimer:Informasi ini mengutamakan kecepatan sehingga hasil pengolahan data belum stabil dan bisa berubah seiring kelengkapan data https://t.co/SccnYKp1YR","1770054156105265622","https://pbs.twimg.com/tweet_video_thumb/GJB-36_bsAAKJHv.jpg","","in","Indonesia","0","1","5","https://x.com/infoBMKG/status/1770054156105265622","108543358","infoBMKG"
"1770046100478808198","Tue Mar 19 11:14:10 +0000 2024","28","#Gempa Mag:3.6 19-Mar-2024 18:11:45WIB Lok:10.38LS 123.88BT (43 km BaratDaya KAB-KUPANG-NTT) Kedlmn:25 Km #BMKG Disclaimer:Informasi ini mengutamakan kecepatan sehingga hasil pengolahan data belum stabil dan bisa berubah seiring kelengkapan data https://t.co/GaVKo7NVPM","1770046100478808198","https://pbs.twimg.com/tweet_video_thumb/GJB3jB6b0AA_gGg.jpg","","in","Indonesia","1","3","5","https://x.com/infoBMKG/status/1770046100478808198","108543358","infoBMKG"
"1770012125144183002","Tue Mar 19 08:59:10 +0000 2024","16","#Gempa Mag:3.0 19-Mar-2024 15:56:12WIB Lok:4.64LS 102.67BT (34 km BaratDaya BENGKULUSELATAN) Kedlmn:39 Km #BMKG Disclaimer:Informasi ini mengutamakan kecepatan sehingga hasil pengolahan data belum stabil dan bisa berubah seiring kelengkapan data https://t.co/Zd5KIZDEKP","1770012125144183002","https://pbs.twimg.com/tweet_video_thumb/GJBYpZ0aoAAM8tI.jpg","","in","Indonesia","0","0","2","https://x.com/infoBMKG/status/1770012125144183002","108543358","infoBMKG"
"1770003816064381233","Tue Mar 19 08:26:09 +0000 2024","9","#Gempa Mag:4.8 19-Mar-2024 15:21:33WIB Lok:7.75LS 127.86BT (45 km TimurLaut MALUKUBRTDAYA) Kedlmn:153 Km #BMKG Disclaimer:Informasi ini mengutamakan kecepatan sehingga hasil pengolahan data belum stabil dan bisa berubah seiring kelengkapan data https://t.co/SatSQEcB0I","1770003816064381233","https://pbs.twimg.com/tweet_video_thumb/GJBRFv5awAA1OWG.jpg","","in","Indonesia","0","1","3","https://x.com/infoBMKG/status/1770003816064381233","108543358","infoBMKG"
"1769938390479516027","Tue Mar 19 04:06:10 +0000 2024","28","#Gempa Mag:4.9 19-Mar-2024 11:03:08WIB Lok:1.19LU 126.46BT (110 km BaratLaut TERNATE-MALUT) Kedlmn:14 Km #BMKG Disclaimer:Informasi ini mengutamakan kecepatan sehingga hasil pengolahan data belum stabil dan bisa berubah seiring kelengkapan data https://t.co/0UJMxNuHKu","1769938390479516027","https://pbs.twimg.com/tweet_video_thumb/GJAVlfqbMAA3Kar.jpg","","in","Indonesia","1","2","2","https://x.com/infoBMKG/status/1769938390479516027","108543358","infoBMKG"
"1769882015858659353","Tue Mar 19 00:22:10 +0000 2024","31","#Gempa Mag:4.0 19-Mar-2024 07:18:42WIB Lok:6.02LS 103.05BT (114 km Tenggara ENGGANO-BENGKULU) Kedlmn:30 Km #BMKG Disclaimer:Informasi ini mengutamakan kecepatan sehingga hasil pengolahan data belum stabil dan bisa berubah seiring kelengkapan data https://t.co/zZKIkfTeOh","1769882015858659353","https://pbs.twimg.com/tweet_video_thumb/GI_iUCyb0AAZ9nq.jpg","","in","Indonesia","0","0","3","https://x.com/infoBMKG/status/1769882015858659353","108543358","infoBMKG"
"1769841961366901143","Mon Mar 18 21:43:00 +0000 2024","41","#Gempa Mag:3.8 19-Mar-2024 04:23:32WIB Lok:11.37LS 118.99BT (178 km BaratDaya KARERA-SUMBATIMUR-NTT) Kedlmn:13 Km #BMKG Disclaimer:Informasi ini mengutamakan kecepatan sehingga hasil pengolahan data belum stabil dan bisa berubah seiring kelengkapan data https://t.co/RnADDUwFFB","1769841961366901143","https://pbs.twimg.com/tweet_video_thumb/GI-94j5bgAAjEKS.jpg","","in","Indonesia","0","3","6","https://x.com/infoBMKG/status/1769841961366901143","108543358","infoBMKG"
"1769735009303400496","Mon Mar 18 14:38:00 +0000 2024","20","#Gempa Mag:3.6 18-Mar-2024 21:21:12WIB Lok:8.15LS 119.88BT (38 km BaratLaut LABUANBAJO-NTT) Kedlmn:12 Km #BMKG Disclaimer:Informasi ini mengutamakan kecepatan sehingga hasil pengolahan data belum stabil dan bisa berubah seiring kelengkapan data https://t.co/Z8UuLNqsoh","1769735009303400496","https://pbs.twimg.com/tweet_video_thumb/GI9cnFGaYAA7zDg.jpg","","in","Indonesia","0","3","2","https://x.com/infoBMKG/status/1769735009303400496","108543358","infoBMKG"
"1769717643081351274","Mon Mar 18 13:29:00 +0000 2024","11","#Gempa Mag:3.3 18-Mar-2024 20:12:51WIB Lok:9.57LS 116.26BT (96 km BaratDaya LOMBOKTENGAH-NTB) Kedlmn:10 Km #BMKG Disclaimer:Informasi ini mengutamakan kecepatan sehingga hasil pengolahan data belum stabil dan bisa berubah seiring kelengkapan data https://t.co/2GdpLRCqeO","1769717643081351274","https://pbs.twimg.com/tweet_video_thumb/GI9M0RXaoAAp_Qr.jpg","","in","Indonesia","0","0","3","https://x.com/infoBMKG/status/1769717643081351274","108543358","infoBMKG"
"1769701047789064371","Mon Mar 18 12:23:03 +0000 2024","13","#Gempa Mag:3.5 18-Mar-2024 19:06:27WIB Lok:8.34LS 119.67BT (30 km BaratLaut LABUANBAJO-NTT) Kedlmn:163 Km #BMKG Disclaimer:Informasi ini mengutamakan kecepatan sehingga hasil pengolahan data belum stabil dan bisa berubah seiring kelengkapan data https://t.co/kQ2mD7PK3i","1769701047789064371","https://pbs.twimg.com/tweet_video_thumb/GI89uSpa0AA8nWp.jpg","","in","Indonesia","0","1","1","https://x.com/infoBMKG/status/1769701047789064371","108543358","infoBMKG"
"1769658753799114971","Mon Mar 18 09:35:00 +0000 2024","6","#Gempa Mag:2.7 18-Mar-2024 16:15:59WIB Lok:0.12LU 122.09BT (40 km Tenggara POHUWATO-GORONTALO) Kedlmn:145 Km #BMKG Disclaimer:Informasi ini mengutamakan kecepatan sehingga hasil pengolahan data belum stabil dan bisa berubah seiring kelengkapan data https://t.co/a2UfMBUrV9","1769658753799114971","https://pbs.twimg.com/tweet_video_thumb/GI8XQeQagAElQKm.jpg","","in","Indonesia","0","0","1","https://x.com/infoBMKG/status/1769658753799114971","108543358","infoBMKG"
"1769621759425417642","Mon Mar 18 07:08:00 +0000 2024","9","#Gempa Mag:2.9 18-Mar-2024 13:51:46WIB Lok:0.26LU 121.46BT (58 km BaratDaya POHUWATO-GORONTALO) Kedlmn:148 Km #BMKG Disclaimer:Informasi ini mengutamakan kecepatan sehingga hasil pengolahan data belum stabil dan bisa berubah seiring kelengkapan data https://t.co/ve5qNGDXaV","1769621759425417642","https://pbs.twimg.com/tweet_video_thumb/GI71nJQbgAAwOk6.jpg","","in","Indonesia","0","0","2","https://x.com/infoBMKG/status/1769621759425417642","108543358","infoBMKG"
"1769608176809447763","Mon Mar 18 06:14:01 +0000 2024","8","#Gempa Mag:3.0 18-Mar-2024 12:57:12WIB Lok:8.61LS 118.41BT (10 km BaratDaya DOMPU-NTB) Kedlmn:108 Km #BMKG Disclaimer:Informasi ini mengutamakan kecepatan sehingga hasil pengolahan data belum stabil dan bisa berubah seiring kelengkapan data https://t.co/6QaPTJ1pxs","1769608176809447763","https://pbs.twimg.com/tweet_video_thumb/GI7pQgRaQAAJ8vi.jpg","","in","Indonesia","0","1","1","https://x.com/infoBMKG/status/1769608176809447763","108543358","infoBMKG"
"1769568197781704810","Mon Mar 18 03:35:09 +0000 2024","22","#Gempa Mag:1.9 18-Mar-2024 10:30:32WIB Lok:8.76LS 117.85BT (56 km Tenggara SUMBAWA-NTB) Kedlmn:10 Km #BMKG Disclaimer:Informasi ini mengutamakan kecepatan sehingga hasil pengolahan data belum stabil dan bisa berubah seiring kelengkapan data https://t.co/EW5Ojx8n8P","1769568197781704810","https://pbs.twimg.com/tweet_video_thumb/GI7E5cha8AE0Hu6.jpg","","in","Indonesia","1","0","2","https://x.com/infoBMKG/status/1769568197781704810","108543358","infoBMKG"
"1769510566081741037","Sun Mar 17 23:46:09 +0000 2024","6","#Gempa Mag:4.8 18-Mar-2024 06:41:42WIB Lok:4.84LU 127.29BT (115 km TimurLaut MELONGUANE-SULUT) Kedlmn:105 Km #BMKG Disclaimer:Informasi ini mengutamakan kecepatan sehingga hasil pengolahan data belum stabil dan bisa berubah seiring kelengkapan data https://t.co/ThRUI09qDx","1769510566081741037","https://pbs.twimg.com/tweet_video_thumb/GI6Qe0dbgAAV-f2.jpg","","in","Indonesia","0","1","0","https://x.com/infoBMKG/status/1769510566081741037","108543358","infoBMKG"
"1769510242784800958","Sun Mar 17 23:44:52 +0000 2024","4","#Gempa Mag:5.1 18-Mar-24 06:41:41 WIB Lok:4.90 LU 127.33 BT (31 km TimurLaut PULAUKARATUNG-SULUT) Kedlmn:107 Km tdk berpotensi tsunami #BMKG https://t.co/OWnXrX3wEm","1769510242784800958","https://pbs.twimg.com/tweet_video_thumb/GI6QMAhbcAAHP4r.jpg","","in","Indonesia","0","0","3","https://x.com/infoBMKG/status/1769510242784800958","108543358","infoBMKG"
"1769447405605560721","Sun Mar 17 19:35:10 +0000 2024","7","#Gempa Mag:4.8 18-Mar-2024 02:31:14WIB Lok:4.84LU 126.30BT (102 km BaratLaut MELONGUANE-SULUT) Kedlmn:25 Km #BMKG Disclaimer:Informasi ini mengutamakan kecepatan sehingga hasil pengolahan data belum stabil dan bisa berubah seiring kelengkapan data https://t.co/4SlXrCp6vj","1769447405605560721","https://pbs.twimg.com/tweet_video_thumb/GI5XCZBakAETEus.jpg","","in","Indonesia","0","0","1","https://x.com/infoBMKG/status/1769447405605560721","108543358","infoBMKG"
"1769443625619144758","Sun Mar 17 19:20:09 +0000 2024","20","#Gempa Mag:3.7 18-Mar-2024 02:16:27WIB Lok:1.94LS 139.64BT (76 km TimurLaut SARMI-PAPUA) Kedlmn:13 Km #BMKG Disclaimer:Informasi ini mengutamakan kecepatan sehingga hasil pengolahan data belum stabil dan bisa berubah seiring kelengkapan data https://t.co/sJzMdxGKsb","1769443625619144758","https://pbs.twimg.com/tweet_video_thumb/GI5TmY7bAAAcSGQ.jpg","","in","Indonesia","0","0","3","https://x.com/infoBMKG/status/1769443625619144758","108543358","infoBMKG"
"1769398329035960537","Sun Mar 17 16:20:10 +0000 2024","550","#Gempa Mag:4.5 17-Mar-2024 23:16:56WIB Lok:9.46LS 113.22BT (147 km BaratDaya JEMBER-JATIM) Kedlmn:10 Km #BMKG Disclaimer:Informasi ini mengutamakan kecepatan sehingga hasil pengolahan data belum stabil dan bisa berubah seiring kelengkapan data https://t.co/TqQOggk2dO","1769398329035960537","https://pbs.twimg.com/tweet_video_thumb/GI4qZwDa8AAYw4F.jpg","","in","Indonesia","173","161","135","https://x.com/infoBMKG/status/1769398329035960537","108543358","infoBMKG"
"1769297668315181218","Sun Mar 17 09:40:10 +0000 2024","17","#Gempa Mag:4.2 17-Mar-2024 16:36:44WIB Lok:9.17LS 119.16BT (24 km BaratLaut TAMBOLAKA-NTT) Kedlmn:26 Km #BMKG Disclaimer:Informasi ini mengutamakan kecepatan sehingga hasil pengolahan data belum stabil dan bisa berubah seiring kelengkapan data https://t.co/5VLz9fzuPS","1769297668315181218","https://pbs.twimg.com/tweet_video_thumb/GI3O2ikbAAAgWIV.jpg","","in","Indonesia","0","0","4","https://x.com/infoBMKG/status/1769297668315181218","108543358","infoBMKG"
"1769247334805000658","Sun Mar 17 06:20:10 +0000 2024","6","#Gempa Mag:4.4 17-Mar-2024 13:15:35WIB Lok:6.45LU 125.89BT (286 km BaratLaut MELONGUANE-SULUT) Kedlmn:10 Km #BMKG Disclaimer:Informasi ini mengutamakan kecepatan sehingga hasil pengolahan data belum stabil dan bisa berubah seiring kelengkapan data https://t.co/VZcAjOWCCo","1769247334805000658","https://pbs.twimg.com/tweet_video_thumb/GI2hEwxbUAA576y.jpg","","in","Indonesia","0","1","4","https://x.com/infoBMKG/status/1769247334805000658","108543358","infoBMKG"
"1769131071994724561","Sat Mar 16 22:38:11 +0000 2024","29","#Gempa Mag:3.8 17-Mar-2024 05:35:46WIB Lok:0.62LS 99.51BT (67 km BaratDaya AGAM-SUMBAR) Kedlmn:10 Km #BMKG Disclaimer:Informasi ini mengutamakan kecepatan sehingga hasil pengolahan data belum stabil dan bisa berubah seiring kelengkapan data https://t.co/BmGmj0DcGq","1769131071994724561","https://pbs.twimg.com/tweet_video_thumb/GI03VX5awAAiGBQ.jpg","","in","Indonesia","2","2","5","https://x.com/infoBMKG/status/1769131071994724561","108543358","infoBMKG"
"1769098613270122878","Sat Mar 16 20:29:12 +0000 2024","12","#Gempa Mag:2.8 17-Mar-2024 03:26:41WIB Lok:2.46LS 121.15BT (13 km BaratLaut LUWUTIMUR-SULSEL) Kedlmn:10 Km #BMKG Disclaimer:Informasi ini mengutamakan kecepatan sehingga hasil pengolahan data belum stabil dan bisa berubah seiring kelengkapan data https://t.co/gEYJ5OopoZ","1769098613270122878","https://pbs.twimg.com/tweet_video_thumb/GI0Z0AwbAAAjojA.jpg","","in","Indonesia","0","0","3","https://x.com/infoBMKG/status/1769098613270122878","108543358","infoBMKG"
"1769071430241792248","Sat Mar 16 18:41:11 +0000 2024","39","#Gempa Mag:4.1 17-Mar-2024 01:37:10WIB Lok:2.69LS 129.33BT (79 km TimurLaut MALUKUTENGAH) Kedlmn:10 Km #BMKG Disclaimer:Informasi ini mengutamakan kecepatan sehingga hasil pengolahan data belum stabil dan bisa berubah seiring kelengkapan data https://t.co/PYkLooO0Yk","1769071430241792248","https://pbs.twimg.com/tweet_video_thumb/GI0BFxfa8AAHcQk.jpg","","in","Indonesia","0","1","4","https://x.com/infoBMKG/status/1769071430241792248","108543358","infoBMKG"
"1769063881769681269","Sat Mar 16 18:11:11 +0000 2024","16","#Gempa Mag:3.3 17-Mar-2024 01:07:28WIB Lok:0.85LS 122.05BT (63 km TimurLaut TOJOUNA-UNA-SULTENG) Kedlmn:10 Km #BMKG Disclaimer:Informasi ini mengutamakan kecepatan sehingga hasil pengolahan data belum stabil dan bisa berubah seiring kelengkapan data https://t.co/3OsM3AkQ0d","1769063881769681269","https://pbs.twimg.com/tweet_video_thumb/GIz6OXiakAAFLqi.jpg","","in","Indonesia","0","0","0","https://x.com/infoBMKG/status/1769063881769681269","108543358","infoBMKG"
"1769058595784778077","Sat Mar 16 17:50:11 +0000 2024","9","#Gempa Mag:3.5 17-Mar-2024 00:46:32WIB Lok:0.88LS 122.06BT (63 km TimurLaut TOJOUNA-UNA-SULTENG) Kedlmn:10 Km #BMKG Disclaimer:Informasi ini mengutamakan kecepatan sehingga hasil pengolahan data belum stabil dan bisa berubah seiring kelengkapan data https://t.co/39rcw1Sc8n","1769058595784778077","https://pbs.twimg.com/tweet_video_thumb/GIz1arHbYAAIcQv.jpg","","in","Indonesia","0","0","0","https://x.com/infoBMKG/status/1769058595784778077","108543358","infoBMKG"
"1768967488249929868","Sat Mar 16 11:48:09 +0000 2024","66","#Gempa Mag:3.1 16-Mar-2024 18:42:55WIB Lok:7.96LS 107.01BT (116 km Tenggara KOTA-SUKABUMI-JABAR) Kedlmn:19 Km #BMKG Disclaimer:Informasi ini mengutamakan kecepatan sehingga hasil pengolahan data belum stabil dan bisa berubah seiring kelengkapan data https://t.co/d4S6vsEPHx","1768967488249929868","https://pbs.twimg.com/tweet_video_thumb/GIyijgIbIAAMvhE.jpg","","in","Indonesia","3","1","5","https://x.com/infoBMKG/status/1768967488249929868","108543358","infoBMKG"
"1766564658763464862","Sat Mar 09 20:40:10 +0000 2024","16","#Gempa Mag:2.5 10-Mar-2024 03:36:11WIB Lok:5.19LU 96.25BT (22 km BaratLaut KAB-PIDIEJAYA-ACEH) Kedlmn:11 Km #BMKG Disclaimer:Informasi ini mengutamakan kecepatan sehingga hasil pengolahan data belum stabil dan bisa berubah seiring kelengkapan data https://t.co/ZPtAq2KBZa","1766564658763464862","https://pbs.twimg.com/tweet_video_thumb/GIQZMd5agAAK5j4.jpg","","in","Indonesia","0","0","3","https://x.com/infoBMKG/status/1766564658763464862","108543358","infoBMKG"
"1766546543409270933","Sat Mar 09 19:28:11 +0000 2024","5","#Gempa Mag:2.7 10-Mar-2024 02:23:38WIB Lok:2.61LS 121.16BT (3 km BaratDaya LUWUTIMUR-SULSEL) Kedlmn:10 Km #BMKG Disclaimer:Informasi ini mengutamakan kecepatan sehingga hasil pengolahan data belum stabil dan bisa berubah seiring kelengkapan data https://t.co/8izUx0oLJU","1766546543409270933","https://pbs.twimg.com/tweet_video_thumb/GIQIt_qbwAAHyM2.jpg","","in","Indonesia","0","0","0","https://x.com/infoBMKG/status/1766546543409270933","108543358","infoBMKG"
"1766429774254342206","Sat Mar 09 11:44:11 +0000 2024","24","#Gempa Mag:3.6 09-Mar-2024 18:41:17WIB Lok:1.65LS 121.22BT (15 km BaratDaya MOROWALIUTR-SULTENG) Kedlmn:10 Km #BMKG Disclaimer:Informasi ini mengutamakan kecepatan sehingga hasil pengolahan data belum stabil dan bisa berubah seiring kelengkapan data https://t.co/1rL5BfNb0Y","1766429774254342206","https://pbs.twimg.com/tweet_video_thumb/GIOehJra8AEsrri.jpg","","in","Indonesia","0","0","5","https://x.com/infoBMKG/status/1766429774254342206","108543358","infoBMKG"
"1766411909816025092","Sat Mar 09 10:33:12 +0000 2024","32","#Gempa Mag:4.6 09-Mar-2024 17:28:30WIB Lok:0.15LU 125.17BT (91 km Tenggara TUTUYAN-BOLTIM-SULUT) Kedlmn:15 Km #BMKG Disclaimer:Informasi ini mengutamakan kecepatan sehingga hasil pengolahan data belum stabil dan bisa berubah seiring kelengkapan data https://t.co/Fh7e65SfKi","1766411909816025092","https://pbs.twimg.com/tweet_video_thumb/GIOORTnbUAAW45g.jpg","","in","Indonesia","0","0","10","https://x.com/infoBMKG/status/1766411909816025092","108543358","infoBMKG"
"1766257131710566708","Sat Mar 09 00:18:10 +0000 2024","39","#Gempa Mag:4.0 09-Mar-2024 07:15:15WIB Lok:0.68LS 98.57BT (162 km Tenggara NIASSELATAN-SUMUT) Kedlmn:16 Km #BMKG Disclaimer:Informasi ini mengutamakan kecepatan sehingga hasil pengolahan data belum stabil dan bisa berubah seiring kelengkapan data https://t.co/16M51gb9vA","1766257131710566708","https://pbs.twimg.com/tweet_video_thumb/GIMBgAaaAAA8V_C.jpg","","in","Indonesia","0","0","5","https://x.com/infoBMKG/status/1766257131710566708","108543358","infoBMKG"
"1766204752545616035","Fri Mar 08 20:50:02 +0000 2024","6","#Gempa Mag:3.6 09-Mar-2024 03:33:55WIB Lok:3.76LS 130.17BT (81 km BaratDaya SERAMBAGIANTIMUR-MALUKU) Kedlmn:10 Km #BMKG Disclaimer:Informasi ini mengutamakan kecepatan sehingga hasil pengolahan data belum stabil dan bisa berubah seiring kelengkapan data https://t.co/qSNCH33C4K","1766204752545616035","https://pbs.twimg.com/tweet_video_thumb/GILR3KGXMAA7-lk.jpg","","in","Indonesia","0","1","2","https://x.com/infoBMKG/status/1766204752545616035","108543358","infoBMKG"
"1766198206893805629","Fri Mar 08 20:24:01 +0000 2024","2","#Gempa Mag:3.6 09-Mar-2024 03:07:14WIB Lok:0.85LU 125.35BT (65 km Tenggara RATAHAN-MITRA-SULUT) Kedlmn:35 Km #BMKG Disclaimer:Informasi ini mengutamakan kecepatan sehingga hasil pengolahan data belum stabil dan bisa berubah seiring kelengkapan data https://t.co/iOxafSd3mk","1766198206893805629","https://pbs.twimg.com/tweet_video_thumb/GILL6JGXkAA7mw-.jpg","","in","Indonesia","0","0","0","https://x.com/infoBMKG/status/1766198206893805629","108543358","infoBMKG"
"1766193920256680011","Fri Mar 08 20:06:59 +0000 2024","117","#Gempa Mag:3.1 09-Mar-2024 02:50:14WIB Lok:6.64LS 107.81BT (9 km Tenggara KAB-SUBANG-JABAR) Kedlmn:10 Km #BMKG Disclaimer:Informasi ini mengutamakan kecepatan sehingga hasil pengolahan data belum stabil dan bisa berubah seiring kelengkapan data https://t.co/tdIAH725J3","1766193920256680011","https://pbs.twimg.com/tweet_video_thumb/GILIAnvboAADfAM.jpg","","in","Indonesia","3","2","24","https://x.com/infoBMKG/status/1766193920256680011","108543358","infoBMKG"
"1766133279617646715","Fri Mar 08 16:06:01 +0000 2024","27","#Gempa Mag:4.2 08-Mar-2024 22:49:05WIB Lok:0.10LU 123.79BT (37 km BaratDaya BOLAANGUKI-BOLSEL-SULUT) Kedlmn:154 Km #BMKG Disclaimer:Informasi ini mengutamakan kecepatan sehingga hasil pengolahan data belum stabil dan bisa berubah seiring kelengkapan data https://t.co/pNNCkSrrkU","1766133279617646715","https://pbs.twimg.com/tweet_video_thumb/GIKQ22YbYAAhw03.jpg","","in","Indonesia","1","1","7","https://x.com/infoBMKG/status/1766133279617646715","108543358","infoBMKG"
"1766112634875924828","Fri Mar 08 14:43:59 +0000 2024","7","#Gempa Mag:3.2 08-Mar-2024 21:27:55WIB Lok:9.53LS 120.18BT (17 km BaratLaut WAINGAPU-NTT) Kedlmn:50 Km #BMKG Disclaimer:Informasi ini mengutamakan kecepatan sehingga hasil pengolahan data belum stabil dan bisa berubah seiring kelengkapan data https://t.co/mk7dvPWGQF","1766112634875924828","https://pbs.twimg.com/tweet_video_thumb/GIJ-FNhbYAAuz6Y.jpg","","in","Indonesia","0","0","0","https://x.com/infoBMKG/status/1766112634875924828","108543358","infoBMKG"
"1766101827538542921","Fri Mar 08 14:01:02 +0000 2024","15","#Gempa Mag:2.7 08-Mar-2024 20:44:27WIB Lok:8.56LS 118.40BT (7 km BaratDaya DOMPU-NTB) Kedlmn:109 Km #BMKG Disclaimer:Informasi ini mengutamakan kecepatan sehingga hasil pengolahan data belum stabil dan bisa berubah seiring kelengkapan data https://t.co/7hOJHOdENS","1766101827538542921","https://pbs.twimg.com/tweet_video_thumb/GIJ0QIsasAA1eOk.jpg","","in","Indonesia","0","0","5","https://x.com/infoBMKG/status/1766101827538542921","108543358","infoBMKG"
"1765770388490113057","Thu Mar 07 16:04:01 +0000 2024","20","#Gempa Mag:3.3 07-Mar-2024 22:47:15WIB Lok:0.23LU 126.22BT (140 km BaratDaya TERNATE-MALUT) Kedlmn:10 Km #BMKG Disclaimer:Informasi ini mengutamakan kecepatan sehingga hasil pengolahan data belum stabil dan bisa berubah seiring kelengkapan data https://t.co/eS0hvdEhoB","1765770388490113057","https://pbs.twimg.com/tweet_video_thumb/GIFGz1LasAADl71.jpg","","in","Indonesia","1","0","1","https://x.com/infoBMKG/status/1765770388490113057","108543358","infoBMKG"
"1765749789604597804","Thu Mar 07 14:42:10 +0000 2024","19","#Gempa Mag:2.6 07-Mar-2024 21:39:39WIB Lok:10.50LS 120.16BT (20 km BaratDaya KARERA-SUMBATIMUR-NTT) Kedlmn:21 Km #BMKG Disclaimer:Informasi ini mengutamakan kecepatan sehingga hasil pengolahan data belum stabil dan bisa berubah seiring kelengkapan data https://t.co/aQ1mPQzJ7M","1765749789604597804","https://pbs.twimg.com/tweet_video_thumb/GIE0EyMbwAAiMGE.jpg","","in","Indonesia","1","0","1","https://x.com/infoBMKG/status/1765749789604597804","108543358","infoBMKG"
"1765727640886087749","Thu Mar 07 13:14:09 +0000 2024","436","#Gempa Mag:4.4 07-Mar-2024 20:11:50WIB Lok:9.14LS 112.64BT (111 km Tenggara KAB-MALANG-JATIM) Kedlmn:10 Km #BMKG Disclaimer:Informasi ini mengutamakan kecepatan sehingga hasil pengolahan data belum stabil dan bisa berubah seiring kelengkapan data https://t.co/YrpsA1JWpe","1765727640886087749","https://pbs.twimg.com/tweet_video_thumb/GIEf7nNaIAARYEB.jpg","","in","Indonesia","63","75","94","https://x.com/infoBMKG/status/1765727640886087749","108543358","infoBMKG"
"1765715820058120695","Thu Mar 07 12:27:11 +0000 2024","16","#Gempa Mag:4.1 07-Mar-2024 19:23:13WIB Lok:4.49LS 125.75BT (202 km BaratDaya BURU-MALUKU) Kedlmn:421 Km #BMKG Disclaimer:Informasi ini mengutamakan kecepatan sehingga hasil pengolahan data belum stabil dan bisa berubah seiring kelengkapan data https://t.co/KFaUQ1b8yi","1765715820058120695","https://pbs.twimg.com/tweet_video_thumb/GIEVLjTa8AASbH3.jpg","","in","Indonesia","1","1","4","https://x.com/infoBMKG/status/1765715820058120695","108543358","infoBMKG"
"1765675049225474201","Thu Mar 07 09:45:11 +0000 2024","16","#Gempa Mag:4.6 07-Mar-2024 16:41:38WIB Lok:1.09LS 127.31BT (53 km BaratDaya LABUHA-MALUT) Kedlmn:10 Km #BMKG Disclaimer:Informasi ini mengutamakan kecepatan sehingga hasil pengolahan data belum stabil dan bisa berubah seiring kelengkapan data https://t.co/pCS7b1mtCU","1765675049225474201","https://pbs.twimg.com/tweet_video_thumb/GIDwGYfawAEqYLc.jpg","","in","Indonesia","0","1","4","https://x.com/infoBMKG/status/1765675049225474201","108543358","infoBMKG"
"1765671772102537223","Thu Mar 07 09:32:09 +0000 2024","7","#Gempa Mag:2.9 07-Mar-2024 16:28:53WIB Lok:8.21LS 117.98BT (64 km BaratLaut DOMPU-NTB) Kedlmn:157 Km #BMKG Disclaimer:Informasi ini mengutamakan kecepatan sehingga hasil pengolahan data belum stabil dan bisa berubah seiring kelengkapan data https://t.co/wGhK67et2Z","1765671772102537223","https://pbs.twimg.com/tweet_video_thumb/GIDtHn6bUAA475R.jpg","","in","Indonesia","0","1","1","https://x.com/infoBMKG/status/1765671772102537223","108543358","infoBMKG"
"1765597537871040611","Thu Mar 07 04:37:10 +0000 2024","5","#Gempa Mag:3.8 07-Mar-2024 11:34:06WIB Lok:0.78LS 133.50BT (41 km BaratLaut PEGUNUNGANARFAK-PAPUABRT) Kedlmn:13 Km #BMKG Disclaimer:Informasi ini mengutamakan kecepatan sehingga hasil pengolahan data belum stabil dan bisa berubah seiring kelengkapan data https://t.co/CNyH98SxWs","1765597537871040611","https://pbs.twimg.com/tweet_video_thumb/GICpmnjbsAAnBSj.jpg","","in","Indonesia","0","0","2","https://x.com/infoBMKG/status/1765597537871040611","108543358","infoBMKG"
"1765547956143587542","Thu Mar 07 01:20:09 +0000 2024","5","#Gempa Mag:3.9 07-Mar-2024 08:16:05WIB Lok:10.49LS 123.71BT (58 km BaratDaya KAB-KUPANG-NTT) Kedlmn:14 Km #BMKG Disclaimer:Informasi ini mengutamakan kecepatan sehingga hasil pengolahan data belum stabil dan bisa berubah seiring kelengkapan data https://t.co/PH7FqmunUf","1765547956143587542","https://pbs.twimg.com/tweet_video_thumb/GIB8glsaMAAwwDu.jpg","","in","Indonesia","1","1","0","https://x.com/infoBMKG/status/1765547956143587542","108543358","infoBMKG"
"1765538148208271584","Thu Mar 07 00:41:11 +0000 2024","11","#Gempa Mag:3.5 07-Mar-2024 07:38:27WIB Lok:3.14LS 130.67BT (20 km Tenggara SERAMBAGIANTIMUR-MALUKU) Kedlmn:10 Km #BMKG Disclaimer:Informasi ini mengutamakan kecepatan sehingga hasil pengolahan data belum stabil dan bisa berubah seiring kelengkapan data https://t.co/d3gh0B5mxg","1765538148208271584","https://pbs.twimg.com/tweet_video_thumb/GIBzlr5b0AA4PdN.jpg","","in","Indonesia","0","0","2","https://x.com/infoBMKG/status/1765538148208271584","108543358","infoBMKG"
"1765528215307923561","Thu Mar 07 00:01:43 +0000 2024","26","#Gempa Mag:5.3 07-Mar-24 06:57:00 WIB Lok:4.79 LS 134.12 BT (108 km BaratLaut KEP.ARU-MALUKU) Kedlmn:54 Km tdk berpotensi tsunami #BMKG https://t.co/gU95Xw2HOI","1765528215307923561","https://pbs.twimg.com/tweet_video_thumb/GIBqjapboAAOesG.jpg","","in","Indonesia","0","0","7","https://x.com/infoBMKG/status/1765528215307923561","108543358","infoBMKG"
"1765527831445217657","Thu Mar 07 00:00:11 +0000 2024","4","#Gempa Mag:5.4 07-Mar-2024 06:56:58WIB Lok:4.76LS 134.11BT (112 km BaratLaut KEP.ARU-MALUKU) Kedlmn:10 Km #BMKG Disclaimer:Informasi ini mengutamakan kecepatan sehingga hasil pengolahan data belum stabil dan bisa berubah seiring kelengkapan data https://t.co/4na3h8TWg5","1765527831445217657","https://pbs.twimg.com/tweet_video_thumb/GIBqNLDbkAA55EI.jpg","","in","Indonesia","2","0","1","https://x.com/infoBMKG/status/1765527831445217657","108543358","infoBMKG"
"1765517258615586980","Wed Mar 06 23:18:10 +0000 2024","10","#Gempa Mag:2.3 07-Mar-2024 06:14:06WIB Lok:0.23LU 121.91BT (25 km BaratDaya POHUWATO-GORONTALO) Kedlmn:77 Km #BMKG Disclaimer:Informasi ini mengutamakan kecepatan sehingga hasil pengolahan data belum stabil dan bisa berubah seiring kelengkapan data https://t.co/oogLnxbFLx","1765517258615586980","https://pbs.twimg.com/tweet_video_thumb/GIBglroasAA2Gea.jpg","","in","Indonesia","0","0","0","https://x.com/infoBMKG/status/1765517258615586980","108543358","infoBMKG"
"1765506898877702537","Wed Mar 06 22:37:00 +0000 2024","5","#Gempa Mag:2.3 07-Mar-2024 05:20:52WIB Lok:1.43LS 120.23BT (38 km Tenggara SIGI-SULTENG) Kedlmn:10 Km #BMKG Disclaimer:Informasi ini mengutamakan kecepatan sehingga hasil pengolahan data belum stabil dan bisa berubah seiring kelengkapan data https://t.co/7wgFsPYg83","1765506898877702537","https://pbs.twimg.com/tweet_video_thumb/GIBXKu2asAAAIWb.jpg","","in","Indonesia","0","0","1","https://x.com/infoBMKG/status/1765506898877702537","108543358","infoBMKG"
"1765496576338985289","Wed Mar 06 21:55:59 +0000 2024","16","#Gempa Mag:4.9 07-Mar-2024 04:39:31WIB Lok:8.12LU 127.24BT (462 km TimurLaut MELONGUANE-SULUT) Kedlmn:37 Km #BMKG Disclaimer:Informasi ini mengutamakan kecepatan sehingga hasil pengolahan data belum stabil dan bisa berubah seiring kelengkapan data https://t.co/fiEgpYL7WT","1765496576338985289","https://pbs.twimg.com/tweet_video_thumb/GIBNx5PbkAAxf_T.jpg","","in","Indonesia","0","0","1","https://x.com/infoBMKG/status/1765496576338985289","108543358","infoBMKG"
"1765490278901936167","Wed Mar 06 21:30:58 +0000 2024","108","#Gempa Mag:2.4 07-Mar-2024 04:14:36WIB Lok:7.21LS 107.61BT (22 km Tenggara KAB-BANDUNG-JABAR) Kedlmn:10 Km #BMKG Disclaimer:Informasi ini mengutamakan kecepatan sehingga hasil pengolahan data belum stabil dan bisa berubah seiring kelengkapan data https://t.co/bXBMkPoYkg","1765490278901936167","https://pbs.twimg.com/tweet_video_thumb/GIBIDVca4AA1Tiy.jpg","","in","Indonesia","2","5","17","https://x.com/infoBMKG/status/1765490278901936167","108543358","infoBMKG"
"1765484748254957624","Wed Mar 06 21:08:59 +0000 2024","3","#Gempa Mag:2.0 07-Mar-2024 03:52:24WIB Lok:9.01LS 119.36BT (46 km TimurLaut TAMBOLAKA-NTT) Kedlmn:53 Km #BMKG Disclaimer:Informasi ini mengutamakan kecepatan sehingga hasil pengolahan data belum stabil dan bisa berubah seiring kelengkapan data https://t.co/3ejPDSVgDp","1765484748254957624","https://pbs.twimg.com/tweet_video_thumb/GIBDBZYaMAAzEtA.jpg","","in","Indonesia","0","0","2","https://x.com/infoBMKG/status/1765484748254957624","108543358","infoBMKG"
"1765466882310828401","Wed Mar 06 19:58:00 +0000 2024","5","#Gempa Mag:1.6 07-Mar-2024 02:41:21WIB Lok:4.55LS 122.54BT (29 km TimurLaut MUNABARAT-SULTRA) Kedlmn:10 Km #BMKG Disclaimer:Informasi ini mengutamakan kecepatan sehingga hasil pengolahan data belum stabil dan bisa berubah seiring kelengkapan data https://t.co/di7X6az4f1","1765466882310828401","https://pbs.twimg.com/tweet_video_thumb/GIAyxeubEAAGCfN.jpg","","in","Indonesia","0","1","0","https://x.com/infoBMKG/status/1765466882310828401","108543358","infoBMKG"
"1765461342889345312","Wed Mar 06 19:35:59 +0000 2024","3","#Gempa Mag:2.5 07-Mar-2024 02:19:07WIB Lok:10.13LS 118.79BT (63 km BaratDaya KODI-SUMBABARATDAYA-NTT) Kedlmn:13 Km #BMKG Disclaimer:Informasi ini mengutamakan kecepatan sehingga hasil pengolahan data belum stabil dan bisa berubah seiring kelengkapan data https://t.co/n3MVANHlsi","1765461342889345312","https://pbs.twimg.com/tweet_video_thumb/GIAtvASbAAIYTJR.jpg","","in","Indonesia","0","0","0","https://x.com/infoBMKG/status/1765461342889345312","108543358","infoBMKG"
"1765444482550661262","Wed Mar 06 18:28:59 +0000 2024","3","#Gempa Mag:2.0 07-Mar-2024 01:12:52WIB Lok:8.19LS 119.85BT (34 km BaratLaut LABUANBAJO-NTT) Kedlmn:23 Km #BMKG Disclaimer:Informasi ini mengutamakan kecepatan sehingga hasil pengolahan data belum stabil dan bisa berubah seiring kelengkapan data https://t.co/5inWnFZold","1765444482550661262","https://pbs.twimg.com/tweet_video_thumb/GIAeZm4bAAAUjS7.jpg","","in","Indonesia","0","0","0","https://x.com/infoBMKG/status/1765444482550661262","108543358","infoBMKG"
"1765434164017561606","Wed Mar 06 17:47:59 +0000 2024","3","#Gempa Mag:3.7 07-Mar-2024 00:31:24WIB Lok:4.98LS 139.73BT (58 km Tenggara YAHUKIMO-PAPUA) Kedlmn:12 Km #BMKG Disclaimer:Informasi ini mengutamakan kecepatan sehingga hasil pengolahan data belum stabil dan bisa berubah seiring kelengkapan data https://t.co/RCFxVJbOLx","1765434164017561606","https://pbs.twimg.com/tweet_video_thumb/GIAVBAqagAEvwOa.jpg","","in","Indonesia","0","1","0","https://x.com/infoBMKG/status/1765434164017561606","108543358","infoBMKG"
"1765424854332059708","Wed Mar 06 17:10:59 +0000 2024","3","#Gempa Mag:4.4 06-Mar-2024 23:54:57WIB Lok:7.84LU 126.46BT (427 km BaratLaut MELONGUANE-SULUT) Kedlmn:100 Km #BMKG Disclaimer:Informasi ini mengutamakan kecepatan sehingga hasil pengolahan data belum stabil dan bisa berubah seiring kelengkapan data https://t.co/jv5vh8ExLv","1765424854332059708","https://pbs.twimg.com/tweet_video_thumb/GIAMjIDbAAEIgIq.jpg","","in","Indonesia","1","1","0","https://x.com/infoBMKG/status/1765424854332059708","108543358","infoBMKG"
"1765420319983174124","Wed Mar 06 16:52:58 +0000 2024","3","#Gempa Mag:1.8 06-Mar-2024 23:36:33WIB Lok:9.96LS 124.44BT (20 km Tenggara TIMORTENGAHSEL-NTT) Kedlmn:10 Km #BMKG Disclaimer:Informasi ini mengutamakan kecepatan sehingga hasil pengolahan data belum stabil dan bisa berubah seiring kelengkapan data https://t.co/sG8MXqedfH","1765420319983174124","https://pbs.twimg.com/tweet_video_thumb/GIAIbI8bAAA_7BS.jpg","","in","Indonesia","0","0","0","https://x.com/infoBMKG/status/1765420319983174124","108543358","infoBMKG"
"1765418060230590511","Wed Mar 06 16:44:00 +0000 2024","11","#Gempa Mag:3.1 06-Mar-2024 23:27:57WIB Lok:0.12LS 124.14BT (57 km Tenggara BOLAANGUKI-BOLSEL-SULUT) Kedlmn:24 Km #BMKG Disclaimer:Informasi ini mengutamakan kecepatan sehingga hasil pengolahan data belum stabil dan bisa berubah seiring kelengkapan data https://t.co/qK0nCU3TyX","1765418060230590511","https://pbs.twimg.com/tweet_video_thumb/GIAGXn9agAI_1OI.jpg","","in","Indonesia","0","0","1","https://x.com/infoBMKG/status/1765418060230590511","108543358","infoBMKG"
"1765414282181902535","Wed Mar 06 16:28:59 +0000 2024","6","#Gempa Mag:2.7 06-Mar-2024 23:12:19WIB Lok:10.42LS 117.42BT (195 km Tenggara SUMBAWABARAT-NTB) Kedlmn:10 Km #BMKG Disclaimer:Informasi ini mengutamakan kecepatan sehingga hasil pengolahan data belum stabil dan bisa berubah seiring kelengkapan data https://t.co/nzqYupZN1M","1765414282181902535","https://pbs.twimg.com/tweet_video_thumb/GIAC7s_aAAA56MN.jpg","","in","Indonesia","0","0","0","https://x.com/infoBMKG/status/1765414282181902535","108543358","infoBMKG"
"1765401446261121388","Wed Mar 06 15:37:59 +0000 2024","12","#Gempa Mag:3.6 06-Mar-2024 22:21:57WIB Lok:4.92LS 102.80BT (53 km BaratDaya BENGKULUSELATAN) Kedlmn:23 Km #BMKG Disclaimer:Informasi ini mengutamakan kecepatan sehingga hasil pengolahan data belum stabil dan bisa berubah seiring kelengkapan data https://t.co/o8CpEKDdd6","1765401446261121388","https://pbs.twimg.com/tweet_video_thumb/GH_3QlUaoAAnZQT.jpg","","in","Indonesia","0","0","0","https://x.com/infoBMKG/status/1765401446261121388","108543358","infoBMKG"
"1765396664561639651","Wed Mar 06 15:18:58 +0000 2024","19","#Gempa Mag:2.0 06-Mar-2024 22:02:42WIB Lok:8.48LS 117.23BT (21 km BaratLaut SUMBAWA-NTB) Kedlmn:18 Km #BMKG Disclaimer:Informasi ini mengutamakan kecepatan sehingga hasil pengolahan data belum stabil dan bisa berubah seiring kelengkapan data https://t.co/6LvDgUo0eL","1765396664561639651","https://pbs.twimg.com/tweet_video_thumb/GH_y6PUbkAEOZ1k.jpg","","in","Indonesia","0","0","0","https://x.com/infoBMKG/status/1765396664561639651","108543358","infoBMKG"
"1765386605102244090","Wed Mar 06 14:39:00 +0000 2024","6","#Gempa Mag:4.4 06-Mar-2024 21:22:04WIB Lok:0.41LS 124.35BT (96 km Tenggara BOLAANGUKI-BOLSEL-SULUT) Kedlmn:10 Km #BMKG Disclaimer:Informasi ini mengutamakan kecepatan sehingga hasil pengolahan data belum stabil dan bisa berubah seiring kelengkapan data https://t.co/mYCwW5bgOH","1765386605102244090","https://pbs.twimg.com/tweet_video_thumb/GH_pwtWbIAAVbyi.jpg","","in","Indonesia","0","0","2","https://x.com/infoBMKG/status/1765386605102244090","108543358","infoBMKG"
"1765339033511813342","Wed Mar 06 11:29:58 +0000 2024","66","#Gempa Mag:2.7 06-Mar-2024 18:13:51WIB Lok:8.36LS 111.76BT (30 km Tenggara TRENGGALEK-JATIM) Kedlmn:74 Km #BMKG Disclaimer:Informasi ini mengutamakan kecepatan sehingga hasil pengolahan data belum stabil dan bisa berubah seiring kelengkapan data https://t.co/n3DRcsobyR","1765339033511813342","https://pbs.twimg.com/tweet_video_thumb/GH--fr2acAAjOxS.jpg","","in","Indonesia","0","2","11","https://x.com/infoBMKG/status/1765339033511813342","108543358","infoBMKG"
"1765310644591759776","Wed Mar 06 09:37:10 +0000 2024","4","#Gempa Mag:3.4 06-Mar-2024 16:34:47WIB Lok:8.36LS 119.65BT (30 km BaratLaut LABUANBAJO-NTT) Kedlmn:159 Km #BMKG Disclaimer:Informasi ini mengutamakan kecepatan sehingga hasil pengolahan data belum stabil dan bisa berubah seiring kelengkapan data https://t.co/pp6YrTLhwg","1765310644591759776","https://pbs.twimg.com/tweet_video_thumb/GH-krOUa8AAZ-aU.jpg","","in","Indonesia","0","0","1","https://x.com/infoBMKG/status/1765310644591759776","108543358","infoBMKG"
"1765291017698529714","Wed Mar 06 08:19:10 +0000 2024","5","#Gempa Mag:2.7 06-Mar-2024 15:13:39WIB Lok:0.88LU 121.43BT (13 km Tenggara BUOL-SULTENG) Kedlmn:10 Km #BMKG Disclaimer:Informasi ini mengutamakan kecepatan sehingga hasil pengolahan data belum stabil dan bisa berubah seiring kelengkapan data https://t.co/GBjxHgmw9G","1765291017698529714","https://pbs.twimg.com/tweet_video_thumb/GH-S0xPbkAA5CQn.jpg","","in","Indonesia","0","0","0","https://x.com/infoBMKG/status/1765291017698529714","108543358","infoBMKG"
"1765222058630512992","Wed Mar 06 03:45:09 +0000 2024","18","#Gempa Mag:3.8 06-Mar-2024 10:41:58WIB Lok:3.44LS 102.03BT (18 km BaratDaya BENGKULUUTARA) Kedlmn:48 Km #BMKG Disclaimer:Informasi ini mengutamakan kecepatan sehingga hasil pengolahan data belum stabil dan bisa berubah seiring kelengkapan data https://t.co/qZ9FLX4wfC","1765222058630512992","https://pbs.twimg.com/tweet_video_thumb/GH9UG2VaoAAblg5.jpg","","in","Indonesia","0","0","3","https://x.com/infoBMKG/status/1765222058630512992","108543358","infoBMKG"
"1765206207965659306","Wed Mar 06 02:42:10 +0000 2024","24","#Gempa Mag:3.1 06-Mar-2024 09:37:58WIB Lok:0.76LU 121.51BT (28 km Tenggara BUOL-SULTENG) Kedlmn:23 Km #BMKG Disclaimer:Informasi ini mengutamakan kecepatan sehingga hasil pengolahan data belum stabil dan bisa berubah seiring kelengkapan data https://t.co/EPunwSjPhs","1765206207965659306","https://pbs.twimg.com/tweet_video_thumb/GH9FsL8asAATpZx.jpg","","in","Indonesia","0","1","3","https://x.com/infoBMKG/status/1765206207965659306","108543358","infoBMKG"
"1765189094936903680","Wed Mar 06 01:34:10 +0000 2024","35","#Gempa Mag:3.5 06-Mar-2024 08:30:51WIB Lok:6.91LS 121.12BT (97 km Tenggara SELAYAR-SULSEL) Kedlmn:17 Km #BMKG Disclaimer:Informasi ini mengutamakan kecepatan sehingga hasil pengolahan data belum stabil dan bisa berubah seiring kelengkapan data https://t.co/hiPGJxXHbJ","1765189094936903680","https://pbs.twimg.com/tweet_video_thumb/GH82IGsbsAAzy15.jpg","","in","Indonesia","0","0","3","https://x.com/infoBMKG/status/1765189094936903680","108543358","infoBMKG"
"1765160907951521811","Tue Mar 05 23:42:10 +0000 2024","11","#Gempa Mag:2.6 06-Mar-2024 06:36:38WIB Lok:0.94LU 122.58BT (36 km BaratLaut GORONTALOUTARA-GORONTALO) Kedlmn:40 Km #BMKG Disclaimer:Informasi ini mengutamakan kecepatan sehingga hasil pengolahan data belum stabil dan bisa berubah seiring kelengkapan data https://t.co/yxmFJ7yAhD","1765160907951521811","https://pbs.twimg.com/tweet_video_thumb/GH8cfZ3bwAAEiID.jpg","","in","Indonesia","0","0","1","https://x.com/infoBMKG/status/1765160907951521811","108543358","infoBMKG"
"1765119635580719590","Tue Mar 05 20:58:10 +0000 2024","52","#Gempa Mag:3.2 06-Mar-2024 03:55:26WIB Lok:7.16LS 114.72BT (94 km Tenggara SUMENEP-JATIM) Kedlmn:10 Km #BMKG Disclaimer:Informasi ini mengutamakan kecepatan sehingga hasil pengolahan data belum stabil dan bisa berubah seiring kelengkapan data https://t.co/ym2PnmPPhv","1765119635580719590","https://pbs.twimg.com/tweet_video_thumb/GH729B2awAAPW4E.jpg","","in","Indonesia","1","0","9","https://x.com/infoBMKG/status/1765119635580719590","108543358","infoBMKG"
"1765113344816755014","Tue Mar 05 20:33:10 +0000 2024","5","#Gempa Mag:2.6 06-Mar-2024 03:29:04WIB Lok:1.06LU 126.98BT (53 km BaratLaut TERNATE-MALUT) Kedlmn:65 Km #BMKG Disclaimer:Informasi ini mengutamakan kecepatan sehingga hasil pengolahan data belum stabil dan bisa berubah seiring kelengkapan data https://t.co/PWL59eUv44","1765113344816755014","https://pbs.twimg.com/tweet_video_thumb/GH7xO2_aIAALLE9.jpg","","in","Indonesia","0","0","1","https://x.com/infoBMKG/status/1765113344816755014","108543358","infoBMKG"
"1765112337634341023","Tue Mar 05 20:29:10 +0000 2024","12","#Gempa Mag:2.7 06-Mar-2024 03:24:57WIB Lok:7.92LS 120.18BT (71 km TimurLaut LABUANBAJO-NTT) Kedlmn:177 Km #BMKG Disclaimer:Informasi ini mengutamakan kecepatan sehingga hasil pengolahan data belum stabil dan bisa berubah seiring kelengkapan data https://t.co/2fYLSCsOEl","1765112337634341023","https://pbs.twimg.com/tweet_video_thumb/GH7wUPabEAAYodA.jpg","","in","Indonesia","0","0","3","https://x.com/infoBMKG/status/1765112337634341023","108543358","infoBMKG"
"1765088434765561995","Tue Mar 05 18:54:11 +0000 2024","16","#Gempa Mag:2.9 06-Mar-2024 01:50:31WIB Lok:2.85LS 121.72BT (26 km BaratDaya MOROWALI-SULTENG) Kedlmn:10 Km #BMKG Disclaimer:Informasi ini mengutamakan kecepatan sehingga hasil pengolahan data belum stabil dan bisa berubah seiring kelengkapan data https://t.co/XuupOuFnTa","1765088434765561995","https://pbs.twimg.com/tweet_video_thumb/GH7ak55bUAEkpEY.jpg","","in","Indonesia","0","1","5","https://x.com/infoBMKG/status/1765088434765561995","108543358","infoBMKG"
"1765052697164832873","Tue Mar 05 16:32:10 +0000 2024","35","#Gempa Mag:3.5 05-Mar-2024 23:26:30WIB Lok:5.77LS 130.19BT (274 km BaratLaut MALUKUTENGGARABRT) Kedlmn:180 Km #BMKG Disclaimer:Informasi ini mengutamakan kecepatan sehingga hasil pengolahan data belum stabil dan bisa berubah seiring kelengkapan data https://t.co/AKfVcQ0fAc","1765052697164832873","https://pbs.twimg.com/tweet_video_thumb/GH66EtEaYAAP1ey.jpg","","in","Indonesia","0","0","2","https://x.com/infoBMKG/status/1765052697164832873","108543358","infoBMKG"
"1764994816180633895","Tue Mar 05 12:42:10 +0000 2024","8","#Gempa Mag:4.4 05-Mar-2024 19:38:28WIB Lok:1.89LU 127.26BT (69 km BaratLaut HALMAHERABARAT-MALUT) Kedlmn:34 Km #BMKG Disclaimer:Informasi ini mengutamakan kecepatan sehingga hasil pengolahan data belum stabil dan bisa berubah seiring kelengkapan data https://t.co/Acy1pwrzXU","1764994816180633895","https://pbs.twimg.com/tweet_video_thumb/GH6Fbj6bwAAt3fr.jpg","","in","Indonesia","0","0","1","https://x.com/infoBMKG/status/1764994816180633895","108543358","infoBMKG"
"1764972415795487105","Tue Mar 05 11:13:10 +0000 2024","22","#Gempa Mag:4.0 05-Mar-2024 18:09:05WIB Lok:2.95LU 127.18BT (129 km Tenggara MELONGUANE-SULUT) Kedlmn:10 Km #BMKG Disclaimer:Informasi ini mengutamakan kecepatan sehingga hasil pengolahan data belum stabil dan bisa berubah seiring kelengkapan data https://t.co/VXkFsECBNT","1764972415795487105","https://pbs.twimg.com/tweet_video_thumb/GH5xDthbYAA6aWu.jpg","","in","Indonesia","0","0","2","https://x.com/infoBMKG/status/1764972415795487105","108543358","infoBMKG"
"1764876028172972221","Tue Mar 05 04:50:09 +0000 2024","5","#Gempa Mag:4.6 05-Mar-2024 11:43:59WIB Lok:5.47LU 126.59BT (163 km BaratLaut MELONGUANE-SULUT) Kedlmn:75 Km #BMKG Disclaimer:Informasi ini mengutamakan kecepatan sehingga hasil pengolahan data belum stabil dan bisa berubah seiring kelengkapan data https://t.co/5HPV66s1zp","1764876028172972221","https://pbs.twimg.com/tweet_video_thumb/GH4ZZO7aMAAnznJ.jpg","","in","Indonesia","0","0","1","https://x.com/infoBMKG/status/1764876028172972221","108543358","infoBMKG"
"1764830227384115418","Tue Mar 05 01:48:09 +0000 2024","16","#Gempa Mag:4.5 05-Mar-2024 08:44:43WIB Lok:2.79LU 128.11BT (85 km BaratLaut DARUBA-MALUT) Kedlmn:122 Km #BMKG Disclaimer:Informasi ini mengutamakan kecepatan sehingga hasil pengolahan data belum stabil dan bisa berubah seiring kelengkapan data https://t.co/ffer81gss9","1764830227384115418","https://pbs.twimg.com/tweet_video_thumb/GH3vvSLacAAqsNG.jpg","","in","Indonesia","0","0","4","https://x.com/infoBMKG/status/1764830227384115418","108543358","infoBMKG"
"1764828965771034893","Tue Mar 05 01:43:09 +0000 2024","13","#Gempa Mag:3.6 05-Mar-2024 08:40:33WIB Lok:9.76LS 119.60BT (15 km Tenggara WAIBAKUL-NTT) Kedlmn:10 Km #BMKG Disclaimer:Informasi ini mengutamakan kecepatan sehingga hasil pengolahan data belum stabil dan bisa berubah seiring kelengkapan data https://t.co/hkPdqTkqRs","1764828965771034893","https://pbs.twimg.com/tweet_video_thumb/GH3ul0zaUAAwS_s.jpg","","in","Indonesia","0","0","4","https://x.com/infoBMKG/status/1764828965771034893","108543358","infoBMKG"
"1764775873826431302","Mon Mar 04 22:12:10 +0000 2024","15","#Gempa Mag:3.6 05-Mar-2024 05:10:15WIB Lok:2.87LS 122.44BT (62 km Tenggara MOROWALI-SULTENG) Kedlmn:10 Km #BMKG Disclaimer:Informasi ini mengutamakan kecepatan sehingga hasil pengolahan data belum stabil dan bisa berubah seiring kelengkapan data https://t.co/5PVAHblkNC","1764775873826431302","https://pbs.twimg.com/tweet_video_thumb/GH2-TeXbMAAtXej.jpg","","in","Indonesia","0","0","3","https://x.com/infoBMKG/status/1764775873826431302","108543358","infoBMKG"
"1764762533972627826","Mon Mar 04 21:19:10 +0000 2024","16","#Gempa Mag:5.0 05-Mar-2024 04:15:22WIB Lok:5.86LU 125.73BT (232 km BaratLaut MELONGUANE-SULUT) Kedlmn:166 Km #BMKG Disclaimer:Informasi ini mengutamakan kecepatan sehingga hasil pengolahan data belum stabil dan bisa berubah seiring kelengkapan data https://t.co/r7qjOeUy6B","1764762533972627826","https://pbs.twimg.com/tweet_video_thumb/GH2yK_1bwAAsnms.jpg","","in","Indonesia","0","0","1","https://x.com/infoBMKG/status/1764762533972627826","108543358","infoBMKG"
"1764762399830381012","Mon Mar 04 21:18:38 +0000 2024","45","#Gempa Mag:5.2 05-Mar-24 04:15:22 WIB Lok:5.86 LU 125.71 BT (195 km BaratLaut PULAUKARATUNG-SULUT) Kedlmn:170 Km tdk berpotensi tsunami #BMKG https://t.co/t0PIXbVbuf","1764762399830381012","https://pbs.twimg.com/tweet_video_thumb/GH2yDLeakAApxV1.jpg","","in","Indonesia","0","0","2","https://x.com/infoBMKG/status/1764762399830381012","108543358","infoBMKG"
"1764757502380671157","Mon Mar 04 20:59:10 +0000 2024","8","#Gempa Mag:3.1 05-Mar-2024 03:54:33WIB Lok:2.80LS 121.81BT (15 km BaratDaya MOROWALI-SULTENG) Kedlmn:10 Km #BMKG Disclaimer:Informasi ini mengutamakan kecepatan sehingga hasil pengolahan data belum stabil dan bisa berubah seiring kelengkapan data https://t.co/8Clddq6Ekp","1764757502380671157","https://pbs.twimg.com/tweet_video_thumb/GH2tmIUaAAAz6Sj.jpg","","in","Indonesia","0","2","0","https://x.com/infoBMKG/status/1764757502380671157","108543358","infoBMKG"
"1764753977269457364","Mon Mar 04 20:45:10 +0000 2024","12","#Gempa Mag:2.5 05-Mar-2024 03:41:56WIB Lok:2.88LS 121.73BT (27 km BaratDaya MOROWALI-SULTENG) Kedlmn:10 Km #BMKG Disclaimer:Informasi ini mengutamakan kecepatan sehingga hasil pengolahan data belum stabil dan bisa berubah seiring kelengkapan data https://t.co/UQPoJfiMgX","1764753977269457364","https://pbs.twimg.com/tweet_video_thumb/GH2qY54aMAARkMM.jpg","","in","Indonesia","0","0","0","https://x.com/infoBMKG/status/1764753977269457364","108543358","infoBMKG"
"1763723180894740514","Sat Mar 02 00:29:09 +0000 2024","39","#Gempa Mag:3.4 02-Mar-2024 07:22:39WIB Lok:9.27LS 110.32BT (145 km BaratDaya GUNUNGKIDUL-DIY) Kedlmn:10 Km #BMKG Disclaimer:Informasi ini mengutamakan kecepatan sehingga hasil pengolahan data belum stabil dan bisa berubah seiring kelengkapan data https://t.co/wKFQV3IAu9","1763723180894740514","https://pbs.twimg.com/tweet_video_thumb/GHoA4sNa0AAW2_R.jpg","","in","Indonesia","0","0","7","https://x.com/infoBMKG/status/1763723180894740514","108543358","infoBMKG"
"1763706074568269907","Fri Mar 01 23:21:10 +0000 2024","8","#Gempa Mag:3.9 02-Mar-2024 06:17:58WIB Lok:3.60LU 126.89BT (50 km Tenggara MELONGUANE-SULUT) Kedlmn:27 Km #BMKG Disclaimer:Informasi ini mengutamakan kecepatan sehingga hasil pengolahan data belum stabil dan bisa berubah seiring kelengkapan data https://t.co/ZTA8TQEjiU","1763706074568269907","https://pbs.twimg.com/tweet_video_thumb/GHnxU6gasAE3nJz.jpg","","in","Indonesia","0","1","0","https://x.com/infoBMKG/status/1763706074568269907","108543358","infoBMKG"
"1763701286044946436","Fri Mar 01 23:02:09 +0000 2024","80","#Gempa Mag:4.0 02-Mar-2024 05:56:33WIB Lok:10.36LS 109.47BT (290 km BaratDaya BANTUL-DIY) Kedlmn:10 Km #BMKG Disclaimer:Informasi ini mengutamakan kecepatan sehingga hasil pengolahan data belum stabil dan bisa berubah seiring kelengkapan data https://t.co/79cnlFGazW","1763701286044946436","https://pbs.twimg.com/tweet_video_thumb/GHns-OqakAAEQE3.jpg","","in","Indonesia","1","0","16","https://x.com/infoBMKG/status/1763701286044946436","108543358","infoBMKG"
"1763658762664189966","Fri Mar 01 20:13:10 +0000 2024","9","#Gempa Mag:3.9 02-Mar-2024 03:07:35WIB Lok:6.31LS 126.06BT (276 km TimurLaut ALOR-NTT) Kedlmn:555 Km #BMKG Disclaimer:Informasi ini mengutamakan kecepatan sehingga hasil pengolahan data belum stabil dan bisa berubah seiring kelengkapan data https://t.co/ZbzPfm2xeo","1763658762664189966","https://pbs.twimg.com/tweet_video_thumb/GHnGTDyboAAWM71.jpg","","in","Indonesia","0","1","1","https://x.com/infoBMKG/status/1763658762664189966","108543358","infoBMKG"
"1763657508290462204","Fri Mar 01 20:08:11 +0000 2024","11","#Gempa Mag:3.6 02-Mar-2024 03:03:08WIB Lok:4.10LS 133.54BT (100 km BaratDaya KAIMANA-PAPUABRT) Kedlmn:10 Km #BMKG Disclaimer:Informasi ini mengutamakan kecepatan sehingga hasil pengolahan data belum stabil dan bisa berubah seiring kelengkapan data https://t.co/8UD7PZJSdy","1763657508290462204","https://pbs.twimg.com/tweet_video_thumb/GHnFKBnawAA4Dzk.jpg","","in","Indonesia","0","1","2","https://x.com/infoBMKG/status/1763657508290462204","108543358","infoBMKG"
"1763647188117426664","Fri Mar 01 19:27:11 +0000 2024","19","#Gempa Mag:4.2 02-Mar-2024 02:22:22WIB Lok:4.49LS 133.85BT (133 km BaratDaya KAIMANA-PAPUABRT) Kedlmn:137 Km #BMKG Disclaimer:Informasi ini mengutamakan kecepatan sehingga hasil pengolahan data belum stabil dan bisa berubah seiring kelengkapan data https://t.co/buSa9qHp1Z","1763647188117426664","https://pbs.twimg.com/tweet_video_thumb/GHm7xTxbIAA2nfM.jpg","","in","Indonesia","0","0","2","https://x.com/infoBMKG/status/1763647188117426664","108543358","infoBMKG"
"1763635857419088192","Fri Mar 01 18:42:09 +0000 2024","105","#Gempa Mag:4.7 02-Mar-2024 01:39:25WIB Lok:0.54LU 98.49BT (75 km Tenggara NIASSELATAN-SUMUT) Kedlmn:10 Km #BMKG Disclaimer:Informasi ini mengutamakan kecepatan sehingga hasil pengolahan data belum stabil dan bisa berubah seiring kelengkapan data https://t.co/PIWEh0tcBC","1763635857419088192","https://pbs.twimg.com/tweet_video_thumb/GHmxdy5agAALIw8.jpg","","in","Indonesia","2","10","14","https://x.com/infoBMKG/status/1763635857419088192","108543358","infoBMKG"
"1763608935033155656","Fri Mar 01 16:55:11 +0000 2024","25","#Gempa Mag:3.3 01-Mar-2024 23:49:32WIB Lok:4.33LS 129.14BT (116 km Tenggara MALUKUTENGAH) Kedlmn:195 Km #BMKG Disclaimer:Informasi ini mengutamakan kecepatan sehingga hasil pengolahan data belum stabil dan bisa berubah seiring kelengkapan data https://t.co/ooKor1R1NV","1763608935033155656","https://pbs.twimg.com/tweet_video_thumb/GHmY-rEbkAAd30j.jpg","","in","Indonesia","1","1","1","https://x.com/infoBMKG/status/1763608935033155656","108543358","infoBMKG"
"1763594836983398771","Fri Mar 01 15:59:09 +0000 2024","8","#Gempa Mag:2.6 01-Mar-2024 22:54:44WIB Lok:8.42LS 118.83BT (10 km TimurLaut KOTA-BIMA-NTB) Kedlmn:142 Km #BMKG Disclaimer:Informasi ini mengutamakan kecepatan sehingga hasil pengolahan data belum stabil dan bisa berubah seiring kelengkapan data https://t.co/0PvZkYNJ4U","1763594836983398771","https://pbs.twimg.com/tweet_video_thumb/GHmMKC8aIAEIiyR.jpg","","in","Indonesia","1","0","0","https://x.com/infoBMKG/status/1763594836983398771","108543358","infoBMKG"
"1763582259280650673","Fri Mar 01 15:09:11 +0000 2024","17","#Gempa Mag:3.1 01-Mar-2024 22:05:19WIB Lok:1.91LS 122.53BT (87 km BaratDaya BANGGAIKEP-SULTENG) Kedlmn:10 Km #BMKG Disclaimer:Informasi ini mengutamakan kecepatan sehingga hasil pengolahan data belum stabil dan bisa berubah seiring kelengkapan data https://t.co/3w9c0kip9R","1763582259280650673","https://pbs.twimg.com/tweet_video_thumb/GHmAt9oaUAA3wqi.jpg","","in","Indonesia","1","0","1","https://x.com/infoBMKG/status/1763582259280650673","108543358","infoBMKG"
"1763565398933532715","Fri Mar 01 14:02:11 +0000 2024","17","#Gempa Mag:3.1 01-Mar-2024 20:59:36WIB Lok:2.92LS 119.46BT (15 km Tenggara MAMASA-SULBAR) Kedlmn:10 Km #BMKG Disclaimer:Informasi ini mengutamakan kecepatan sehingga hasil pengolahan data belum stabil dan bisa berubah seiring kelengkapan data https://t.co/DlOoN6VZDH","1763565398933532715","https://pbs.twimg.com/tweet_video_thumb/GHlxYhGawAEk6Uw.jpg","","in","Indonesia","0","0","1","https://x.com/infoBMKG/status/1763565398933532715","108543358","infoBMKG"
"1763547021942890703","Fri Mar 01 12:49:09 +0000 2024","22","#Gempa Mag:3.2 01-Mar-2024 19:45:04WIB Lok:0.58LU 98.55BT (81 km TimurLaut NIASSELATAN-SUMUT) Kedlmn:10 Km #BMKG Disclaimer:Informasi ini mengutamakan kecepatan sehingga hasil pengolahan data belum stabil dan bisa berubah seiring kelengkapan data https://t.co/TAc5bgwt5x","1763547021942890703","https://pbs.twimg.com/tweet_video_thumb/GHlgq2-bsAAEEK2.jpg","","in","Indonesia","0","0","3","https://x.com/infoBMKG/status/1763547021942890703","108543358","infoBMKG"
"1763541744208298116","Fri Mar 01 12:28:11 +0000 2024","14","#Gempa Mag:4.2 01-Mar-2024 19:23:22WIB Lok:0.11LU 125.18BT (95 km Tenggara TUTUYAN-BOLTIM-SULUT) Kedlmn:10 Km #BMKG Disclaimer:Informasi ini mengutamakan kecepatan sehingga hasil pengolahan data belum stabil dan bisa berubah seiring kelengkapan data https://t.co/12Cz4CSN8Z","1763541744208298116","https://pbs.twimg.com/tweet_video_thumb/GHlb3rlaMAA0fEc.jpg","","in","Indonesia","0","0","0","https://x.com/infoBMKG/status/1763541744208298116","108543358","infoBMKG"
"1763538214604951723","Fri Mar 01 12:14:09 +0000 2024","41","#Gempa Mag:4.0 01-Mar-2024 19:10:40WIB Lok:4.51LU 96.51BT (37 km TimurLaut KAB-NAGANRAYA-ACEH) Kedlmn:10 Km #BMKG Disclaimer:Informasi ini mengutamakan kecepatan sehingga hasil pengolahan data belum stabil dan bisa berubah seiring kelengkapan data https://t.co/ObQsg1mpwQ","1763538214604951723","https://pbs.twimg.com/tweet_video_thumb/GHlYqMQa0AASl7B.jpg","","in","Indonesia","2","1","7","https://x.com/infoBMKG/status/1763538214604951723","108543358","infoBMKG"
"1763518585044168993","Fri Mar 01 10:56:09 +0000 2024","12","#Gempa Mag:3.9 01-Mar-2024 17:51:34WIB Lok:4.78LS 139.68BT (35 km Tenggara YAHUKIMO-PAPUA) Kedlmn:10 Km #BMKG Disclaimer:Informasi ini mengutamakan kecepatan sehingga hasil pengolahan data belum stabil dan bisa berubah seiring kelengkapan data https://t.co/5jDahpY2pz","1763518585044168993","https://pbs.twimg.com/tweet_video_thumb/GHlGznXbwAERDsK.jpg","","in","Indonesia","0","1","1","https://x.com/infoBMKG/status/1763518585044168993","108543358","infoBMKG"
"1763497697649262838","Fri Mar 01 09:33:09 +0000 2024","27","#Gempa Mag:5.6 01-Mar-2024 16:29:06WIB Lok:8.60LU 127.02BT (512 km TimurLaut MELONGUANE-SULUT) Kedlmn:78 Km #BMKG Disclaimer:Informasi ini mengutamakan kecepatan sehingga hasil pengolahan data belum stabil dan bisa berubah seiring kelengkapan data https://t.co/Zq2YlaStTL","1763497697649262838","https://pbs.twimg.com/tweet_video_thumb/GHkzz0Ia8AA4r2Y.jpg","","in","Indonesia","1","0","6","https://x.com/infoBMKG/status/1763497697649262838","108543358","infoBMKG"
"1763461916197052546","Fri Mar 01 07:10:59 +0000 2024","28","#Gempa Mag:5.3 01-Mar-24 14:06:38 WIB Lok:4.70 LS 139.54 BT (22 km Tenggara YAHUKIMO-PAPUAPGNGN) Kedlmn:10 Km tdk berpotensi tsunami #BMKG https://t.co/3VDCvDTB5p","1763461916197052546","https://pbs.twimg.com/tweet_video_thumb/GHkTRAEaYAAjXb5.jpg","","in","Indonesia","0","0","5","https://x.com/infoBMKG/status/1763461916197052546","108543358","infoBMKG"
"1763461709430403246","Fri Mar 01 07:10:09 +0000 2024","16","#Gempa Mag:5.4 01-Mar-2024 14:06:38WIB Lok:4.70LS 139.54BT (22 km Tenggara YAHUKIMO-PAPUA) Kedlmn:10 Km #BMKG Disclaimer:Informasi ini mengutamakan kecepatan sehingga hasil pengolahan data belum stabil dan bisa berubah seiring kelengkapan data https://t.co/oumaprPCYi","1763461709430403246","https://pbs.twimg.com/tweet_video_thumb/GHkTFDcbEAAGWdT.jpg","","in","Indonesia","0","0","1","https://x.com/infoBMKG/status/1763461709430403246","108543358","infoBMKG"
"1763460707318964244","Fri Mar 01 07:06:10 +0000 2024","4","#Gempa Mag:4.6 01-Mar-2024 14:02:54WIB Lok:1.75LU 122.38BT (119 km BaratLaut GORONTALOUTARA-GORONTALO) Kedlmn:457 Km #BMKG Disclaimer:Informasi ini mengutamakan kecepatan sehingga hasil pengolahan data belum stabil dan bisa berubah seiring kelengkapan data https://t.co/3P3xgExAAJ","1763460707318964244","https://pbs.twimg.com/tweet_video_thumb/GHkSKszbMAAF7VH.jpg","","in","Indonesia","0","0","0","https://x.com/infoBMKG/status/1763460707318964244","108543358","infoBMKG"
"1763443087777644931","Fri Mar 01 05:56:09 +0000 2024","13","#Gempa Mag:2.6 01-Mar-2024 12:49:48WIB Lok:9.04LS 122.63BT (66 km Tenggara MAUMERE-SIKKA-NTT) Kedlmn:55 Km #BMKG Disclaimer:Informasi ini mengutamakan kecepatan sehingga hasil pengolahan data belum stabil dan bisa berubah seiring kelengkapan data https://t.co/uybBlwdVwq","1763443087777644931","https://pbs.twimg.com/tweet_video_thumb/GHkCJH7aUAAhscx.jpg","","in","Indonesia","0","0","2","https://x.com/infoBMKG/status/1763443087777644931","108543358","infoBMKG"
