"conversation_id_str","created_at","favorite_count","full_text","id_str","image_url","in_reply_to_screen_name","lang","location","quote_count","reply_count","retweet_count","tweet_url","user_id_str","username"
"1752465004300038635","Tue Jan 30 22:53:10 +0000 2024","6","#Gempa Mag:3.6 31-Jan-2024 05:47:35WIB Lok:3.92LS 133.71BT (74 km BaratDaya KAIMANA-PAPUABRT) Kedlmn:10 Km #BMKG Disclaimer:Informasi ini mengutamakan kecepatan sehingga hasil pengolahan data belum stabil dan bisa berubah seiring kelengkapan data https://t.co/sed9NdL4Gn","1752465004300038635","https://pbs.twimg.com/tweet_video_thumb/GFIBonuasAEZQr4.jpg","","in","Indonesia","0","0","1","https://x.com/infoBMKG/status/1752465004300038635","108543358","infoBMKG"
"1752460974504939771","Tue Jan 30 22:37:10 +0000 2024","5","#Gempa Mag:2.6 31-Jan-2024 05:32:20WIB Lok:1.49LU 99.64BT (3 km BaratDaya PADANGLAWASUTARA-SUMUT) Kedlmn:164 Km #BMKG Disclaimer:Informasi ini mengutamakan kecepatan sehingga hasil pengolahan data belum stabil dan bisa berubah seiring kelengkapan data https://t.co/c63sBSEd6H","1752460974504939771","https://pbs.twimg.com/tweet_video_thumb/GFH9-EIaAAAHGZw.jpg","","in","Indonesia","0","0","2","https://x.com/infoBMKG/status/1752460974504939771","108543358","infoBMKG"
"1752456697665474850","Tue Jan 30 22:20:10 +0000 2024","13","#Gempa Mag:4.5 31-Jan-2024 05:14:56WIB Lok:4.60LS 129.69BT (165 km Tenggara MALUKUTENGAH) Kedlmn:182 Km #BMKG Disclaimer:Informasi ini mengutamakan kecepatan sehingga hasil pengolahan data belum stabil dan bisa berubah seiring kelengkapan data https://t.co/iI6LhZwhdC","1752456697665474850","https://pbs.twimg.com/tweet_video_thumb/GFH6FGvbgAAEas8.jpg","","in","Indonesia","0","0","3","https://x.com/infoBMKG/status/1752456697665474850","108543358","infoBMKG"
"1752406358631293307","Tue Jan 30 19:00:08 +0000 2024","16","#Gempa Mag:3.2 31-Jan-2024 01:57:49WIB Lok:8.50LS 107.82BT (116 km BaratDaya KAB-PANGANDARAN-JABAR) Kedlmn:10 Km #BMKG Disclaimer:Informasi ini mengutamakan kecepatan sehingga hasil pengolahan data belum stabil dan bisa berubah seiring kelengkapan data https://t.co/ndh79IjtXi","1752406358631293307","https://pbs.twimg.com/tweet_video_thumb/GFHMS_ebUAAC_RR.jpg","","in","Indonesia","0","0","5","https://x.com/infoBMKG/status/1752406358631293307","108543358","infoBMKG"
"1752393279981957156","Tue Jan 30 18:08:10 +0000 2024","28","#Gempa Mag:5.0 31-Jan-2024 01:05:27WIB Lok:1.96LU 126.60BT (129 km BaratLaut HALMAHERABARAT-MALUT) Kedlmn:11 Km #BMKG Disclaimer:Informasi ini mengutamakan kecepatan sehingga hasil pengolahan data belum stabil dan bisa berubah seiring kelengkapan data https://t.co/PMZP6ublPn","1752393279981957156","https://pbs.twimg.com/tweet_video_thumb/GFHAZtVboAAKowQ.jpg","","in","Indonesia","0","1","6","https://x.com/infoBMKG/status/1752393279981957156","108543358","infoBMKG"
"1752338920757727541","Tue Jan 30 14:32:10 +0000 2024","13","#Gempa Mag:3.2 30-Jan-2024 21:28:12WIB Lok:2.87LS 127.90BT (39 km BaratLaut SERAMBAGIANBARAT-MALUKU) Kedlmn:19 Km #BMKG Disclaimer:Informasi ini mengutamakan kecepatan sehingga hasil pengolahan data belum stabil dan bisa berubah seiring kelengkapan data https://t.co/oHBe688Jjd","1752338920757727541","https://pbs.twimg.com/tweet_video_thumb/GFGO9jHbEAAzKq9.jpg","","in","Indonesia","0","0","4","https://x.com/infoBMKG/status/1752338920757727541","108543358","infoBMKG"
"1752300412567506970","Tue Jan 30 11:59:09 +0000 2024","8","#Gempa Mag:3.1 30-Jan-2024 18:53:56WIB Lok:9.28LS 119.17BT (12 km BaratLaut TAMBOLAKA-NTT) Kedlmn:37 Km #BMKG Disclaimer:Informasi ini mengutamakan kecepatan sehingga hasil pengolahan data belum stabil dan bisa berubah seiring kelengkapan data https://t.co/gkBmp1fuH4","1752300412567506970","https://pbs.twimg.com/tweet_video_thumb/GFFr8H0bYAAOjyN.jpg","","in","Indonesia","0","0","1","https://x.com/infoBMKG/status/1752300412567506970","108543358","infoBMKG"
"1752271226507338032","Tue Jan 30 10:03:10 +0000 2024","8","#Gempa Mag:3.5 30-Jan-2024 16:58:21WIB Lok:8.97LS 118.70BT (55 km Tenggara DOMPU-NTB) Kedlmn:75 Km #BMKG Disclaimer:Informasi ini mengutamakan kecepatan sehingga hasil pengolahan data belum stabil dan bisa berubah seiring kelengkapan data https://t.co/oRGg7e6vug","1752271226507338032","https://pbs.twimg.com/tweet_video_thumb/GFFRZRda4AARfMs.jpg","","in","Indonesia","1","0","4","https://x.com/infoBMKG/status/1752271226507338032","108543358","infoBMKG"
"1752268703541145750","Tue Jan 30 09:53:09 +0000 2024","43","#Gempa Mag:4.0 30-Jan-2024 16:49:35WIB Lok:4.35LU 96.81BT (30 km BaratDaya TAKENGON-ACEHTENGAH) Kedlmn:10 Km #BMKG Disclaimer:Informasi ini mengutamakan kecepatan sehingga hasil pengolahan data belum stabil dan bisa berubah seiring kelengkapan data https://t.co/IKJB1zUvjA","1752268703541145750","https://pbs.twimg.com/tweet_video_thumb/GFFPGYnb0AAOHQX.jpg","","in","Indonesia","1","1","10","https://x.com/infoBMKG/status/1752268703541145750","108543358","infoBMKG"
"1752259390588252498","Tue Jan 30 09:16:08 +0000 2024","4","#Gempa Mag:3.7 30-Jan-2024 16:10:58WIB Lok:2.14LS 139.85BT (80 km TimurLaut SARMI-PAPUA) Kedlmn:11 Km #BMKG Disclaimer:Informasi ini mengutamakan kecepatan sehingga hasil pengolahan data belum stabil dan bisa berubah seiring kelengkapan data https://t.co/rJqpePjpZn","1752259390588252498","https://pbs.twimg.com/tweet_video_thumb/GFFGoTDbcAAdIr5.jpg","","in","Indonesia","0","2","3","https://x.com/infoBMKG/status/1752259390588252498","108543358","infoBMKG"
"1752163519129407954","Tue Jan 30 02:55:11 +0000 2024","15","#Gempa Mag:3.2 30-Jan-2024 09:49:41WIB Lok:1.61LS 120.36BT (49 km BaratDaya POSO-SULTENG) Kedlmn:10 Km #BMKG Disclaimer:Informasi ini mengutamakan kecepatan sehingga hasil pengolahan data belum stabil dan bisa berubah seiring kelengkapan data https://t.co/9jus6Px1Ri","1752163519129407954","https://pbs.twimg.com/tweet_video_thumb/GFDvb1RaYAAOvR9.jpg","","in","Indonesia","1","2","1","https://x.com/infoBMKG/status/1752163519129407954","108543358","infoBMKG"
"1752155236796613042","Tue Jan 30 02:22:16 +0000 2024","15","#Gempa Mag:2.7 30-Jan-2024 09:15:54WIB Lok:1.12LS 120.31BT (55 km TimurLaut SIGI-SULTENG) Kedlmn:10 Km #BMKG Disclaimer:Informasi ini mengutamakan kecepatan sehingga hasil pengolahan data belum stabil dan bisa berubah seiring kelengkapan data https://t.co/4cNh2dTegF","1752155236796613042","https://pbs.twimg.com/tweet_video_thumb/GFDn4Pna0AAHdb3.jpg","","in","Indonesia","0","2","5","https://x.com/infoBMKG/status/1752155236796613042","108543358","infoBMKG"
"1752145898946347081","Tue Jan 30 01:45:10 +0000 2024","4","#Gempa Mag:3.1 30-Jan-2024 08:41:12WIB Lok:0.21LS 121.52BT (88 km BaratDaya POHUWATO-GORONTALO) Kedlmn:14 Km #BMKG Disclaimer:Informasi ini mengutamakan kecepatan sehingga hasil pengolahan data belum stabil dan bisa berubah seiring kelengkapan data https://t.co/7jDmJPFwsz","1752145898946347081","https://pbs.twimg.com/tweet_video_thumb/GFDfaN7bMAAZkB4.jpg","","in","Indonesia","0","1","2","https://x.com/infoBMKG/status/1752145898946347081","108543358","infoBMKG"
"1752144889045975092","Tue Jan 30 01:41:09 +0000 2024","35","#Gempa Mag:3.3 30-Jan-2024 08:38:48WIB Lok:3.57LS 102.44BT (14 km BaratDaya REJANGLEBONG-BENGKULU) Kedlmn:10 Km #BMKG Disclaimer:Informasi ini mengutamakan kecepatan sehingga hasil pengolahan data belum stabil dan bisa berubah seiring kelengkapan data https://t.co/d63ZXjSAnH","1752144889045975092","https://pbs.twimg.com/tweet_video_thumb/GFDefdMaEAAccET.jpg","","in","Indonesia","2","3","6","https://x.com/infoBMKG/status/1752144889045975092","108543358","infoBMKG"
"1752123745874124896","Tue Jan 30 00:17:08 +0000 2024","15","#Gempa Mag:4.1 30-Jan-2024 07:13:41WIB Lok:0.26LU 96.96BT (96 km BaratDaya NIASBARAT-SUMUT) Kedlmn:15 Km #BMKG Disclaimer:Informasi ini mengutamakan kecepatan sehingga hasil pengolahan data belum stabil dan bisa berubah seiring kelengkapan data https://t.co/RWs13xiTAW","1752123745874124896","https://pbs.twimg.com/tweet_video_thumb/GFDLQwbaUAAlVha.jpg","","in","Indonesia","0","0","2","https://x.com/infoBMKG/status/1752123745874124896","108543358","infoBMKG"
"1752098081347391601","Mon Jan 29 22:35:09 +0000 2024","61","#Gempa Mag:3.1 30-Jan-2024 05:33:02WIB Lok:10.06LS 119.76BT (42 km BaratDaya LEWA-SUMBATIMUR-NTT) Kedlmn:10 Km #BMKG Disclaimer:Informasi ini mengutamakan kecepatan sehingga hasil pengolahan data belum stabil dan bisa berubah seiring kelengkapan data https://t.co/4c8wL2zksd","1752098081347391601","https://pbs.twimg.com/tweet_video_thumb/GFCz63ma4AAemoB.jpg","","in","Indonesia","0","3","9","https://x.com/infoBMKG/status/1752098081347391601","108543358","infoBMKG"
"1752095563733139932","Mon Jan 29 22:25:09 +0000 2024","8","#Gempa Mag:3.3 30-Jan-2024 05:21:48WIB Lok:10.06LS 119.72BT (43 km BaratDaya LEWA-SUMBATIMUR-NTT) Kedlmn:10 Km #BMKG Disclaimer:Informasi ini mengutamakan kecepatan sehingga hasil pengolahan data belum stabil dan bisa berubah seiring kelengkapan data https://t.co/s1kZqVx8Fr","1752095563733139932","https://pbs.twimg.com/tweet_video_thumb/GFCxoWEa0AAla8S.jpg","","in","Indonesia","0","0","4","https://x.com/infoBMKG/status/1752095563733139932","108543358","infoBMKG"
"1752008239707992303","Mon Jan 29 16:38:09 +0000 2024","13","#Gempa Mag:3.0 29-Jan-2024 23:34:19WIB Lok:0.45LU 98.33BT (59 km Tenggara NIASSELATAN-SUMUT) Kedlmn:10 Km #BMKG Disclaimer:Informasi ini mengutamakan kecepatan sehingga hasil pengolahan data belum stabil dan bisa berubah seiring kelengkapan data https://t.co/2RubpyCrbW","1752008239707992303","https://pbs.twimg.com/tweet_video_thumb/GFBiNbSboAAbnxh.jpg","","in","Indonesia","0","1","2","https://x.com/infoBMKG/status/1752008239707992303","108543358","infoBMKG"
"1752000937156304950","Mon Jan 29 16:09:08 +0000 2024","34","#Gempa Mag:4.7 29-Jan-2024 23:04:59WIB Lok:7.38LS 129.22BT (180 km TimurLaut MALUKUBRTDAYA) Kedlmn:191 Km #BMKG Disclaimer:Informasi ini mengutamakan kecepatan sehingga hasil pengolahan data belum stabil dan bisa berubah seiring kelengkapan data https://t.co/iJarcgxAcY","1752000937156304950","https://pbs.twimg.com/tweet_video_thumb/GFBbkW8a4AAoLWr.jpg","","in","Indonesia","0","3","3","https://x.com/infoBMKG/status/1752000937156304950","108543358","infoBMKG"
"1751989618499830210","Mon Jan 29 15:24:10 +0000 2024","13","#Gempa Mag:3.2 29-Jan-2024 22:21:04WIB Lok:3.38LS 128.66BT (34 km BaratDaya MALUKUTENGAH) Kedlmn:10 Km #BMKG Disclaimer:Informasi ini mengutamakan kecepatan sehingga hasil pengolahan data belum stabil dan bisa berubah seiring kelengkapan data https://t.co/pK7QnAeIIW","1751989618499830210","https://pbs.twimg.com/tweet_video_thumb/GFBRRhhbwAA0g4K.jpg","","in","Indonesia","0","1","1","https://x.com/infoBMKG/status/1751989618499830210","108543358","infoBMKG"
"1751973264589803898","Mon Jan 29 14:19:11 +0000 2024","8","#Gempa Mag:3.3 29-Jan-2024 21:15:57WIB Lok:1.22LU 120.98BT (45 km TimurLaut TOLI-TOLI-SULTENG) Kedlmn:10 Km #BMKG Disclaimer:Informasi ini mengutamakan kecepatan sehingga hasil pengolahan data belum stabil dan bisa berubah seiring kelengkapan data https://t.co/Y30BZ4DRvV","1751973264589803898","https://pbs.twimg.com/tweet_video_thumb/GFBCZm9bgAA3R2n.jpg","","in","Indonesia","0","1","4","https://x.com/infoBMKG/status/1751973264589803898","108543358","infoBMKG"
"1751970241700335693","Mon Jan 29 14:07:10 +0000 2024","10","#Gempa Mag:2.1 29-Jan-2024 21:03:56WIB Lok:2.88LS 128.88BT (47 km BaratLaut MALUKUTENGAH) Kedlmn:16 Km #BMKG Disclaimer:Informasi ini mengutamakan kecepatan sehingga hasil pengolahan data belum stabil dan bisa berubah seiring kelengkapan data https://t.co/E0NmI6OrGc","1751970241700335693","https://pbs.twimg.com/tweet_video_thumb/GFA_pmlaYAAKScq.jpg","","in","Indonesia","0","1","3","https://x.com/infoBMKG/status/1751970241700335693","108543358","infoBMKG"
"1751891977917157423","Mon Jan 29 08:56:10 +0000 2024","5","#Gempa Mag:2.3 29-Jan-2024 15:52:20WIB Lok:8.77LS 118.85BT (36 km Tenggara KOTA-BIMA-NTB) Kedlmn:10 Km #BMKG Disclaimer:Informasi ini mengutamakan kecepatan sehingga hasil pengolahan data belum stabil dan bisa berubah seiring kelengkapan data https://t.co/mQO5PoWwoV","1751891977917157423","https://pbs.twimg.com/tweet_video_thumb/GE_4d2eaAAAXi6A.jpg","","in","Indonesia","0","1","2","https://x.com/infoBMKG/status/1751891977917157423","108543358","infoBMKG"
"1751891727303282825","Mon Jan 29 08:55:11 +0000 2024","13","#Gempa Mag:3.6 29-Jan-2024 15:51:27WIB Lok:3.37LS 138.08BT (27 km TimurLaut PUNCAKJAYA-PAPUA) Kedlmn:134 Km #BMKG Disclaimer:Informasi ini mengutamakan kecepatan sehingga hasil pengolahan data belum stabil dan bisa berubah seiring kelengkapan data https://t.co/DJDr4EWFyY","1751891727303282825","https://pbs.twimg.com/tweet_video_thumb/GE_4Pf2a8AAQa7v.jpg","","in","Indonesia","0","1","2","https://x.com/infoBMKG/status/1751891727303282825","108543358","infoBMKG"
"1751873873627549878","Mon Jan 29 07:44:14 +0000 2024","40","#Gempa Mag:5.1 29-Jan-2024 14:37:28WIB Lok:8.32LU 127.56BT (490 km TimurLaut MELONGUANE-SULUT) Kedlmn:106 Km #BMKG Disclaimer:Informasi ini mengutamakan kecepatan sehingga hasil pengolahan data belum stabil dan bisa berubah seiring kelengkapan data https://t.co/Z5RdrwlKK7","1751873873627549878","https://pbs.twimg.com/tweet_video_thumb/GE_oASFaYAAAEH8.jpg","","in","Indonesia","0","2","11","https://x.com/infoBMKG/status/1751873873627549878","108543358","infoBMKG"
"1751837615559782597","Mon Jan 29 05:20:09 +0000 2024","6","#Gempa Mag:3.3 29-Jan-2024 12:15:54WIB Lok:2.43LU 128.59BT (53 km TimurLaut DARUBA-MALUT) Kedlmn:200 Km #BMKG Disclaimer:Informasi ini mengutamakan kecepatan sehingga hasil pengolahan data belum stabil dan bisa berubah seiring kelengkapan data https://t.co/RFaFy3L6W1","1751837615559782597","https://pbs.twimg.com/tweet_video_thumb/GE_HBwQaYAAS2Ye.jpg","","in","Indonesia","0","0","2","https://x.com/infoBMKG/status/1751837615559782597","108543358","infoBMKG"
"1751820248838463889","Mon Jan 29 04:11:09 +0000 2024","7","#Gempa Mag:4.7 29-Jan-2024 11:06:41WIB Lok:3.51LU 125.93BT (50 km Tenggara TAHUNA-KEP.SANGIHE-SULUT) Kedlmn:190 Km #BMKG Disclaimer:Informasi ini mengutamakan kecepatan sehingga hasil pengolahan data belum stabil dan bisa berubah seiring kelengkapan data https://t.co/8IdIWwV4IV","1751820248838463889","https://pbs.twimg.com/tweet_video_thumb/GE-3O3jaYAAfTAv.jpg","","in","Indonesia","0","0","2","https://x.com/infoBMKG/status/1751820248838463889","108543358","infoBMKG"
"1751814961331114374","Mon Jan 29 03:50:08 +0000 2024","19","#Gempa Mag:3.4 29-Jan-2024 10:47:14WIB Lok:8.75LS 107.29BT (177 km BaratDaya KAB-PANGANDARAN-JABAR) Kedlmn:10 Km #BMKG Disclaimer:Informasi ini mengutamakan kecepatan sehingga hasil pengolahan data belum stabil dan bisa berubah seiring kelengkapan data https://t.co/RFhTZgZXt5","1751814961331114374","https://pbs.twimg.com/tweet_video_thumb/GE-ybHEbUAA9FDJ.jpg","","in","Indonesia","0","2","4","https://x.com/infoBMKG/status/1751814961331114374","108543358","infoBMKG"
"1751784764183617763","Mon Jan 29 01:50:09 +0000 2024","11","#Gempa Mag:4.1 29-Jan-2024 08:44:44WIB Lok:9.94LS 118.89BT (40 km BaratDaya KODI-SUMBABARATDAYA-NTT) Kedlmn:28 Km #BMKG Disclaimer:Informasi ini mengutamakan kecepatan sehingga hasil pengolahan data belum stabil dan bisa berubah seiring kelengkapan data https://t.co/6wrYyXqf19","1751784764183617763","https://pbs.twimg.com/tweet_video_thumb/GE-W9aHa0AAa8es.jpg","","in","Indonesia","0","1","2","https://x.com/infoBMKG/status/1751784764183617763","108543358","infoBMKG"
"1751782501436252355","Mon Jan 29 01:41:09 +0000 2024","15","#Gempa Mag:2.9 29-Jan-2024 08:38:09WIB Lok:0.26LU 122.61BT (41 km Tenggara BOALEMO-GORONTALO) Kedlmn:129 Km #BMKG Disclaimer:Informasi ini mengutamakan kecepatan sehingga hasil pengolahan data belum stabil dan bisa berubah seiring kelengkapan data https://t.co/Ep6JOQubtE","1751782501436252355","https://pbs.twimg.com/tweet_video_thumb/GE-U5umbgAAL7aE.jpg","","in","Indonesia","0","0","1","https://x.com/infoBMKG/status/1751782501436252355","108543358","infoBMKG"
"1751781995011866967","Mon Jan 29 01:39:08 +0000 2024","11","#Gempa Mag:3.6 29-Jan-2024 08:36:16WIB Lok:8.69LS 124.37BT (48 km BaratDaya ALOR-NTT) Kedlmn:10 Km #BMKG Disclaimer:Informasi ini mengutamakan kecepatan sehingga hasil pengolahan data belum stabil dan bisa berubah seiring kelengkapan data https://t.co/Uqljo4EhfY","1751781995011866967","https://pbs.twimg.com/tweet_video_thumb/GE-UcQHa8AAf8Zk.jpg","","in","Indonesia","0","0","2","https://x.com/infoBMKG/status/1751781995011866967","108543358","infoBMKG"
"1751778224647061902","Mon Jan 29 01:24:09 +0000 2024","10","#Gempa Mag:3.0 29-Jan-2024 08:19:51WIB Lok:10.02LS 119.82BT (36 km BaratDaya LEWA-SUMBATIMUR-NTT) Kedlmn:15 Km #BMKG Disclaimer:Informasi ini mengutamakan kecepatan sehingga hasil pengolahan data belum stabil dan bisa berubah seiring kelengkapan data https://t.co/reP25Rld7r","1751778224647061902","https://pbs.twimg.com/tweet_video_thumb/GE-RAxQbEAETlAR.jpg","","in","Indonesia","0","0","3","https://x.com/infoBMKG/status/1751778224647061902","108543358","infoBMKG"
"1751775983932449172","Mon Jan 29 01:15:15 +0000 2024","12","#Gempa Mag:3.9 29-Jan-2024 08:11:59WIB Lok:6.28LS 103.60BT (126 km BaratDaya PESISIRBARAT-LAMPUNG) Kedlmn:10 Km #BMKG Disclaimer:Informasi ini mengutamakan kecepatan sehingga hasil pengolahan data belum stabil dan bisa berubah seiring kelengkapan data https://t.co/fly57skkmz","1751775983932449172","https://pbs.twimg.com/tweet_video_thumb/GE-O-NJaQAAuV3H.jpg","","in","Indonesia","0","0","4","https://x.com/infoBMKG/status/1751775983932449172","108543358","infoBMKG"
"1751727394287980900","Sun Jan 28 22:02:10 +0000 2024","13","#Gempa Mag:3.1 29-Jan-2024 04:56:22WIB Lok:2.51LS 121.27BT (13 km TimurLaut LUWUTIMUR-SULSEL) Kedlmn:10 Km #BMKG Disclaimer:Informasi ini mengutamakan kecepatan sehingga hasil pengolahan data belum stabil dan bisa berubah seiring kelengkapan data https://t.co/gx7GkTFauq","1751727394287980900","https://pbs.twimg.com/tweet_video_thumb/GE9iyEHbEAAU-_u.jpg","","in","Indonesia","0","0","4","https://x.com/infoBMKG/status/1751727394287980900","108543358","infoBMKG"
"1751686871821025375","Sun Jan 28 19:21:09 +0000 2024","29","#Gempa Mag:3.0 29-Jan-2024 02:15:41WIB Lok:4.85LS 102.83BT (45 km BaratDaya BENGKULUSELATAN) Kedlmn:28 Km #BMKG Disclaimer:Informasi ini mengutamakan kecepatan sehingga hasil pengolahan data belum stabil dan bisa berubah seiring kelengkapan data https://t.co/tGygda2k6N","1751686871821025375","https://pbs.twimg.com/tweet_video_thumb/GE897WTaUAAMX19.jpg","","in","Indonesia","1","1","4","https://x.com/infoBMKG/status/1751686871821025375","108543358","infoBMKG"
"1751658090569830873","Sun Jan 28 17:26:47 +0000 2024","21","#Gempa Mag:5.3 29-Jan-24 00:22:32 WIB Lok:4.14 LS 142.59 BT (129 km BaratDaya WEWAK-PNG) Kedlmn:121 Km tdk berpotensi tsunami #BMKG https://t.co/a73iILonjt","1751658090569830873","https://pbs.twimg.com/tweet_video_thumb/GE8jwDvb0AAv4T-.jpg","","in","Indonesia","0","0","5","https://x.com/infoBMKG/status/1751658090569830873","108543358","infoBMKG"
"1751657929173090305","Sun Jan 28 17:26:09 +0000 2024","34","#Gempa Mag:5.2 29-Jan-2024 00:22:32WIB Lok:4.14LS 142.59BT (221 km Tenggara KEEROM-PAPUA) Kedlmn:121 Km #BMKG Disclaimer:Informasi ini mengutamakan kecepatan sehingga hasil pengolahan data belum stabil dan bisa berubah seiring kelengkapan data https://t.co/26Bi7ccbww","1751657929173090305","https://pbs.twimg.com/tweet_video_thumb/GE8jmpxaUAAGutH.jpg","","in","Indonesia","0","0","4","https://x.com/infoBMKG/status/1751657929173090305","108543358","infoBMKG"
"1751626726671868013","Sun Jan 28 15:22:09 +0000 2024","101","#Gempa Mag:3.4 28-Jan-2024 22:18:16WIB Lok:6.28LS 103.69BT (124 km BaratDaya PESISIRBARAT-LAMPUNG) Kedlmn:14 Km #BMKG Disclaimer:Informasi ini mengutamakan kecepatan sehingga hasil pengolahan data belum stabil dan bisa berubah seiring kelengkapan data https://t.co/jPVRPPg61D","1751626726671868013","https://pbs.twimg.com/tweet_video_thumb/GE8HOaXacAAw6MC.jpg","","in","Indonesia","0","2","13","https://x.com/infoBMKG/status/1751626726671868013","108543358","infoBMKG"
"1751623712074596720","Sun Jan 28 15:10:11 +0000 2024","8","#Gempa Mag:3.6 28-Jan-2024 22:06:38WIB Lok:3.94LS 133.78BT (74 km BaratDaya KAIMANA-PAPUABRT) Kedlmn:10 Km #BMKG Disclaimer:Informasi ini mengutamakan kecepatan sehingga hasil pengolahan data belum stabil dan bisa berubah seiring kelengkapan data https://t.co/trGYpweCZo","1751623712074596720","https://pbs.twimg.com/tweet_video_thumb/GE8Ee9WagAAbFNU.jpg","","in","Indonesia","0","1","1","https://x.com/infoBMKG/status/1751623712074596720","108543358","infoBMKG"
"1751616913493668209","Sun Jan 28 14:43:10 +0000 2024","11","#Gempa Mag:3.4 28-Jan-2024 21:37:56WIB Lok:1.79LU 126.38BT (143 km BaratLaut HALMAHERABARAT-MALUT) Kedlmn:30 Km #BMKG Disclaimer:Informasi ini mengutamakan kecepatan sehingga hasil pengolahan data belum stabil dan bisa berubah seiring kelengkapan data https://t.co/qnxMkwXeJn","1751616913493668209","https://pbs.twimg.com/tweet_video_thumb/GE7-TOEagAE0r91.jpg","","in","Indonesia","1","0","1","https://x.com/infoBMKG/status/1751616913493668209","108543358","infoBMKG"
"1751615144910823728","Sun Jan 28 14:36:08 +0000 2024","19","#Gempa Mag:3.5 28-Jan-2024 21:33:08WIB Lok:2.32LS 140.51BT (103 km TimurLaut KAB-JAYAPURA-PAPUA) Kedlmn:10 Km #BMKG Disclaimer:Informasi ini mengutamakan kecepatan sehingga hasil pengolahan data belum stabil dan bisa berubah seiring kelengkapan data https://t.co/lK9Z4ceQfk","1751615144910823728","https://pbs.twimg.com/tweet_video_thumb/GE78sSIaMAAJldJ.jpg","","in","Indonesia","0","1","5","https://x.com/infoBMKG/status/1751615144910823728","108543358","infoBMKG"
"1751555756812546481","Sun Jan 28 10:40:09 +0000 2024","7","#Gempa Mag:3.8 28-Jan-2024 17:37:25WIB Lok:2.51LS 102.25BT (47 km Tenggara MERANGIN-JAMBI) Kedlmn:10 Km #BMKG Disclaimer:Informasi ini mengutamakan kecepatan sehingga hasil pengolahan data belum stabil dan bisa berubah seiring kelengkapan data https://t.co/lH0dMoATMB","1751555756812546481","https://pbs.twimg.com/tweet_video_thumb/GE7GrcabEAAaMud.jpg","","in","Indonesia","0","1","0","https://x.com/infoBMKG/status/1751555756812546481","108543358","infoBMKG"
"1751544175194165522","Sun Jan 28 09:54:08 +0000 2024","15","#Gempa Mag:3.0 28-Jan-2024 16:49:16WIB Lok:7.90LS 107.86BT (66 km BaratDaya KAB-TASIKMALAYA-JABAR) Kedlmn:55 Km #BMKG Disclaimer:Informasi ini mengutamakan kecepatan sehingga hasil pengolahan data belum stabil dan bisa berubah seiring kelengkapan data https://t.co/Ddd0VZwU6J","1751544175194165522","https://pbs.twimg.com/tweet_video_thumb/GE68JTuaEAAOWkw.jpg","","in","Indonesia","1","0","8","https://x.com/infoBMKG/status/1751544175194165522","108543358","infoBMKG"
"1751520022269493265","Sun Jan 28 08:18:09 +0000 2024","18","#Gempa Mag:3.4 28-Jan-2024 15:13:40WIB Lok:9.31LS 116.02BT (70 km BaratDaya LOMBOKBARAT-NTB) Kedlmn:11 Km #BMKG Disclaimer:Informasi ini mengutamakan kecepatan sehingga hasil pengolahan data belum stabil dan bisa berubah seiring kelengkapan data https://t.co/IwBrMIMExX","1751520022269493265","https://pbs.twimg.com/tweet_video_thumb/GE6mLbDasAAm659.jpg","","in","Indonesia","0","0","6","https://x.com/infoBMKG/status/1751520022269493265","108543358","infoBMKG"
"1751511968538632358","Sun Jan 28 07:46:09 +0000 2024","11","#Gempa Mag:4.3 28-Jan-2024 14:41:13WIB Lok:1.65LU 123.58BT (88 km TimurLaut BOROKO-BOLMUT-SULUT) Kedlmn:10 Km #BMKG Disclaimer:Informasi ini mengutamakan kecepatan sehingga hasil pengolahan data belum stabil dan bisa berubah seiring kelengkapan data https://t.co/fqe3fUBSF1","1751511968538632358","https://pbs.twimg.com/tweet_video_thumb/GE6e2lIaUAAOgIL.jpg","","in","Indonesia","0","0","2","https://x.com/infoBMKG/status/1751511968538632358","108543358","infoBMKG"
"1751499386927137259","Sun Jan 28 06:56:09 +0000 2024","9","#Gempa Mag:2.5 28-Jan-2024 13:51:07WIB Lok:1.92LU 98.39BT (48 km BaratLaut SIBOLGA-SUMUT) Kedlmn:59 Km #BMKG Disclaimer:Informasi ini mengutamakan kecepatan sehingga hasil pengolahan data belum stabil dan bisa berubah seiring kelengkapan data https://t.co/m2tIjBe9dM","1751499386927137259","https://pbs.twimg.com/tweet_video_thumb/GE6TaQ_acAAmgmt.jpg","","in","Indonesia","0","1","2","https://x.com/infoBMKG/status/1751499386927137259","108543358","infoBMKG"
"1751433209936773359","Sun Jan 28 02:33:11 +0000 2024","11","#Gempa Mag:3.8 28-Jan-2024 09:30:05WIB Lok:3.05LS 130.55BT (9 km TimurLaut SERAMBAGIANTIMUR-MALUKU) Kedlmn:10 Km #BMKG Disclaimer:Informasi ini mengutamakan kecepatan sehingga hasil pengolahan data belum stabil dan bisa berubah seiring kelengkapan data https://t.co/hi7asXMtDH","1751433209936773359","https://pbs.twimg.com/tweet_video_thumb/GE5XOQzbMAAztdz.jpg","","in","Indonesia","0","0","2","https://x.com/infoBMKG/status/1751433209936773359","108543358","infoBMKG"
"1751422630593245639","Sun Jan 28 01:51:09 +0000 2024","19","#Gempa Mag:2.4 28-Jan-2024 08:48:16WIB Lok:0.11LS 100.32BT (22 km BaratLaut BUKITTINGGI-SUMBAR) Kedlmn:10 Km #BMKG Disclaimer:Informasi ini mengutamakan kecepatan sehingga hasil pengolahan data belum stabil dan bisa berubah seiring kelengkapan data https://t.co/gILJT17SJt","1751422630593245639","https://pbs.twimg.com/tweet_video_thumb/GE5Nmaba0AAIck-.jpg","","in","Indonesia","0","0","4","https://x.com/infoBMKG/status/1751422630593245639","108543358","infoBMKG"
"1751417349985776004","Sun Jan 28 01:30:10 +0000 2024","11","#Gempa Mag:3.0 28-Jan-2024 08:27:44WIB Lok:0.16LS 122.96BT (79 km BaratDaya BONEBOLANGO-GORONTALO) Kedlmn:55 Km #BMKG Disclaimer:Informasi ini mengutamakan kecepatan sehingga hasil pengolahan data belum stabil dan bisa berubah seiring kelengkapan data https://t.co/owMpdTKdIu","1751417349985776004","https://pbs.twimg.com/tweet_video_thumb/GE5IzF1bYAA0EDB.jpg","","in","Indonesia","0","1","5","https://x.com/infoBMKG/status/1751417349985776004","108543358","infoBMKG"
"1751345629220286843","Sat Jan 27 20:45:11 +0000 2024","10","#Gempa Mag:2.8 28-Jan-2024 03:41:07WIB Lok:2.48LS 121.03BT (19 km BaratLaut LUWUTIMUR-SULSEL) Kedlmn:10 Km #BMKG Disclaimer:Informasi ini mengutamakan kecepatan sehingga hasil pengolahan data belum stabil dan bisa berubah seiring kelengkapan data https://t.co/8MWOhQibBE","1751345629220286843","https://pbs.twimg.com/tweet_video_thumb/GE4Hkaga8AAptCY.jpg","","in","Indonesia","0","0","2","https://x.com/infoBMKG/status/1751345629220286843","108543358","infoBMKG"
"1751337828414529749","Sat Jan 27 20:14:11 +0000 2024","41","#Gempa Mag:2.2 28-Jan-2024 03:09:57WIB Lok:7.13LS 107.70BT (22 km Tenggara KAB-BANDUNG-JABAR) Kedlmn:16 Km #BMKG Disclaimer:Informasi ini mengutamakan kecepatan sehingga hasil pengolahan data belum stabil dan bisa berubah seiring kelengkapan data https://t.co/zL7MM3g0sF","1751337828414529749","https://pbs.twimg.com/tweet_video_thumb/GE4AeUlbgAAeDyV.jpg","","in","Indonesia","2","0","13","https://x.com/infoBMKG/status/1751337828414529749","108543358","infoBMKG"
"1751336564402323546","Sat Jan 27 20:09:09 +0000 2024","7","#Gempa Mag:4.0 28-Jan-2024 03:04:42WIB Lok:2.60LU 128.27BT (61 km BaratLaut DARUBA-MALUT) Kedlmn:187 Km #BMKG Disclaimer:Informasi ini mengutamakan kecepatan sehingga hasil pengolahan data belum stabil dan bisa berubah seiring kelengkapan data https://t.co/9gNqo5eo1Z","1751336564402323546","https://pbs.twimg.com/tweet_video_thumb/GE3_Ux_b0AA-6og.jpg","","in","Indonesia","0","0","2","https://x.com/infoBMKG/status/1751336564402323546","108543358","infoBMKG"
"1751333798946726392","Sat Jan 27 19:58:10 +0000 2024","3","#Gempa Mag:3.0 28-Jan-2024 02:55:05WIB Lok:0.08LS 123.08BT (68 km BaratDaya BONEBOLANGO-GORONTALO) Kedlmn:125 Km #BMKG Disclaimer:Informasi ini mengutamakan kecepatan sehingga hasil pengolahan data belum stabil dan bisa berubah seiring kelengkapan data https://t.co/wmTnxXbrXG","1751333798946726392","https://pbs.twimg.com/tweet_video_thumb/GE38zyraEAAHz-d.jpg","","in","Indonesia","0","1","2","https://x.com/infoBMKG/status/1751333798946726392","108543358","infoBMKG"
"1751330013696446904","Sat Jan 27 19:43:08 +0000 2024","25","#Gempa Mag:3.1 28-Jan-2024 02:36:50WIB Lok:8.57LS 106.06BT (183 km BaratDaya BAYAH-BANTEN) Kedlmn:10 Km #BMKG Disclaimer:Informasi ini mengutamakan kecepatan sehingga hasil pengolahan data belum stabil dan bisa berubah seiring kelengkapan data https://t.co/RvmndQtDpJ","1751330013696446904","https://pbs.twimg.com/tweet_video_thumb/GE35XddasAAe0-L.jpg","","in","Indonesia","0","1","9","https://x.com/infoBMKG/status/1751330013696446904","108543358","infoBMKG"
"1751320960635142535","Sat Jan 27 19:07:09 +0000 2024","15","#Gempa Mag:2.3 28-Jan-2024 02:02:39WIB Lok:0.84LU 122.23BT (36 km BaratLaut BOALEMO-GORONTALO) Kedlmn:424 Km #BMKG Disclaimer:Informasi ini mengutamakan kecepatan sehingga hasil pengolahan data belum stabil dan bisa berubah seiring kelengkapan data https://t.co/07hZ8HH3YM","1751320960635142535","https://pbs.twimg.com/tweet_video_thumb/GE3xIfdaAAAVxD5.jpg","","in","Indonesia","0","0","3","https://x.com/infoBMKG/status/1751320960635142535","108543358","infoBMKG"
"1751320205085782201","Sat Jan 27 19:04:09 +0000 2024","13","#Gempa Mag:4.5 28-Jan-2024 01:59:47WIB Lok:1.63LU 128.56BT (36 km TimurLaut HALMAHERATIMUR-MALUT) Kedlmn:10 Km #BMKG Disclaimer:Informasi ini mengutamakan kecepatan sehingga hasil pengolahan data belum stabil dan bisa berubah seiring kelengkapan data https://t.co/6LcyHQAPII","1751320205085782201","https://pbs.twimg.com/tweet_video_thumb/GE3wcicb0AAhr87.jpg","","in","Indonesia","0","0","2","https://x.com/infoBMKG/status/1751320205085782201","108543358","infoBMKG"
"1751312154110914747","Sat Jan 27 18:32:10 +0000 2024","9","#Gempa Mag:4.7 28-Jan-2024 01:29:49WIB Lok:4.58LU 125.94BT (104 km BaratLaut MELONGUANE-SULUT) Kedlmn:159 Km #BMKG Disclaimer:Informasi ini mengutamakan kecepatan sehingga hasil pengolahan data belum stabil dan bisa berubah seiring kelengkapan data https://t.co/HesCOxpYaq","1751312154110914747","https://pbs.twimg.com/tweet_video_thumb/GE3pH37bUAAeEj5.jpg","","in","Indonesia","2","0","7","https://x.com/infoBMKG/status/1751312154110914747","108543358","infoBMKG"
"1751300569887814140","Sat Jan 27 17:46:08 +0000 2024","48","#Gempa Mag:4.2 28-Jan-2024 00:40:30WIB Lok:4.57LS 99.22BT (285 km BaratDaya TUAPEJAT-SUMBAR) Kedlmn:10 Km #BMKG Disclaimer:Informasi ini mengutamakan kecepatan sehingga hasil pengolahan data belum stabil dan bisa berubah seiring kelengkapan data https://t.co/pHMzzhvfzf","1751300569887814140","https://pbs.twimg.com/tweet_video_thumb/GE3ell3bUAAVsen.jpg","","in","Indonesia","2","1","15","https://x.com/infoBMKG/status/1751300569887814140","108543358","infoBMKG"
"1751294287093043294","Sat Jan 27 17:21:10 +0000 2024","68","#Gempa Mag:4.9 28-Jan-2024 00:18:23WIB Lok:8.58LS 119.12BT (43 km Tenggara KOTA-BIMA-NTB) Kedlmn:122 Km #BMKG Disclaimer:Informasi ini mengutamakan kecepatan sehingga hasil pengolahan data belum stabil dan bisa berubah seiring kelengkapan data https://t.co/JZZJGhDK2V","1751294287093043294","https://pbs.twimg.com/tweet_video_thumb/GE3Y35NaEAA129w.jpg","","in","Indonesia","7","14","14","https://x.com/infoBMKG/status/1751294287093043294","108543358","infoBMKG"
"1751292517600145744","Sat Jan 27 17:14:08 +0000 2024","36","#Gempa Mag:5.7 28-Jan-2024 00:10:38WIB Lok:3.20LS 144.58BT (424 km TimurLaut KEEROM-PAPUA) Kedlmn:10 Km #BMKG Disclaimer:Informasi ini mengutamakan kecepatan sehingga hasil pengolahan data belum stabil dan bisa berubah seiring kelengkapan data https://t.co/LJaGFQfDRv","1751292517600145744","https://pbs.twimg.com/tweet_video_thumb/GE3XQ52a4AEJUXb.jpg","","in","Indonesia","1","0","12","https://x.com/infoBMKG/status/1751292517600145744","108543358","infoBMKG"
"1750575048593936705","Thu Jan 25 17:43:10 +0000 2024","9","#Gempa Mag:3.2 26-Jan-2024 00:40:12WIB Lok:1.99LS 134.29BT (96 km BaratLaut TELUKWONDAMA-PAPUABRT) Kedlmn:10 Km #BMKG Disclaimer:Informasi ini mengutamakan kecepatan sehingga hasil pengolahan data belum stabil dan bisa berubah seiring kelengkapan data https://t.co/NtDA8eeiKu","1750575048593936705","https://pbs.twimg.com/tweet_video_thumb/GEtKuuKakAAKeD1.jpg","","in","Indonesia","0","0","1","https://x.com/infoBMKG/status/1750575048593936705","108543358","infoBMKG"
"1750573536316645875","Thu Jan 25 17:37:09 +0000 2024","15","#Gempa Mag:3.1 26-Jan-2024 00:33:42WIB Lok:8.24LS 121.17BT (50 km BaratLaut MBAY-NAGEKEO-NTT) Kedlmn:10 Km #BMKG Disclaimer:Informasi ini mengutamakan kecepatan sehingga hasil pengolahan data belum stabil dan bisa berubah seiring kelengkapan data https://t.co/Adlg06aoeq","1750573536316645875","https://pbs.twimg.com/tweet_video_thumb/GEtJWrtakAQvIRv.jpg","","in","Indonesia","0","0","2","https://x.com/infoBMKG/status/1750573536316645875","108543358","infoBMKG"
"1750560453590503789","Thu Jan 25 16:45:10 +0000 2024","15","#Gempa Mag:3.9 25-Jan-2024 23:42:45WIB Lok:8.25LS 121.15BT (50 km BaratLaut MBAY-NAGEKEO-NTT) Kedlmn:10 Km #BMKG Disclaimer:Informasi ini mengutamakan kecepatan sehingga hasil pengolahan data belum stabil dan bisa berubah seiring kelengkapan data https://t.co/gK3JZx2Sim","1750560453590503789","https://pbs.twimg.com/tweet_video_thumb/GEs9dLnaUAApnyd.jpg","","in","Indonesia","0","0","2","https://x.com/infoBMKG/status/1750560453590503789","108543358","infoBMKG"
"1750556928676368814","Thu Jan 25 16:31:10 +0000 2024","10","#Gempa Mag:3.5 25-Jan-2024 23:27:43WIB Lok:8.15LS 121.19BT (59 km BaratLaut MBAY-NAGEKEO-NTT) Kedlmn:10 Km #BMKG Disclaimer:Informasi ini mengutamakan kecepatan sehingga hasil pengolahan data belum stabil dan bisa berubah seiring kelengkapan data https://t.co/CpIKUL9TqE","1750556928676368814","https://pbs.twimg.com/tweet_video_thumb/GEs6P_YakAINMJg.jpg","","in","Indonesia","0","0","3","https://x.com/infoBMKG/status/1750556928676368814","108543358","infoBMKG"
"1750543332064075784","Thu Jan 25 15:37:08 +0000 2024","18","#Gempa Mag:4.6 25-Jan-2024 22:33:28WIB Lok:4.03LS 142.28BT (185 km Tenggara KEEROM-PAPUA) Kedlmn:10 Km #BMKG Disclaimer:Informasi ini mengutamakan kecepatan sehingga hasil pengolahan data belum stabil dan bisa berubah seiring kelengkapan data https://t.co/5pX02N6dFJ","1750543332064075784","https://pbs.twimg.com/tweet_video_thumb/GEst4lQbYAAWN95.jpg","","in","Indonesia","0","0","5","https://x.com/infoBMKG/status/1750543332064075784","108543358","infoBMKG"
"1750542079477109189","Thu Jan 25 15:32:09 +0000 2024","9","#Gempa Mag:2.8 25-Jan-2024 22:28:41WIB Lok:8.28LS 121.17BT (46 km BaratLaut MBAY-NAGEKEO-NTT) Kedlmn:10 Km #BMKG Disclaimer:Informasi ini mengutamakan kecepatan sehingga hasil pengolahan data belum stabil dan bisa berubah seiring kelengkapan data https://t.co/3gYz9om6Ya","1750542079477109189","https://pbs.twimg.com/tweet_video_thumb/GEssvqqbwAAlfQ4.jpg","","in","Indonesia","0","0","6","https://x.com/infoBMKG/status/1750542079477109189","108543358","infoBMKG"
"1750538307300466693","Thu Jan 25 15:17:10 +0000 2024","36","#Gempa Mag:3.4 25-Jan-2024 22:14:08WIB Lok:8.27LS 121.18BT (47 km BaratLaut MBAY-NAGEKEO-NTT) Kedlmn:11 Km #BMKG Disclaimer:Informasi ini mengutamakan kecepatan sehingga hasil pengolahan data belum stabil dan bisa berubah seiring kelengkapan data https://t.co/INVLXege5y","1750538307300466693","https://pbs.twimg.com/tweet_video_thumb/GEspUEPa8AAM9Xb.jpg","","in","Indonesia","1","2","7","https://x.com/infoBMKG/status/1750538307300466693","108543358","infoBMKG"
"1750535281806397769","Thu Jan 25 15:05:09 +0000 2024","42","#Gempa Mag:3.7 25-Jan-2024 22:02:53WIB Lok:6.87LS 105.25BT (43 km BaratDaya SUMUR-BANTEN) Kedlmn:24 Km #BMKG Disclaimer:Informasi ini mengutamakan kecepatan sehingga hasil pengolahan data belum stabil dan bisa berubah seiring kelengkapan data https://t.co/kARXXlUyUI","1750535281806397769","https://pbs.twimg.com/tweet_video_thumb/GEsmj9cbQAAFpbC.jpg","","in","Indonesia","2","2","14","https://x.com/infoBMKG/status/1750535281806397769","108543358","infoBMKG"
"1750533015699374544","Thu Jan 25 14:56:08 +0000 2024","114","#Gempa Mag:3.1 25-Jan-2024 21:52:05WIB Lok:8.85LS 115.67BT (45 km Tenggara KLUNGKUNG-BALI) Kedlmn:92 Km #BMKG Disclaimer:Informasi ini mengutamakan kecepatan sehingga hasil pengolahan data belum stabil dan bisa berubah seiring kelengkapan data https://t.co/SdtrmmaVdH","1750533015699374544","https://pbs.twimg.com/tweet_video_thumb/GEskgFuboAIAmRQ.jpg","","in","Indonesia","22","21","27","https://x.com/infoBMKG/status/1750533015699374544","108543358","infoBMKG"
"1750529995011920273","Thu Jan 25 14:44:08 +0000 2024","1122","#Gempa Mag:4.8 25-Jan-2024 21:41:29WIB Lok:8.99LS 115.71BT (57 km Tenggara KUTASELATAN-BALI) Kedlmn:100 Km #BMKG Disclaimer:Informasi ini mengutamakan kecepatan sehingga hasil pengolahan data belum stabil dan bisa berubah seiring kelengkapan data https://t.co/hQnFM3JdQX","1750529995011920273","https://pbs.twimg.com/tweet_video_thumb/GEshwPjagAAR3cP.jpg","","in","Indonesia","493","317","449","https://x.com/infoBMKG/status/1750529995011920273","108543358","infoBMKG"
"1750528001664782422","Thu Jan 25 14:36:13 +0000 2024","28","#Gempa Mag:3.7 25-Jan-2024 21:34:09WIB Lok:8.29LS 121.18BT (45 km BaratLaut MBAY-NAGEKEO-NTT) Kedlmn:10 Km #BMKG Disclaimer:Informasi ini mengutamakan kecepatan sehingga hasil pengolahan data belum stabil dan bisa berubah seiring kelengkapan data https://t.co/7wDOPeoJnr","1750528001664782422","https://pbs.twimg.com/tweet_video_thumb/GEsf8Oja0AAxjOK.jpg","","in","Indonesia","5","1","9","https://x.com/infoBMKG/status/1750528001664782422","108543358","infoBMKG"
"1750526479606452439","Thu Jan 25 14:30:10 +0000 2024","11","#Gempa Mag:2.7 25-Jan-2024 21:24:01WIB Lok:8.38LS 121.17BT (36 km BaratLaut MBAY-NAGEKEO-NTT) Kedlmn:14 Km #BMKG Disclaimer:Informasi ini mengutamakan kecepatan sehingga hasil pengolahan data belum stabil dan bisa berubah seiring kelengkapan data https://t.co/6sTw0NysAF","1750526479606452439","https://pbs.twimg.com/tweet_video_thumb/GEsejjzaQAAYs9_.jpg","","in","Indonesia","0","0","2","https://x.com/infoBMKG/status/1750526479606452439","108543358","infoBMKG"
"1750525724015083586","Thu Jan 25 14:27:10 +0000 2024","10","#Gempa Mag:3.3 25-Jan-2024 21:21:48WIB Lok:8.29LS 121.19BT (44 km BaratLaut MBAY-NAGEKEO-NTT) Kedlmn:10 Km #BMKG Disclaimer:Informasi ini mengutamakan kecepatan sehingga hasil pengolahan data belum stabil dan bisa berubah seiring kelengkapan data https://t.co/eCAWkyGvqG","1750525724015083586","https://pbs.twimg.com/tweet_video_thumb/GEsd3nMbAAA_r3s.jpg","","in","Indonesia","0","0","3","https://x.com/infoBMKG/status/1750525724015083586","108543358","infoBMKG"
"1750511628108652597","Thu Jan 25 13:31:09 +0000 2024","12","#Gempa Mag:3.1 25-Jan-2024 20:26:28WIB Lok:8.25LS 121.20BT (48 km BaratLaut MBAY-NAGEKEO-NTT) Kedlmn:10 Km #BMKG Disclaimer:Informasi ini mengutamakan kecepatan sehingga hasil pengolahan data belum stabil dan bisa berubah seiring kelengkapan data https://t.co/3Z8553RNJQ","1750511628108652597","https://pbs.twimg.com/tweet_video_thumb/GEsRDJgaEAEnDM9.jpg","","in","Indonesia","0","2","4","https://x.com/infoBMKG/status/1750511628108652597","108543358","infoBMKG"
"1750502821550866487","Thu Jan 25 12:56:10 +0000 2024","21","#Gempa Mag:3.1 25-Jan-2024 19:53:03WIB Lok:10.49LS 123.81BT (56 km BaratDaya KAB-KUPANG-NTT) Kedlmn:15 Km #BMKG Disclaimer:Informasi ini mengutamakan kecepatan sehingga hasil pengolahan data belum stabil dan bisa berubah seiring kelengkapan data https://t.co/jAxcQ9jYgl","1750502821550866487","https://pbs.twimg.com/tweet_video_thumb/GEsJCiEaIAABjOm.jpg","","in","Indonesia","0","1","7","https://x.com/infoBMKG/status/1750502821550866487","108543358","infoBMKG"
"1750501311811035353","Thu Jan 25 12:50:10 +0000 2024","12","#Gempa Mag:3.6 25-Jan-2024 19:47:32WIB Lok:8.07LS 121.22BT (67 km BaratLaut MBAY-NAGEKEO-NTT) Kedlmn:14 Km #BMKG Disclaimer:Informasi ini mengutamakan kecepatan sehingga hasil pengolahan data belum stabil dan bisa berubah seiring kelengkapan data https://t.co/27UFUwnF37","1750501311811035353","https://pbs.twimg.com/tweet_video_thumb/GEsHqp0awAAuJ9K.jpg","","in","Indonesia","0","0","3","https://x.com/infoBMKG/status/1750501311811035353","108543358","infoBMKG"
"1750500808377180562","Thu Jan 25 12:48:10 +0000 2024","6","#Gempa Mag:3.3 25-Jan-2024 19:44:37WIB Lok:8.76LS 121.24BT (12 km BaratDaya MBAY-NAGEKEO-NTT) Kedlmn:10 Km #BMKG Disclaimer:Informasi ini mengutamakan kecepatan sehingga hasil pengolahan data belum stabil dan bisa berubah seiring kelengkapan data https://t.co/XfkXCsw4Tp","1750500808377180562","https://pbs.twimg.com/tweet_video_thumb/GEsHNUpakAEdYdY.jpg","","in","Indonesia","0","1","4","https://x.com/infoBMKG/status/1750500808377180562","108543358","infoBMKG"
"1750499298780094822","Thu Jan 25 12:42:10 +0000 2024","12","#Gempa Mag:3.9 25-Jan-2024 19:38:13WIB Lok:8.26LS 121.19BT (47 km BaratLaut MBAY-NAGEKEO-NTT) Kedlmn:10 Km #BMKG Disclaimer:Informasi ini mengutamakan kecepatan sehingga hasil pengolahan data belum stabil dan bisa berubah seiring kelengkapan data https://t.co/D82OMdyLen","1750499298780094822","https://pbs.twimg.com/tweet_video_thumb/GEsF1fabcAAw3_o.jpg","","in","Indonesia","0","0","3","https://x.com/infoBMKG/status/1750499298780094822","108543358","infoBMKG"
"1750495524384612793","Thu Jan 25 12:27:10 +0000 2024","204","#Gempa Mag:5.9 25-Jan-2024 19:24:12WIB Lok:8.18LS 121.19BT (56 km BaratLaut MBAY-NAGEKEO-NTT) Kedlmn:11 Km #BMKG Disclaimer:Informasi ini mengutamakan kecepatan sehingga hasil pengolahan data belum stabil dan bisa berubah seiring kelengkapan data https://t.co/rqWaA9HuEU","1750495524384612793","https://pbs.twimg.com/tweet_video_thumb/GEsCZzAaAAAK7Kv.jpg","","in","Indonesia","19","53","60","https://x.com/infoBMKG/status/1750495524384612793","108543358","infoBMKG"
"1750495489387332046","Thu Jan 25 12:27:01 +0000 2024","90","#Gempa Mag:5.6 25-Jan-24 19:24:13 WIB Lok:8.26 LS 121.20 BT (47 km BaratLaut MBAY-NAGEKEO-NTT) Kedlmn:11 Km tdk berpotensi tsunami #BMKG https://t.co/IqxfboxERV","1750495489387332046","https://pbs.twimg.com/tweet_video_thumb/GEsCXw1bIAAe-Jn.jpg","","in","Indonesia","9","12","23","https://x.com/infoBMKG/status/1750495489387332046","108543358","infoBMKG"
"1750230781799334183","Wed Jan 24 18:55:10 +0000 2024","7","#Gempa Mag:4.0 25-Jan-2024 01:49:17WIB Lok:4.29LS 131.11BT (148 km Tenggara SERAMBAGIANTIMUR-MALUKU) Kedlmn:50 Km #BMKG Disclaimer:Informasi ini mengutamakan kecepatan sehingga hasil pengolahan data belum stabil dan bisa berubah seiring kelengkapan data https://t.co/hJ8IH8hY5W","1750230781799334183","https://pbs.twimg.com/tweet_video_thumb/GEoRnwma4AADcwD.jpg","","in","Indonesia","0","0","2","https://x.com/infoBMKG/status/1750230781799334183","108543358","infoBMKG"
"1750223481470640439","Wed Jan 24 18:26:10 +0000 2024","13","#Gempa Mag:4.3 25-Jan-2024 01:21:02WIB Lok:3.65LU 123.53BT (217 km BaratLaut TAHUNA-KEP.SANGIHE-SULUT) Kedlmn:484 Km #BMKG Disclaimer:Informasi ini mengutamakan kecepatan sehingga hasil pengolahan data belum stabil dan bisa berubah seiring kelengkapan data https://t.co/2ForNEvs4J","1750223481470640439","https://pbs.twimg.com/tweet_video_thumb/GEoK-zXa4AEtGmF.jpg","","in","Indonesia","0","0","4","https://x.com/infoBMKG/status/1750223481470640439","108543358","infoBMKG"
"1750211902171701287","Wed Jan 24 17:40:09 +0000 2024","25","#Gempa Mag:4.1 25-Jan-2024 00:37:20WIB Lok:8.37LS 116.89BT (8 km BaratLaut PULAUPANJANG-NTB) Kedlmn:10 Km #BMKG Disclaimer:Informasi ini mengutamakan kecepatan sehingga hasil pengolahan data belum stabil dan bisa berubah seiring kelengkapan data https://t.co/KV7kr2w0l5","1750211902171701287","https://pbs.twimg.com/tweet_video_thumb/GEoAcxyagAE3VgN.jpg","","in","Indonesia","0","0","4","https://x.com/infoBMKG/status/1750211902171701287","108543358","infoBMKG"
"1750168111557337166","Wed Jan 24 14:46:09 +0000 2024","10","#Gempa Mag:5.0 24-Jan-2024 21:39:19WIB Lok:4.06LS 141.46BT (111 km Tenggara KEEROM-PAPUA) Kedlmn:71 Km #BMKG Disclaimer:Informasi ini mengutamakan kecepatan sehingga hasil pengolahan data belum stabil dan bisa berubah seiring kelengkapan data https://t.co/B9C0PQWodU","1750168111557337166","https://pbs.twimg.com/tweet_video_thumb/GEnYn2YW4AA7xAy.jpg","","in","Indonesia","0","1","4","https://x.com/infoBMKG/status/1750168111557337166","108543358","infoBMKG"
"1750167860507250967","Wed Jan 24 14:45:09 +0000 2024","15","#Gempa Mag:5.1 24-Jan-2024 21:39:19WIB Lok:4.04LS 141.49BT (111 km Tenggara KEEROM-PAPUA) Kedlmn:61 Km #BMKG Disclaimer:Informasi ini mengutamakan kecepatan sehingga hasil pengolahan data belum stabil dan bisa berubah seiring kelengkapan data https://t.co/WXMaOLMQgH","1750167860507250967","https://pbs.twimg.com/tweet_video_thumb/GEnYZPUWoAE6HON.jpg","","in","Indonesia","0","0","6","https://x.com/infoBMKG/status/1750167860507250967","108543358","infoBMKG"
"1750167610342203616","Wed Jan 24 14:44:09 +0000 2024","13","#Gempa Mag:5.5 24-Jan-2024 21:39:19WIB Lok:4.04LS 141.55BT (116 km Tenggara KEEROM-PAPUA) Kedlmn:52 Km #BMKG Disclaimer:Informasi ini mengutamakan kecepatan sehingga hasil pengolahan data belum stabil dan bisa berubah seiring kelengkapan data https://t.co/c4lmel69TP","1750167610342203616","https://pbs.twimg.com/tweet_video_thumb/GEnYKoNXUAEW2Yp.jpg","","in","Indonesia","0","1","6","https://x.com/infoBMKG/status/1750167610342203616","108543358","infoBMKG"
"1750167237598536067","Wed Jan 24 14:42:40 +0000 2024","14","#Gempa Mag:5.2 24-Jan-24 21:39:19 WIB Lok:4.04 LS 141.49 BT (111 km Tenggara KEEROM-PAPUA) Kedlmn:61 Km tdk berpotensi tsunami #BMKG https://t.co/RKYvU4pohp","1750167237598536067","https://pbs.twimg.com/tweet_video_thumb/GEnX0-UXsAA55yY.jpg","","in","Indonesia","0","0","6","https://x.com/infoBMKG/status/1750167237598536067","108543358","infoBMKG"
"1750167105507340347","Wed Jan 24 14:42:09 +0000 2024","14","#Gempa Mag:5.1 24-Jan-2024 21:39:19WIB Lok:4.04LS 141.49BT (111 km Tenggara KEEROM-PAPUA) Kedlmn:61 Km #BMKG Disclaimer:Informasi ini mengutamakan kecepatan sehingga hasil pengolahan data belum stabil dan bisa berubah seiring kelengkapan data https://t.co/i8NDLfOKdd","1750167105507340347","https://pbs.twimg.com/tweet_video_thumb/GEnXtR_XwAApcQM.jpg","","in","Indonesia","0","0","6","https://x.com/infoBMKG/status/1750167105507340347","108543358","infoBMKG"
"1750154518489444447","Wed Jan 24 13:52:08 +0000 2024","126","#Gempa Mag:4.7 24-Jan-2024 20:49:22WIB Lok:9.04LS 107.17BT (209 km BaratDaya KAB-PANGANDARAN-JABAR) Kedlmn:10 Km #BMKG Disclaimer:Informasi ini mengutamakan kecepatan sehingga hasil pengolahan data belum stabil dan bisa berubah seiring kelengkapan data https://t.co/YWmUsXdz7R","1750154518489444447","https://pbs.twimg.com/tweet_video_thumb/GEnMQovawAAOuQB.jpg","","in","Indonesia","1","2","55","https://x.com/infoBMKG/status/1750154518489444447","108543358","infoBMKG"
"1750090100040728711","Wed Jan 24 09:36:09 +0000 2024","11","#Gempa Mag:4.0 24-Jan-2024 16:33:48WIB Lok:9.48LS 119.63BT (16 km TimurLaut WAIBAKUL-NTT) Kedlmn:40 Km #BMKG Disclaimer:Informasi ini mengutamakan kecepatan sehingga hasil pengolahan data belum stabil dan bisa berubah seiring kelengkapan data https://t.co/09HtnJpiOL","1750090100040728711","https://pbs.twimg.com/tweet_video_thumb/GEmRrAVbUAAL0m4.jpg","","in","Indonesia","0","0","6","https://x.com/infoBMKG/status/1750090100040728711","108543358","infoBMKG"
"1750087837238874162","Wed Jan 24 09:27:10 +0000 2024","5","#Gempa Mag:3.5 24-Jan-2024 16:22:25WIB Lok:3.64LU 126.88BT (45 km Tenggara MELONGUANE-SULUT) Kedlmn:16 Km #BMKG Disclaimer:Informasi ini mengutamakan kecepatan sehingga hasil pengolahan data belum stabil dan bisa berubah seiring kelengkapan data https://t.co/yT3Q1lzESb","1750087837238874162","https://pbs.twimg.com/tweet_video_thumb/GEmPnPQacAARLAg.jpg","","in","Indonesia","0","0","3","https://x.com/infoBMKG/status/1750087837238874162","108543358","infoBMKG"
"1750067954442752412","Wed Jan 24 08:08:09 +0000 2024","4","#Gempa Mag:2.9 24-Jan-2024 15:05:31WIB Lok:10.05LS 123.76BT (15 km BaratDaya KAB-KUPANG-NTT) Kedlmn:58 Km #BMKG Disclaimer:Informasi ini mengutamakan kecepatan sehingga hasil pengolahan data belum stabil dan bisa berubah seiring kelengkapan data https://t.co/F1ArWZFISH","1750067954442752412","https://pbs.twimg.com/tweet_video_thumb/GEl9h9macAAwFyi.jpg","","in","Indonesia","0","0","3","https://x.com/infoBMKG/status/1750067954442752412","108543358","infoBMKG"
"1750062918912414089","Wed Jan 24 07:48:09 +0000 2024","5","#Gempa Mag:3.8 24-Jan-2024 14:44:35WIB Lok:2.65LU 95.75BT (71 km BaratLaut SINABANG-ACEH) Kedlmn:14 Km #BMKG Disclaimer:Informasi ini mengutamakan kecepatan sehingga hasil pengolahan data belum stabil dan bisa berubah seiring kelengkapan data https://t.co/LDidW1bWjp","1750062918912414089","https://pbs.twimg.com/tweet_video_thumb/GEl482faQAAyO8Y.jpg","","in","Indonesia","0","0","3","https://x.com/infoBMKG/status/1750062918912414089","108543358","infoBMKG"
"1750060153599340712","Wed Jan 24 07:37:09 +0000 2024","13","#Gempa Mag:3.3 24-Jan-2024 14:31:11WIB Lok:0.19LS 101.25BT (38 km Tenggara KAMPAR-RIAU) Kedlmn:54 Km #BMKG Disclaimer:Informasi ini mengutamakan kecepatan sehingga hasil pengolahan data belum stabil dan bisa berubah seiring kelengkapan data https://t.co/MwtwqitGWv","1750060153599340712","https://pbs.twimg.com/tweet_video_thumb/GEl2b4MaAAAKV6V.jpg","","in","Indonesia","0","0","6","https://x.com/infoBMKG/status/1750060153599340712","108543358","infoBMKG"
"1750034734267433100","Wed Jan 24 05:56:09 +0000 2024","5","#Gempa Mag:4.4 24-Jan-2024 12:51:55WIB Lok:5.61LU 127.00BT (182 km TimurLaut MELONGUANE-SULUT) Kedlmn:126 Km #BMKG Disclaimer:Informasi ini mengutamakan kecepatan sehingga hasil pengolahan data belum stabil dan bisa berubah seiring kelengkapan data https://t.co/UPYXMau2JA","1750034734267433100","https://pbs.twimg.com/tweet_video_thumb/GElfURKaEAAlnqM.jpg","","in","Indonesia","0","0","1","https://x.com/infoBMKG/status/1750034734267433100","108543358","infoBMKG"
"1750006071245389961","Wed Jan 24 04:02:15 +0000 2024","12","#Gempa Mag:3.5 24-Jan-2024 10:59:02WIB Lok:3.01LS 100.64BT (71 km BaratDaya MUKOMUKO-BENGKULU) Kedlmn:11 Km #BMKG Disclaimer:Informasi ini mengutamakan kecepatan sehingga hasil pengolahan data belum stabil dan bisa berubah seiring kelengkapan data https://t.co/CzmnMIUnV7","1750006071245389961","https://pbs.twimg.com/tweet_video_thumb/GElFP07aEAAJSKA.jpg","","in","Indonesia","0","0","3","https://x.com/infoBMKG/status/1750006071245389961","108543358","infoBMKG"
"1749968498192007484","Wed Jan 24 01:32:57 +0000 2024","20","#Gempa Mag:5.9 24-Jan-24 08:29:46 WIB Lok:6.16 LS 130.30 BT (230 km BaratLaut TANIMBAR) Kedlmn:160 Km tdk berpotensi tsunami #BMKG https://t.co/zhItaklTNv","1749968498192007484","https://pbs.twimg.com/tweet_video_thumb/GEkjE2EaAAAWh8_.jpg","","in","Indonesia","0","0","6","https://x.com/infoBMKG/status/1749968498192007484","108543358","infoBMKG"
"1749968298027200907","Wed Jan 24 01:32:09 +0000 2024","67","#Gempa Mag:6.0 24-Jan-2024 08:29:46WIB Lok:6.10LS 130.29BT (236 km BaratLaut MALUKUTENGGARABRT) Kedlmn:166 Km #BMKG Disclaimer:Informasi ini mengutamakan kecepatan sehingga hasil pengolahan data belum stabil dan bisa berubah seiring kelengkapan data https://t.co/VAfqUfX1za","1749968298027200907","https://pbs.twimg.com/tweet_video_thumb/GEki5Mna4AAqEZ5.jpg","","in","Indonesia","1","4","14","https://x.com/infoBMKG/status/1749968298027200907","108543358","infoBMKG"
"1749967541907435745","Wed Jan 24 01:29:09 +0000 2024","5","#Gempa Mag:3.8 24-Jan-2024 08:25:48WIB Lok:8.34LS 121.80BT (55 km BaratLaut MAUMERE-SIKKA-NTT) Kedlmn:169 Km #BMKG Disclaimer:Informasi ini mengutamakan kecepatan sehingga hasil pengolahan data belum stabil dan bisa berubah seiring kelengkapan data https://t.co/y93r3muki7","1749967541907435745","https://pbs.twimg.com/tweet_video_thumb/GEkiNKgbQAALs6S.jpg","","in","Indonesia","0","0","3","https://x.com/infoBMKG/status/1749967541907435745","108543358","infoBMKG"
"1749959993707913683","Wed Jan 24 00:59:09 +0000 2024","9","#Gempa Mag:3.2 24-Jan-2024 07:54:22WIB Lok:1.34LU 126.25BT (125 km Tenggara BITUNG-SULUT) Kedlmn:25 Km #BMKG Disclaimer:Informasi ini mengutamakan kecepatan sehingga hasil pengolahan data belum stabil dan bisa berubah seiring kelengkapan data https://t.co/a3SquHJWSs","1749959993707913683","https://pbs.twimg.com/tweet_video_thumb/GEkbV0FboAASUlY.jpg","","in","Indonesia","0","0","3","https://x.com/infoBMKG/status/1749959993707913683","108543358","infoBMKG"
"1749938856638730724","Tue Jan 23 23:35:10 +0000 2024","11","#Gempa Mag:3.8 24-Jan-2024 06:32:02WIB Lok:1.10LS 121.50BT (4 km BaratDaya TOJOUNA-UNA-SULTENG) Kedlmn:10 Km #BMKG Disclaimer:Informasi ini mengutamakan kecepatan sehingga hasil pengolahan data belum stabil dan bisa berubah seiring kelengkapan data https://t.co/nnA8sd0LFQ","1749938856638730724","https://pbs.twimg.com/tweet_video_thumb/GEkIHc7bcAAdYet.jpg","","in","Indonesia","0","0","3","https://x.com/infoBMKG/status/1749938856638730724","108543358","infoBMKG"
"1749938352609267978","Tue Jan 23 23:33:10 +0000 2024","10","#Gempa Mag:3.2 24-Jan-2024 06:28:51WIB Lok:9.26LS 118.13BT (88 km BaratDaya DOMPU-NTB) Kedlmn:20 Km #BMKG Disclaimer:Informasi ini mengutamakan kecepatan sehingga hasil pengolahan data belum stabil dan bisa berubah seiring kelengkapan data https://t.co/Sqb8ASYs0j","1749938352609267978","https://pbs.twimg.com/tweet_video_thumb/GEkHqIxbYAAQGbW.jpg","","in","Indonesia","0","0","5","https://x.com/infoBMKG/status/1749938352609267978","108543358","infoBMKG"
"1749912182689792013","Tue Jan 23 21:49:10 +0000 2024","11","#Gempa Mag:3.9 24-Jan-2024 04:45:28WIB Lok:1.34LS 126.33BT (84 km TimurLaut SANANA-MALUT) Kedlmn:10 Km #BMKG Disclaimer:Informasi ini mengutamakan kecepatan sehingga hasil pengolahan data belum stabil dan bisa berubah seiring kelengkapan data https://t.co/kbHxU64SJX","1749912182689792013","https://pbs.twimg.com/tweet_video_thumb/GEjv22ibwAApfsV.jpg","","in","Indonesia","0","0","2","https://x.com/infoBMKG/status/1749912182689792013","108543358","infoBMKG"
"1749870151644872967","Tue Jan 23 19:02:09 +0000 2024","18","#Gempa Mag:3.7 24-Jan-2024 01:58:39WIB Lok:3.13LS 102.89BT (19 km TimurLaut LUBUKLINGGAU-SUMSEL) Kedlmn:199 Km #BMKG Disclaimer:Informasi ini mengutamakan kecepatan sehingga hasil pengolahan data belum stabil dan bisa berubah seiring kelengkapan data https://t.co/jZMy8oI83P","1749870151644872967","https://pbs.twimg.com/tweet_video_thumb/GEjJoUMaAAAc334.jpg","","in","Indonesia","0","1","2","https://x.com/infoBMKG/status/1749870151644872967","108543358","infoBMKG"
"1749861594518183938","Tue Jan 23 18:28:09 +0000 2024","8","#Gempa Mag:3.1 24-Jan-2024 01:25:31WIB Lok:9.70LS 123.68BT (39 km BaratLaut KAB-KUPANG-NTT) Kedlmn:12 Km #BMKG Disclaimer:Informasi ini mengutamakan kecepatan sehingga hasil pengolahan data belum stabil dan bisa berubah seiring kelengkapan data https://t.co/oqZAZJf3Kc","1749861594518183938","https://pbs.twimg.com/tweet_video_thumb/GEjB2ODa0AAkgag.jpg","","in","Indonesia","0","1","3","https://x.com/infoBMKG/status/1749861594518183938","108543358","infoBMKG"
"1749850023175836081","Tue Jan 23 17:42:10 +0000 2024","8","#Gempa Mag:3.3 24-Jan-2024 00:39:06WIB Lok:2.43LS 121.21BT (17 km TimurLaut LUWUTIMUR-SULSEL) Kedlmn:10 Km #BMKG Disclaimer:Informasi ini mengutamakan kecepatan sehingga hasil pengolahan data belum stabil dan bisa berubah seiring kelengkapan data https://t.co/jaTYtFP039","1749850023175836081","https://pbs.twimg.com/tweet_video_thumb/GEi3UrmaAAAy7-U.jpg","","in","Indonesia","0","1","3","https://x.com/infoBMKG/status/1749850023175836081","108543358","infoBMKG"
"1749837939197268382","Tue Jan 23 16:54:09 +0000 2024","12","#Gempa Mag:3.2 23-Jan-2024 23:48:30WIB Lok:8.80LS 119.43BT (61 km BaratDaya LABUANBAJO-NTT) Kedlmn:85 Km #BMKG Disclaimer:Informasi ini mengutamakan kecepatan sehingga hasil pengolahan data belum stabil dan bisa berubah seiring kelengkapan data https://t.co/YNLG5DmUr9","1749837939197268382","https://pbs.twimg.com/tweet_video_thumb/GEisVRYa0AMGWjm.jpg","","in","Indonesia","0","0","3","https://x.com/infoBMKG/status/1749837939197268382","108543358","infoBMKG"
"1749824345831317702","Tue Jan 23 16:00:08 +0000 2024","18","#Gempa Mag:3.9 23-Jan-2024 22:55:45WIB Lok:5.05LS 102.23BT (33 km BaratLaut ENGGANO-BENGKULU) Kedlmn:11 Km #BMKG Disclaimer:Informasi ini mengutamakan kecepatan sehingga hasil pengolahan data belum stabil dan bisa berubah seiring kelengkapan data https://t.co/5OSMPmv7rx","1749824345831317702","https://pbs.twimg.com/tweet_video_thumb/GEif-CmaYAAAdtC.jpg","","in","Indonesia","0","1","3","https://x.com/infoBMKG/status/1749824345831317702","108543358","infoBMKG"
"1749803208443412874","Tue Jan 23 14:36:09 +0000 2024","19","#Gempa Mag:4.6 23-Jan-2024 21:30:16WIB Lok:6.19LU 126.08BT (252 km BaratLaut MELONGUANE-SULUT) Kedlmn:153 Km #BMKG Disclaimer:Informasi ini mengutamakan kecepatan sehingga hasil pengolahan data belum stabil dan bisa berubah seiring kelengkapan data https://t.co/hve3b0up2B","1749803208443412874","https://pbs.twimg.com/tweet_video_thumb/GEiMvtWbUAQ18r-.jpg","","in","Indonesia","0","0","5","https://x.com/infoBMKG/status/1749803208443412874","108543358","infoBMKG"
"1749795153882313097","Tue Jan 23 14:04:08 +0000 2024","41","#Gempa Mag:3.5 23-Jan-2024 21:00:00WIB Lok:6.34LS 104.89BT (84 km BaratLaut SUMUR-BANTEN) Kedlmn:10 Km #BMKG Disclaimer:Informasi ini mengutamakan kecepatan sehingga hasil pengolahan data belum stabil dan bisa berubah seiring kelengkapan data https://t.co/Sfuy2692RB","1749795153882313097","https://pbs.twimg.com/tweet_video_thumb/GEiFa2Lb0AAUUh5.jpg","","in","Indonesia","0","2","7","https://x.com/infoBMKG/status/1749795153882313097","108543358","infoBMKG"
"1749781062971191771","Tue Jan 23 13:08:09 +0000 2024","8","#Gempa Mag:3.2 23-Jan-2024 20:04:36WIB Lok:10.07LS 123.66BT (26 km BaratDaya KAB-KUPANG-NTT) Kedlmn:10 Km #BMKG Disclaimer:Informasi ini mengutamakan kecepatan sehingga hasil pengolahan data belum stabil dan bisa berubah seiring kelengkapan data https://t.co/YmubaZbleP","1749781062971191771","https://pbs.twimg.com/tweet_video_thumb/GEh4moibAAAzsQ2.jpg","","in","Indonesia","0","0","3","https://x.com/infoBMKG/status/1749781062971191771","108543358","infoBMKG"
"1749771999323545662","Tue Jan 23 12:32:08 +0000 2024","15","#Gempa Mag:5.0 23-Jan-2024 19:26:06WIB Lok:4.13LS 143.45BT (311 km Tenggara KEEROM-PAPUA) Kedlmn:99 Km #BMKG Disclaimer:Informasi ini mengutamakan kecepatan sehingga hasil pengolahan data belum stabil dan bisa berubah seiring kelengkapan data https://t.co/HEB53fbzqp","1749771999323545662","https://pbs.twimg.com/tweet_video_thumb/GEhwXGaa0AALmAy.jpg","","in","Indonesia","0","0","6","https://x.com/infoBMKG/status/1749771999323545662","108543358","infoBMKG"
"1749759678652027212","Tue Jan 23 11:43:11 +0000 2024","14","#Gempa Mag:4.2 23-Jan-2024 18:38:41WIB Lok:1.45LS 126.33BT (74 km TimurLaut SANANA-MALUT) Kedlmn:23 Km #BMKG Disclaimer:Informasi ini mengutamakan kecepatan sehingga hasil pengolahan data belum stabil dan bisa berubah seiring kelengkapan data https://t.co/pgI6AZpLqC","1749759678652027212","https://pbs.twimg.com/tweet_video_thumb/GEhlJ8BbsAAmzYS.jpg","","in","Indonesia","0","0","2","https://x.com/infoBMKG/status/1749759678652027212","108543358","infoBMKG"
"1749747343212401004","Tue Jan 23 10:54:10 +0000 2024","9","#Gempa Mag:3.5 23-Jan-2024 17:49:00WIB Lok:9.07LS 119.01BT (40 km BaratLaut TAMBOLAKA-NTT) Kedlmn:100 Km #BMKG Disclaimer:Informasi ini mengutamakan kecepatan sehingga hasil pengolahan data belum stabil dan bisa berubah seiring kelengkapan data https://t.co/qJxuAhYyMK","1749747343212401004","https://pbs.twimg.com/tweet_video_thumb/GEhZ75obUAA73E_.jpg","","in","Indonesia","0","0","1","https://x.com/infoBMKG/status/1749747343212401004","108543358","infoBMKG"
"1749732996519952644","Tue Jan 23 09:57:09 +0000 2024","10","#Gempa Mag:4.3 23-Jan-2024 16:54:40WIB Lok:0.63LS 135.81BT (21 km TimurLaut SUPIORI-PAPUA) Kedlmn:10 Km #BMKG Disclaimer:Informasi ini mengutamakan kecepatan sehingga hasil pengolahan data belum stabil dan bisa berubah seiring kelengkapan data https://t.co/TF7IJZ3aUd","1749732996519952644","https://pbs.twimg.com/tweet_video_thumb/GEhM42KbEAAxgxn.jpg","","in","Indonesia","0","0","4","https://x.com/infoBMKG/status/1749732996519952644","108543358","infoBMKG"
"1749731988301664570","Tue Jan 23 09:53:09 +0000 2024","5","#Gempa Mag:3.4 23-Jan-2024 16:50:24WIB Lok:10.19LS 124.03BT (27 km Tenggara KAB-KUPANG-NTT) Kedlmn:12 Km #BMKG Disclaimer:Informasi ini mengutamakan kecepatan sehingga hasil pengolahan data belum stabil dan bisa berubah seiring kelengkapan data https://t.co/qSFQpxlFyx","1749731988301664570","https://pbs.twimg.com/tweet_video_thumb/GEhL-JXaEAEZmRj.jpg","","in","Indonesia","0","0","4","https://x.com/infoBMKG/status/1749731988301664570","108543358","infoBMKG"
"1749721421058637939","Tue Jan 23 09:11:09 +0000 2024","62","#Gempa Mag:4.1 23-Jan-2024 16:05:02WIB Lok:1.44LS 100.50BT (13 km BaratDaya PESISIRSELATAN-SUMBAR) Kedlmn:53 Km #BMKG Disclaimer:Informasi ini mengutamakan kecepatan sehingga hasil pengolahan data belum stabil dan bisa berubah seiring kelengkapan data https://t.co/plQ7hmKY7Y","1749721421058637939","https://pbs.twimg.com/tweet_video_thumb/GEhCXB8agAA3v9y.jpg","","in","Indonesia","3","5","15","https://x.com/infoBMKG/status/1749721421058637939","108543358","infoBMKG"
"1749675619661828273","Tue Jan 23 06:09:09 +0000 2024","10","#Gempa Mag:2.4 23-Jan-2024 13:06:56WIB Lok:2.13LU 98.97BT (12 km TimurLaut TAPANULIUTARA-SUMUT) Kedlmn:121 Km #BMKG Disclaimer:Informasi ini mengutamakan kecepatan sehingga hasil pengolahan data belum stabil dan bisa berubah seiring kelengkapan data https://t.co/dCLBZnIJZT","1749675619661828273","https://pbs.twimg.com/tweet_video_thumb/GEgYtDebcAAQs00.jpg","","in","Indonesia","0","0","1","https://x.com/infoBMKG/status/1749675619661828273","108543358","infoBMKG"
"1749645779495719018","Tue Jan 23 04:10:35 +0000 2024","20","#Gempa Mag:5.4 23-Jan-24 11:07:21 WIB Lok:3.96 LS 133.82 BT (75 km BaratDaya KAIMANA-PAPUABRT) Kedlmn:10 Km tdk berpotensi tsunami #BMKG https://t.co/giI6VC4E8O","1749645779495719018","https://pbs.twimg.com/tweet_video_thumb/GEf9kHXaUAA5U52.jpg","","in","Indonesia","0","1","8","https://x.com/infoBMKG/status/1749645779495719018","108543358","infoBMKG"
"1749645676705964210","Tue Jan 23 04:10:10 +0000 2024","27","#Gempa Mag:5.4 23-Jan-2024 11:07:21WIB Lok:3.97LS 133.80BT (77 km BaratDaya KAIMANA-PAPUABRT) Kedlmn:10 Km #BMKG Disclaimer:Informasi ini mengutamakan kecepatan sehingga hasil pengolahan data belum stabil dan bisa berubah seiring kelengkapan data https://t.co/XR4xi3EOdt","1749645676705964210","https://pbs.twimg.com/tweet_video_thumb/GEf9eJYa8AA15TP.jpg","","in","Indonesia","0","2","4","https://x.com/infoBMKG/status/1749645676705964210","108543358","infoBMKG"
"1749064866684690923","Sun Jan 21 13:42:14 +0000 2024","10","#Gempa Mag:3.4 21-Jan-2024 20:37:53WIB Lok:10.05LS 119.75BT (41 km BaratDaya LEWA-SUMBATIMUR-NTT) Kedlmn:10 Km #BMKG Disclaimer:Informasi ini mengutamakan kecepatan sehingga hasil pengolahan data belum stabil dan bisa berubah seiring kelengkapan data https://t.co/VFLM7hEAnl","1749064866684690923","https://pbs.twimg.com/tweet_video_thumb/GEXtNOcaIAAy-Ww.jpg","","in","Indonesia","1","0","3","https://x.com/infoBMKG/status/1749064866684690923","108543358","infoBMKG"
"1749050503437435275","Sun Jan 21 12:45:10 +0000 2024","29","#Gempa Mag:3.7 21-Jan-2024 19:40:46WIB Lok:0.54LU 100.84BT (56 km BaratLaut KAMPAR-RIAU) Kedlmn:251 Km #BMKG Disclaimer:Informasi ini mengutamakan kecepatan sehingga hasil pengolahan data belum stabil dan bisa berubah seiring kelengkapan data https://t.co/DQZ0NDcBiO","1749050503437435275","https://pbs.twimg.com/tweet_video_thumb/GEXgKgLbwAAB4bU.jpg","","in","Indonesia","0","1","6","https://x.com/infoBMKG/status/1749050503437435275","108543358","infoBMKG"
"1749013762575876510","Sun Jan 21 10:19:10 +0000 2024","25","#Gempa Mag:4.0 21-Jan-2024 17:16:50WIB Lok:0.23LU 126.51BT (112 km BaratDaya TERNATE-MALUT) Kedlmn:10 Km #BMKG Disclaimer:Informasi ini mengutamakan kecepatan sehingga hasil pengolahan data belum stabil dan bisa berubah seiring kelengkapan data https://t.co/5Ocqjg5G6k","1749013762575876510","https://pbs.twimg.com/tweet_video_thumb/GEW-v4basAAkzDI.jpg","","in","Indonesia","0","1","3","https://x.com/infoBMKG/status/1749013762575876510","108543358","infoBMKG"
"1749010740072288487","Sun Jan 21 10:07:10 +0000 2024","5","#Gempa Mag:3.4 21-Jan-2024 17:03:19WIB Lok:0.12LU 122.86BT (55 km BaratDaya BONEBOLANGO-GORONTALO) Kedlmn:220 Km #BMKG Disclaimer:Informasi ini mengutamakan kecepatan sehingga hasil pengolahan data belum stabil dan bisa berubah seiring kelengkapan data https://t.co/GTURFYirvo","1749010740072288487","https://pbs.twimg.com/tweet_video_thumb/GEW7_9kaIAAhs0w.jpg","","in","Indonesia","0","0","5","https://x.com/infoBMKG/status/1749010740072288487","108543358","infoBMKG"
"1749008976828842290","Sun Jan 21 10:00:09 +0000 2024","11","#Gempa Mag:3.2 21-Jan-2024 16:56:32WIB Lok:0.23LU 122.49BT (36 km Tenggara BOALEMO-GORONTALO) Kedlmn:124 Km #BMKG Disclaimer:Informasi ini mengutamakan kecepatan sehingga hasil pengolahan data belum stabil dan bisa berubah seiring kelengkapan data https://t.co/JXeu667fNK","1749008976828842290","https://pbs.twimg.com/tweet_video_thumb/GEW6ZT_bkAEzp8y.jpg","","in","Indonesia","0","0","2","https://x.com/infoBMKG/status/1749008976828842290","108543358","infoBMKG"
"1749004445093138590","Sun Jan 21 09:42:09 +0000 2024","14","#Gempa Mag:4.8 21-Jan-2024 16:38:48WIB Lok:7.56LS 128.76BT (126 km TimurLaut MALUKUBRTDAYA) Kedlmn:158 Km #BMKG Disclaimer:Informasi ini mengutamakan kecepatan sehingga hasil pengolahan data belum stabil dan bisa berubah seiring kelengkapan data https://t.co/HL1cNcfoQp","1749004445093138590","https://pbs.twimg.com/tweet_video_thumb/GEW2Rjta0AAK-oi.jpg","","in","Indonesia","0","0","5","https://x.com/infoBMKG/status/1749004445093138590","108543358","infoBMKG"
"1748996899175367035","Sun Jan 21 09:12:10 +0000 2024","7","#Gempa Mag:3.3 21-Jan-2024 16:08:40WIB Lok:10.40LS 120.23BT (9 km Tenggara KARERA-SUMBATIMUR-NTT) Kedlmn:16 Km #BMKG Disclaimer:Informasi ini mengutamakan kecepatan sehingga hasil pengolahan data belum stabil dan bisa berubah seiring kelengkapan data https://t.co/QZssM3iyYQ","1748996899175367035","https://pbs.twimg.com/tweet_video_thumb/GEWvaSoaMAAgutg.jpg","","in","Indonesia","0","1","4","https://x.com/infoBMKG/status/1748996899175367035","108543358","infoBMKG"
"1748877358625698067","Sun Jan 21 01:17:09 +0000 2024","6","#Gempa Mag:2.7 21-Jan-2024 08:10:56WIB Lok:8.73LS 119.00BT (40 km Tenggara KOTA-BIMA-NTB) Kedlmn:95 Km #BMKG Disclaimer:Informasi ini mengutamakan kecepatan sehingga hasil pengolahan data belum stabil dan bisa berubah seiring kelengkapan data https://t.co/nVWzHGvfqX","1748877358625698067","https://pbs.twimg.com/tweet_video_thumb/GEVCsIjaUAAavBn.jpg","","in","Indonesia","0","0","5","https://x.com/infoBMKG/status/1748877358625698067","108543358","infoBMKG"
"1748866788866277728","Sun Jan 21 00:35:09 +0000 2024","25","#Gempa Mag:3.6 21-Jan-2024 07:31:39WIB Lok:8.92LS 123.81BT (61 km Tenggara LEMBATA-NTT) Kedlmn:89 Km #BMKG Disclaimer:Informasi ini mengutamakan kecepatan sehingga hasil pengolahan data belum stabil dan bisa berubah seiring kelengkapan data https://t.co/VgLG1SDvag","1748866788866277728","https://pbs.twimg.com/tweet_video_thumb/GEU5E6uboAAmd7E.jpg","","in","Indonesia","0","0","6","https://x.com/infoBMKG/status/1748866788866277728","108543358","infoBMKG"
"1748833074086109617","Sat Jan 20 22:21:11 +0000 2024","19","#Gempa Mag:4.0 21-Jan-2024 05:18:02WIB Lok:7.24LS 123.42BT (129 km TimurLaut LARANTUKA-NTT) Kedlmn:557 Km #BMKG Disclaimer:Informasi ini mengutamakan kecepatan sehingga hasil pengolahan data belum stabil dan bisa berubah seiring kelengkapan data https://t.co/NVI8m7E8zC","1748833074086109617","https://pbs.twimg.com/tweet_video_thumb/GEUaadYbIAIdkcB.jpg","","in","Indonesia","0","0","4","https://x.com/infoBMKG/status/1748833074086109617","108543358","infoBMKG"
"1748790540500676848","Sat Jan 20 19:32:10 +0000 2024","10","#Gempa Mag:3.6 21-Jan-2024 02:29:43WIB Lok:1.09LS 121.51BT (3 km BaratLaut TOJOUNA-UNA-SULTENG) Kedlmn:10 Km #BMKG Disclaimer:Informasi ini mengutamakan kecepatan sehingga hasil pengolahan data belum stabil dan bisa berubah seiring kelengkapan data https://t.co/n40HR2c3PZ","1748790540500676848","https://pbs.twimg.com/tweet_video_thumb/GETzuryaUAACuHK.jpg","","in","Indonesia","0","0","4","https://x.com/infoBMKG/status/1748790540500676848","108543358","infoBMKG"
"1748790286913093686","Sat Jan 20 19:31:10 +0000 2024","12","#Gempa Mag:3.1 21-Jan-2024 02:26:12WIB Lok:0.98LU 99.56BT (12 km BaratLaut MANDAILINGNATAL-SUMUT) Kedlmn:130 Km #BMKG Disclaimer:Informasi ini mengutamakan kecepatan sehingga hasil pengolahan data belum stabil dan bisa berubah seiring kelengkapan data https://t.co/yMIQCINkMR","1748790286913093686","https://pbs.twimg.com/tweet_video_thumb/GETzf45boAAmBYk.jpg","","in","Indonesia","0","0","2","https://x.com/infoBMKG/status/1748790286913093686","108543358","infoBMKG"
"1748747001477616085","Sat Jan 20 16:39:09 +0000 2024","36","#Gempa Mag:3.3 20-Jan-2024 23:35:38WIB Lok:0.03LU 100.84BT (28 km TimurLaut LIMAPULUHKOTA-SUMBAR) Kedlmn:194 Km #BMKG Disclaimer:Informasi ini mengutamakan kecepatan sehingga hasil pengolahan data belum stabil dan bisa berubah seiring kelengkapan data https://t.co/mBGbXEdj24","1748747001477616085","https://pbs.twimg.com/tweet_video_thumb/GETMIWpbYAA0AUZ.jpg","","in","Indonesia","0","3","8","https://x.com/infoBMKG/status/1748747001477616085","108543358","infoBMKG"
"1748724350789026216","Sat Jan 20 15:09:09 +0000 2024","8","#Gempa Mag:3.1 20-Jan-2024 22:06:16WIB Lok:10.15LS 118.81BT (64 km BaratDaya KODI-SUMBABARATDAYA-NTT) Kedlmn:11 Km #BMKG Disclaimer:Informasi ini mengutamakan kecepatan sehingga hasil pengolahan data belum stabil dan bisa berubah seiring kelengkapan data https://t.co/mjgkBkVxe2","1748724350789026216","https://pbs.twimg.com/tweet_video_thumb/GES3h6zbcAAulZy.jpg","","in","Indonesia","0","0","2","https://x.com/infoBMKG/status/1748724350789026216","108543358","infoBMKG"
"1748703716952424541","Sat Jan 20 13:47:10 +0000 2024","24","#Gempa Mag:3.1 20-Jan-2024 20:43:28WIB Lok:0.28LS 99.58BT (50 km BaratLaut AGAM-SUMBAR) Kedlmn:10 Km #BMKG Disclaimer:Informasi ini mengutamakan kecepatan sehingga hasil pengolahan data belum stabil dan bisa berubah seiring kelengkapan data https://t.co/XlpbAxdkT3","1748703716952424541","https://pbs.twimg.com/tweet_video_thumb/GESkw1GaoAATDkG.jpg","","in","Indonesia","0","0","5","https://x.com/infoBMKG/status/1748703716952424541","108543358","infoBMKG"
"1748697928074715392","Sat Jan 20 13:24:09 +0000 2024","16","#Gempa Mag:2.8 20-Jan-2024 20:22:01WIB Lok:1.36LS 100.83BT (28 km Tenggara PESISIRSELATAN-SUMBAR) Kedlmn:77 Km #BMKG Disclaimer:Informasi ini mengutamakan kecepatan sehingga hasil pengolahan data belum stabil dan bisa berubah seiring kelengkapan data https://t.co/9GT3hzTqWB","1748697928074715392","https://pbs.twimg.com/tweet_video_thumb/GESff5CagAAZS_X.jpg","","in","Indonesia","0","0","5","https://x.com/infoBMKG/status/1748697928074715392","108543358","infoBMKG"
"1748665461410349270","Sat Jan 20 11:15:09 +0000 2024","13","#Gempa Mag:3.8 20-Jan-2024 18:09:52WIB Lok:2.30LU 128.22BT (29 km BaratLaut DARUBA-MALUT) Kedlmn:146 Km #BMKG Disclaimer:Informasi ini mengutamakan kecepatan sehingga hasil pengolahan data belum stabil dan bisa berubah seiring kelengkapan data https://t.co/pxkIGG0WUj","1748665461410349270","https://pbs.twimg.com/tweet_video_thumb/GESB-ErakAAipvZ.jpg","","in","Indonesia","0","1","2","https://x.com/infoBMKG/status/1748665461410349270","108543358","infoBMKG"
"1748619413149176087","Sat Jan 20 08:12:10 +0000 2024","8","#Gempa Mag:4.7 20-Jan-2024 15:05:03WIB Lok:14.32LU 121.19BT (1280 km TimurLaut TANATIDUNG-KALTARA) Kedlmn:57 Km #BMKG Disclaimer:Informasi ini mengutamakan kecepatan sehingga hasil pengolahan data belum stabil dan bisa berubah seiring kelengkapan data https://t.co/sMD9xljpHO","1748619413149176087","https://pbs.twimg.com/tweet_video_thumb/GERYFwdbsAAWya-.jpg","","in","Indonesia","1","0","3","https://x.com/infoBMKG/status/1748619413149176087","108543358","infoBMKG"
"1748588454429221196","Sat Jan 20 06:09:09 +0000 2024","12","#Gempa Mag:3.5 20-Jan-2024 13:07:16WIB Lok:8.44LS 116.97BT (5 km BaratDaya PULAUSARINGI-NTB) Kedlmn:10 Km #BMKG Disclaimer:Informasi ini mengutamakan kecepatan sehingga hasil pengolahan data belum stabil dan bisa berubah seiring kelengkapan data https://t.co/qDU1RlyHJI","1748588454429221196","https://pbs.twimg.com/tweet_video_thumb/GEQ77s9bUAALnBs.jpg","","in","Indonesia","0","0","1","https://x.com/infoBMKG/status/1748588454429221196","108543358","infoBMKG"
"1748588209372827801","Sat Jan 20 06:08:10 +0000 2024","6","#Gempa Mag:4.0 20-Jan-2024 13:04:26WIB Lok:4.57LS 133.97BT (135 km BaratLaut KEP.ARU-MALUKU) Kedlmn:10 Km #BMKG Disclaimer:Informasi ini mengutamakan kecepatan sehingga hasil pengolahan data belum stabil dan bisa berubah seiring kelengkapan data https://t.co/MoqauN5a5a","1748588209372827801","https://pbs.twimg.com/tweet_video_thumb/GEQ7tb7a0AA-MCF.jpg","","in","Indonesia","0","0","1","https://x.com/infoBMKG/status/1748588209372827801","108543358","infoBMKG"
"1748070036915499059","Thu Jan 18 19:49:09 +0000 2024","6","#Gempa Mag:3.6 19-Jan-2024 02:45:17WIB Lok:3.82LU 126.86BT (28 km Tenggara MELONGUANE-SULUT) Kedlmn:27 Km #BMKG Disclaimer:Informasi ini mengutamakan kecepatan sehingga hasil pengolahan data belum stabil dan bisa berubah seiring kelengkapan data https://t.co/rgdrhzsiEW","1748070036915499059","https://pbs.twimg.com/tweet_video_thumb/GEJkb25bYAAOGxU.jpg","","in","Indonesia","0","0","3","https://x.com/infoBMKG/status/1748070036915499059","108543358","infoBMKG"
"1748068787138781634","Thu Jan 18 19:44:11 +0000 2024","5","#Gempa Mag:2.3 19-Jan-2024 02:39:45WIB Lok:1.09LS 121.49BT (5 km BaratLaut TOJOUNA-UNA-SULTENG) Kedlmn:10 Km #BMKG Disclaimer:Informasi ini mengutamakan kecepatan sehingga hasil pengolahan data belum stabil dan bisa berubah seiring kelengkapan data https://t.co/fHYsK6rwDI","1748068787138781634","https://pbs.twimg.com/tweet_video_thumb/GEJjTF1aUAAjmeD.jpg","","in","Indonesia","0","0","3","https://x.com/infoBMKG/status/1748068787138781634","108543358","infoBMKG"
"1748067017754816940","Thu Jan 18 19:37:09 +0000 2024","8","#Gempa Mag:1.7 19-Jan-2024 02:33:48WIB Lok:9.66LS 124.71BT (26 km BaratDaya MALAKA-NTT) Kedlmn:10 Km #BMKG Disclaimer:Informasi ini mengutamakan kecepatan sehingga hasil pengolahan data belum stabil dan bisa berubah seiring kelengkapan data https://t.co/9PQDI1odVz","1748067017754816940","https://pbs.twimg.com/tweet_video_thumb/GEJhsF0bsAAzRR1.jpg","","in","Indonesia","0","3","3","https://x.com/infoBMKG/status/1748067017754816940","108543358","infoBMKG"
"1748066018105426039","Thu Jan 18 19:33:10 +0000 2024","6","#Gempa Mag:2.4 19-Jan-2024 02:27:14WIB Lok:1.10LS 121.51BT (3 km BaratDaya TOJOUNA-UNA-SULTENG) Kedlmn:10 Km #BMKG Disclaimer:Informasi ini mengutamakan kecepatan sehingga hasil pengolahan data belum stabil dan bisa berubah seiring kelengkapan data https://t.co/pegCbXQk14","1748066018105426039","https://pbs.twimg.com/tweet_video_thumb/GEJgx7JbAAIhouz.jpg","","in","Indonesia","0","0","3","https://x.com/infoBMKG/status/1748066018105426039","108543358","infoBMKG"
"1748062492058911065","Thu Jan 18 19:19:10 +0000 2024","6","#Gempa Mag:3.7 19-Jan-2024 02:13:33WIB Lok:1.06LS 121.55BT (4 km TimurLaut TOJOUNA-UNA-SULTENG) Kedlmn:12 Km #BMKG Disclaimer:Informasi ini mengutamakan kecepatan sehingga hasil pengolahan data belum stabil dan bisa berubah seiring kelengkapan data https://t.co/judrc435sV","1748062492058911065","https://pbs.twimg.com/tweet_video_thumb/GEJdkr4bAAIMJu1.jpg","","in","Indonesia","0","0","2","https://x.com/infoBMKG/status/1748062492058911065","108543358","infoBMKG"
"1748062241185005691","Thu Jan 18 19:18:10 +0000 2024","2","#Gempa Mag:3.7 19-Jan-2024 02:13:33WIB Lok:1.06LS 121.55BT (4 km TimurLaut TOJOUNA-UNA-SULTENG) Kedlmn:12 Km #BMKG Disclaimer:Informasi ini mengutamakan kecepatan sehingga hasil pengolahan data belum stabil dan bisa berubah seiring kelengkapan data https://t.co/foLLGPoO6x","1748062241185005691","https://pbs.twimg.com/tweet_video_thumb/GEJdWD5bAAA0qll.jpg","","in","Indonesia","0","0","3","https://x.com/infoBMKG/status/1748062241185005691","108543358","infoBMKG"
"1748061731522543960","Thu Jan 18 19:16:08 +0000 2024","4","#Gempa Mag:3.5 19-Jan-2024 02:13:01WIB Lok:1.45LS 99.28BT (70 km BaratLaut KEP-MENTAWAI-SUMBAR) Kedlmn:11 Km #BMKG Disclaimer:Informasi ini mengutamakan kecepatan sehingga hasil pengolahan data belum stabil dan bisa berubah seiring kelengkapan data https://t.co/EbpQ51KbLv","1748061731522543960","https://pbs.twimg.com/tweet_video_thumb/GEJc4a0bAAEFkrC.jpg","","in","Indonesia","0","0","2","https://x.com/infoBMKG/status/1748061731522543960","108543358","infoBMKG"
"1748061486143177124","Thu Jan 18 19:15:10 +0000 2024","4","#Gempa Mag:3.0 19-Jan-2024 02:10:18WIB Lok:1.06LS 121.50BT (5 km BaratLaut TOJOUNA-UNA-SULTENG) Kedlmn:10 Km #BMKG Disclaimer:Informasi ini mengutamakan kecepatan sehingga hasil pengolahan data belum stabil dan bisa berubah seiring kelengkapan data https://t.co/rvq54qwhpI","1748061486143177124","https://pbs.twimg.com/tweet_video_thumb/GEJcqICbAAIAC0F.jpg","","in","Indonesia","0","0","2","https://x.com/infoBMKG/status/1748061486143177124","108543358","infoBMKG"
"1748047399388614826","Thu Jan 18 18:19:11 +0000 2024","2","#Gempa Mag:3.8 19-Jan-2024 01:16:12WIB Lok:1.09LS 121.47BT (7 km BaratLaut TOJOUNA-UNA-SULTENG) Kedlmn:10 Km #BMKG Disclaimer:Informasi ini mengutamakan kecepatan sehingga hasil pengolahan data belum stabil dan bisa berubah seiring kelengkapan data https://t.co/IdWSC9t1hr","1748047399388614826","https://pbs.twimg.com/tweet_video_thumb/GEJP2LSbAAE1Lf3.jpg","","in","Indonesia","0","3","2","https://x.com/infoBMKG/status/1748047399388614826","108543358","infoBMKG"
"1748044123494584774","Thu Jan 18 18:06:10 +0000 2024","23","#Gempa Mag:4.7 19-Jan-2024 01:03:01WIB Lok:1.11LS 121.47BT (7 km BaratDaya TOJOUNA-UNA-SULTENG) Kedlmn:10 Km #BMKG Disclaimer:Informasi ini mengutamakan kecepatan sehingga hasil pengolahan data belum stabil dan bisa berubah seiring kelengkapan data https://t.co/LQmX7BFaeR","1748044123494584774","https://pbs.twimg.com/tweet_video_thumb/GEJM3fjbkAA5pYh.jpg","","in","Indonesia","1","1","4","https://x.com/infoBMKG/status/1748044123494584774","108543358","infoBMKG"
"1748043116521885748","Thu Jan 18 18:02:10 +0000 2024","9","#Gempa Mag:2.6 19-Jan-2024 00:56:15WIB Lok:1.07LS 121.46BT (9 km BaratLaut TOJOUNA-UNA-SULTENG) Kedlmn:11 Km #BMKG Disclaimer:Informasi ini mengutamakan kecepatan sehingga hasil pengolahan data belum stabil dan bisa berubah seiring kelengkapan data https://t.co/qECRSfmzbh","1748043116521885748","https://pbs.twimg.com/tweet_video_thumb/GEJL839bUAAaNfa.jpg","","in","Indonesia","1","5","4","https://x.com/infoBMKG/status/1748043116521885748","108543358","infoBMKG"
"1748040344707727825","Thu Jan 18 17:51:09 +0000 2024","19","#Gempa Mag:3.3 19-Jan-2024 00:48:25WIB Lok:1.08LS 121.50BT (4 km BaratLaut TOJOUNA-UNA-SULTENG) Kedlmn:10 Km #BMKG Disclaimer:Informasi ini mengutamakan kecepatan sehingga hasil pengolahan data belum stabil dan bisa berubah seiring kelengkapan data https://t.co/AaJp0XVBqh","1748040344707727825","https://pbs.twimg.com/tweet_video_thumb/GEJJbi2bAAAtLnd.jpg","","in","Indonesia","1","2","5","https://x.com/infoBMKG/status/1748040344707727825","108543358","infoBMKG"
"1748037377615134952","Thu Jan 18 17:39:22 +0000 2024","103","#Gempa Mag:5.4 19-Jan-24 00:36:18 WIB Lok:1.10 LS 121.45 BT (9 km BaratDaya TOJOUNA-UNA-SULTENG) Kedlmn:10 Km tdk berpotensi tsunami #BMKG https://t.co/1oKXWX4EhT","1748037377615134952","https://pbs.twimg.com/tweet_video_thumb/GEJGu1QbAAE5ER0.jpg","","in","Indonesia","17","27","24","https://x.com/infoBMKG/status/1748037377615134952","108543358","infoBMKG"
"1748037330169168202","Thu Jan 18 17:39:11 +0000 2024","85","#Gempa Mag:5.4 19-Jan-2024 00:36:17WIB Lok:1.11LS 121.49BT (5 km BaratDaya TOJOUNA-UNA-SULTENG) Kedlmn:10 Km #BMKG Disclaimer:Informasi ini mengutamakan kecepatan sehingga hasil pengolahan data belum stabil dan bisa berubah seiring kelengkapan data https://t.co/S4ZXVphdg8","1748037330169168202","https://pbs.twimg.com/tweet_video_thumb/GEJGsBkakAE5wgz.jpg","","in","Indonesia","8","5","15","https://x.com/infoBMKG/status/1748037330169168202","108543358","infoBMKG"
"1748015938790941054","Thu Jan 18 16:14:11 +0000 2024","25","#Gempa Mag:3.7 18-Jan-2024 23:11:21WIB Lok:1.08LS 121.49BT (5 km BaratLaut TOJOUNA-UNA-SULTENG) Kedlmn:10 Km #BMKG Disclaimer:Informasi ini mengutamakan kecepatan sehingga hasil pengolahan data belum stabil dan bisa berubah seiring kelengkapan data https://t.co/ywdkCsUfeJ","1748015938790941054","https://pbs.twimg.com/tweet_video_thumb/GEIzO7SbgAAwd19.jpg","","in","Indonesia","1","0","7","https://x.com/infoBMKG/status/1748015938790941054","108543358","infoBMKG"
"1748014678670987303","Thu Jan 18 16:09:10 +0000 2024","42","#Gempa Mag:4.6 18-Jan-2024 23:06:40WIB Lok:1.08LS 121.50BT (4 km BaratLaut TOJOUNA-UNA-SULTENG) Kedlmn:10 Km #BMKG Disclaimer:Informasi ini mengutamakan kecepatan sehingga hasil pengolahan data belum stabil dan bisa berubah seiring kelengkapan data https://t.co/FrOhJeZGEZ","1748014678670987303","https://pbs.twimg.com/tweet_video_thumb/GEIyFlVbsAAAWgn.jpg","","in","Indonesia","4","0","10","https://x.com/infoBMKG/status/1748014678670987303","108543358","infoBMKG"
"1748014432360488981","Thu Jan 18 16:08:11 +0000 2024","8","#Gempa Mag:2.8 18-Jan-2024 23:04:19WIB Lok:1.10LS 119.79BT (33 km BaratLaut SIGI-SULTENG) Kedlmn:34 Km #BMKG Disclaimer:Informasi ini mengutamakan kecepatan sehingga hasil pengolahan data belum stabil dan bisa berubah seiring kelengkapan data https://t.co/EyqZImNuTk","1748014432360488981","https://pbs.twimg.com/tweet_video_thumb/GEIx3PaakAAgUOh.jpg","","in","Indonesia","0","0","4","https://x.com/infoBMKG/status/1748014432360488981","108543358","infoBMKG"
"1748010398769700873","Thu Jan 18 15:52:10 +0000 2024","12","#Gempa Mag:3.0 18-Jan-2024 22:49:12WIB Lok:1.35LU 121.33BT (42 km BaratLaut BUOL-SULTENG) Kedlmn:10 Km #BMKG Disclaimer:Informasi ini mengutamakan kecepatan sehingga hasil pengolahan data belum stabil dan bisa berubah seiring kelengkapan data https://t.co/H0N586pcKF","1748010398769700873","https://pbs.twimg.com/tweet_video_thumb/GEIuMabaoAAsSEX.jpg","","in","Indonesia","0","0","3","https://x.com/infoBMKG/status/1748010398769700873","108543358","infoBMKG"
"1747968874958766384","Thu Jan 18 13:07:10 +0000 2024","21","#Gempa Mag:4.3 18-Jan-2024 20:02:40WIB Lok:3.78LU 123.05BT (271 km BaratLaut TAHUNA-KEP.SANGIHE-SULUT) Kedlmn:483 Km #BMKG Disclaimer:Informasi ini mengutamakan kecepatan sehingga hasil pengolahan data belum stabil dan bisa berubah seiring kelengkapan data https://t.co/rsKpMSwZJw","1747968874958766384","https://pbs.twimg.com/tweet_video_thumb/GEIIbcRaQAA15n1.jpg","","in","Indonesia","0","0","5","https://x.com/infoBMKG/status/1747968874958766384","108543358","infoBMKG"
"1747965098868822096","Thu Jan 18 12:52:09 +0000 2024","18","#Gempa Mag:4.7 18-Jan-2024 19:47:36WIB Lok:6.03LU 125.89BT (242 km BaratLaut MELONGUANE-SULUT) Kedlmn:10 Km #BMKG Disclaimer:Informasi ini mengutamakan kecepatan sehingga hasil pengolahan data belum stabil dan bisa berubah seiring kelengkapan data https://t.co/tS8MRut2Gw","1747965098868822096","https://pbs.twimg.com/tweet_video_thumb/GEIE_pKaAAARtW0.jpg","","in","Indonesia","1","0","5","https://x.com/infoBMKG/status/1747965098868822096","108543358","infoBMKG"
"1747558163635941716","Wed Jan 17 09:55:08 +0000 2024","5","#Gempa Mag:2.3 17-Jan-2024 16:52:37WIB Lok:7.80LS 118.53BT (75 km BaratLaut BIMA-NTB) Kedlmn:15 Km #BMKG Disclaimer:Informasi ini mengutamakan kecepatan sehingga hasil pengolahan data belum stabil dan bisa berubah seiring kelengkapan data https://t.co/rP8DbE3YmZ","1747558163635941716","https://pbs.twimg.com/tweet_video_thumb/GECS44nboAAGarg.jpg","","in","Indonesia","1","0","0","https://x.com/infoBMKG/status/1747558163635941716","108543358","infoBMKG"
"1747556653346762894","Wed Jan 17 09:49:08 +0000 2024","8","#Gempa Mag:2.3 17-Jan-2024 16:45:41WIB Lok:4.49LS 103.09BT (19 km Tenggara BENGKULUSELATAN) Kedlmn:63 Km #BMKG Disclaimer:Informasi ini mengutamakan kecepatan sehingga hasil pengolahan data belum stabil dan bisa berubah seiring kelengkapan data https://t.co/YQW23xHSN5","1747556653346762894","https://pbs.twimg.com/tweet_video_thumb/GECRg-haoAACj5p.jpg","","in","Indonesia","0","0","1","https://x.com/infoBMKG/status/1747556653346762894","108543358","infoBMKG"
"1747556403252953372","Wed Jan 17 09:48:09 +0000 2024","5","#Gempa Mag:2.7 17-Jan-2024 16:41:42WIB Lok:8.28LS 119.90BT (23 km TimurLaut LABUANBAJO-NTT) Kedlmn:172 Km #BMKG Disclaimer:Informasi ini mengutamakan kecepatan sehingga hasil pengolahan data belum stabil dan bisa berubah seiring kelengkapan data https://t.co/kledLwkWRM","1747556403252953372","https://pbs.twimg.com/tweet_video_thumb/GECRSbxagAAVWGO.jpg","","in","Indonesia","0","0","2","https://x.com/infoBMKG/status/1747556403252953372","108543358","infoBMKG"
"1747545836341571930","Wed Jan 17 09:06:09 +0000 2024","30","#Gempa Mag:3.8 17-Jan-2024 16:03:13WIB Lok:0.89LS 98.80BT (150 km BaratLaut KEP-MENTAWAI-SUMBAR) Kedlmn:13 Km #BMKG Disclaimer:Informasi ini mengutamakan kecepatan sehingga hasil pengolahan data belum stabil dan bisa berubah seiring kelengkapan data https://t.co/DArBSfZKPv","1747545836341571930","https://pbs.twimg.com/tweet_video_thumb/GECHrUvbUAAnVH9.jpg","","in","Indonesia","0","0","8","https://x.com/infoBMKG/status/1747545836341571930","108543358","infoBMKG"
"1747535269900042624","Wed Jan 17 08:24:10 +0000 2024","3","#Gempa Mag:2.7 17-Jan-2024 15:22:01WIB Lok:1.08LU 121.27BT (15 km BaratLaut BUOL-SULTENG) Kedlmn:10 Km #BMKG Disclaimer:Informasi ini mengutamakan kecepatan sehingga hasil pengolahan data belum stabil dan bisa berubah seiring kelengkapan data https://t.co/39fsPqGsri","1747535269900042624","https://pbs.twimg.com/tweet_video_thumb/GEB-EUEbIAAZcIu.jpg","","in","Indonesia","0","0","0","https://x.com/infoBMKG/status/1747535269900042624","108543358","infoBMKG"
"1747535015423152317","Wed Jan 17 08:23:09 +0000 2024","5","#Gempa Mag:3.8 17-Jan-2024 15:19:30WIB Lok:3.74LU 127.00BT (46 km Tenggara MELONGUANE-SULUT) Kedlmn:18 Km #BMKG Disclaimer:Informasi ini mengutamakan kecepatan sehingga hasil pengolahan data belum stabil dan bisa berubah seiring kelengkapan data https://t.co/aNhmDdY930","1747535015423152317","https://pbs.twimg.com/tweet_video_thumb/GEB91gVaYAADULw.jpg","","in","Indonesia","0","0","0","https://x.com/infoBMKG/status/1747535015423152317","108543358","infoBMKG"
"1747519915664523584","Wed Jan 17 07:23:09 +0000 2024","9","#Gempa Mag:4.2 17-Jan-2024 14:20:19WIB Lok:8.22LS 121.18BT (52 km BaratLaut MBAY-NAGEKEO-NTT) Kedlmn:10 Km #BMKG Disclaimer:Informasi ini mengutamakan kecepatan sehingga hasil pengolahan data belum stabil dan bisa berubah seiring kelengkapan data https://t.co/pWG8VyeMbW","1747519915664523584","https://pbs.twimg.com/tweet_video_thumb/GEBwGkkbsAAus7V.jpg","","in","Indonesia","0","0","3","https://x.com/infoBMKG/status/1747519915664523584","108543358","infoBMKG"
"1747499530302710181","Wed Jan 17 06:02:09 +0000 2024","10","#Gempa Mag:3.0 17-Jan-2024 12:57:09WIB Lok:1.44LU 126.89BT (76 km BaratLaut JAILOLO-MALUT) Kedlmn:46 Km #BMKG Disclaimer:Informasi ini mengutamakan kecepatan sehingga hasil pengolahan data belum stabil dan bisa berubah seiring kelengkapan data https://t.co/xaU1Ds1zkG","1747499530302710181","https://pbs.twimg.com/tweet_video_thumb/GEBdj9gagAArL5D.jpg","","in","Indonesia","1","0","1","https://x.com/infoBMKG/status/1747499530302710181","108543358","infoBMKG"
"1747486437153591353","Wed Jan 17 05:10:08 +0000 2024","5","#Gempa Mag:2.8 17-Jan-2024 12:06:40WIB Lok:2.38LS 140.58BT (105 km TimurLaut KAB-JAYAPURA-PAPUA) Kedlmn:11 Km #BMKG Disclaimer:Informasi ini mengutamakan kecepatan sehingga hasil pengolahan data belum stabil dan bisa berubah seiring kelengkapan data https://t.co/aS4OXHoUTl","1747486437153591353","https://pbs.twimg.com/tweet_video_thumb/GEBRp3saQAApGRw.jpg","","in","Indonesia","0","0","0","https://x.com/infoBMKG/status/1747486437153591353","108543358","infoBMKG"
"1747467569894945090","Wed Jan 17 03:55:09 +0000 2024","7","#Gempa Mag:3.2 17-Jan-2024 10:52:22WIB Lok:8.56LS 118.39BT (8 km BaratDaya DOMPU-NTB) Kedlmn:110 Km #BMKG Disclaimer:Informasi ini mengutamakan kecepatan sehingga hasil pengolahan data belum stabil dan bisa berubah seiring kelengkapan data https://t.co/02OAnIh6XH","1747467569894945090","https://pbs.twimg.com/tweet_video_thumb/GEBAfqVasAAU4vh.jpg","","in","Indonesia","0","1","0","https://x.com/infoBMKG/status/1747467569894945090","108543358","infoBMKG"
"1747464802891673621","Wed Jan 17 03:44:09 +0000 2024","3","#Gempa Mag:2.9 17-Jan-2024 10:39:47WIB Lok:8.89LS 124.26BT (72 km BaratLaut TIMORTENGAHUT-NTT) Kedlmn:80 Km #BMKG Disclaimer:Informasi ini mengutamakan kecepatan sehingga hasil pengolahan data belum stabil dan bisa berubah seiring kelengkapan data https://t.co/3swtWl2PU0","1747464802891673621","https://pbs.twimg.com/tweet_video_thumb/GEA9-gTbQAAHMu8.jpg","","in","Indonesia","0","0","0","https://x.com/infoBMKG/status/1747464802891673621","108543358","infoBMKG"
"1747459514042138629","Wed Jan 17 03:23:09 +0000 2024","36","#Gempa Mag:3.5 17-Jan-2024 10:18:50WIB Lok:6.89LS 104.97BT (72 km BaratDaya SUMUR-BANTEN) Kedlmn:30 Km #BMKG Disclaimer:Informasi ini mengutamakan kecepatan sehingga hasil pengolahan data belum stabil dan bisa berubah seiring kelengkapan data https://t.co/iJrV0wQd6a","1747459514042138629","https://pbs.twimg.com/tweet_video_thumb/GEA5Ku5aQAAzjQK.jpg","","in","Indonesia","1","0","6","https://x.com/infoBMKG/status/1747459514042138629","108543358","infoBMKG"
"1747430578063036812","Wed Jan 17 01:28:10 +0000 2024","12","#Gempa Mag:3.4 17-Jan-2024 08:23:53WIB Lok:2.86LS 129.98BT (62 km BaratLaut SERAMBAGIANTIMUR-MALUKU) Kedlmn:10 Km #BMKG Disclaimer:Informasi ini mengutamakan kecepatan sehingga hasil pengolahan data belum stabil dan bisa berubah seiring kelengkapan data https://t.co/Kfr2lGx2X6","1747430578063036812","https://pbs.twimg.com/tweet_video_thumb/GEAe2cybgAAObe6.jpg","","in","Indonesia","1","0","1","https://x.com/infoBMKG/status/1747430578063036812","108543358","infoBMKG"
"1747390306767794495","Tue Jan 16 22:48:08 +0000 2024","8","#Gempa Mag:3.9 17-Jan-2024 05:44:04WIB Lok:2.75LS 141.21BT (82 km TimurLaut KEEROM-PAPUA) Kedlmn:10 Km #BMKG Disclaimer:Informasi ini mengutamakan kecepatan sehingga hasil pengolahan data belum stabil dan bisa berubah seiring kelengkapan data https://t.co/oZH3ZFx6vL","1747390306767794495","https://pbs.twimg.com/tweet_video_thumb/GD_6OVzbIAAkXWa.jpg","","in","Indonesia","0","0","7","https://x.com/infoBMKG/status/1747390306767794495","108543358","infoBMKG"
"1747387289091915853","Tue Jan 16 22:36:09 +0000 2024","48","#Gempa Mag:3.6 17-Jan-2024 05:30:31WIB Lok:8.27LS 115.53BT (8 km TimurLaut KARANGASEM-BALI) Kedlmn:12 Km #BMKG Disclaimer:Informasi ini mengutamakan kecepatan sehingga hasil pengolahan data belum stabil dan bisa berubah seiring kelengkapan data https://t.co/lyetBdJcCP","1747387289091915853","https://pbs.twimg.com/tweet_video_thumb/GD_3epnaQAA4cYc.jpg","","in","Indonesia","3","1","8","https://x.com/infoBMKG/status/1747387289091915853","108543358","infoBMKG"
"1747386283570131141","Tue Jan 16 22:32:09 +0000 2024","9","#Gempa Mag:4.3 17-Jan-2024 05:28:18WIB Lok:8.62LS 118.38BT (13 km BaratDaya DOMPU-NTB) Kedlmn:108 Km #BMKG Disclaimer:Informasi ini mengutamakan kecepatan sehingga hasil pengolahan data belum stabil dan bisa berubah seiring kelengkapan data https://t.co/IqfD5WCIsS","1747386283570131141","https://pbs.twimg.com/tweet_video_thumb/GD_2kGHbIAAwSFy.jpg","","in","Indonesia","2","7","2","https://x.com/infoBMKG/status/1747386283570131141","108543358","infoBMKG"
"1747374459055636803","Tue Jan 16 21:45:10 +0000 2024","14","#Gempa Mag:3.0 17-Jan-2024 04:40:14WIB Lok:0.11LS 123.30BT (74 km Tenggara BONEBOLANGO-GORONTALO) Kedlmn:131 Km #BMKG Disclaimer:Informasi ini mengutamakan kecepatan sehingga hasil pengolahan data belum stabil dan bisa berubah seiring kelengkapan data https://t.co/rMIRy8G0VP","1747374459055636803","https://pbs.twimg.com/tweet_video_thumb/GD_rz5ZbMAACzcW.jpg","","in","Indonesia","0","0","1","https://x.com/infoBMKG/status/1747374459055636803","108543358","infoBMKG"
"1747359107794010308","Tue Jan 16 20:44:10 +0000 2024","6","#Gempa Mag:3.2 17-Jan-2024 03:40:54WIB Lok:0.08LS 123.13BT (68 km BaratDaya BONEBOLANGO-GORONTALO) Kedlmn:136 Km #BMKG Disclaimer:Informasi ini mengutamakan kecepatan sehingga hasil pengolahan data belum stabil dan bisa berubah seiring kelengkapan data https://t.co/TYjXGTPT09","1747359107794010308","https://pbs.twimg.com/tweet_video_thumb/GD_d2VObIAAITL5.jpg","","in","Indonesia","0","0","0","https://x.com/infoBMKG/status/1747359107794010308","108543358","infoBMKG"
"1747355080662376680","Tue Jan 16 20:28:10 +0000 2024","8","#Gempa Mag:4.4 17-Jan-2024 03:24:13WIB Lok:1.66LU 125.75BT (73 km TimurLaut BITUNG-SULUT) Kedlmn:74 Km #BMKG Disclaimer:Informasi ini mengutamakan kecepatan sehingga hasil pengolahan data belum stabil dan bisa berubah seiring kelengkapan data https://t.co/NDU8sB1e5H","1747355080662376680","https://pbs.twimg.com/tweet_video_thumb/GD_aL5-bUAAm4MZ.jpg","","in","Indonesia","0","0","2","https://x.com/infoBMKG/status/1747355080662376680","108543358","infoBMKG"
"1747343247280861268","Tue Jan 16 19:41:08 +0000 2024","6","#Gempa Mag:2.8 17-Jan-2024 02:36:46WIB Lok:8.54LS 118.38BT (9 km BaratDaya DOMPU-NTB) Kedlmn:108 Km #BMKG Disclaimer:Informasi ini mengutamakan kecepatan sehingga hasil pengolahan data belum stabil dan bisa berubah seiring kelengkapan data https://t.co/oYVbUrvpcV","1747343247280861268","https://pbs.twimg.com/tweet_video_thumb/GD_PbIdaoAAviCe.jpg","","in","Indonesia","0","1","1","https://x.com/infoBMKG/status/1747343247280861268","108543358","infoBMKG"
"1746984138324967733","Mon Jan 15 19:54:10 +0000 2024","12","#Gempa Mag:3.3 16-Jan-2024 02:47:16WIB Lok:3.35LS 128.75BT (23 km BaratDaya MALUKUTENGAH) Kedlmn:10 Km #BMKG Disclaimer:Informasi ini mengutamakan kecepatan sehingga hasil pengolahan data belum stabil dan bisa berubah seiring kelengkapan data https://t.co/dX8MR1CFP0","1746984138324967733","https://pbs.twimg.com/tweet_video_thumb/GD6I0O_aQAAfBMk.jpg","","in","Indonesia","0","3","6","https://x.com/infoBMKG/status/1746984138324967733","108543358","infoBMKG"
"1746963494908641453","Mon Jan 15 18:32:08 +0000 2024","301","#Gempa Mag:3.1 16-Jan-2024 01:26:35WIB Lok:7.99LS 110.47BT (15 km BaratLaut GUNUNGKIDUL-DIY) Kedlmn:10 Km #BMKG Disclaimer:Informasi ini mengutamakan kecepatan sehingga hasil pengolahan data belum stabil dan bisa berubah seiring kelengkapan data https://t.co/UwT615gpFp","1746963494908641453","https://pbs.twimg.com/tweet_video_thumb/GD52CotawAE5uVs.jpg","","in","Indonesia","47","53","72","https://x.com/infoBMKG/status/1746963494908641453","108543358","infoBMKG"
"1746959465872801938","Mon Jan 15 18:16:08 +0000 2024","102","#Gempa Mag:3.6 16-Jan-2024 01:13:45WIB Lok:8.48LS 112.29BT (39 km Tenggara KAB-BLITAR-JATIM) Kedlmn:102 Km #BMKG Disclaimer:Informasi ini mengutamakan kecepatan sehingga hasil pengolahan data belum stabil dan bisa berubah seiring kelengkapan data https://t.co/FOYVVFAUwc","1746959465872801938","https://pbs.twimg.com/tweet_video_thumb/GD5yYG5awAIk05F.jpg","","in","Indonesia","7","29","23","https://x.com/infoBMKG/status/1746959465872801938","108543358","infoBMKG"
"1746949154608402546","Mon Jan 15 17:35:09 +0000 2024","6","#Gempa Mag:3.2 16-Jan-2024 00:30:17WIB Lok:0.25LS 122.90BT (91 km BaratDaya BONEBOLANGO-GORONTALO) Kedlmn:82 Km #BMKG Disclaimer:Informasi ini mengutamakan kecepatan sehingga hasil pengolahan data belum stabil dan bisa berubah seiring kelengkapan data https://t.co/F95aYjsjGe","1746949154608402546","https://pbs.twimg.com/tweet_video_thumb/GD5o_47aUAAO8om.jpg","","in","Indonesia","0","1","5","https://x.com/infoBMKG/status/1746949154608402546","108543358","infoBMKG"
"1746934809186926704","Mon Jan 15 16:38:09 +0000 2024","24","#Gempa Mag:2.8 15-Jan-2024 23:33:12WIB Lok:8.29LS 116.56BT (40 km TimurLaut LOMBOKTIMUR-NTB) Kedlmn:10 Km #BMKG Disclaimer:Informasi ini mengutamakan kecepatan sehingga hasil pengolahan data belum stabil dan bisa berubah seiring kelengkapan data https://t.co/7JgNnz8WVx","1746934809186926704","https://pbs.twimg.com/tweet_video_thumb/GD5b84UbIAAHIrM.jpg","","in","Indonesia","0","0","4","https://x.com/infoBMKG/status/1746934809186926704","108543358","infoBMKG"
"1746924988991668291","Mon Jan 15 15:59:08 +0000 2024","27","#Gempa Mag:4.1 15-Jan-2024 22:55:06WIB Lok:5.14LU 93.86BT (182 km BaratDaya KOTA-SABANG-ACEH) Kedlmn:10 Km #BMKG Disclaimer:Informasi ini mengutamakan kecepatan sehingga hasil pengolahan data belum stabil dan bisa berubah seiring kelengkapan data https://t.co/s8Km3s9Jre","1746924988991668291","https://pbs.twimg.com/tweet_video_thumb/GD5TBRUbEAA6xd9.jpg","","in","Indonesia","0","0","6","https://x.com/infoBMKG/status/1746924988991668291","108543358","infoBMKG"
"1746918452168888503","Mon Jan 15 15:33:09 +0000 2024","25","#Gempa Mag:3.2 15-Jan-2024 22:30:48WIB Lok:1.17LS 120.58BT (31 km BaratLaut POSO-SULTENG) Kedlmn:13 Km #BMKG Disclaimer:Informasi ini mengutamakan kecepatan sehingga hasil pengolahan data belum stabil dan bisa berubah seiring kelengkapan data https://t.co/EmIHSFELMg","1746918452168888503","https://pbs.twimg.com/tweet_video_thumb/GD5NEysaQAAdtE7.jpg","","in","Indonesia","0","0","4","https://x.com/infoBMKG/status/1746918452168888503","108543358","infoBMKG"
"1746917199615606864","Mon Jan 15 15:28:11 +0000 2024","12","#Gempa Mag:3.0 15-Jan-2024 22:24:34WIB Lok:1.50LS 133.83BT (60 km BaratDaya PEGUNUNGANARFAK-PAPUABRT) Kedlmn:10 Km #BMKG Disclaimer:Informasi ini mengutamakan kecepatan sehingga hasil pengolahan data belum stabil dan bisa berubah seiring kelengkapan data https://t.co/X2CWPDifTU","1746917199615606864","https://pbs.twimg.com/tweet_video_thumb/GD5L75BbwAAw8sh.jpg","","in","Indonesia","0","0","2","https://x.com/infoBMKG/status/1746917199615606864","108543358","infoBMKG"
"1746897818613424574","Mon Jan 15 14:11:10 +0000 2024","35","#Gempa Mag:5.1 15-Jan-2024 21:04:36WIB Lok:4.33LU 125.81BT (87 km TimurLaut TAHUNA-KEP.SANGIHE-SULUT) Kedlmn:48 Km #BMKG Disclaimer:Informasi ini mengutamakan kecepatan sehingga hasil pengolahan data belum stabil dan bisa berubah seiring kelengkapan data https://t.co/nmZd9X4FkK","1746897818613424574","https://pbs.twimg.com/tweet_video_thumb/GD46TvmbkAAKFuN.jpg","","in","Indonesia","0","0","10","https://x.com/infoBMKG/status/1746897818613424574","108543358","infoBMKG"
"1746893290262442331","Mon Jan 15 13:53:10 +0000 2024","14","#Gempa Mag:2.4 15-Jan-2024 20:50:14WIB Lok:1.57LS 120.48BT (36 km BaratDaya POSO-SULTENG) Kedlmn:10 Km #BMKG Disclaimer:Informasi ini mengutamakan kecepatan sehingga hasil pengolahan data belum stabil dan bisa berubah seiring kelengkapan data https://t.co/UkdHiWtspU","1746893290262442331","https://pbs.twimg.com/tweet_video_thumb/GD42MJ-bMAACPBw.jpg","","in","Indonesia","0","0","4","https://x.com/infoBMKG/status/1746893290262442331","108543358","infoBMKG"
"1746889259091734956","Mon Jan 15 13:37:09 +0000 2024","13","#Gempa Mag:4.1 15-Jan-2024 20:30:09WIB Lok:4.80LS 129.43BT (174 km Tenggara MALUKUTENGAH) Kedlmn:229 Km #BMKG Disclaimer:Informasi ini mengutamakan kecepatan sehingga hasil pengolahan data belum stabil dan bisa berubah seiring kelengkapan data https://t.co/YdCCxfZ8yN","1746889259091734956","https://pbs.twimg.com/tweet_video_thumb/GD4yhfubkAAb3Lz.jpg","","in","Indonesia","0","0","8","https://x.com/infoBMKG/status/1746889259091734956","108543358","infoBMKG"
"1746883723419951554","Mon Jan 15 13:15:09 +0000 2024","8","#Gempa Mag:3.7 15-Jan-2024 20:08:54WIB Lok:1.07LU 126.36BT (116 km BaratLaut TERNATE-MALUT) Kedlmn:26 Km #BMKG Disclaimer:Informasi ini mengutamakan kecepatan sehingga hasil pengolahan data belum stabil dan bisa berubah seiring kelengkapan data https://t.co/6KVmLEDiTD","1746883723419951554","https://pbs.twimg.com/tweet_video_thumb/GD4tfULacAAK1du.jpg","","in","Indonesia","0","1","2","https://x.com/infoBMKG/status/1746883723419951554","108543358","infoBMKG"
"1746853777486008614","Mon Jan 15 11:16:10 +0000 2024","72","#Gempa Mag:3.2 15-Jan-2024 18:12:18WIB Lok:8.11LS 107.90BT (80 km BaratDaya KAB-PANGANDARAN-JABAR) Kedlmn:26 Km #BMKG Disclaimer:Informasi ini mengutamakan kecepatan sehingga hasil pengolahan data belum stabil dan bisa berubah seiring kelengkapan data https://t.co/B5AMxhmLBG","1746853777486008614","https://pbs.twimg.com/tweet_video_thumb/GD4SQPIbQAAhLdv.jpg","","in","Indonesia","0","1","17","https://x.com/infoBMKG/status/1746853777486008614","108543358","infoBMKG"
"1746799665864131042","Mon Jan 15 07:41:08 +0000 2024","5","#Gempa Mag:4.6 15-Jan-2024 14:35:28WIB Lok:6.42LS 128.80BT (222 km TimurLaut MALUKUBRTDAYA) Kedlmn:271 Km #BMKG Disclaimer:Informasi ini mengutamakan kecepatan sehingga hasil pengolahan data belum stabil dan bisa berubah seiring kelengkapan data https://t.co/MOOSx565vr","1746799665864131042","https://pbs.twimg.com/tweet_video_thumb/GD3hChMacAAW0m0.jpg","","in","Indonesia","0","0","4","https://x.com/infoBMKG/status/1746799665864131042","108543358","infoBMKG"
"1746793121017659655","Mon Jan 15 07:15:08 +0000 2024","34","#Gempa Mag:3.5 15-Jan-2024 14:09:59WIB Lok:8.43LS 105.61BT (179 km BaratDaya MUARABINUANGEUN-BANTEN) Kedlmn:15 Km #BMKG Disclaimer:Informasi ini mengutamakan kecepatan sehingga hasil pengolahan data belum stabil dan bisa berubah seiring kelengkapan data https://t.co/zFBjkyboPY","1746793121017659655","https://pbs.twimg.com/tweet_video_thumb/GD3bFhzbMAAAI8c.jpg","","in","Indonesia","1","0","12","https://x.com/infoBMKG/status/1746793121017659655","108543358","infoBMKG"
"1746732222961610989","Mon Jan 15 03:13:09 +0000 2024","14","#Gempa Mag:3.8 15-Jan-2024 10:10:46WIB Lok:8.97LS 124.05BT (81 km BaratLaut TIMORTENGAHUT-NTT) Kedlmn:66 Km #BMKG Disclaimer:Informasi ini mengutamakan kecepatan sehingga hasil pengolahan data belum stabil dan bisa berubah seiring kelengkapan data https://t.co/k8Sy5K4fum","1746732222961610989","https://pbs.twimg.com/tweet_video_thumb/GD2jszebEAAQm-b.jpg","","in","Indonesia","0","1","5","https://x.com/infoBMKG/status/1746732222961610989","108543358","infoBMKG"
"1746723662349406413","Mon Jan 15 02:39:08 +0000 2024","7","#Gempa Mag:2.9 15-Jan-2024 09:35:57WIB Lok:2.75LS 140.35BT (61 km TimurLaut KAB-JAYAPURA-PAPUA) Kedlmn:29 Km #BMKG Disclaimer:Informasi ini mengutamakan kecepatan sehingga hasil pengolahan data belum stabil dan bisa berubah seiring kelengkapan data https://t.co/AV3TvujXPx","1746723662349406413","https://pbs.twimg.com/tweet_video_thumb/GD2b6hnbAAAQMrD.jpg","","in","Indonesia","0","2","4","https://x.com/infoBMKG/status/1746723662349406413","108543358","infoBMKG"
"1746699006368264529","Mon Jan 15 01:01:09 +0000 2024","55","#Gempa Mag:3.0 15-Jan-2024 07:58:27WIB Lok:10.42LS 123.80BT (48 km BaratDaya KAB-KUPANG-NTT) Kedlmn:10 Km #BMKG Disclaimer:Informasi ini mengutamakan kecepatan sehingga hasil pengolahan data belum stabil dan bisa berubah seiring kelengkapan data https://t.co/MyXogLW3Q1","1746699006368264529","https://pbs.twimg.com/tweet_video_thumb/GD2FfW4awAAuO-T.jpg","","in","Indonesia","0","4","11","https://x.com/infoBMKG/status/1746699006368264529","108543358","infoBMKG"
"1746630806121152842","Sun Jan 14 20:30:09 +0000 2024","36","#Gempa Mag:3.6 15-Jan-2024 03:25:59WIB Lok:9.82LS 116.27BT (123 km Selatan LOMBOKTENGAH-NTB) Kedlmn:10 Km #BMKG Disclaimer:Informasi ini mengutamakan kecepatan sehingga hasil pengolahan data belum stabil dan bisa berubah seiring kelengkapan data https://t.co/wWf1xEpsoA","1746630806121152842","https://pbs.twimg.com/tweet_video_thumb/GD1HdkMacAAYEAX.jpg","","in","Indonesia","0","4","4","https://x.com/infoBMKG/status/1746630806121152842","108543358","infoBMKG"
"1746620490335338687","Sun Jan 14 19:49:10 +0000 2024","16","#Gempa Mag:3.5 15-Jan-2024 02:46:05WIB Lok:1.52LU 126.54BT (114 km BaratLaut JAILOLO-MALUT) Kedlmn:33 Km #BMKG Disclaimer:Informasi ini mengutamakan kecepatan sehingga hasil pengolahan data belum stabil dan bisa berubah seiring kelengkapan data https://t.co/GL3Gdgt59l","1746620490335338687","https://pbs.twimg.com/tweet_video_thumb/GD0-FI4a4AAsm8x.jpg","","in","Indonesia","0","1","2","https://x.com/infoBMKG/status/1746620490335338687","108543358","infoBMKG"
"1746603626125246951","Sun Jan 14 18:42:09 +0000 2024","48","#Gempa Mag:2.0 15-Jan-2024 01:38:30WIB Lok:0.10LS 100.32BT (23 km BaratLaut BUKITTINGGI-SUMBAR) Kedlmn:10 Km #BMKG Disclaimer:Informasi ini mengutamakan kecepatan sehingga hasil pengolahan data belum stabil dan bisa berubah seiring kelengkapan data https://t.co/ke53qAIr2A","1746603626125246951","https://pbs.twimg.com/tweet_video_thumb/GD0uvfMbMAAO9wX.jpg","","in","Indonesia","1","2","6","https://x.com/infoBMKG/status/1746603626125246951","108543358","infoBMKG"
"1746603369383542850","Sun Jan 14 18:41:08 +0000 2024","39","#Gempa Mag:2.8 15-Jan-2024 01:35:39WIB Lok:7.65LS 106.56BT (73 km Tenggara KAB-SUKABUMI-JABAR) Kedlmn:25 Km #BMKG Disclaimer:Informasi ini mengutamakan kecepatan sehingga hasil pengolahan data belum stabil dan bisa berubah seiring kelengkapan data https://t.co/091UqGKDM2","1746603369383542850","https://pbs.twimg.com/tweet_video_thumb/GD0ugjXa8AA9Lwv.jpg","","in","Indonesia","0","0","7","https://x.com/infoBMKG/status/1746603369383542850","108543358","infoBMKG"
"1746602874136940626","Sun Jan 14 18:39:10 +0000 2024","11","#Gempa Mag:3.6 15-Jan-2024 01:34:52WIB Lok:2.95LU 127.61BT (125 km BaratLaut DARUBA-MALUT) Kedlmn:10 Km #BMKG Disclaimer:Informasi ini mengutamakan kecepatan sehingga hasil pengolahan data belum stabil dan bisa berubah seiring kelengkapan data https://t.co/sEbkVA4qaI","1746602874136940626","https://pbs.twimg.com/tweet_video_thumb/GD0uDuYbEAA2dTC.jpg","","in","Indonesia","1","0","1","https://x.com/infoBMKG/status/1746602874136940626","108543358","infoBMKG"
"1746511523760292274","Sun Jan 14 12:36:10 +0000 2024","8","#Gempa Mag:3.5 14-Jan-2024 19:33:28WIB Lok:0.89LU 125.93BT (108 km Tenggara BITUNG-SULUT) Kedlmn:13 Km #BMKG Disclaimer:Informasi ini mengutamakan kecepatan sehingga hasil pengolahan data belum stabil dan bisa berubah seiring kelengkapan data https://t.co/US0fzdoLY6","1746511523760292274","https://pbs.twimg.com/tweet_video_thumb/GDza-aDa0AEWdnJ.jpg","","in","Indonesia","0","0","1","https://x.com/infoBMKG/status/1746511523760292274","108543358","infoBMKG"
"1746506743579115630","Sun Jan 14 12:17:10 +0000 2024","11","#Gempa Mag:3.1 14-Jan-2024 19:13:41WIB Lok:1.42LS 132.18BT (20 km BaratDaya MAYBRAT-PAPUABRT) Kedlmn:10 Km #BMKG Disclaimer:Informasi ini mengutamakan kecepatan sehingga hasil pengolahan data belum stabil dan bisa berubah seiring kelengkapan data https://t.co/APxpDF0mnk","1746506743579115630","https://pbs.twimg.com/tweet_video_thumb/GDzWoKWbAAA6mM6.jpg","","in","Indonesia","0","0","1","https://x.com/infoBMKG/status/1746506743579115630","108543358","infoBMKG"
"1746487360123281835","Sun Jan 14 11:00:09 +0000 2024","37","#Gempa Mag:5.0 14-Jan-2024 17:56:20WIB Lok:4.87LU 126.28BT (106 km BaratLaut MELONGUANE-SULUT) Kedlmn:30 Km #BMKG Disclaimer:Informasi ini mengutamakan kecepatan sehingga hasil pengolahan data belum stabil dan bisa berubah seiring kelengkapan data https://t.co/thP7aCLhTN","1746487360123281835","https://pbs.twimg.com/tweet_video_thumb/GDzE_7TaMAAdnrO.jpg","","in","Indonesia","1","1","5","https://x.com/infoBMKG/status/1746487360123281835","108543358","infoBMKG"
"1746455396892746029","Sun Jan 14 08:53:08 +0000 2024","24","#Gempa Mag:4.5 14-Jan-2024 15:46:09WIB Lok:8.45LS 128.67BT (103 km Tenggara MALUKUBRTDAYA) Kedlmn:12 Km #BMKG Disclaimer:Informasi ini mengutamakan kecepatan sehingga hasil pengolahan data belum stabil dan bisa berubah seiring kelengkapan data https://t.co/uVqMJB0fPm","1746455396892746029","https://pbs.twimg.com/tweet_video_thumb/GDyn7bsakAAnVZO.jpg","","in","Indonesia","0","6","2","https://x.com/infoBMKG/status/1746455396892746029","108543358","infoBMKG"
"1746415884988719534","Sun Jan 14 06:16:08 +0000 2024","179","#Gempa Mag:4.0 14-Jan-2024 13:10:36WIB Lok:8.20LS 107.18BT (135 km BaratDaya KAB-GARUT-JABAR) Kedlmn:10 Km #BMKG Disclaimer:Informasi ini mengutamakan kecepatan sehingga hasil pengolahan data belum stabil dan bisa berubah seiring kelengkapan data https://t.co/x3pMOAeyON","1746415884988719534","https://pbs.twimg.com/tweet_video_thumb/GDyD_hzasAAFctU.jpg","","in","Indonesia","0","6","37","https://x.com/infoBMKG/status/1746415884988719534","108543358","infoBMKG"
"1746408593090621922","Sun Jan 14 05:47:09 +0000 2024","12","#Gempa Mag:3.4 14-Jan-2024 12:44:15WIB Lok:1.74LU 127.18BT (62 km BaratLaut HALMAHERABARAT-MALUT) Kedlmn:126 Km #BMKG Disclaimer:Informasi ini mengutamakan kecepatan sehingga hasil pengolahan data belum stabil dan bisa berubah seiring kelengkapan data https://t.co/Rg489cKSRa","1746408593090621922","https://pbs.twimg.com/tweet_video_thumb/GDx9XGGakAE3-nJ.jpg","","in","Indonesia","0","0","2","https://x.com/infoBMKG/status/1746408593090621922","108543358","infoBMKG"
"1746376129676738937","Sun Jan 14 03:38:10 +0000 2024","7","#Gempa Mag:3.5 14-Jan-2024 10:34:00WIB Lok:1.31LU 126.20BT (120 km Tenggara BITUNG-SULUT) Kedlmn:30 Km #BMKG Disclaimer:Informasi ini mengutamakan kecepatan sehingga hasil pengolahan data belum stabil dan bisa berubah seiring kelengkapan data https://t.co/iQF5oDclsD","1746376129676738937","https://pbs.twimg.com/tweet_video_thumb/GDxf1c6awAE78pg.jpg","","in","Indonesia","0","1","1","https://x.com/infoBMKG/status/1746376129676738937","108543358","infoBMKG"
"1746373864999800989","Sun Jan 14 03:29:10 +0000 2024","17","#Gempa Mag:3.2 14-Jan-2024 10:24:09WIB Lok:0.13LS 122.84BT (81 km BaratDaya BONEBOLANGO-GORONTALO) Kedlmn:103 Km #BMKG Disclaimer:Informasi ini mengutamakan kecepatan sehingga hasil pengolahan data belum stabil dan bisa berubah seiring kelengkapan data https://t.co/URNV9EE6UH","1746373864999800989","https://pbs.twimg.com/tweet_video_thumb/GDxdxlAbsAA2ilQ.jpg","","in","Indonesia","0","0","3","https://x.com/infoBMKG/status/1746373864999800989","108543358","infoBMKG"
"1746340140535161241","Sun Jan 14 01:15:09 +0000 2024","7","#Gempa Mag:3.1 14-Jan-2024 08:10:09WIB Lok:7.79LS 118.88BT (74 km TimurLaut BIMA-NTB) Kedlmn:28 Km #BMKG Disclaimer:Informasi ini mengutamakan kecepatan sehingga hasil pengolahan data belum stabil dan bisa berubah seiring kelengkapan data https://t.co/apW4t5tzp4","1746340140535161241","https://pbs.twimg.com/tweet_video_thumb/GDw_Gm9aUAAC9IR.jpg","","in","Indonesia","0","0","3","https://x.com/infoBMKG/status/1746340140535161241","108543358","infoBMKG"
"1746324796533792903","Sun Jan 14 00:14:11 +0000 2024","12","#Gempa Mag:4.5 14-Jan-2024 07:10:19WIB Lok:0.35LS 125.93BT (177 km BaratLaut LABUHA-MALUT) Kedlmn:10 Km #BMKG Disclaimer:Informasi ini mengutamakan kecepatan sehingga hasil pengolahan data belum stabil dan bisa berubah seiring kelengkapan data https://t.co/RU5qh7qbgS","1746324796533792903","https://pbs.twimg.com/tweet_video_thumb/GDwxJeubsAAOiXB.jpg","","in","Indonesia","0","0","2","https://x.com/infoBMKG/status/1746324796533792903","108543358","infoBMKG"
"1746305409244381606","Sat Jan 13 22:57:09 +0000 2024","64","#Gempa Mag:2.9 14-Jan-2024 05:54:13WIB Lok:6.76LS 106.55BT (25 km Utara KAB-SUKABUMI-JABAR) Kedlmn:10 Km #BMKG Disclaimer:Informasi ini mengutamakan kecepatan sehingga hasil pengolahan data belum stabil dan bisa berubah seiring kelengkapan data https://t.co/qPjPi3eLtl","1746305409244381606","https://pbs.twimg.com/tweet_video_thumb/GDwfhAIa0AAeofP.jpg","","in","Indonesia","2","1","15","https://x.com/infoBMKG/status/1746305409244381606","108543358","infoBMKG"
"1746304658329817234","Sat Jan 13 22:54:09 +0000 2024","16","#Gempa Mag:2.9 14-Jan-2024 05:47:30WIB Lok:10.22LS 124.09BT (34 km Tenggara KAB-KUPANG-NTT) Kedlmn:10 Km #BMKG Disclaimer:Informasi ini mengutamakan kecepatan sehingga hasil pengolahan data belum stabil dan bisa berubah seiring kelengkapan data https://t.co/lBGIkG6grO","1746304658329817234","https://pbs.twimg.com/tweet_video_thumb/GDwe1RjbYAAmMLx.jpg","","in","Indonesia","0","0","1","https://x.com/infoBMKG/status/1746304658329817234","108543358","infoBMKG"
"1746293833644872089","Sat Jan 13 22:11:09 +0000 2024","42","#Gempa Mag:2.9 14-Jan-2024 05:07:52WIB Lok:6.73LS 106.56BT (28 km TimurLaut KAB-SUKABUMI-JABAR) Kedlmn:10 Km #BMKG Disclaimer:Informasi ini mengutamakan kecepatan sehingga hasil pengolahan data belum stabil dan bisa berubah seiring kelengkapan data https://t.co/GEt0nSrp9I","1746293833644872089","https://pbs.twimg.com/tweet_video_thumb/GDwU_NhasAA3JD_.jpg","","in","Indonesia","2","1","9","https://x.com/infoBMKG/status/1746293833644872089","108543358","infoBMKG"
"1746265397744238659","Sat Jan 13 20:18:09 +0000 2024","363","#Gempa Mag:3.5 14-Jan-2024 03:13:36WIB Lok:6.76LS 106.53BT (25 km BaratLaut KAB-SUKABUMI-JABAR) Kedlmn:10 Km #BMKG Disclaimer:Informasi ini mengutamakan kecepatan sehingga hasil pengolahan data belum stabil dan bisa berubah seiring kelengkapan data https://t.co/PSssfK3LFX","1746265397744238659","https://pbs.twimg.com/tweet_video_thumb/GDv7IAjaQAAlooy.jpg","","in","Indonesia","27","50","81","https://x.com/infoBMKG/status/1746265397744238659","108543358","infoBMKG"
"1746224629247864902","Sat Jan 13 17:36:09 +0000 2024","27","#Gempa Mag:3.4 14-Jan-2024 00:30:57WIB Lok:2.97LU 96.39BT (55 km TimurLaut SINABANG-ACEH) Kedlmn:15 Km #BMKG Disclaimer:Informasi ini mengutamakan kecepatan sehingga hasil pengolahan data belum stabil dan bisa berubah seiring kelengkapan data https://t.co/9mZYAK9Yvz","1746224629247864902","https://pbs.twimg.com/tweet_video_thumb/GDvWC-vbYAAt8kK.jpg","","in","Indonesia","2","7","2","https://x.com/infoBMKG/status/1746224629247864902","108543358","infoBMKG"
"1746214567024435630","Sat Jan 13 16:56:10 +0000 2024","17","#Gempa Mag:3.0 13-Jan-2024 23:52:59WIB Lok:1.03LU 119.88BT (99 km BaratLaut TOLI-TOLI-SULTENG) Kedlmn:10 Km #BMKG Disclaimer:Informasi ini mengutamakan kecepatan sehingga hasil pengolahan data belum stabil dan bisa berubah seiring kelengkapan data https://t.co/5e27mcGB1r","1746214567024435630","https://pbs.twimg.com/tweet_video_thumb/GDvM5Rua4AAvPrU.jpg","","in","Indonesia","0","0","2","https://x.com/infoBMKG/status/1746214567024435630","108543358","infoBMKG"
"1746202740383179111","Sat Jan 13 16:09:10 +0000 2024","11","#Gempa Mag:3.7 13-Jan-2024 23:05:42WIB Lok:1.92LS 122.49BT (90 km BaratDaya BANGGAIKEP-SULTENG) Kedlmn:10 Km #BMKG Disclaimer:Informasi ini mengutamakan kecepatan sehingga hasil pengolahan data belum stabil dan bisa berubah seiring kelengkapan data https://t.co/B500Di2KRw","1746202740383179111","https://pbs.twimg.com/tweet_video_thumb/GDvCI4CbcAAMuiI.jpg","","in","Indonesia","0","0","2","https://x.com/infoBMKG/status/1746202740383179111","108543358","infoBMKG"
"1745902504230138133","Fri Jan 12 20:16:08 +0000 2024","12","#Gempa Mag:3.5 13-Jan-2024 03:11:19WIB Lok:8.07LS 117.79BT (62 km TimurLaut SUMBAWA-NTB) Kedlmn:22 Km #BMKG Disclaimer:Informasi ini mengutamakan kecepatan sehingga hasil pengolahan data belum stabil dan bisa berubah seiring kelengkapan data https://t.co/xnPEjzmavF","1745902504230138133","https://pbs.twimg.com/tweet_video_thumb/GDqxE1vaoAA5t9R.jpg","","in","Indonesia","0","1","5","https://x.com/infoBMKG/status/1745902504230138133","108543358","infoBMKG"
"1745869792945545326","Fri Jan 12 18:06:09 +0000 2024","20","#Gempa Mag:4.3 13-Jan-2024 01:02:35WIB Lok:4.85LU 126.50BT (96 km BaratLaut MELONGUANE-SULUT) Kedlmn:80 Km #BMKG Disclaimer:Informasi ini mengutamakan kecepatan sehingga hasil pengolahan data belum stabil dan bisa berubah seiring kelengkapan data https://t.co/iZuvKnYkwl","1745869792945545326","https://pbs.twimg.com/tweet_video_thumb/GDqTUy8bgAAx21u.jpg","","in","Indonesia","0","0","3","https://x.com/infoBMKG/status/1745869792945545326","108543358","infoBMKG"
"1745858220374327738","Fri Jan 12 17:20:10 +0000 2024","14","#Gempa Mag:3.0 13-Jan-2024 00:17:14WIB Lok:0.27LU 126.36BT (125 km BaratDaya TERNATE-MALUT) Kedlmn:10 Km #BMKG Disclaimer:Informasi ini mengutamakan kecepatan sehingga hasil pengolahan data belum stabil dan bisa berubah seiring kelengkapan data https://t.co/7lEZDS8vgE","1745858220374327738","https://pbs.twimg.com/tweet_video_thumb/GDqIzKma4AAF0I9.jpg","","in","Indonesia","0","0","3","https://x.com/infoBMKG/status/1745858220374327738","108543358","infoBMKG"
"1745850668886409342","Fri Jan 12 16:50:10 +0000 2024","17","#Gempa Mag:3.4 12-Jan-2024 23:46:20WIB Lok:2.13LU 122.16BT (157 km TimurLaut BUOL-SULTENG) Kedlmn:10 Km #BMKG Disclaimer:Informasi ini mengutamakan kecepatan sehingga hasil pengolahan data belum stabil dan bisa berubah seiring kelengkapan data https://t.co/CCST0Z4dIr","1745850668886409342","https://pbs.twimg.com/tweet_video_thumb/GDqB7oobgAMu0hk.jpg","","in","Indonesia","0","0","4","https://x.com/infoBMKG/status/1745850668886409342","108543358","infoBMKG"
"1745845885395943550","Fri Jan 12 16:31:09 +0000 2024","10","#Gempa Mag:3.4 12-Jan-2024 23:28:02WIB Lok:2.11LU 122.07BT (149 km TimurLaut BUOL-SULTENG) Kedlmn:10 Km #BMKG Disclaimer:Informasi ini mengutamakan kecepatan sehingga hasil pengolahan data belum stabil dan bisa berubah seiring kelengkapan data https://t.co/iA4oFEMeoj","1745845885395943550","https://pbs.twimg.com/tweet_video_thumb/GDp9lJkaQAERwpA.jpg","","in","Indonesia","0","0","1","https://x.com/infoBMKG/status/1745845885395943550","108543358","infoBMKG"
"1745833801098698755","Fri Jan 12 15:43:08 +0000 2024","9","#Gempa Mag:3.0 12-Jan-2024 22:38:09WIB Lok:9.28LS 119.10BT (15 km BaratLaut TAMBOLAKA-NTT) Kedlmn:44 Km #BMKG Disclaimer:Informasi ini mengutamakan kecepatan sehingga hasil pengolahan data belum stabil dan bisa berubah seiring kelengkapan data https://t.co/H7X8yhsSBI","1745833801098698755","https://pbs.twimg.com/tweet_video_thumb/GDpylzLbYAA9dez.jpg","","in","Indonesia","0","0","3","https://x.com/infoBMKG/status/1745833801098698755","108543358","infoBMKG"
"1745832542723572027","Fri Jan 12 15:38:08 +0000 2024","72","#Gempa Mag:2.9 12-Jan-2024 22:34:22WIB Lok:8.02LS 107.36BT (107 km BaratDaya KAB-GARUT-JABAR) Kedlmn:21 Km #BMKG Disclaimer:Informasi ini mengutamakan kecepatan sehingga hasil pengolahan data belum stabil dan bisa berubah seiring kelengkapan data https://t.co/IA1WpThFFr","1745832542723572027","https://pbs.twimg.com/tweet_video_thumb/GDpxci3a4AAUjbx.jpg","","in","Indonesia","0","3","14","https://x.com/infoBMKG/status/1745832542723572027","108543358","infoBMKG"
"1745820215387238519","Fri Jan 12 14:49:09 +0000 2024","54","#Gempa Mag:3.5 12-Jan-2024 21:46:27WIB Lok:5.66LS 103.60BT (64 km BaratDaya PESISIRBARAT-LAMPUNG) Kedlmn:34 Km #BMKG Disclaimer:Informasi ini mengutamakan kecepatan sehingga hasil pengolahan data belum stabil dan bisa berubah seiring kelengkapan data https://t.co/X2hk2J0GvM","1745820215387238519","https://pbs.twimg.com/tweet_video_thumb/GDpmO85bMAAuTLf.jpg","","in","Indonesia","0","1","7","https://x.com/infoBMKG/status/1745820215387238519","108543358","infoBMKG"
"1745819464262934735","Fri Jan 12 14:46:10 +0000 2024","13","#Gempa Mag:2.4 12-Jan-2024 21:40:49WIB Lok:2.93LS 119.40BT (8 km Tenggara MAMASA-SULBAR) Kedlmn:10 Km #BMKG Disclaimer:Informasi ini mengutamakan kecepatan sehingga hasil pengolahan data belum stabil dan bisa berubah seiring kelengkapan data https://t.co/QIKzt3eOHG","1745819464262934735","https://pbs.twimg.com/tweet_video_thumb/GDpljOwaAAACYHS.jpg","","in","Indonesia","0","0","2","https://x.com/infoBMKG/status/1745819464262934735","108543358","infoBMKG"
"1745779193961713709","Fri Jan 12 12:06:09 +0000 2024","16","#Gempa Mag:3.5 12-Jan-2024 19:01:45WIB Lok:0.77LU 97.28BT (29 km BaratDaya NIASBARAT-SUMUT) Kedlmn:23 Km #BMKG Disclaimer:Informasi ini mengutamakan kecepatan sehingga hasil pengolahan data belum stabil dan bisa berubah seiring kelengkapan data https://t.co/gVBULEXolx","1745779193961713709","https://pbs.twimg.com/tweet_video_thumb/GDpA7PPa4AAN4bB.jpg","","in","Indonesia","0","0","6","https://x.com/infoBMKG/status/1745779193961713709","108543358","infoBMKG"
"1745744973134545088","Fri Jan 12 09:50:10 +0000 2024","13","#Gempa Mag:4.1 12-Jan-2024 16:45:49WIB Lok:4.51LS 133.98BT (135 km Tenggara KAIMANA-PAPUABRT) Kedlmn:10 Km #BMKG Disclaimer:Informasi ini mengutamakan kecepatan sehingga hasil pengolahan data belum stabil dan bisa berubah seiring kelengkapan data https://t.co/g1swU3EYF4","1745744973134545088","https://pbs.twimg.com/tweet_video_thumb/GDohzUPaIAAeDPJ.jpg","","in","Indonesia","0","4","2","https://x.com/infoBMKG/status/1745744973134545088","108543358","infoBMKG"
"1745741445775184245","Fri Jan 12 09:36:09 +0000 2024","8","#Gempa Mag:4.8 12-Jan-2024 16:31:34WIB Lok:1.24LU 126.26BT (128 km Tenggara BITUNG-SULUT) Kedlmn:45 Km #BMKG Disclaimer:Informasi ini mengutamakan kecepatan sehingga hasil pengolahan data belum stabil dan bisa berubah seiring kelengkapan data https://t.co/6JxUwHM10D","1745741445775184245","https://pbs.twimg.com/tweet_video_thumb/GDoemASbUAAHAXs.jpg","","in","Indonesia","0","1","2","https://x.com/infoBMKG/status/1745741445775184245","108543358","infoBMKG"
"1745717033109774402","Fri Jan 12 07:59:09 +0000 2024","68","#Gempa Mag:3.3 12-Jan-2024 14:54:42WIB Lok:9.52LS 114.34BT (127 km BaratDaya KUTASELATAN-BALI) Kedlmn:17 Km #BMKG Disclaimer:Informasi ini mengutamakan kecepatan sehingga hasil pengolahan data belum stabil dan bisa berubah seiring kelengkapan data https://t.co/aqHE9X63FE","1745717033109774402","https://pbs.twimg.com/tweet_video_thumb/GDoIZAxbgAAOlA7.jpg","","in","Indonesia","0","5","17","https://x.com/infoBMKG/status/1745717033109774402","108543358","infoBMKG"
"1745716023515607072","Fri Jan 12 07:55:08 +0000 2024","22","#Gempa Mag:4.0 12-Jan-2024 14:51:13WIB Lok:5.83LS 101.71BT (82 km BaratDaya ENGGANO-BENGKULU) Kedlmn:17 Km #BMKG Disclaimer:Informasi ini mengutamakan kecepatan sehingga hasil pengolahan data belum stabil dan bisa berubah seiring kelengkapan data https://t.co/Tx9TN6c8L3","1745716023515607072","https://pbs.twimg.com/tweet_video_thumb/GDoHeO_bwAAVdIA.jpg","","in","Indonesia","0","1","7","https://x.com/infoBMKG/status/1745716023515607072","108543358","infoBMKG"
"1745708982126477461","Fri Jan 12 07:27:09 +0000 2024","8","#Gempa Mag:3.1 12-Jan-2024 14:23:48WIB Lok:9.97LS 123.99BT (11 km TimurLaut KAB-KUPANG-NTT) Kedlmn:29 Km #BMKG Disclaimer:Informasi ini mengutamakan kecepatan sehingga hasil pengolahan data belum stabil dan bisa berubah seiring kelengkapan data https://t.co/Faeuqdsqbo","1745708982126477461","https://pbs.twimg.com/tweet_video_thumb/GDoBEVabcAAP0UN.jpg","","in","Indonesia","0","1","1","https://x.com/infoBMKG/status/1745708982126477461","108543358","infoBMKG"
"1745694888962961913","Fri Jan 12 06:31:09 +0000 2024","9","#Gempa Mag:3.2 12-Jan-2024 13:29:23WIB Lok:2.33LS 101.14BT (27 km TimurLaut MUKOMUKO-BENGKULU) Kedlmn:52 Km #BMKG Disclaimer:Informasi ini mengutamakan kecepatan sehingga hasil pengolahan data belum stabil dan bisa berubah seiring kelengkapan data https://t.co/3o8O5bNqOp","1745694888962961913","https://pbs.twimg.com/tweet_video_thumb/GDn0QBdbsAAb_eW.jpg","","in","Indonesia","1","0","5","https://x.com/infoBMKG/status/1745694888962961913","108543358","infoBMKG"
"1745691365143720036","Fri Jan 12 06:17:09 +0000 2024","10","#Gempa Mag:1.5 12-Jan-2024 13:14:41WIB Lok:8.51LS 121.95BT (31 km BaratLaut MAUMERE-SIKKA-NTT) Kedlmn:16 Km #BMKG Disclaimer:Informasi ini mengutamakan kecepatan sehingga hasil pengolahan data belum stabil dan bisa berubah seiring kelengkapan data https://t.co/GUZiW5z20C","1745691365143720036","https://pbs.twimg.com/tweet_video_thumb/GDnxC59awAAALfh.jpg","","in","Indonesia","0","3","2","https://x.com/infoBMKG/status/1745691365143720036","108543358","infoBMKG"
"1745677775896485933","Fri Jan 12 05:23:09 +0000 2024","9","#Gempa Mag:3.8 12-Jan-2024 12:19:58WIB Lok:5.37LU 126.47BT (154 km BaratLaut MELONGUANE-SULUT) Kedlmn:10 Km #BMKG Disclaimer:Informasi ini mengutamakan kecepatan sehingga hasil pengolahan data belum stabil dan bisa berubah seiring kelengkapan data https://t.co/e6IInwKgVE","1745677775896485933","https://pbs.twimg.com/tweet_video_thumb/GDnkr6_aUAE_iPT.jpg","","in","Indonesia","0","6","1","https://x.com/infoBMKG/status/1745677775896485933","108543358","infoBMKG"
"1745661160647713276","Fri Jan 12 04:17:08 +0000 2024","16","#Gempa Mag:3.7 12-Jan-2024 11:12:40WIB Lok:3.25LS 140.49BT (32 km BaratLaut KEEROM-PAPUA) Kedlmn:86 Km #BMKG Disclaimer:Informasi ini mengutamakan kecepatan sehingga hasil pengolahan data belum stabil dan bisa berubah seiring kelengkapan data https://t.co/cJCgX3hVbK","1745661160647713276","https://pbs.twimg.com/tweet_video_thumb/GDnVkxfbMAAfCAv.jpg","","in","Indonesia","0","1","3","https://x.com/infoBMKG/status/1745661160647713276","108543358","infoBMKG"
"1745660658925080647","Fri Jan 12 04:15:08 +0000 2024","17","#Gempa Mag:4.0 12-Jan-2024 11:10:08WIB Lok:9.55LS 119.12BT (15 km TimurLaut KODI-SUMBABARATDAYA-NTT) Kedlmn:37 Km #BMKG Disclaimer:Informasi ini mengutamakan kecepatan sehingga hasil pengolahan data belum stabil dan bisa berubah seiring kelengkapan data https://t.co/kPPcOTebzw","1745660658925080647","https://pbs.twimg.com/tweet_video_thumb/GDnVHliacAAc066.jpg","","in","Indonesia","1","0","1","https://x.com/infoBMKG/status/1745660658925080647","108543358","infoBMKG"
"1745649839571186152","Fri Jan 12 03:32:09 +0000 2024","15","#Gempa Mag:4.4 12-Jan-2024 10:29:16WIB Lok:3.47LS 140.54BT (28 km BaratDaya KEEROM-PAPUA) Kedlmn:10 Km #BMKG Disclaimer:Informasi ini mengutamakan kecepatan sehingga hasil pengolahan data belum stabil dan bisa berubah seiring kelengkapan data https://t.co/xNAteSBTQZ","1745649839571186152","https://pbs.twimg.com/tweet_video_thumb/GDnLR01bwAA5Hj8.jpg","","in","Indonesia","0","3","2","https://x.com/infoBMKG/status/1745649839571186152","108543358","infoBMKG"
"1745628702262866233","Fri Jan 12 02:08:09 +0000 2024","19","#Gempa Mag:5.3 12-Jan-2024 09:05:03WIB Lok:4.81LU 126.31BT (98 km BaratLaut MELONGUANE-SULUT) Kedlmn:10 Km #BMKG Disclaimer:Informasi ini mengutamakan kecepatan sehingga hasil pengolahan data belum stabil dan bisa berubah seiring kelengkapan data https://t.co/izjXzugIt1","1745628702262866233","https://pbs.twimg.com/tweet_video_thumb/GDm4DcYbQAAPrdB.jpg","","in","Indonesia","0","0","10","https://x.com/infoBMKG/status/1745628702262866233","108543358","infoBMKG"
"1745628203149078888","Fri Jan 12 02:06:10 +0000 2024","19","#Gempa Mag:4.4 12-Jan-2024 09:04:19WIB Lok:3.40LS 128.75BT (25 km BaratDaya MALUKUTENGAH) Kedlmn:10 Km #BMKG Disclaimer:Informasi ini mengutamakan kecepatan sehingga hasil pengolahan data belum stabil dan bisa berubah seiring kelengkapan data https://t.co/LUk6Q16Z9T","1745628203149078888","https://pbs.twimg.com/tweet_video_thumb/GDm3mZ6aUAA3Qcs.jpg","","in","Indonesia","0","0","9","https://x.com/infoBMKG/status/1745628203149078888","108543358","infoBMKG"
"1745565031239241889","Thu Jan 11 21:55:09 +0000 2024","12","#Gempa Mag:3.3 12-Jan-2024 04:51:28WIB Lok:3.00LS 139.94BT (9 km Tenggara KAB-JAYAPURA-PAPUA) Kedlmn:22 Km #BMKG Disclaimer:Informasi ini mengutamakan kecepatan sehingga hasil pengolahan data belum stabil dan bisa berubah seiring kelengkapan data https://t.co/EnXnp1CKkg","1745565031239241889","https://pbs.twimg.com/tweet_video_thumb/GDl-JTFaYAAql2N.jpg","","in","Indonesia","0","0","2","https://x.com/infoBMKG/status/1745565031239241889","108543358","infoBMKG"
"1745563526129975379","Thu Jan 11 21:49:10 +0000 2024","17","#Gempa Mag:2.8 12-Jan-2024 04:46:14WIB Lok:0.13LU 99.11BT (79 km BaratLaut PASAMANBARAT-SUMBAR) Kedlmn:10 Km #BMKG Disclaimer:Informasi ini mengutamakan kecepatan sehingga hasil pengolahan data belum stabil dan bisa berubah seiring kelengkapan data https://t.co/gGCrwQsQeu","1745563526129975379","https://pbs.twimg.com/tweet_video_thumb/GDl8xs5aIAAXpx8.jpg","","in","Indonesia","0","1","2","https://x.com/infoBMKG/status/1745563526129975379","108543358","infoBMKG"
"1745558995371532656","Thu Jan 11 21:31:10 +0000 2024","18","#Gempa Mag:2.4 12-Jan-2024 04:25:57WIB Lok:0.39LS 100.39BT (8 km Utara PADANGPANJANG-SUMBAR) Kedlmn:10 Km #BMKG Disclaimer:Informasi ini mengutamakan kecepatan sehingga hasil pengolahan data belum stabil dan bisa berubah seiring kelengkapan data https://t.co/mcan8muuNN","1745558995371532656","https://pbs.twimg.com/tweet_video_thumb/GDl4p9AawAAAlz4.jpg","","in","Indonesia","0","0","4","https://x.com/infoBMKG/status/1745558995371532656","108543358","infoBMKG"
"1745551697727078689","Thu Jan 11 21:02:10 +0000 2024","6","#Gempa Mag:3.2 12-Jan-2024 03:59:02WIB Lok:1.19LU 127.05BT (48 km BaratLaut JAILOLO-MALUT) Kedlmn:17 Km #BMKG Disclaimer:Informasi ini mengutamakan kecepatan sehingga hasil pengolahan data belum stabil dan bisa berubah seiring kelengkapan data https://t.co/3QEPrebWNa","1745551697727078689","https://pbs.twimg.com/tweet_video_thumb/GDlyBL8bgAAKza_.jpg","","in","Indonesia","0","3","2","https://x.com/infoBMKG/status/1745551697727078689","108543358","infoBMKG"
"1745520489869774916","Thu Jan 11 18:58:09 +0000 2024","29","#Gempa Mag:2.9 12-Jan-2024 01:54:20WIB Lok:8.34LS 115.28BT (13 km BaratLaut BANGLI-BALI) Kedlmn:213 Km #BMKG Disclaimer:Informasi ini mengutamakan kecepatan sehingga hasil pengolahan data belum stabil dan bisa berubah seiring kelengkapan data https://t.co/7K2IE2Hnfm","1745520489869774916","https://pbs.twimg.com/tweet_video_thumb/GDlVorpa4AMGFhV.jpg","","in","Indonesia","0","6","4","https://x.com/infoBMKG/status/1745520489869774916","108543358","infoBMKG"
"1745507402638877098","Thu Jan 11 18:06:09 +0000 2024","16","#Gempa Mag:3.6 12-Jan-2024 01:01:31WIB Lok:3.50LS 101.89BT (34 km BaratDaya BENGKULUUTARA) Kedlmn:85 Km #BMKG Disclaimer:Informasi ini mengutamakan kecepatan sehingga hasil pengolahan data belum stabil dan bisa berubah seiring kelengkapan data https://t.co/zPcOAlbMyb","1745507402638877098","https://pbs.twimg.com/tweet_video_thumb/GDlJu53akAEqgUQ.jpg","","in","Indonesia","0","0","6","https://x.com/infoBMKG/status/1745507402638877098","108543358","infoBMKG"
"1745467385577161192","Thu Jan 11 15:27:08 +0000 2024","21","#Gempa Mag:3.1 11-Jan-2024 22:24:14WIB Lok:5.09LU 95.85BT (31 km Tenggara JANTHO-ACEHBESAR) Kedlmn:10 Km #BMKG Disclaimer:Informasi ini mengutamakan kecepatan sehingga hasil pengolahan data belum stabil dan bisa berubah seiring kelengkapan data https://t.co/JOjeFrjTgf","1745467385577161192","https://pbs.twimg.com/tweet_video_thumb/GDklVmIbEAAfI6k.jpg","","in","Indonesia","0","0","5","https://x.com/infoBMKG/status/1745467385577161192","108543358","infoBMKG"
"1745466381108404732","Thu Jan 11 15:23:09 +0000 2024","18","#Gempa Mag:3.8 11-Jan-2024 22:19:42WIB Lok:0.34LU 98.62BT (93 km Tenggara NIASSELATAN-SUMUT) Kedlmn:16 Km #BMKG Disclaimer:Informasi ini mengutamakan kecepatan sehingga hasil pengolahan data belum stabil dan bisa berubah seiring kelengkapan data https://t.co/nyOtBo5ChS","1745466381108404732","https://pbs.twimg.com/tweet_video_thumb/GDkkbGJbsAATXXM.jpg","","in","Indonesia","0","1","3","https://x.com/infoBMKG/status/1745466381108404732","108543358","infoBMKG"
"1745461355615015268","Thu Jan 11 15:03:10 +0000 2024","12","#Gempa Mag:3.4 11-Jan-2024 21:59:37WIB Lok:1.82LU 124.16BT (83 km BaratLaut AMURANG-MINSEL-SULUT) Kedlmn:304 Km #BMKG Disclaimer:Informasi ini mengutamakan kecepatan sehingga hasil pengolahan data belum stabil dan bisa berubah seiring kelengkapan data https://t.co/T6bcDHEZsU","1745461355615015268","https://pbs.twimg.com/tweet_video_thumb/GDkf2cDbAAAl97i.jpg","","in","Indonesia","0","0","3","https://x.com/infoBMKG/status/1745461355615015268","108543358","infoBMKG"
"1745453796824924192","Thu Jan 11 14:33:08 +0000 2024","84","#Gempa Mag:4.2 11-Jan-2024 21:26:32WIB Lok:9.58LS 106.67BT (288 km Tenggara KAB-SUKABUMI-JABAR) Kedlmn:10 Km #BMKG Disclaimer:Informasi ini mengutamakan kecepatan sehingga hasil pengolahan data belum stabil dan bisa berubah seiring kelengkapan data https://t.co/Pxw5TyTmyj","1745453796824924192","https://pbs.twimg.com/tweet_video_thumb/GDkY-oXbkAEz4fm.jpg","","in","Indonesia","0","2","23","https://x.com/infoBMKG/status/1745453796824924192","108543358","infoBMKG"
"1745453545254772872","Thu Jan 11 14:32:08 +0000 2024","33","#Gempa Mag:4.2 11-Jan-2024 21:26:32WIB Lok:9.58LS 106.67BT (288 km Tenggara KAB-SUKABUMI-JABAR) Kedlmn:10 Km #BMKG Disclaimer:Informasi ini mengutamakan kecepatan sehingga hasil pengolahan data belum stabil dan bisa berubah seiring kelengkapan data https://t.co/HXOlhmXi6G","1745453545254772872","https://pbs.twimg.com/tweet_video_thumb/GDkYv_YbwAApCOv.jpg","","in","Indonesia","0","0","11","https://x.com/infoBMKG/status/1745453545254772872","108543358","infoBMKG"
"1745453294099849717","Thu Jan 11 14:31:08 +0000 2024","171","#Gempa Mag:4.2 11-Jan-2024 21:26:32WIB Lok:9.58LS 106.67BT (288 km Tenggara KAB-SUKABUMI-JABAR) Kedlmn:10 Km #BMKG Disclaimer:Informasi ini mengutamakan kecepatan sehingga hasil pengolahan data belum stabil dan bisa berubah seiring kelengkapan data https://t.co/TQSjxCqAxV","1745453294099849717","https://pbs.twimg.com/tweet_video_thumb/GDkYhXJbsAERTCU.jpg","","in","Indonesia","4","3","46","https://x.com/infoBMKG/status/1745453294099849717","108543358","infoBMKG"
"1745453043980861754","Thu Jan 11 14:30:09 +0000 2024","85","#Gempa Mag:4.2 11-Jan-2024 21:26:32WIB Lok:9.58LS 106.67BT (288 km Tenggara KAB-SUKABUMI-JABAR) Kedlmn:10 Km #BMKG Disclaimer:Informasi ini mengutamakan kecepatan sehingga hasil pengolahan data belum stabil dan bisa berubah seiring kelengkapan data https://t.co/rtYg5FDwcY","1745453043980861754","https://pbs.twimg.com/tweet_video_thumb/GDkYSq1aAAAuCz3.jpg","","in","Indonesia","1","1","17","https://x.com/infoBMKG/status/1745453043980861754","108543358","infoBMKG"
"1745449020414398685","Thu Jan 11 14:14:09 +0000 2024","17","#Gempa Mag:3.6 11-Jan-2024 21:11:26WIB Lok:1.81LU 126.52BT (129 km BaratLaut HALMAHERABARAT-MALUT) Kedlmn:10 Km #BMKG Disclaimer:Informasi ini mengutamakan kecepatan sehingga hasil pengolahan data belum stabil dan bisa berubah seiring kelengkapan data https://t.co/7LHKFYiTC8","1745449020414398685","https://pbs.twimg.com/tweet_video_thumb/GDkUom-b0AE-IYa.jpg","","in","Indonesia","0","0","2","https://x.com/infoBMKG/status/1745449020414398685","108543358","infoBMKG"
"1745413281660248388","Thu Jan 11 11:52:09 +0000 2024","16","#Gempa Mag:4.3 11-Jan-2024 18:49:29WIB Lok:3.27LS 140.52BT (28 km BaratLaut KEEROM-PAPUA) Kedlmn:36 Km #BMKG Disclaimer:Informasi ini mengutamakan kecepatan sehingga hasil pengolahan data belum stabil dan bisa berubah seiring kelengkapan data https://t.co/y5MiYQs7lQ","1745413281660248388","https://pbs.twimg.com/tweet_video_thumb/GDj0IU8aMAAN13Q.jpg","","in","Indonesia","0","1","4","https://x.com/infoBMKG/status/1745413281660248388","108543358","infoBMKG"
"1745410259882242130","Thu Jan 11 11:40:08 +0000 2024","168","#Gempa Mag:4.5 11-Jan-2024 18:35:10WIB Lok:9.01LS 111.31BT (95 km Tenggara PACITAN-JATIM) Kedlmn:10 Km #BMKG Disclaimer:Informasi ini mengutamakan kecepatan sehingga hasil pengolahan data belum stabil dan bisa berubah seiring kelengkapan data https://t.co/KBDLeNQmem","1745410259882242130","https://pbs.twimg.com/tweet_video_thumb/GDjxYdFbMAAWneH.jpg","","in","Indonesia","1","4","29","https://x.com/infoBMKG/status/1745410259882242130","108543358","infoBMKG"
"1745405988298211669","Thu Jan 11 11:23:10 +0000 2024","15","#Gempa Mag:2.8 11-Jan-2024 18:20:51WIB Lok:1.34LS 120.37BT (43 km BaratLaut POSO-SULTENG) Kedlmn:10 Km #BMKG Disclaimer:Informasi ini mengutamakan kecepatan sehingga hasil pengolahan data belum stabil dan bisa berubah seiring kelengkapan data https://t.co/vVdnLx1d1s","1745405988298211669","https://pbs.twimg.com/tweet_video_thumb/GDjtf0Ba8AAodOC.jpg","","in","Indonesia","0","1","1","https://x.com/infoBMKG/status/1745405988298211669","108543358","infoBMKG"
"1744719470512496834","Tue Jan 09 13:55:11 +0000 2024","13","#Gempa Mag:3.7 09-Jan-2024 20:50:29WIB Lok:2.66LS 140.23BT (55 km TimurLaut KAB-JAYAPURA-PAPUA) Kedlmn:10 Km #BMKG Disclaimer:Informasi ini mengutamakan kecepatan sehingga hasil pengolahan data belum stabil dan bisa berubah seiring kelengkapan data https://t.co/Ao6ufJdV2B","1744719470512496834","https://pbs.twimg.com/tweet_video_thumb/GDZ9HL7bMAAhZn_.jpg","","in","Indonesia","0","1","4","https://x.com/infoBMKG/status/1744719470512496834","108543358","infoBMKG"
"1744713170315628763","Tue Jan 09 13:30:09 +0000 2024","23","#Gempa Mag:2.9 09-Jan-2024 20:27:30WIB Lok:2.05LU 98.90BT (8 km BaratLaut TAPANULIUTARA-SUMUT) Kedlmn:101 Km #BMKG Disclaimer:Informasi ini mengutamakan kecepatan sehingga hasil pengolahan data belum stabil dan bisa berubah seiring kelengkapan data https://t.co/PZKfuz6eb3","1744713170315628763","https://pbs.twimg.com/tweet_video_thumb/GDZ3YfJbMAANJj2.jpg","","in","Indonesia","0","4","4","https://x.com/infoBMKG/status/1744713170315628763","108543358","infoBMKG"
"1744695054869102981","Tue Jan 09 12:18:10 +0000 2024","9","#Gempa Mag:3.6 09-Jan-2024 19:15:18WIB Lok:0.49LU 126.71BT (79 km BaratDaya TERNATE-MALUT) Kedlmn:20 Km #BMKG Disclaimer:Informasi ini mengutamakan kecepatan sehingga hasil pengolahan data belum stabil dan bisa berubah seiring kelengkapan data https://t.co/5ohhj0AhfU","1744695054869102981","https://pbs.twimg.com/tweet_video_thumb/GDZm6Coa8AAQCR-.jpg","","in","Indonesia","0","1","4","https://x.com/infoBMKG/status/1744695054869102981","108543358","infoBMKG"
"1744693545343348934","Tue Jan 09 12:12:10 +0000 2024","19","#Gempa Mag:3.4 09-Jan-2024 19:10:27WIB Lok:8.29LS 118.53BT (28 km BaratLaut BIMA-NTB) Kedlmn:16 Km #BMKG Disclaimer:Informasi ini mengutamakan kecepatan sehingga hasil pengolahan data belum stabil dan bisa berubah seiring kelengkapan data https://t.co/HyMEAypQ1o","1744693545343348934","https://pbs.twimg.com/tweet_video_thumb/GDZliJdbEAAfMsU.jpg","","in","Indonesia","0","1","4","https://x.com/infoBMKG/status/1744693545343348934","108543358","infoBMKG"
"1744689259842613421","Tue Jan 09 11:55:08 +0000 2024","72","#Gempa Mag:4.2 09-Jan-2024 18:50:59WIB Lok:6.07LS 103.92BT (97 km BaratDaya PESISIRBARAT-LAMPUNG) Kedlmn:20 Km #BMKG Disclaimer:Informasi ini mengutamakan kecepatan sehingga hasil pengolahan data belum stabil dan bisa berubah seiring kelengkapan data https://t.co/kiL1XEFh1Y","1744689259842613421","https://pbs.twimg.com/tweet_video_thumb/GDZhotuawAADXhy.jpg","","in","Indonesia","3","1","22","https://x.com/infoBMKG/status/1744689259842613421","108543358","infoBMKG"
"1744633396905791739","Tue Jan 09 08:13:10 +0000 2024","17","#Gempa Mag:2.7 09-Jan-2024 15:09:01WIB Lok:0.22LS 100.40BT (10 km TimurLaut BUKITTINGGI-SUMBAR) Kedlmn:11 Km #BMKG Disclaimer:Informasi ini mengutamakan kecepatan sehingga hasil pengolahan data belum stabil dan bisa berubah seiring kelengkapan data https://t.co/N8mTWThVbE","1744633396905791739","https://pbs.twimg.com/tweet_video_thumb/GDYu1CbbgAAAM0y.jpg","","in","Indonesia","0","1","4","https://x.com/infoBMKG/status/1744633396905791739","108543358","infoBMKG"
"1744599425962672571","Tue Jan 09 05:58:10 +0000 2024","12","#Gempa Mag:4.5 09-Jan-2024 12:53:50WIB Lok:4.51LS 133.92BT (135 km BaratDaya KAIMANA-PAPUABRT) Kedlmn:70 Km #BMKG Disclaimer:Informasi ini mengutamakan kecepatan sehingga hasil pengolahan data belum stabil dan bisa berubah seiring kelengkapan data https://t.co/2l6wHq0Xj4","1744599425962672571","https://pbs.twimg.com/tweet_video_thumb/GDYP7sVbQAAHAGO.jpg","","in","Indonesia","0","1","5","https://x.com/infoBMKG/status/1744599425962672571","108543358","infoBMKG"
"1744594644036681912","Tue Jan 09 05:39:10 +0000 2024","7","#Gempa Mag:3.7 09-Jan-2024 12:35:55WIB Lok:4.52LS 133.90BT (136 km BaratDaya KAIMANA-PAPUABRT) Kedlmn:14 Km #BMKG Disclaimer:Informasi ini mengutamakan kecepatan sehingga hasil pengolahan data belum stabil dan bisa berubah seiring kelengkapan data https://t.co/0vuiunGIY1","1744594644036681912","https://pbs.twimg.com/tweet_video_thumb/GDYLlXhbYAATVWp.jpg","","in","Indonesia","0","0","3","https://x.com/infoBMKG/status/1744594644036681912","108543358","infoBMKG"
"1744594390184808580","Tue Jan 09 05:38:10 +0000 2024","10","#Gempa Mag:4.0 09-Jan-2024 12:33:59WIB Lok:2.77LU 125.46BT (11 km TimurLaut ONDONG-KEP.SITARO-SULUT) Kedlmn:128 Km #BMKG Disclaimer:Informasi ini mengutamakan kecepatan sehingga hasil pengolahan data belum stabil dan bisa berubah seiring kelengkapan data https://t.co/1uZxWCEnDO","1744594390184808580","https://pbs.twimg.com/tweet_video_thumb/GDYLWlsbAAALuBS.jpg","","in","Indonesia","1","0","3","https://x.com/infoBMKG/status/1744594390184808580","108543358","infoBMKG"
"1744591936886030607","Tue Jan 09 05:28:25 +0000 2024","9","#Gempa Mag:5.3 09-Jan-24 12:25:24 WIB Lok:4.46 LS 133.91 BT (130 km BaratDaya KAIMANA-PAPUABRT) Kedlmn:10 Km tdk berpotensi tsunami #BMKG https://t.co/LyLVHaF4cm","1744591936886030607","https://pbs.twimg.com/tweet_video_thumb/GDYJHyRbIAA7E3v.jpg","","in","Indonesia","1","0","10","https://x.com/infoBMKG/status/1744591936886030607","108543358","infoBMKG"
"1744591877222088882","Tue Jan 09 05:28:11 +0000 2024","7","#Gempa Mag:5.3 09-Jan-2024 12:25:24WIB Lok:4.46LS 133.91BT (130 km BaratDaya KAIMANA-PAPUABRT) Kedlmn:10 Km #BMKG Disclaimer:Informasi ini mengutamakan kecepatan sehingga hasil pengolahan data belum stabil dan bisa berubah seiring kelengkapan data https://t.co/nN1AJgTC6Y","1744591877222088882","https://pbs.twimg.com/tweet_video_thumb/GDYJESLbEAAh2AA.jpg","","in","Indonesia","0","1","3","https://x.com/infoBMKG/status/1744591877222088882","108543358","infoBMKG"
"1744587084328038811","Tue Jan 09 05:09:08 +0000 2024","52","#Gempa Mag:2.5 09-Jan-2024 12:05:29WIB Lok:7.15LS 109.87BT (24 km BaratLaut WONOSOBO-JATENG) Kedlmn:10 Km #BMKG Disclaimer:Informasi ini mengutamakan kecepatan sehingga hasil pengolahan data belum stabil dan bisa berubah seiring kelengkapan data https://t.co/LjRGgSCCYN","1744587084328038811","https://pbs.twimg.com/tweet_video_thumb/GDYEtU2bQAADka5.jpg","","in","Indonesia","4","2","14","https://x.com/infoBMKG/status/1744587084328038811","108543358","infoBMKG"
"1744581811752353810","Tue Jan 09 04:48:11 +0000 2024","27","#Gempa Mag:5.1 09-Jan-24 11:45:08 WIB Lok:0.12 LU 96.50 BT (142 km BaratDaya NIASBARAT-SUMUT) Kedlmn:24 Km tdk berpotensi tsunami #BMKG https://t.co/zMgupACbU1","1744581811752353810","https://pbs.twimg.com/tweet_video_thumb/GDX_6bebYAAwEOc.jpg","","in","Indonesia","2","0","8","https://x.com/infoBMKG/status/1744581811752353810","108543358","infoBMKG"
"1744581802390589950","Tue Jan 09 04:48:09 +0000 2024","23","#Gempa Mag:5.2 09-Jan-2024 11:45:07WIB Lok:0.10LU 96.47BT (146 km BaratDaya NIASBARAT-SUMUT) Kedlmn:14 Km #BMKG Disclaimer:Informasi ini mengutamakan kecepatan sehingga hasil pengolahan data belum stabil dan bisa berubah seiring kelengkapan data https://t.co/NSzooBJAWr","1744581802390589950","https://pbs.twimg.com/tweet_video_thumb/GDX_516aYAAI9Lq.jpg","","in","Indonesia","0","0","4","https://x.com/infoBMKG/status/1744581802390589950","108543358","infoBMKG"
"1744576514275070007","Tue Jan 09 04:27:08 +0000 2024","50","#Gempa Mag:3.8 09-Jan-2024 11:22:35WIB Lok:9.30LS 113.18BT (129 km BaratDaya LUMAJANG-JATIM) Kedlmn:10 Km #BMKG Disclaimer:Informasi ini mengutamakan kecepatan sehingga hasil pengolahan data belum stabil dan bisa berubah seiring kelengkapan data https://t.co/aquEUpe6BA","1744576514275070007","https://pbs.twimg.com/tweet_video_thumb/GDX7GE-bEAAaL7d.jpg","","in","Indonesia","1","0","15","https://x.com/infoBMKG/status/1744576514275070007","108543358","infoBMKG"
"1744572992393498870","Tue Jan 09 04:13:08 +0000 2024","45","#Gempa Mag:3.4 09-Jan-2024 11:06:40WIB Lok:8.51LS 108.10BT (99 km BaratDaya KAB-PANGANDARAN-JABAR) Kedlmn:10 Km #BMKG Disclaimer:Informasi ini mengutamakan kecepatan sehingga hasil pengolahan data belum stabil dan bisa berubah seiring kelengkapan data https://t.co/tS0dBFngHQ","1744572992393498870","https://pbs.twimg.com/tweet_video_thumb/GDX35D4bUAActCg.jpg","","in","Indonesia","2","0","16","https://x.com/infoBMKG/status/1744572992393498870","108543358","infoBMKG"
"1744557646764769690","Tue Jan 09 03:12:09 +0000 2024","12","#Gempa Mag:2.9 09-Jan-2024 10:07:39WIB Lok:0.26LS 122.95BT (90 km BaratDaya BONEBOLANGO-GORONTALO) Kedlmn:33 Km #BMKG Disclaimer:Informasi ini mengutamakan kecepatan sehingga hasil pengolahan data belum stabil dan bisa berubah seiring kelengkapan data https://t.co/rB5yFrSdwY","1744557646764769690","https://pbs.twimg.com/tweet_video_thumb/GDXp709bYAE_0qv.jpg","","in","Indonesia","1","0","3","https://x.com/infoBMKG/status/1744557646764769690","108543358","infoBMKG"
"1744529964505157940","Tue Jan 09 01:22:09 +0000 2024","10","#Gempa Mag:3.1 09-Jan-2024 08:18:07WIB Lok:2.32LS 119.20BT (40 km BaratDaya MAMUJUTENGAH-SULBAR) Kedlmn:10 Km #BMKG Disclaimer:Informasi ini mengutamakan kecepatan sehingga hasil pengolahan data belum stabil dan bisa berubah seiring kelengkapan data https://t.co/XOwssGZiUG","1744529964505157940","https://pbs.twimg.com/tweet_video_thumb/GDXQwe1bcAAp9uB.jpg","","in","Indonesia","0","0","2","https://x.com/infoBMKG/status/1744529964505157940","108543358","infoBMKG"
"1744527453165699379","Tue Jan 09 01:12:11 +0000 2024","18","#Gempa Mag:4.6 09-Jan-2024 08:08:40WIB Lok:4.86LU 126.41BT (100 km BaratLaut MELONGUANE-SULUT) Kedlmn:43 Km #BMKG Disclaimer:Informasi ini mengutamakan kecepatan sehingga hasil pengolahan data belum stabil dan bisa berubah seiring kelengkapan data https://t.co/kvAsBVEJwy","1744527453165699379","https://pbs.twimg.com/tweet_video_thumb/GDXOeVGbkAAeeqI.jpg","","in","Indonesia","0","0","3","https://x.com/infoBMKG/status/1744527453165699379","108543358","infoBMKG"
"1744493219814219839","Mon Jan 08 22:56:09 +0000 2024","19","#Gempa Mag:4.1 09-Jan-2024 05:49:59WIB Lok:5.09LU 126.44BT (124 km BaratLaut MELONGUANE-SULUT) Kedlmn:87 Km #BMKG Disclaimer:Informasi ini mengutamakan kecepatan sehingga hasil pengolahan data belum stabil dan bisa berubah seiring kelengkapan data https://t.co/NXPbPLXTr2","1744493219814219839","https://pbs.twimg.com/tweet_video_thumb/GDWvVsvbEAAkcFk.jpg","","in","Indonesia","1","0","2","https://x.com/infoBMKG/status/1744493219814219839","108543358","infoBMKG"
"1743945869198790863","Sun Jan 07 10:41:10 +0000 2024","138","#Gempa Mag:5.1 07-Jan-2024 17:38:23WIB Lok:1.85LS 122.48BT (86 km BaratDaya BANGGAIKEP-SULTENG) Kedlmn:10 Km #BMKG Disclaimer:Informasi ini mengutamakan kecepatan sehingga hasil pengolahan data belum stabil dan bisa berubah seiring kelengkapan data https://t.co/9g4Ks1NqUB","1743945869198790863","https://pbs.twimg.com/tweet_video_thumb/GDO9hqEasAAzneb.jpg","","in","Indonesia","23","18","32","https://x.com/infoBMKG/status/1743945869198790863","108543358","infoBMKG"
"1743901573091299420","Sun Jan 07 07:45:09 +0000 2024","33","#Gempa Mag:3.9 07-Jan-2024 14:40:25WIB Lok:2.97LS 101.55BT (65 km Tenggara MUKOMUKO-BENGKULU) Kedlmn:10 Km #BMKG Disclaimer:Informasi ini mengutamakan kecepatan sehingga hasil pengolahan data belum stabil dan bisa berubah seiring kelengkapan data https://t.co/MXZmK64Fa7","1743901573091299420","https://pbs.twimg.com/tweet_video_thumb/GDOVPUEbYAEAk8r.jpg","","in","Indonesia","0","0","7","https://x.com/infoBMKG/status/1743901573091299420","108543358","infoBMKG"
"1743885466863321414","Sun Jan 07 06:41:09 +0000 2024","9","#Gempa Mag:2.9 07-Jan-2024 13:34:31WIB Lok:8.56LS 123.34BT (18 km BaratDaya LEMBATA-NTT) Kedlmn:155 Km #BMKG Disclaimer:Informasi ini mengutamakan kecepatan sehingga hasil pengolahan data belum stabil dan bisa berubah seiring kelengkapan data https://t.co/oe4kAvlWw5","1743885466863321414","https://pbs.twimg.com/tweet_video_thumb/GDOGlxZbAAAHWoA.jpg","","in","Indonesia","0","0","1","https://x.com/infoBMKG/status/1743885466863321414","108543358","infoBMKG"
"1743846212770697547","Sun Jan 07 04:05:10 +0000 2024","17","#Gempa Mag:2.9 07-Jan-2024 11:02:09WIB Lok:2.52LS 121.01BT (19 km BaratLaut LUWUTIMUR-SULSEL) Kedlmn:10 Km #BMKG Disclaimer:Informasi ini mengutamakan kecepatan sehingga hasil pengolahan data belum stabil dan bisa berubah seiring kelengkapan data https://t.co/QpKrkDU9lG","1743846212770697547","https://pbs.twimg.com/tweet_video_thumb/GDNi459bEAAiLtC.jpg","","in","Indonesia","0","0","3","https://x.com/infoBMKG/status/1743846212770697547","108543358","infoBMKG"
"1743842679656767832","Sun Jan 07 03:51:08 +0000 2024","12","#Gempa Mag:4.4 07-Jan-2024 10:47:30WIB Lok:4.72LU 127.72BT (140 km TimurLaut MELONGUANE-SULUT) Kedlmn:76 Km #BMKG Disclaimer:Informasi ini mengutamakan kecepatan sehingga hasil pengolahan data belum stabil dan bisa berubah seiring kelengkapan data https://t.co/aR3JUgvECp","1743842679656767832","https://pbs.twimg.com/tweet_video_thumb/GDNfrRFaUAA636V.jpg","","in","Indonesia","0","0","1","https://x.com/infoBMKG/status/1743842679656767832","108543358","infoBMKG"
"1743840675098239305","Sun Jan 07 03:43:10 +0000 2024","11","#Gempa Mag:3.5 07-Jan-2024 10:40:07WIB Lok:1.57LU 128.68BT (35 km TimurLaut HALMAHERATIMUR-MALUT) Kedlmn:10 Km #BMKG Disclaimer:Informasi ini mengutamakan kecepatan sehingga hasil pengolahan data belum stabil dan bisa berubah seiring kelengkapan data https://t.co/zFJn3AI32N","1743840675098239305","https://pbs.twimg.com/tweet_video_thumb/GDNd2l0aEAA5c_o.jpg","","in","Indonesia","0","1","1","https://x.com/infoBMKG/status/1743840675098239305","108543358","infoBMKG"
"1743837902076063883","Sun Jan 07 03:32:09 +0000 2024","18","#Gempa Mag:3.8 07-Jan-2024 10:27:38WIB Lok:0.33LS 98.80BT (124 km BaratDaya PASAMANBARAT-SUMBAR) Kedlmn:11 Km #BMKG Disclaimer:Informasi ini mengutamakan kecepatan sehingga hasil pengolahan data belum stabil dan bisa berubah seiring kelengkapan data https://t.co/jaYEVthRTl","1743837902076063883","https://pbs.twimg.com/tweet_video_thumb/GDNbVLkaUAANwMH.jpg","","in","Indonesia","0","0","6","https://x.com/infoBMKG/status/1743837902076063883","108543358","infoBMKG"
"1743831858704720366","Sun Jan 07 03:08:08 +0000 2024","42","#Gempa Mag:4.0 07-Jan-2024 10:05:44WIB Lok:3.43LU 96.54BT (65 km BaratDaya BLANGPIDIE-ACEHBARATDAYA) Kedlmn:11 Km #BMKG Disclaimer:Informasi ini mengutamakan kecepatan sehingga hasil pengolahan data belum stabil dan bisa berubah seiring kelengkapan data https://t.co/b323g6pFUd","1743831858704720366","https://pbs.twimg.com/tweet_video_thumb/GDNV1YEaEAAZYbz.jpg","","in","Indonesia","0","0","5","https://x.com/infoBMKG/status/1743831858704720366","108543358","infoBMKG"
"1743804429487464721","Sun Jan 07 01:19:08 +0000 2024","17","#Gempa Mag:4.4 07-Jan-2024 08:15:49WIB Lok:6.30LS 130.45BT (208 km BaratLaut MALUKUTENGGARABRT) Kedlmn:147 Km #BMKG Disclaimer:Informasi ini mengutamakan kecepatan sehingga hasil pengolahan data belum stabil dan bisa berubah seiring kelengkapan data https://t.co/gzVVfnzQsG","1743804429487464721","https://pbs.twimg.com/tweet_video_thumb/GDM840CakAAdNja.jpg","","in","Indonesia","0","0","1","https://x.com/infoBMKG/status/1743804429487464721","108543358","infoBMKG"
"1743799898754171173","Sun Jan 07 01:01:08 +0000 2024","35","#Gempa Mag:2.2 07-Jan-2024 07:58:05WIB Lok:4.99LU 95.98BT (33 km BaratDaya KAB-PIDIEJAYA-ACEH) Kedlmn:10 Km #BMKG Disclaimer:Informasi ini mengutamakan kecepatan sehingga hasil pengolahan data belum stabil dan bisa berubah seiring kelengkapan data https://t.co/1Mm2CrONdW","1743799898754171173","https://pbs.twimg.com/tweet_video_thumb/GDM4xGkakAAZ22P.jpg","","in","Indonesia","0","0","6","https://x.com/infoBMKG/status/1743799898754171173","108543358","infoBMKG"
"1743795625886662969","Sun Jan 07 00:44:10 +0000 2024","17","#Gempa Mag:3.9 07-Jan-2024 07:40:21WIB Lok:7.39LS 120.35BT (123 km BaratDaya SELAYAR-SULSEL) Kedlmn:476 Km #BMKG Disclaimer:Informasi ini mengutamakan kecepatan sehingga hasil pengolahan data belum stabil dan bisa berubah seiring kelengkapan data https://t.co/hyZLTaqJkE","1743795625886662969","https://pbs.twimg.com/tweet_video_thumb/GDM04WVacAAgFBu.jpg","","in","Indonesia","0","1","3","https://x.com/infoBMKG/status/1743795625886662969","108543358","infoBMKG"
"1743746545286308271","Sat Jan 06 21:29:08 +0000 2024","225","#Gempa Mag:2.9 07-Jan-2024 04:23:35WIB Lok:8.03LS 107.39BT (106 km BaratDaya KAB-GARUT-JABAR) Kedlmn:23 Km #BMKG Disclaimer:Informasi ini mengutamakan kecepatan sehingga hasil pengolahan data belum stabil dan bisa berubah seiring kelengkapan data https://t.co/zvOMxLxVbm","1743746545286308271","https://pbs.twimg.com/tweet_video_thumb/GDMIPhnboAAVyXc.jpg","","in","Indonesia","2","10","42","https://x.com/infoBMKG/status/1743746545286308271","108543358","infoBMKG"
"1743744285114310718","Sat Jan 06 21:20:09 +0000 2024","9","#Gempa Mag:4.4 07-Jan-2024 04:16:37WIB Lok:7.08LS 130.51BT (132 km BaratLaut MALUKUTENGGARABRT) Kedlmn:15 Km #BMKG Disclaimer:Informasi ini mengutamakan kecepatan sehingga hasil pengolahan data belum stabil dan bisa berubah seiring kelengkapan data https://t.co/pYSTBPxNbZ","1743744285114310718","https://pbs.twimg.com/tweet_video_thumb/GDMGL9eakAA2MXk.jpg","","in","Indonesia","0","0","2","https://x.com/infoBMKG/status/1743744285114310718","108543358","infoBMKG"
"1743737744273346560","Sat Jan 06 20:54:09 +0000 2024","22","#Gempa Mag:3.4 07-Jan-2024 03:49:55WIB Lok:1.13LS 102.25BT (17 km BaratLaut TEBO-JAMBI) Kedlmn:10 Km #BMKG Disclaimer:Informasi ini mengutamakan kecepatan sehingga hasil pengolahan data belum stabil dan bisa berubah seiring kelengkapan data https://t.co/anp9EWCIrK","1743737744273346560","https://pbs.twimg.com/tweet_video_thumb/GDMAPOiaAAAAzx8.jpg","","in","Indonesia","0","0","7","https://x.com/infoBMKG/status/1743737744273346560","108543358","infoBMKG"
"1743733217742721138","Sat Jan 06 20:36:10 +0000 2024","15","#Gempa Mag:4.1 07-Jan-2024 03:32:50WIB Lok:4.88LS 130.48BT (197 km BaratDaya SERAMBAGIANTIMUR-MALUKU) Kedlmn:10 Km #BMKG Disclaimer:Informasi ini mengutamakan kecepatan sehingga hasil pengolahan data belum stabil dan bisa berubah seiring kelengkapan data https://t.co/PzKDfYyO8k","1743733217742721138","https://pbs.twimg.com/tweet_video_thumb/GDL8Hwwa0AA3iML.jpg","","in","Indonesia","0","0","2","https://x.com/infoBMKG/status/1743733217742721138","108543358","infoBMKG"
"1743730196929544559","Sat Jan 06 20:24:10 +0000 2024","24","#Gempa Mag:3.0 07-Jan-2024 03:20:37WIB Lok:0.20LS 123.07BT (82 km BaratDaya BONEBOLANGO-GORONTALO) Kedlmn:22 Km #BMKG Disclaimer:Informasi ini mengutamakan kecepatan sehingga hasil pengolahan data belum stabil dan bisa berubah seiring kelengkapan data https://t.co/U8W134zHhZ","1743730196929544559","https://pbs.twimg.com/tweet_video_thumb/GDL5X5GagAANaMC.jpg","","in","Indonesia","1","1","4","https://x.com/infoBMKG/status/1743730196929544559","108543358","infoBMKG"
"1743701508699689157","Sat Jan 06 18:30:10 +0000 2024","12","#Gempa Mag:2.9 07-Jan-2024 01:25:29WIB Lok:7.69LS 122.41BT (92 km BaratLaut LARANTUKA-NTT) Kedlmn:13 Km #BMKG Disclaimer:Informasi ini mengutamakan kecepatan sehingga hasil pengolahan data belum stabil dan bisa berubah seiring kelengkapan data https://t.co/f6BTaNRKPS","1743701508699689157","https://pbs.twimg.com/tweet_video_thumb/GDLfSB8aoAAJPw6.jpg","","in","Indonesia","0","0","3","https://x.com/infoBMKG/status/1743701508699689157","108543358","infoBMKG"
"1743693704895107417","Sat Jan 06 17:59:10 +0000 2024","19","#Gempa Mag:4.0 07-Jan-2024 00:55:36WIB Lok:0.82LS 126.78BT (82 km BaratDaya LABUHA-MALUT) Kedlmn:10 Km #BMKG Disclaimer:Informasi ini mengutamakan kecepatan sehingga hasil pengolahan data belum stabil dan bisa berubah seiring kelengkapan data https://t.co/vhr8eefQBA","1743693704895107417","https://pbs.twimg.com/tweet_video_thumb/GDLYLxWagAApqtp.jpg","","in","Indonesia","0","0","1","https://x.com/infoBMKG/status/1743693704895107417","108543358","infoBMKG"
"1743691940913467733","Sat Jan 06 17:52:09 +0000 2024","19","#Gempa Mag:2.4 07-Jan-2024 00:48:03WIB Lok:8.53LS 117.58BT (18 km Tenggara SUMBAWA-NTB) Kedlmn:184 Km #BMKG Disclaimer:Informasi ini mengutamakan kecepatan sehingga hasil pengolahan data belum stabil dan bisa berubah seiring kelengkapan data https://t.co/E4qtPkaiHS","1743691940913467733","https://pbs.twimg.com/tweet_video_thumb/GDLWlINbUAAs69z.jpg","","in","Indonesia","0","0","2","https://x.com/infoBMKG/status/1743691940913467733","108543358","infoBMKG"
"1743686909371801889","Sat Jan 06 17:32:09 +0000 2024","8","#Gempa Mag:2.8 07-Jan-2024 00:27:30WIB Lok:1.54LU 128.70BT (34 km TimurLaut HALMAHERATIMUR-MALUT) Kedlmn:10 Km #BMKG Disclaimer:Informasi ini mengutamakan kecepatan sehingga hasil pengolahan data belum stabil dan bisa berubah seiring kelengkapan data https://t.co/UOBGcpv5Gh","1743686909371801889","https://pbs.twimg.com/tweet_video_thumb/GDLSAOGagAAvq00.jpg","","in","Indonesia","0","1","1","https://x.com/infoBMKG/status/1743686909371801889","108543358","infoBMKG"
"1743676081079816497","Sat Jan 06 16:49:08 +0000 2024","17","#Gempa Mag:3.3 06-Jan-2024 23:45:01WIB Lok:1.80LS 139.86BT (104 km TimurLaut SARMI-PAPUA) Kedlmn:10 Km #BMKG Disclaimer:Informasi ini mengutamakan kecepatan sehingga hasil pengolahan data belum stabil dan bisa berubah seiring kelengkapan data https://t.co/r8zFLAhzwG","1743676081079816497","https://pbs.twimg.com/tweet_video_thumb/GDLIJ8Wa4AA_Day.jpg","","in","Indonesia","0","0","3","https://x.com/infoBMKG/status/1743676081079816497","108543358","infoBMKG"
"1743657718941196507","Sat Jan 06 15:36:10 +0000 2024","11","#Gempa Mag:3.2 06-Jan-2024 22:32:52WIB Lok:5.61LS 129.20BT (255 km Tenggara BURUSELATAN-MALUKU) Kedlmn:243 Km #BMKG Disclaimer:Informasi ini mengutamakan kecepatan sehingga hasil pengolahan data belum stabil dan bisa berubah seiring kelengkapan data https://t.co/7GeKVJMk27","1743657718941196507","https://pbs.twimg.com/tweet_video_thumb/GDK3dD1asAA8M5Z.jpg","","in","Indonesia","0","0","3","https://x.com/infoBMKG/status/1743657718941196507","108543358","infoBMKG"
"1743617954640712018","Sat Jan 06 12:58:09 +0000 2024","18","#Gempa Mag:3.0 06-Jan-2024 19:54:22WIB Lok:1.44LU 127.24BT (40 km BaratLaut HALMAHERABARAT-MALUT) Kedlmn:150 Km #BMKG Disclaimer:Informasi ini mengutamakan kecepatan sehingga hasil pengolahan data belum stabil dan bisa berubah seiring kelengkapan data https://t.co/wJpu2NH4jh","1743617954640712018","https://pbs.twimg.com/tweet_video_thumb/GDKTSjAbsAESIxn.jpg","","in","Indonesia","0","0","3","https://x.com/infoBMKG/status/1743617954640712018","108543358","infoBMKG"
"1743606128578327010","Sat Jan 06 12:11:10 +0000 2024","35","#Gempa Mag:4.5 06-Jan-2024 19:06:26WIB Lok:4.26LS 128.75BT (109 km BaratDaya MALUKUTENGAH) Kedlmn:10 Km #BMKG Disclaimer:Informasi ini mengutamakan kecepatan sehingga hasil pengolahan data belum stabil dan bisa berubah seiring kelengkapan data https://t.co/Rz0422fTBO","1743606128578327010","https://pbs.twimg.com/tweet_video_thumb/GDKIiMpasAAAofv.jpg","","in","Indonesia","0","2","6","https://x.com/infoBMKG/status/1743606128578327010","108543358","infoBMKG"
"1743605875926077618","Sat Jan 06 12:10:10 +0000 2024","7","#Gempa Mag:3.8 06-Jan-2024 19:03:28WIB Lok:4.41LS 128.63BT (117 km Tenggara BURUSELATAN-MALUKU) Kedlmn:10 Km #BMKG Disclaimer:Informasi ini mengutamakan kecepatan sehingga hasil pengolahan data belum stabil dan bisa berubah seiring kelengkapan data https://t.co/wjr0YGLHxb","1743605875926077618","https://pbs.twimg.com/tweet_video_thumb/GDKITddbAAAQpxz.jpg","","in","Indonesia","0","0","1","https://x.com/infoBMKG/status/1743605875926077618","108543358","infoBMKG"
"1743605625085702629","Sat Jan 06 12:09:10 +0000 2024","12","#Gempa Mag:4.3 06-Jan-2024 19:06:20WIB Lok:4.20LS 128.90BT (100 km BaratDaya MALUKUTENGAH) Kedlmn:156 Km #BMKG Disclaimer:Informasi ini mengutamakan kecepatan sehingga hasil pengolahan data belum stabil dan bisa berubah seiring kelengkapan data https://t.co/mpVJYSyj3q","1743605625085702629","https://pbs.twimg.com/tweet_video_thumb/GDKIE1aa4AAZb7a.jpg","","in","Indonesia","0","0","3","https://x.com/infoBMKG/status/1743605625085702629","108543358","infoBMKG"
"1743605120603140501","Sat Jan 06 12:07:10 +0000 2024","5","#Gempa Mag:3.8 06-Jan-2024 19:03:28WIB Lok:4.41LS 128.61BT (116 km Tenggara BURUSELATAN-MALUKU) Kedlmn:10 Km #BMKG Disclaimer:Informasi ini mengutamakan kecepatan sehingga hasil pengolahan data belum stabil dan bisa berubah seiring kelengkapan data https://t.co/UNu3iD7Asf","1743605120603140501","https://pbs.twimg.com/tweet_video_thumb/GDKHnf-akAAA4Yr.jpg","","in","Indonesia","0","0","0","https://x.com/infoBMKG/status/1743605120603140501","108543358","infoBMKG"
"1743603105793736710","Sat Jan 06 11:59:09 +0000 2024","9","#Gempa Mag:3.9 06-Jan-2024 18:56:38WIB Lok:4.45LS 128.67BT (124 km Tenggara BURUSELATAN-MALUKU) Kedlmn:10 Km #BMKG Disclaimer:Informasi ini mengutamakan kecepatan sehingga hasil pengolahan data belum stabil dan bisa berubah seiring kelengkapan data https://t.co/gzqe6hhr7O","1743603105793736710","https://pbs.twimg.com/tweet_video_thumb/GDKFyO8boAAdql6.jpg","","in","Indonesia","0","1","2","https://x.com/infoBMKG/status/1743603105793736710","108543358","infoBMKG"
"1743595808057184404","Sat Jan 06 11:30:09 +0000 2024","21","#Gempa Mag:2.8 06-Jan-2024 18:27:00WIB Lok:10.00LS 123.97BT (9 km Tenggara KAB-KUPANG-NTT) Kedlmn:10 Km #BMKG Disclaimer:Informasi ini mengutamakan kecepatan sehingga hasil pengolahan data belum stabil dan bisa berubah seiring kelengkapan data https://t.co/ZCFvp6hgRy","1743595808057184404","https://pbs.twimg.com/tweet_video_thumb/GDJ_Jdha4AAow0e.jpg","","in","Indonesia","0","1","1","https://x.com/infoBMKG/status/1743595808057184404","108543358","infoBMKG"
"1743589767512821989","Sat Jan 06 11:06:09 +0000 2024","6","#Gempa Mag:4.3 06-Jan-2024 18:02:27WIB Lok:4.62LU 125.40BT (112 km BaratLaut TAHUNA-KEP.SANGIHE-SULUT) Kedlmn:10 Km #BMKG Disclaimer:Informasi ini mengutamakan kecepatan sehingga hasil pengolahan data belum stabil dan bisa berubah seiring kelengkapan data https://t.co/dPmlEkheUO","1743589767512821989","https://pbs.twimg.com/tweet_video_thumb/GDJ5p1IbEAAiC3E.jpg","","in","Indonesia","0","2","4","https://x.com/infoBMKG/status/1743589767512821989","108543358","infoBMKG"
"1743541194670674129","Sat Jan 06 07:53:08 +0000 2024","6","#Gempa Mag:3.3 06-Jan-2024 14:47:00WIB Lok:10.41LS 120.35BT (19 km Tenggara KARERA-SUMBATIMUR-NTT) Kedlmn:13 Km #BMKG Disclaimer:Informasi ini mengutamakan kecepatan sehingga hasil pengolahan data belum stabil dan bisa berubah seiring kelengkapan data https://t.co/EDhATb7wBK","1743541194670674129","https://pbs.twimg.com/tweet_video_thumb/GDJNejNa4AAaatj.jpg","","in","Indonesia","0","0","1","https://x.com/infoBMKG/status/1743541194670674129","108543358","infoBMKG"
"1743540943750619474","Sat Jan 06 07:52:09 +0000 2024","6","#Gempa Mag:3.6 06-Jan-2024 14:48:57WIB Lok:10.47LS 120.37BT (25 km Tenggara KARERA-SUMBATIMUR-NTT) Kedlmn:10 Km #BMKG Disclaimer:Informasi ini mengutamakan kecepatan sehingga hasil pengolahan data belum stabil dan bisa berubah seiring kelengkapan data https://t.co/0mErSw0ogq","1743540943750619474","https://pbs.twimg.com/tweet_video_thumb/GDJNP8DaIAEtQiQ.jpg","","in","Indonesia","0","1","1","https://x.com/infoBMKG/status/1743540943750619474","108543358","infoBMKG"
"1743540692784443585","Sat Jan 06 07:51:09 +0000 2024","6","#Gempa Mag:3.3 06-Jan-2024 14:47:00WIB Lok:10.41LS 120.35BT (19 km Tenggara KARERA-SUMBATIMUR-NTT) Kedlmn:13 Km #BMKG Disclaimer:Informasi ini mengutamakan kecepatan sehingga hasil pengolahan data belum stabil dan bisa berubah seiring kelengkapan data https://t.co/ogXaq6XiKm","1743540692784443585","https://pbs.twimg.com/tweet_video_thumb/GDJNBSsbQAAr-ZF.jpg","","in","Indonesia","0","0","1","https://x.com/infoBMKG/status/1743540692784443585","108543358","infoBMKG"
"1743536920112877862","Sat Jan 06 07:36:09 +0000 2024","10","#Gempa Mag:3.7 06-Jan-2024 14:31:06WIB Lok:10.41LS 120.36BT (20 km Tenggara KARERA-SUMBATIMUR-NTT) Kedlmn:15 Km #BMKG Disclaimer:Informasi ini mengutamakan kecepatan sehingga hasil pengolahan data belum stabil dan bisa berubah seiring kelengkapan data https://t.co/FALTP0fBgh","1743536920112877862","https://pbs.twimg.com/tweet_video_thumb/GDJJluZbcAAjNui.jpg","","in","Indonesia","0","0","3","https://x.com/infoBMKG/status/1743536920112877862","108543358","infoBMKG"
"1743518803001213326","Sat Jan 06 06:24:10 +0000 2024","14","#Gempa Mag:2.6 06-Jan-2024 13:21:00WIB Lok:8.31LS 118.35BT (27 km BaratLaut DOMPU-NTB) Kedlmn:22 Km #BMKG Disclaimer:Informasi ini mengutamakan kecepatan sehingga hasil pengolahan data belum stabil dan bisa berubah seiring kelengkapan data https://t.co/5bcZ6pARxt","1743518803001213326","https://pbs.twimg.com/tweet_video_thumb/GDI5HLRaEAAZXd1.jpg","","in","Indonesia","0","2","2","https://x.com/infoBMKG/status/1743518803001213326","108543358","infoBMKG"
"1743516289660809607","Sat Jan 06 06:14:11 +0000 2024","7","#Gempa Mag:3.4 06-Jan-2024 13:11:25WIB Lok:1.29LS 134.25BT (50 km Tenggara MANOKWARISEL-PAPUABRT) Kedlmn:13 Km #BMKG Disclaimer:Informasi ini mengutamakan kecepatan sehingga hasil pengolahan data belum stabil dan bisa berubah seiring kelengkapan data https://t.co/BduPgCv3nc","1743516289660809607","https://pbs.twimg.com/tweet_video_thumb/GDI20y9bgAAbric.jpg","","in","Indonesia","0","1","2","https://x.com/infoBMKG/status/1743516289660809607","108543358","infoBMKG"
"1743505715631931549","Sat Jan 06 05:32:10 +0000 2024","13","#Gempa Mag:2.9 06-Jan-2024 12:28:52WIB Lok:8.03LS 118.86BT (48 km TimurLaut BIMA-NTB) Kedlmn:10 Km #BMKG Disclaimer:Informasi ini mengutamakan kecepatan sehingga hasil pengolahan data belum stabil dan bisa berubah seiring kelengkapan data https://t.co/QSuH1DjbpH","1743505715631931549","https://pbs.twimg.com/tweet_video_thumb/GDItNYUbcAA2iCN.jpg","","in","Indonesia","0","0","2","https://x.com/infoBMKG/status/1743505715631931549","108543358","infoBMKG"
"1743491373515579708","Sat Jan 06 04:35:10 +0000 2024","44","#Gempa Mag:2.6 06-Jan-2024 11:30:53WIB Lok:1.33LS 119.71BT (20 km BaratLaut SIGI-SULTENG) Kedlmn:10 Km #BMKG Disclaimer:Informasi ini mengutamakan kecepatan sehingga hasil pengolahan data belum stabil dan bisa berubah seiring kelengkapan data https://t.co/vV5kq3ylov","1743491373515579708","https://pbs.twimg.com/tweet_video_thumb/GDIgKi1agAADj-e.jpg","","in","Indonesia","0","3","7","https://x.com/infoBMKG/status/1743491373515579708","108543358","infoBMKG"
"1743486092639383615","Sat Jan 06 04:14:11 +0000 2024","16","#Gempa Mag:4.0 06-Jan-2024 11:10:02WIB Lok:1.29LS 119.68BT (24 km BaratLaut SIGI-SULTENG) Kedlmn:10 Km #BMKG Disclaimer:Informasi ini mengutamakan kecepatan sehingga hasil pengolahan data belum stabil dan bisa berubah seiring kelengkapan data https://t.co/jfxp6Rrz4C","1743486092639383615","https://pbs.twimg.com/tweet_video_thumb/GDIbXJ1bcAAKGsD.jpg","","in","Indonesia","0","1","3","https://x.com/infoBMKG/status/1743486092639383615","108543358","infoBMKG"
"1743472246365295080","Sat Jan 06 03:19:10 +0000 2024","18","#Gempa Mag:4.0 06-Jan-2024 10:16:29WIB Lok:0.18LS 122.99BT (81 km BaratDaya BONEBOLANGO-GORONTALO) Kedlmn:78 Km #BMKG Disclaimer:Informasi ini mengutamakan kecepatan sehingga hasil pengolahan data belum stabil dan bisa berubah seiring kelengkapan data https://t.co/xDBdCjiL3C","1743472246365295080","https://pbs.twimg.com/tweet_video_thumb/GDIOxNMbIAAzqYh.jpg","","in","Indonesia","1","0","3","https://x.com/infoBMKG/status/1743472246365295080","108543358","infoBMKG"
"1743240468522279199","Fri Jan 05 11:58:10 +0000 2024","30","#Gempa Mag:3.5 05-Jan-2024 18:54:17WIB Lok:1.57LU 128.67BT (35 km TimurLaut HALMAHERATIMUR-MALUT) Kedlmn:10 Km #BMKG Disclaimer:Informasi ini mengutamakan kecepatan sehingga hasil pengolahan data belum stabil dan bisa berubah seiring kelengkapan data https://t.co/xUJldnGcrj","1743240468522279199","https://pbs.twimg.com/tweet_video_thumb/GDE799JaAAA4czv.jpg","","in","Indonesia","0","0","6","https://x.com/infoBMKG/status/1743240468522279199","108543358","infoBMKG"
"1743182335242301518","Fri Jan 05 08:07:10 +0000 2024","10","#Gempa Mag:3.9 05-Jan-2024 15:03:59WIB Lok:0.41LS 125.77BT (178 km BaratLaut SANANA-MALUT) Kedlmn:13 Km #BMKG Disclaimer:Informasi ini mengutamakan kecepatan sehingga hasil pengolahan data belum stabil dan bisa berubah seiring kelengkapan data https://t.co/bbFWcGe3Hd","1743182335242301518","https://pbs.twimg.com/tweet_video_thumb/GDEHGKUasAAV4aa.jpg","","in","Indonesia","0","0","4","https://x.com/infoBMKG/status/1743182335242301518","108543358","infoBMKG"
"1743180574070812932","Fri Jan 05 08:00:10 +0000 2024","5","#Gempa Mag:3.5 05-Jan-2024 14:56:05WIB Lok:3.82LU 126.88BT (30 km Tenggara MELONGUANE-SULUT) Kedlmn:30 Km #BMKG Disclaimer:Informasi ini mengutamakan kecepatan sehingga hasil pengolahan data belum stabil dan bisa berubah seiring kelengkapan data https://t.co/MPWIHhW0p8","1743180574070812932","https://pbs.twimg.com/tweet_video_thumb/GDEFfqkaEAAlB76.jpg","","in","Indonesia","0","0","3","https://x.com/infoBMKG/status/1743180574070812932","108543358","infoBMKG"
"1743177294381043885","Fri Jan 05 07:47:08 +0000 2024","46","#Gempa Mag:3.0 05-Jan-2024 14:41:44WIB Lok:2.57LS 140.75BT (86 km BaratLaut KEEROM-PAPUA) Kedlmn:10 Km #BMKG Disclaimer:Informasi ini mengutamakan kecepatan sehingga hasil pengolahan data belum stabil dan bisa berubah seiring kelengkapan data https://t.co/aVcMTRNUPb","1743177294381043885","https://pbs.twimg.com/tweet_video_thumb/GDECgwYa0AAG5C8.jpg","","in","Indonesia","0","1","9","https://x.com/infoBMKG/status/1743177294381043885","108543358","infoBMKG"
"1743172009176322519","Fri Jan 05 07:26:08 +0000 2024","238","#Gempa Mag:3.3 05-Jan-2024 14:20:28WIB Lok:9.07LS 109.19BT (150 km Tenggara CILACAP-JATENG) Kedlmn:10 Km #BMKG Disclaimer:Informasi ini mengutamakan kecepatan sehingga hasil pengolahan data belum stabil dan bisa berubah seiring kelengkapan data https://t.co/92iD0agnZh","1743172009176322519","https://pbs.twimg.com/tweet_video_thumb/GDD9tGnbcAAzOpF.jpg","","in","Indonesia","1","10","54","https://x.com/infoBMKG/status/1743172009176322519","108543358","infoBMKG"
"1743171257292788035","Fri Jan 05 07:23:08 +0000 2024","9","#Gempa Mag:2.8 05-Jan-2024 14:19:58WIB Lok:9.27LS 123.05BT (100 km BaratDaya LEMBATA-NTT) Kedlmn:15 Km #BMKG Disclaimer:Informasi ini mengutamakan kecepatan sehingga hasil pengolahan data belum stabil dan bisa berubah seiring kelengkapan data https://t.co/Vxq1jjEnVs","1743171257292788035","https://pbs.twimg.com/tweet_video_thumb/GDD9BVtbsAAVkaz.jpg","","in","Indonesia","0","0","2","https://x.com/infoBMKG/status/1743171257292788035","108543358","infoBMKG"
"1743164466748157977","Fri Jan 05 06:56:09 +0000 2024","8","#Gempa Mag:3.6 05-Jan-2024 13:52:43WIB Lok:1.49LU 125.30BT (20 km TimurLaut BITUNG-SULUT) Kedlmn:97 Km #BMKG Disclaimer:Informasi ini mengutamakan kecepatan sehingga hasil pengolahan data belum stabil dan bisa berubah seiring kelengkapan data https://t.co/i8JwI7EZVm","1743164466748157977","https://pbs.twimg.com/tweet_video_thumb/GDD22FybEAAvyEp.jpg","","in","Indonesia","0","0","1","https://x.com/infoBMKG/status/1743164466748157977","108543358","infoBMKG"
"1743163203344093564","Fri Jan 05 06:51:08 +0000 2024","14","#Gempa Mag:3.9 05-Jan-2024 13:49:15WIB Lok:7.95LS 129.81BT (166 km BaratLaut MALUKUTENGGARABRT) Kedlmn:27 Km #BMKG Disclaimer:Informasi ini mengutamakan kecepatan sehingga hasil pengolahan data belum stabil dan bisa berubah seiring kelengkapan data https://t.co/9dZwCHa3Rs","1743163203344093564","https://pbs.twimg.com/tweet_video_thumb/GDD1sjHacAAxMPx.jpg","","in","Indonesia","0","0","2","https://x.com/infoBMKG/status/1743163203344093564","108543358","infoBMKG"
"1743157673225588790","Fri Jan 05 06:29:10 +0000 2024","7","#Gempa Mag:3.1 05-Jan-2024 13:24:12WIB Lok:1.57LU 128.75BT (41 km TimurLaut HALMAHERATIMUR-MALUT) Kedlmn:10 Km #BMKG Disclaimer:Informasi ini mengutamakan kecepatan sehingga hasil pengolahan data belum stabil dan bisa berubah seiring kelengkapan data https://t.co/vEFVF32Dqh","1743157673225588790","https://pbs.twimg.com/tweet_video_thumb/GDDwqoBa8AArKuP.jpg","","in","Indonesia","0","0","3","https://x.com/infoBMKG/status/1743157673225588790","108543358","infoBMKG"
"1743149370034557215","Fri Jan 05 05:56:10 +0000 2024","49","#Gempa Mag:4.7 05-Jan-2024 12:50:12WIB Lok:5.20LS 152.03BT (1268 km Tenggara KEEROM-PAPUA) Kedlmn:120 Km #BMKG Disclaimer:Informasi ini mengutamakan kecepatan sehingga hasil pengolahan data belum stabil dan bisa berubah seiring kelengkapan data https://t.co/Q1Phq7Jffu","1743149370034557215","https://pbs.twimg.com/tweet_video_thumb/GDDpHUtaoAAtkci.jpg","","in","Indonesia","0","0","13","https://x.com/infoBMKG/status/1743149370034557215","108543358","infoBMKG"
"1743144078056005930","Fri Jan 05 05:35:08 +0000 2024","8","#Gempa Mag:3.6 05-Jan-2024 12:31:59WIB Lok:7.58LS 128.59BT (109 km TimurLaut MALUKUBRTDAYA) Kedlmn:142 Km #BMKG Disclaimer:Informasi ini mengutamakan kecepatan sehingga hasil pengolahan data belum stabil dan bisa berubah seiring kelengkapan data https://t.co/YoDNBjzzLc","1743144078056005930","https://pbs.twimg.com/tweet_video_thumb/GDDkTTpaEAA5yJb.jpg","","in","Indonesia","0","0","3","https://x.com/infoBMKG/status/1743144078056005930","108543358","infoBMKG"
"1743143831514837441","Fri Jan 05 05:34:10 +0000 2024","4","#Gempa Mag:2.1 05-Jan-2024 12:29:23WIB Lok:0.12LU 119.52BT (69 km BaratLaut DONGGALA-SULTENG) Kedlmn:10 Km #BMKG Disclaimer:Informasi ini mengutamakan kecepatan sehingga hasil pengolahan data belum stabil dan bisa berubah seiring kelengkapan data https://t.co/kzl3nm2JY8","1743143831514837441","https://pbs.twimg.com/tweet_video_thumb/GDDkE7daQAA0A-l.jpg","","in","Indonesia","0","0","2","https://x.com/infoBMKG/status/1743143831514837441","108543358","infoBMKG"
"1743133018049634406","Fri Jan 05 04:51:12 +0000 2024","18","#Gempa Mag:2.6 05-Jan-2024 11:44:16WIB Lok:2.41LS 120.77BT (48 km BaratLaut LUWUTIMUR-SULSEL) Kedlmn:10 Km #BMKG Disclaimer:Informasi ini mengutamakan kecepatan sehingga hasil pengolahan data belum stabil dan bisa berubah seiring kelengkapan data https://t.co/W0dw1Dvm2N","1743133018049634406","https://pbs.twimg.com/tweet_video_thumb/GDDaPhjbgAAFO3E.jpg","","in","Indonesia","0","0","1","https://x.com/infoBMKG/status/1743133018049634406","108543358","infoBMKG"
"1743131753467044023","Fri Jan 05 04:46:10 +0000 2024","12","#Gempa Mag:3.4 05-Jan-2024 11:43:37WIB Lok:2.17LS 134.16BT (78 km BaratLaut TELUKWONDAMA-PAPUABRT) Kedlmn:10 Km #BMKG Disclaimer:Informasi ini mengutamakan kecepatan sehingga hasil pengolahan data belum stabil dan bisa berubah seiring kelengkapan data https://t.co/2rAw1NXrKQ","1743131753467044023","https://pbs.twimg.com/tweet_video_thumb/GDDZF7TbYAA2mPO.jpg","","in","Indonesia","0","0","3","https://x.com/infoBMKG/status/1743131753467044023","108543358","infoBMKG"
"1743130995308843396","Fri Jan 05 04:43:09 +0000 2024","16","#Gempa Mag:2.2 05-Jan-2024 11:39:52WIB Lok:4.06LS 119.72BT (11 km Tenggara PARE-PARE-SULSEL) Kedlmn:29 Km #BMKG Disclaimer:Informasi ini mengutamakan kecepatan sehingga hasil pengolahan data belum stabil dan bisa berubah seiring kelengkapan data https://t.co/rwKLquXHXa","1743130995308843396","https://pbs.twimg.com/tweet_video_thumb/GDDYZwQaQAACL8o.jpg","","in","Indonesia","1","0","2","https://x.com/infoBMKG/status/1743130995308843396","108543358","infoBMKG"
"1743052474234376643","Thu Jan 04 23:31:08 +0000 2024","33","#Gempa Mag:3.6 05-Jan-2024 06:25:59WIB Lok:2.87LU 96.55BT (48 km TimurLaut SINABANG-ACEH) Kedlmn:13 Km #BMKG Disclaimer:Informasi ini mengutamakan kecepatan sehingga hasil pengolahan data belum stabil dan bisa berubah seiring kelengkapan data https://t.co/SHFDw3b2f8","1743052474234376643","https://pbs.twimg.com/tweet_video_thumb/GDCQ_OcacAAb-6N.jpg","","in","Indonesia","0","0","7","https://x.com/infoBMKG/status/1743052474234376643","108543358","infoBMKG"
"1743005924359549203","Thu Jan 04 20:26:10 +0000 2024","26","#Gempa Mag:3.0 05-Jan-2024 03:20:57WIB Lok:6.19LS 120.21BT (34 km BaratLaut SELAYAR-SULSEL) Kedlmn:10 Km #BMKG Disclaimer:Informasi ini mengutamakan kecepatan sehingga hasil pengolahan data belum stabil dan bisa berubah seiring kelengkapan data https://t.co/Hvz10l1I5b","1743005924359549203","https://pbs.twimg.com/tweet_video_thumb/GDBmpshbMAACqHJ.jpg","","in","Indonesia","0","1","2","https://x.com/infoBMKG/status/1743005924359549203","108543358","infoBMKG"
"1742991075420287330","Thu Jan 04 19:27:10 +0000 2024","21","#Gempa Mag:3.3 05-Jan-2024 02:24:23WIB Lok:3.14LS 102.23BT (5 km TimurLaut LEBONG-BENGKULU) Kedlmn:10 Km #BMKG Disclaimer:Informasi ini mengutamakan kecepatan sehingga hasil pengolahan data belum stabil dan bisa berubah seiring kelengkapan data https://t.co/jO5zWBUI62","1742991075420287330","https://pbs.twimg.com/tweet_video_thumb/GDBZJWpbAAAKCjC.jpg","","in","Indonesia","0","0","1","https://x.com/infoBMKG/status/1742991075420287330","108543358","infoBMKG"
"1742973963595309142","Thu Jan 04 18:19:10 +0000 2024","14","#Gempa Mag:2.7 05-Jan-2024 01:16:53WIB Lok:2.86LS 129.34BT (64 km TimurLaut MALUKUTENGAH) Kedlmn:10 Km #BMKG Disclaimer:Informasi ini mengutamakan kecepatan sehingga hasil pengolahan data belum stabil dan bisa berubah seiring kelengkapan data https://t.co/y7RGYazRMB","1742973963595309142","https://pbs.twimg.com/tweet_video_thumb/GDBJlVraYAQtul0.jpg","","in","Indonesia","0","1","1","https://x.com/infoBMKG/status/1742973963595309142","108543358","infoBMKG"
"1742941494091407845","Thu Jan 04 16:10:09 +0000 2024","59","#Gempa Mag:4.5 04-Jan-2024 23:03:33WIB Lok:8.15LS 117.15BT (33 km TimurLaut PULAUSARINGI-NTB) Kedlmn:282 Km #BMKG Disclaimer:Informasi ini mengutamakan kecepatan sehingga hasil pengolahan data belum stabil dan bisa berubah seiring kelengkapan data https://t.co/AGEsnw9mcI","1742941494091407845","https://pbs.twimg.com/tweet_video_thumb/GDAsDXrakAACToh.jpg","","in","Indonesia","0","2","7","https://x.com/infoBMKG/status/1742941494091407845","108543358","infoBMKG"
"1742940739863245004","Thu Jan 04 16:07:09 +0000 2024","37","#Gempa Mag:4.8 04-Jan-2024 23:03:30WIB Lok:7.95LS 117.23BT (56 km TimurLaut PULAUSARINGI-NTB) Kedlmn:309 Km #BMKG Disclaimer:Informasi ini mengutamakan kecepatan sehingga hasil pengolahan data belum stabil dan bisa berubah seiring kelengkapan data https://t.co/f3jraZJlcx","1742940739863245004","https://pbs.twimg.com/tweet_video_thumb/GDArXd8awAAKhz8.jpg","","in","Indonesia","1","1","6","https://x.com/infoBMKG/status/1742940739863245004","108543358","infoBMKG"
"1742940488309903612","Thu Jan 04 16:06:09 +0000 2024","162","#Gempa Mag:5.0 04-Jan-2024 23:03:30WIB Lok:8.00LS 117.24BT (52 km TimurLaut PULAUSARINGI-NTB) Kedlmn:310 Km #BMKG Disclaimer:Informasi ini mengutamakan kecepatan sehingga hasil pengolahan data belum stabil dan bisa berubah seiring kelengkapan data https://t.co/Q1KWYJNLLs","1742940488309903612","https://pbs.twimg.com/tweet_video_thumb/GDArIz-a8AAU6fs.jpg","","in","Indonesia","3","4","29","https://x.com/infoBMKG/status/1742940488309903612","108543358","infoBMKG"
"1742899465860841667","Thu Jan 04 13:23:08 +0000 2024","67","#Gempa Mag:3.0 04-Jan-2024 20:17:21WIB Lok:4.54LU 96.42BT (36 km TimurLaut KAB-NAGANRAYA-ACEH) Kedlmn:10 Km #BMKG Disclaimer:Informasi ini mengutamakan kecepatan sehingga hasil pengolahan data belum stabil dan bisa berubah seiring kelengkapan data https://t.co/K3EBUWo6Ax","1742899465860841667","https://pbs.twimg.com/tweet_video_thumb/GDAF1AUa8AA6SOE.jpg","","in","Indonesia","0","1","12","https://x.com/infoBMKG/status/1742899465860841667","108543358","infoBMKG"
"1742887892807278672","Thu Jan 04 12:37:09 +0000 2024","10","#Gempa Mag:3.5 04-Jan-2024 19:33:47WIB Lok:2.13LU 127.47BT (73 km BaratLaut TOBELO-MALUT) Kedlmn:45 Km #BMKG Disclaimer:Informasi ini mengutamakan kecepatan sehingga hasil pengolahan data belum stabil dan bisa berubah seiring kelengkapan data https://t.co/uhT272RO7F","1742887892807278672","https://pbs.twimg.com/tweet_video_thumb/GC_7TU5aYAAnETR.jpg","","in","Indonesia","0","0","1","https://x.com/infoBMKG/status/1742887892807278672","108543358","infoBMKG"
"1742880091196313757","Thu Jan 04 12:06:09 +0000 2024","16","#Gempa Mag:2.9 04-Jan-2024 19:03:25WIB Lok:8.27LS 124.14BT (45 km BaratLaut ALOR-NTT) Kedlmn:118 Km #BMKG Disclaimer:Informasi ini mengutamakan kecepatan sehingga hasil pengolahan data belum stabil dan bisa berubah seiring kelengkapan data https://t.co/YlPidh2zKe","1742880091196313757","https://pbs.twimg.com/tweet_video_thumb/GC_0NO8bMAAsBnB.jpg","","in","Indonesia","0","2","2","https://x.com/infoBMKG/status/1742880091196313757","108543358","infoBMKG"
"1742873803146019130","Thu Jan 04 11:41:10 +0000 2024","33","#Gempa Mag:3.3 04-Jan-2024 18:36:21WIB Lok:7.70LS 119.45BT (101 km BaratLaut LABUANBAJO-NTT) Kedlmn:276 Km #BMKG Disclaimer:Informasi ini mengutamakan kecepatan sehingga hasil pengolahan data belum stabil dan bisa berubah seiring kelengkapan data https://t.co/aLopYwARmf","1742873803146019130","https://pbs.twimg.com/tweet_video_thumb/GC_ufO5bgAAy8on.jpg","","in","Indonesia","2","0","7","https://x.com/infoBMKG/status/1742873803146019130","108543358","infoBMKG"
"1742872295931285604","Thu Jan 04 11:35:11 +0000 2024","27","#Gempa Mag:4.3 04-Jan-2024 18:30:52WIB Lok:1.12LS 126.83BT (90 km BaratDaya LABUHA-MALUT) Kedlmn:10 Km #BMKG Disclaimer:Informasi ini mengutamakan kecepatan sehingga hasil pengolahan data belum stabil dan bisa berubah seiring kelengkapan data https://t.co/aXnE7zZVIA","1742872295931285604","https://pbs.twimg.com/tweet_video_thumb/GC_tHfoaQAAugRW.jpg","","in","Indonesia","1","0","2","https://x.com/infoBMKG/status/1742872295931285604","108543358","infoBMKG"
"1742856436684824702","Thu Jan 04 10:32:09 +0000 2024","20","#Gempa Mag:3.2 04-Jan-2024 17:27:32WIB Lok:4.41LS 129.34BT (130 km Tenggara MALUKUTENGAH) Kedlmn:188 Km #BMKG Disclaimer:Informasi ini mengutamakan kecepatan sehingga hasil pengolahan data belum stabil dan bisa berubah seiring kelengkapan data https://t.co/ZG3aXaruAC","1742856436684824702","https://pbs.twimg.com/tweet_video_thumb/GC_esWPawAAnTbB.jpg","","in","Indonesia","1","0","2","https://x.com/infoBMKG/status/1742856436684824702","108543358","infoBMKG"
"1742849136846922048","Thu Jan 04 10:03:09 +0000 2024","43","#Gempa Mag:4.0 04-Jan-2024 16:57:22WIB Lok:1.68LU 122.92BT (94 km BaratLaut BOROKO-BOLMUT-SULUT) Kedlmn:423 Km #BMKG Disclaimer:Informasi ini mengutamakan kecepatan sehingga hasil pengolahan data belum stabil dan bisa berubah seiring kelengkapan data https://t.co/WTmINhSlK5","1742849136846922048","https://pbs.twimg.com/tweet_video_thumb/GC_YDeRbgAA9KDC.jpg","","in","Indonesia","1","0","6","https://x.com/infoBMKG/status/1742849136846922048","108543358","infoBMKG"
"1742812148684804490","Thu Jan 04 07:36:10 +0000 2024","27","#Gempa Mag:4.8 04-Jan-2024 14:32:26WIB Lok:7.72LU 126.61BT (413 km BaratLaut MELONGUANE-SULUT) Kedlmn:10 Km #BMKG Disclaimer:Informasi ini mengutamakan kecepatan sehingga hasil pengolahan data belum stabil dan bisa berubah seiring kelengkapan data https://t.co/dH2XepjHCm","1742812148684804490","https://pbs.twimg.com/tweet_video_thumb/GC-2aY-bgAAj6ge.jpg","","in","Indonesia","0","0","7","https://x.com/infoBMKG/status/1742812148684804490","108543358","infoBMKG"
"1742795280482005059","Thu Jan 04 06:29:09 +0000 2024","26","#Gempa Mag:3.4 04-Jan-2024 13:25:13WIB Lok:9.10LS 118.14BT (72 km BaratDaya DOMPU-NTB) Kedlmn:69 Km #BMKG Disclaimer:Informasi ini mengutamakan kecepatan sehingga hasil pengolahan data belum stabil dan bisa berubah seiring kelengkapan data https://t.co/JxDwN1Q5eG","1742795280482005059","https://pbs.twimg.com/tweet_video_thumb/GC-nEnxbgAAMdBw.jpg","","in","Indonesia","0","1","2","https://x.com/infoBMKG/status/1742795280482005059","108543358","infoBMKG"
"1742793264980533453","Thu Jan 04 06:21:08 +0000 2024","18","#Gempa Mag:4.5 04-Jan-2024 13:15:28WIB Lok:7.67LS 127.86BT (54 km TimurLaut MALUKUBRTDAYA) Kedlmn:106 Km #BMKG Disclaimer:Informasi ini mengutamakan kecepatan sehingga hasil pengolahan data belum stabil dan bisa berubah seiring kelengkapan data https://t.co/gCNhmSD8np","1742793264980533453","https://pbs.twimg.com/tweet_video_thumb/GC-lPShb0AAdtyI.jpg","","in","Indonesia","0","2","5","https://x.com/infoBMKG/status/1742793264980533453","108543358","infoBMKG"
"1742766096351145997","Thu Jan 04 04:33:11 +0000 2024","9","#Gempa Mag:3.7 04-Jan-2024 11:26:18WIB Lok:0.22LS 125.48BT (145 km Tenggara TUTUYAN-BOLTIM-SULUT) Kedlmn:10 Km #BMKG Disclaimer:Informasi ini mengutamakan kecepatan sehingga hasil pengolahan data belum stabil dan bisa berubah seiring kelengkapan data https://t.co/4wmLs3gRyN","1742766096351145997","https://pbs.twimg.com/tweet_video_thumb/GC-Mh06bUAAbkE-.jpg","","in","Indonesia","0","0","3","https://x.com/infoBMKG/status/1742766096351145997","108543358","infoBMKG"
"1742748224681812181","Thu Jan 04 03:22:10 +0000 2024","8","#Gempa Mag:3.4 04-Jan-2024 10:17:16WIB Lok:1.58LU 128.60BT (32 km TimurLaut HALMAHERATIMUR-MALUT) Kedlmn:10 Km #BMKG Disclaimer:Informasi ini mengutamakan kecepatan sehingga hasil pengolahan data belum stabil dan bisa berubah seiring kelengkapan data https://t.co/6dxcKWk6Ih","1742748224681812181","https://pbs.twimg.com/tweet_video_thumb/GC98Rlaa4AAJ38c.jpg","","in","Indonesia","0","1","3","https://x.com/infoBMKG/status/1742748224681812181","108543358","infoBMKG"
"1742747975162695795","Thu Jan 04 03:21:10 +0000 2024","18","#Gempa Mag:3.4 04-Jan-2024 10:16:46WIB Lok:0.21LS 122.91BT (86 km BaratDaya BONEBOLANGO-GORONTALO) Kedlmn:96 Km #BMKG Disclaimer:Informasi ini mengutamakan kecepatan sehingga hasil pengolahan data belum stabil dan bisa berubah seiring kelengkapan data https://t.co/HfuSRY7Noj","1742747975162695795","https://pbs.twimg.com/tweet_video_thumb/GC98DFyaMAA1yWz.jpg","","in","Indonesia","2","0","4","https://x.com/infoBMKG/status/1742747975162695795","108543358","infoBMKG"
"1742743184348971189","Thu Jan 04 03:02:08 +0000 2024","12","#Gempa Mag:3.9 04-Jan-2024 09:59:01WIB Lok:2.75LS 139.75BT (28 km BaratLaut KAB-JAYAPURA-PAPUA) Kedlmn:49 Km #BMKG Disclaimer:Informasi ini mengutamakan kecepatan sehingga hasil pengolahan data belum stabil dan bisa berubah seiring kelengkapan data https://t.co/X4h8hGS5Cs","1742743184348971189","https://pbs.twimg.com/tweet_video_thumb/GC93sNDbsAAlnFz.jpg","","in","Indonesia","0","0","3","https://x.com/infoBMKG/status/1742743184348971189","108543358","infoBMKG"
"1742728845474824264","Thu Jan 04 02:05:09 +0000 2024","19","#Gempa Mag:4.6 04-Jan-2024 09:00:12WIB Lok:1.51LU 128.65BT (28 km TimurLaut HALMAHERATIMUR-MALUT) Kedlmn:10 Km #BMKG Disclaimer:Informasi ini mengutamakan kecepatan sehingga hasil pengolahan data belum stabil dan bisa berubah seiring kelengkapan data https://t.co/AueljSpwZ8","1742728845474824264","https://pbs.twimg.com/tweet_video_thumb/GC9qpkwbQAA0Veo.jpg","","in","Indonesia","1","1","2","https://x.com/infoBMKG/status/1742728845474824264","108543358","infoBMKG"
"1742724312803733666","Thu Jan 04 01:47:09 +0000 2024","345","#Gempa Mag:3.6 04-Jan-2024 08:43:51WIB Lok:7.89LS 114.32BT (37 km BaratLaut BANYUWANGI-JATIM) Kedlmn:10 Km #BMKG Disclaimer:Informasi ini mengutamakan kecepatan sehingga hasil pengolahan data belum stabil dan bisa berubah seiring kelengkapan data https://t.co/fonpAAQl3D","1742724312803733666","https://pbs.twimg.com/tweet_video_thumb/GC9mhu7aUAASCHe.jpg","","in","Indonesia","7","20","65","https://x.com/infoBMKG/status/1742724312803733666","108543358","infoBMKG"
"1742723308750336510","Thu Jan 04 01:43:09 +0000 2024","20","#Gempa Mag:4.0 04-Jan-2024 08:40:03WIB Lok:1.86LS 136.24BT (14 km Tenggara KEP-YAPEN-PAPUA) Kedlmn:53 Km #BMKG Disclaimer:Informasi ini mengutamakan kecepatan sehingga hasil pengolahan data belum stabil dan bisa berubah seiring kelengkapan data https://t.co/COeNTgbCoo","1742723308750336510","https://pbs.twimg.com/tweet_video_thumb/GC9lnS_a8AAttiR.jpg","","in","Indonesia","0","1","3","https://x.com/infoBMKG/status/1742723308750336510","108543358","infoBMKG"
"1742715254688375271","Thu Jan 04 01:11:09 +0000 2024","20","#Gempa Mag:2.7 04-Jan-2024 08:08:10WIB Lok:0.33LU 122.05BT (18 km Tenggara POHUWATO-GORONTALO) Kedlmn:182 Km #BMKG Disclaimer:Informasi ini mengutamakan kecepatan sehingga hasil pengolahan data belum stabil dan bisa berubah seiring kelengkapan data https://t.co/ky65CBQD7e","1742715254688375271","https://pbs.twimg.com/tweet_video_thumb/GC9eSgmbAAAiEsr.jpg","","in","Indonesia","0","1","2","https://x.com/infoBMKG/status/1742715254688375271","108543358","infoBMKG"
"1742482972006330745","Wed Jan 03 09:48:08 +0000 2024","54","#Gempa Mag:3.3 03-Jan-2024 16:44:49WIB Lok:2.83LS 139.51BT (42 km BaratLaut KAB-JAYAPURA-PAPUA) Kedlmn:32 Km #BMKG Disclaimer:Informasi ini mengutamakan kecepatan sehingga hasil pengolahan data belum stabil dan bisa berubah seiring kelengkapan data https://t.co/Q1iwyUC62C","1742482972006330745","https://pbs.twimg.com/tweet_video_thumb/GC6LB3MaUAAmQbk.jpg","","in","Indonesia","0","1","6","https://x.com/infoBMKG/status/1742482972006330745","108543358","infoBMKG"
"1742456797393535056","Wed Jan 03 08:04:08 +0000 2024","543","#Gempa Mag:3.4 03-Jan-2024 15:00:25WIB Lok:6.50LS 106.10BT (18 km BaratLaut RANGKASBITUNG-BANTEN) Kedlmn:130 Km #BMKG Disclaimer:Informasi ini mengutamakan kecepatan sehingga hasil pengolahan data belum stabil dan bisa berubah seiring kelengkapan data https://t.co/0g2JLL4DwE","1742456797393535056","https://pbs.twimg.com/tweet_video_thumb/GC5zOSbaEAANwvT.jpg","","in","Indonesia","38","20","132","https://x.com/infoBMKG/status/1742456797393535056","108543358","infoBMKG"
"1742441949402165406","Wed Jan 03 07:05:08 +0000 2024","16","#Gempa Mag:3.3 03-Jan-2024 14:03:20WIB Lok:2.50LS 140.36BT (78 km TimurLaut KAB-JAYAPURA-PAPUA) Kedlmn:21 Km #BMKG Disclaimer:Informasi ini mengutamakan kecepatan sehingga hasil pengolahan data belum stabil dan bisa berubah seiring kelengkapan data https://t.co/02u3hHU4z0","1742441949402165406","https://pbs.twimg.com/tweet_video_thumb/GC5luDRaMAAFewO.jpg","","in","Indonesia","0","0","4","https://x.com/infoBMKG/status/1742441949402165406","108543358","infoBMKG"
"1742440446398431596","Wed Jan 03 06:59:10 +0000 2024","64","#Gempa Mag:3.2 03-Jan-2024 13:55:41WIB Lok:1.64LU 99.42BT (16 km TimurLaut TAPANULISELATAN-SUMUT) Kedlmn:155 Km #BMKG Disclaimer:Informasi ini mengutamakan kecepatan sehingga hasil pengolahan data belum stabil dan bisa berubah seiring kelengkapan data https://t.co/tyIAHMuJF9","1742440446398431596","https://pbs.twimg.com/tweet_video_thumb/GC5kWi-boAA1de3.jpg","","in","Indonesia","1","4","7","https://x.com/infoBMKG/status/1742440446398431596","108543358","infoBMKG"
"1742429873749299351","Wed Jan 03 06:17:09 +0000 2024","24","#Gempa Mag:3.2 03-Jan-2024 13:10:55WIB Lok:9.07LS 116.86BT (35 km Tenggara SUMBAWABARAT-NTB) Kedlmn:123 Km #BMKG Disclaimer:Informasi ini mengutamakan kecepatan sehingga hasil pengolahan data belum stabil dan bisa berubah seiring kelengkapan data https://t.co/DvT4pjQGYM","1742429873749299351","https://pbs.twimg.com/tweet_video_thumb/GC5avI3bcAAsX7O.jpg","","in","Indonesia","1","0","4","https://x.com/infoBMKG/status/1742429873749299351","108543358","infoBMKG"
"1742415281174290766","Wed Jan 03 05:19:10 +0000 2024","61","#Gempa Mag:4.4 03-Jan-2024 12:15:11WIB Lok:7.61LS 120.14BT (102 km TimurLaut LABUANBAJO-NTT) Kedlmn:404 Km #BMKG Disclaimer:Informasi ini mengutamakan kecepatan sehingga hasil pengolahan data belum stabil dan bisa berubah seiring kelengkapan data https://t.co/nDsl6ANgnu","1742415281174290766","https://pbs.twimg.com/tweet_video_thumb/GC5NdvgbAAAB45V.jpg","","in","Indonesia","1","1","8","https://x.com/infoBMKG/status/1742415281174290766","108543358","infoBMKG"
"1742378035083612290","Wed Jan 03 02:51:10 +0000 2024","56","#Gempa Mag:4.3 03-Jan-2024 09:47:15WIB Lok:2.17LU 122.10BT (157 km TimurLaut BUOL-SULTENG) Kedlmn:10 Km #BMKG Disclaimer:Informasi ini mengutamakan kecepatan sehingga hasil pengolahan data belum stabil dan bisa berubah seiring kelengkapan data https://t.co/ksfXr3GCUH","1742378035083612290","https://pbs.twimg.com/tweet_video_thumb/GC4rlswawAA3dP0.jpg","","in","Indonesia","1","1","10","https://x.com/infoBMKG/status/1742378035083612290","108543358","infoBMKG"
"1742362187438686368","Wed Jan 03 01:48:11 +0000 2024","179","#Gempa Mag:5.5 03-Jan-2024 08:43:17WIB Lok:5.79LS 146.17BT (643 km Tenggara PEG-BINTANG-PAPUA) Kedlmn:148 Km #BMKG Disclaimer:Informasi ini mengutamakan kecepatan sehingga hasil pengolahan data belum stabil dan bisa berubah seiring kelengkapan data https://t.co/Irn3ebuE5r","1742362187438686368","https://pbs.twimg.com/tweet_video_thumb/GC4dLSEbYAAo94Z.jpg","","in","Indonesia","6","6","28","https://x.com/infoBMKG/status/1742362187438686368","108543358","infoBMKG"
"1742349306953437637","Wed Jan 03 00:57:00 +0000 2024","6065","#Gempa Mag:5.9 03-Jan-24 07:53:49 WIB Lok:7.57 LS 106.14 BT (72 km BaratDaya BAYAH-BANTEN) Kedlmn:74 Km tdk berpotensi tsunami #BMKG https://t.co/C3UCIhWpYm","1742349306953437637","https://pbs.twimg.com/tweet_video_thumb/GC4Rdi7aoAArWhm.jpg","","in","Indonesia","1776","1245","2182","https://x.com/infoBMKG/status/1742349306953437637","108543358","infoBMKG"
"1742348595301609612","Wed Jan 03 00:54:11 +0000 2024","437","#Gempa Mag:3.7 03-Jan-2024 07:50:01WIB Lok:2.59LS 133.65BT (80 km BaratLaut TELUKWONDAMA-PAPUABRT) Kedlmn:10 Km #BMKG Disclaimer:Informasi ini mengutamakan kecepatan sehingga hasil pengolahan data belum stabil dan bisa berubah seiring kelengkapan data https://t.co/HJ7qGA8smL","1742348595301609612","https://pbs.twimg.com/tweet_video_thumb/GC4Q0GAaYAACW8p.jpg","","in","Indonesia","15","226","50","https://x.com/infoBMKG/status/1742348595301609612","108543358","infoBMKG"
"1742324427952726261","Tue Jan 02 23:18:09 +0000 2024","39","#Gempa Mag:2.4 03-Jan-2024 06:12:13WIB Lok:8.16LS 125.03BT (55 km TimurLaut ALOR-NTT) Kedlmn:13 Km #BMKG Disclaimer:Informasi ini mengutamakan kecepatan sehingga hasil pengolahan data belum stabil dan bisa berubah seiring kelengkapan data https://t.co/Ge50o9HAvT","1742324427952726261","https://pbs.twimg.com/tweet_video_thumb/GC361Y3bEAAA-O2.jpg","","in","Indonesia","0","0","2","https://x.com/infoBMKG/status/1742324427952726261","108543358","infoBMKG"
"1742322413889819007","Tue Jan 02 23:10:08 +0000 2024","50","#Gempa Mag:3.0 03-Jan-2024 06:05:02WIB Lok:0.02LU 99.42BT (46 km BaratDaya PASAMANBARAT-SUMBAR) Kedlmn:20 Km #BMKG Disclaimer:Informasi ini mengutamakan kecepatan sehingga hasil pengolahan data belum stabil dan bisa berubah seiring kelengkapan data https://t.co/DTT7O5Ydm4","1742322413889819007","https://pbs.twimg.com/tweet_video_thumb/GC35AI5bYAAvjSs.jpg","","in","Indonesia","0","0","3","https://x.com/infoBMKG/status/1742322413889819007","108543358","infoBMKG"
"1742315877239025880","Tue Jan 02 22:44:10 +0000 2024","39","#Gempa Mag:3.4 03-Jan-2024 05:41:54WIB Lok:4.77LU 96.20BT (26 km BaratDaya KAB-PIDIEJAYA-ACEH) Kedlmn:11 Km #BMKG Disclaimer:Informasi ini mengutamakan kecepatan sehingga hasil pengolahan data belum stabil dan bisa berubah seiring kelengkapan data https://t.co/OHubL094Nw","1742315877239025880","https://pbs.twimg.com/tweet_video_thumb/GC3zDrqakAA64Ks.jpg","","in","Indonesia","0","0","5","https://x.com/infoBMKG/status/1742315877239025880","108543358","infoBMKG"
"1742300771197313188","Tue Jan 02 21:44:08 +0000 2024","24","#Gempa Mag:3.3 03-Jan-2024 04:40:42WIB Lok:2.92LS 139.90BT (9 km TimurLaut KAB-JAYAPURA-PAPUA) Kedlmn:10 Km #BMKG Disclaimer:Informasi ini mengutamakan kecepatan sehingga hasil pengolahan data belum stabil dan bisa berubah seiring kelengkapan data https://t.co/wUz177hj2r","1742300771197313188","https://pbs.twimg.com/tweet_video_thumb/GC3lUY5bEAAWEk5.jpg","","in","Indonesia","0","0","3","https://x.com/infoBMKG/status/1742300771197313188","108543358","infoBMKG"
"1742298262076555410","Tue Jan 02 21:34:10 +0000 2024","37","#Gempa Mag:2.4 03-Jan-2024 04:29:48WIB Lok:2.94LS 119.39BT (7 km Tenggara MAMASA-SULBAR) Kedlmn:10 Km #BMKG Disclaimer:Informasi ini mengutamakan kecepatan sehingga hasil pengolahan data belum stabil dan bisa berubah seiring kelengkapan data https://t.co/mxcFSskv3D","1742298262076555410","https://pbs.twimg.com/tweet_video_thumb/GC3jCVkbUAAMsZA.jpg","","in","Indonesia","0","0","9","https://x.com/infoBMKG/status/1742298262076555410","108543358","infoBMKG"
"1742293980224925847","Tue Jan 02 21:17:09 +0000 2024","19","#Gempa Mag:2.1 03-Jan-2024 04:13:33WIB Lok:9.75LS 123.87BT (26 km BaratLaut KAB-KUPANG-NTT) Kedlmn:10 Km #BMKG Disclaimer:Informasi ini mengutamakan kecepatan sehingga hasil pengolahan data belum stabil dan bisa berubah seiring kelengkapan data https://t.co/9BMtBaybh5","1742293980224925847","https://pbs.twimg.com/tweet_video_thumb/GC3fJFlb0AAE8L8.jpg","","in","Indonesia","0","1","2","https://x.com/infoBMKG/status/1742293980224925847","108543358","infoBMKG"
"1742292221993619769","Tue Jan 02 21:10:10 +0000 2024","15","#Gempa Mag:3.2 03-Jan-2024 04:06:56WIB Lok:9.85LS 123.87BT (15 km BaratLaut KAB-KUPANG-NTT) Kedlmn:10 Km #BMKG Disclaimer:Informasi ini mengutamakan kecepatan sehingga hasil pengolahan data belum stabil dan bisa berubah seiring kelengkapan data https://t.co/VE9iYTtXnE","1742292221993619769","https://pbs.twimg.com/tweet_video_thumb/GC3diuVbEAAeshZ.jpg","","in","Indonesia","0","1","6","https://x.com/infoBMKG/status/1742292221993619769","108543358","infoBMKG"
"1742274351955878130","Tue Jan 02 19:59:10 +0000 2024","19","#Gempa Mag:3.0 03-Jan-2024 02:56:09WIB Lok:2.97LS 119.45BT (15 km Tenggara MAMASA-SULBAR) Kedlmn:10 Km #BMKG Disclaimer:Informasi ini mengutamakan kecepatan sehingga hasil pengolahan data belum stabil dan bisa berubah seiring kelengkapan data https://t.co/DZcSndCPED","1742274351955878130","https://pbs.twimg.com/tweet_video_thumb/GC3NSllaoAA2c4K.jpg","","in","Indonesia","0","0","3","https://x.com/infoBMKG/status/1742274351955878130","108543358","infoBMKG"
"1742273589427216394","Tue Jan 02 19:56:08 +0000 2024","853","#Gempa Mag:2.1 03-Jan-2024 02:49:02WIB Lok:6.73LS 106.59BT (27 km BaratDaya KOTA-BOGOR-JABAR) Kedlmn:10 Km #BMKG Disclaimer:Informasi ini mengutamakan kecepatan sehingga hasil pengolahan data belum stabil dan bisa berubah seiring kelengkapan data https://t.co/SvB1qswv42","1742273589427216394","https://pbs.twimg.com/tweet_video_thumb/GC3MmNRagAA1_Vl.jpg","","in","Indonesia","57","47","184","https://x.com/infoBMKG/status/1742273589427216394","108543358","infoBMKG"
"1742272340803887608","Tue Jan 02 19:51:10 +0000 2024","16","#Gempa Mag:3.0 03-Jan-2024 02:46:54WIB Lok:0.07LU 122.86BT (60 km BaratDaya BONEBOLANGO-GORONTALO) Kedlmn:102 Km #BMKG Disclaimer:Informasi ini mengutamakan kecepatan sehingga hasil pengolahan data belum stabil dan bisa berubah seiring kelengkapan data https://t.co/K1evTE3436","1742272340803887608","https://pbs.twimg.com/tweet_video_thumb/GC3LdhOaoAERt-_.jpg","","in","Indonesia","0","0","3","https://x.com/infoBMKG/status/1742272340803887608","108543358","infoBMKG"
"1742045409743372308","Tue Jan 02 04:49:25 +0000 2024","161","#Gempa Mag:5.1 02-Jan-24 11:46:32 WIB Lok:10.06 LS 123.75 BT (16 km BaratDaya KAB-KUPANG-NTT) Kedlmn:37 Km tdk berpotensi tsunami #BMKG https://t.co/1kFEw2bCC4","1742045409743372308","https://pbs.twimg.com/tweet_video_thumb/GCz9EZFbcAAQzDw.jpg","","in","Indonesia","6","8","40","https://x.com/infoBMKG/status/1742045409743372308","108543358","infoBMKG"
"1742045345490808868","Tue Jan 02 04:49:10 +0000 2024","78","#Gempa Mag:5.0 02-Jan-2024 11:46:32WIB Lok:10.01LS 123.77BT (13 km BaratDaya KAB-KUPANG-NTT) Kedlmn:37 Km #BMKG Disclaimer:Informasi ini mengutamakan kecepatan sehingga hasil pengolahan data belum stabil dan bisa berubah seiring kelengkapan data https://t.co/yx01wOR1ui","1742045345490808868","https://pbs.twimg.com/tweet_video_thumb/GCz9AoDbYAAN-9R.jpg","","in","Indonesia","6","1","18","https://x.com/infoBMKG/status/1742045345490808868","108543358","infoBMKG"
"1742028479225540703","Tue Jan 02 03:42:09 +0000 2024","57","#Gempa Mag:3.6 02-Jan-2024 10:37:35WIB Lok:4.86LS 102.79BT (47 km BaratDaya BENGKULUSELATAN) Kedlmn:15 Km #BMKG Disclaimer:Informasi ini mengutamakan kecepatan sehingga hasil pengolahan data belum stabil dan bisa berubah seiring kelengkapan data https://t.co/mMu3cOt1oU","1742028479225540703","https://pbs.twimg.com/tweet_video_thumb/GCztq5bboAAuVKp.jpg","","in","Indonesia","1","1","5","https://x.com/infoBMKG/status/1742028479225540703","108543358","infoBMKG"
"1741989469446971696","Tue Jan 02 01:07:08 +0000 2024","1037","#Gempa Mag:3.8 02-Jan-2024 08:03:57WIB Lok:8.29LS 108.47BT (65 km BaratDaya KAB-PANGANDARAN-JABAR) Kedlmn:26 Km #BMKG Disclaimer:Informasi ini mengutamakan kecepatan sehingga hasil pengolahan data belum stabil dan bisa berubah seiring kelengkapan data https://t.co/Dyu3oSTtSt","1741989469446971696","https://pbs.twimg.com/tweet_video_thumb/GCzKMOja8AAE8ef.jpg","","in","Indonesia","59","41","303","https://x.com/infoBMKG/status/1741989469446971696","108543358","infoBMKG"
"1741961042836771131","Mon Jan 01 23:14:11 +0000 2024","52","#Gempa Mag:5.2 02-Jan-2024 06:10:37WIB Lok:6.68LS 130.12BT (194 km BaratLaut MALUKUTENGGARABRT) Kedlmn:10 Km #BMKG Disclaimer:Informasi ini mengutamakan kecepatan sehingga hasil pengolahan data belum stabil dan bisa berubah seiring kelengkapan data https://t.co/BMOCVVlMO4","1741961042836771131","https://pbs.twimg.com/tweet_video_thumb/GCywVmkb0AACs73.jpg","","in","Indonesia","2","1","10","https://x.com/infoBMKG/status/1741961042836771131","108543358","infoBMKG"
"1741960991376830947","Mon Jan 01 23:13:59 +0000 2024","39","#Gempa Mag:5.1 02-Jan-24 06:10:37 WIB Lok:6.68 LS 130.12 BT (194 km BaratLaut TANIMBAR) Kedlmn:10 Km tdk berpotensi tsunami #BMKG https://t.co/EkPCdEXaM7","1741960991376830947","https://pbs.twimg.com/tweet_video_thumb/GCywSlKaoAArtwM.jpg","","in","Indonesia","0","0","10","https://x.com/infoBMKG/status/1741960991376830947","108543358","infoBMKG"
"1741934861961798058","Mon Jan 01 21:30:09 +0000 2024","66","#Gempa Mag:4.0 02-Jan-2024 04:25:30WIB Lok:3.91LS 139.78BT (39 km Tenggara YALIMO-PAPUA) Kedlmn:21 Km #BMKG Disclaimer:Informasi ini mengutamakan kecepatan sehingga hasil pengolahan data belum stabil dan bisa berubah seiring kelengkapan data https://t.co/MT24NKaTdT","1741934861961798058","https://pbs.twimg.com/tweet_video_thumb/GCyYhhHbgAAHC1R.jpg","","in","Indonesia","0","2","13","https://x.com/infoBMKG/status/1741934861961798058","108543358","infoBMKG"
"1741909702760652994","Mon Jan 01 19:50:10 +0000 2024","23","#Gempa Mag:2.8 02-Jan-2024 02:46:04WIB Lok:3.61LS 128.84BT (36 km BaratDaya MALUKUTENGAH) Kedlmn:10 Km #BMKG Disclaimer:Informasi ini mengutamakan kecepatan sehingga hasil pengolahan data belum stabil dan bisa berubah seiring kelengkapan data https://t.co/z7uMh0JFYm","1741909702760652994","https://pbs.twimg.com/tweet_video_thumb/GCyBpJmawAAQqhU.jpg","","in","Indonesia","0","0","1","https://x.com/infoBMKG/status/1741909702760652994","108543358","infoBMKG"
"1741900641843507486","Mon Jan 01 19:14:10 +0000 2024","15","#Gempa Mag:2.8 02-Jan-2024 02:08:18WIB Lok:0.77LU 120.52BT (28 km BaratDaya TOLI-TOLI-SULTENG) Kedlmn:10 Km #BMKG Disclaimer:Informasi ini mengutamakan kecepatan sehingga hasil pengolahan data belum stabil dan bisa berubah seiring kelengkapan data https://t.co/pWuP7Uqhd3","1741900641843507486","https://pbs.twimg.com/tweet_video_thumb/GCx5ZxkawAAJmsl.jpg","","in","Indonesia","0","0","3","https://x.com/infoBMKG/status/1741900641843507486","108543358","infoBMKG"
"1741896359199039974","Mon Jan 01 18:57:09 +0000 2024","39","#Gempa Mag:2.6 02-Jan-2024 01:53:46WIB Lok:8.42LS 116.61BT (27 km TimurLaut LOMBOKTIMUR-NTB) Kedlmn:11 Km #BMKG Disclaimer:Informasi ini mengutamakan kecepatan sehingga hasil pengolahan data belum stabil dan bisa berubah seiring kelengkapan data https://t.co/o6Osnf88VW","1741896359199039974","https://pbs.twimg.com/tweet_video_thumb/GCx1ggkaEAAEJar.jpg","","in","Indonesia","1","0","2","https://x.com/infoBMKG/status/1741896359199039974","108543358","infoBMKG"
"1741883267429830883","Mon Jan 01 18:05:08 +0000 2024","24","#Gempa Mag:3.0 02-Jan-2024 01:01:01WIB Lok:2.89LS 139.51BT (39 km BaratLaut KAB-JAYAPURA-PAPUA) Kedlmn:10 Km #BMKG Disclaimer:Informasi ini mengutamakan kecepatan sehingga hasil pengolahan data belum stabil dan bisa berubah seiring kelengkapan data https://t.co/dLRVfU7fQG","1741883267429830883","https://pbs.twimg.com/tweet_video_thumb/GCxpmesbEAA5bL9.jpg","","in","Indonesia","0","0","2","https://x.com/infoBMKG/status/1741883267429830883","108543358","infoBMKG"
"1741881765294391505","Mon Jan 01 17:59:10 +0000 2024","37","#Gempa Mag:2.9 02-Jan-2024 00:56:27WIB Lok:2.10LU 97.84BT (27 km Tenggara KAB-ACEHSINGKIL) Kedlmn:26 Km #BMKG Disclaimer:Informasi ini mengutamakan kecepatan sehingga hasil pengolahan data belum stabil dan bisa berubah seiring kelengkapan data https://t.co/9m2Q3Eld9L","1741881765294391505","https://pbs.twimg.com/tweet_video_thumb/GCxoPCFa8AAOU4f.jpg","","in","Indonesia","2","0","3","https://x.com/infoBMKG/status/1741881765294391505","108543358","infoBMKG"
"1741864651460333774","Mon Jan 01 16:51:09 +0000 2024","31","#Gempa Mag:3.2 01-Jan-2024 23:46:48WIB Lok:4.37LS 128.70BT (122 km BaratDaya MALUKUTENGAH) Kedlmn:10 Km #BMKG Disclaimer:Informasi ini mengutamakan kecepatan sehingga hasil pengolahan data belum stabil dan bisa berubah seiring kelengkapan data https://t.co/pjkNgZm2tq","1741864651460333774","https://pbs.twimg.com/tweet_video_thumb/GCxYq4CaQAAhiu-.jpg","","in","Indonesia","2","0","1","https://x.com/infoBMKG/status/1741864651460333774","108543358","infoBMKG"
"1741858359303958749","Mon Jan 01 16:26:09 +0000 2024","48","#Gempa Mag:2.7 01-Jan-2024 23:23:05WIB Lok:9.60LS 120.01BT (18 km TimurLaut LEWA-SUMBATIMUR-NTT) Kedlmn:35 Km #BMKG Disclaimer:Informasi ini mengutamakan kecepatan sehingga hasil pengolahan data belum stabil dan bisa berubah seiring kelengkapan data https://t.co/IWINY56KOS","1741858359303958749","https://pbs.twimg.com/tweet_video_thumb/GCxS8n7a0AAnbUL.jpg","","in","Indonesia","2","0","9","https://x.com/infoBMKG/status/1741858359303958749","108543358","infoBMKG"
"1741835711811322207","Mon Jan 01 14:56:10 +0000 2024","97","#Gempa Mag:4.3 01-Jan-2024 21:52:11WIB Lok:4.43LU 127.03BT (61 km TimurLaut MELONGUANE-SULUT) Kedlmn:26 Km #BMKG Disclaimer:Informasi ini mengutamakan kecepatan sehingga hasil pengolahan data belum stabil dan bisa berubah seiring kelengkapan data https://t.co/x3x5NpZ1PF","1741835711811322207","https://pbs.twimg.com/tweet_video_thumb/GCw-WS6asAA4USF.jpg","","in","Indonesia","3","2","14","https://x.com/infoBMKG/status/1741835711811322207","108543358","infoBMKG"
"1741819100790423696","Mon Jan 01 13:50:09 +0000 2024","9087","#Gempa Mag:4.4 01-Jan-2024 20:46:48WIB Lok:6.82LS 107.93BT (4 km TimurLaut KAB-SUMEDANG-JABAR) Kedlmn:10 Km #BMKG Disclaimer:Informasi ini mengutamakan kecepatan sehingga hasil pengolahan data belum stabil dan bisa berubah seiring kelengkapan data https://t.co/yiKZ6j3Z14","1741819100790423696","https://pbs.twimg.com/tweet_video_thumb/GCwvPeFasAAWHYf.jpg","","in","Indonesia","2205","1495","2934","https://x.com/infoBMKG/status/1741819100790423696","108543358","infoBMKG"
"1741806269881819266","Mon Jan 01 12:59:10 +0000 2024","54","#Gempa Mag:2.8 01-Jan-2024 19:55:10WIB Lok:2.99LS 127.75BT (50 km BaratLaut SERAMBAGIANBARAT-MALUKU) Kedlmn:23 Km #BMKG Disclaimer:Informasi ini mengutamakan kecepatan sehingga hasil pengolahan data belum stabil dan bisa berubah seiring kelengkapan data https://t.co/rX2obofhsS","1741806269881819266","https://pbs.twimg.com/tweet_video_thumb/GCwjklTaUAAmBVI.jpg","","in","Indonesia","1","1","7","https://x.com/infoBMKG/status/1741806269881819266","108543358","infoBMKG"
"1741791930521125348","Mon Jan 01 12:02:11 +0000 2024","30","#Gempa Mag:2.6 01-Jan-2024 18:58:24WIB Lok:9.22LS 122.75BT (89 km Tenggara MAUMERE-SIKKA-NTT) Kedlmn:10 Km #BMKG Disclaimer:Informasi ini mengutamakan kecepatan sehingga hasil pengolahan data belum stabil dan bisa berubah seiring kelengkapan data https://t.co/ao3lq0TuoC","1741791930521125348","https://pbs.twimg.com/tweet_video_thumb/GCwWh8JawAAsEdt.jpg","","in","Indonesia","2","0","3","https://x.com/infoBMKG/status/1741791930521125348","108543358","infoBMKG"
"1741730020631138502","Mon Jan 01 07:56:11 +0000 2024","40","#Gempa Mag:5.5 01-Jan-2024 14:52:44WIB Lok:0.20LS 123.65BT (74 km BaratDaya BOLAANGUKI-BOLSEL-SULUT) Kedlmn:46 Km #BMKG Disclaimer:Informasi ini mengutamakan kecepatan sehingga hasil pengolahan data belum stabil dan bisa berubah seiring kelengkapan data https://t.co/9WUBUAPi9w","1741730020631138502","https://pbs.twimg.com/tweet_video_thumb/GCveOQ5bYAA5Ma2.jpg","","in","Indonesia","4","2","18","https://x.com/infoBMKG/status/1741730020631138502","108543358","infoBMKG"
"1741729970622476451","Mon Jan 01 07:55:59 +0000 2024","214","#Gempa Mag:5.4 01-Jan-24 14:52:44 WIB Lok:0.20 LS 123.65 BT (74 km BaratDaya BOLAANGUKI-BOLSEL-SULUT) Kedlmn:47 Km tdk berpotensi tsunami #BMKG https://t.co/oYuey94TX9","1741729970622476451","https://pbs.twimg.com/tweet_video_thumb/GCveLbQbUAA7shs.jpg","","in","Indonesia","7","4","55","https://x.com/infoBMKG/status/1741729970622476451","108543358","infoBMKG"
"1741713158916501576","Mon Jan 01 06:49:11 +0000 2024","6","#Gempa Mag:3.7 01-Jan-2024 13:44:01WIB Lok:4.57LS 131.12BT (177 km Tenggara SERAMBAGIANTIMUR-MALUKU) Kedlmn:97 Km #BMKG Disclaimer:Informasi ini mengutamakan kecepatan sehingga hasil pengolahan data belum stabil dan bisa berubah seiring kelengkapan data https://t.co/POFy8OqUXP","1741713158916501576","https://pbs.twimg.com/tweet_video_thumb/GCvO4ymaQAAJlBH.jpg","","in","Indonesia","0","1","2","https://x.com/infoBMKG/status/1741713158916501576","108543358","infoBMKG"
"1741692012968227106","Mon Jan 01 05:25:09 +0000 2024","62","#Gempa Mag:4.8 01-Jan-2024 12:22:56WIB Lok:7.96LS 117.86BT (76 km TimurLaut SUMBAWA-NTB) Kedlmn:23 Km #BMKG Disclaimer:Informasi ini mengutamakan kecepatan sehingga hasil pengolahan data belum stabil dan bisa berubah seiring kelengkapan data https://t.co/DUFNxZmslK","1741692012968227106","https://pbs.twimg.com/tweet_video_thumb/GCu7p_bbsAAzPDT.jpg","","in","Indonesia","3","1","12","https://x.com/infoBMKG/status/1741692012968227106","108543358","infoBMKG"
"1741684213924172267","Mon Jan 01 04:54:10 +0000 2024","18","#Gempa Mag:2.8 01-Jan-2024 11:50:34WIB Lok:1.11LS 120.39BT (51 km BaratLaut POSO-SULTENG) Kedlmn:10 Km #BMKG Disclaimer:Informasi ini mengutamakan kecepatan sehingga hasil pengolahan data belum stabil dan bisa berubah seiring kelengkapan data https://t.co/s81JZHwVAz","1741684213924172267","https://pbs.twimg.com/tweet_video_thumb/GCu0kB1bkAAut9m.jpg","","in","Indonesia","0","2","5","https://x.com/infoBMKG/status/1741684213924172267","108543358","infoBMKG"
"1741681191915516293","Mon Jan 01 04:42:09 +0000 2024","33","#Gempa Mag:3.1 01-Jan-2024 11:38:43WIB Lok:8.31LS 116.96BT (12 km BaratLaut PULAUSARINGI-NTB) Kedlmn:10 Km #BMKG Disclaimer:Informasi ini mengutamakan kecepatan sehingga hasil pengolahan data belum stabil dan bisa berubah seiring kelengkapan data https://t.co/WEFwUoJT8u","1741681191915516293","https://pbs.twimg.com/tweet_video_thumb/GCux0HqbUAAiq1F.jpg","","in","Indonesia","0","1","5","https://x.com/infoBMKG/status/1741681191915516293","108543358","infoBMKG"
"1741678670857785708","Mon Jan 01 04:32:08 +0000 2024","30","#Gempa Mag:3.5 01-Jan-2024 11:28:22WIB Lok:3.00LS 139.91BT (6 km Tenggara KAB-JAYAPURA-PAPUA) Kedlmn:10 Km #BMKG Disclaimer:Informasi ini mengutamakan kecepatan sehingga hasil pengolahan data belum stabil dan bisa berubah seiring kelengkapan data https://t.co/3EzVmrUWXo","1741678670857785708","https://pbs.twimg.com/tweet_video_thumb/GCuvhXAaAAA2HNv.jpg","","in","Indonesia","0","1","7","https://x.com/infoBMKG/status/1741678670857785708","108543358","infoBMKG"
"1741661813950099896","Mon Jan 01 03:25:09 +0000 2024","73","#Gempa Mag:3.2 01-Jan-2024 10:22:45WIB Lok:4.63LU 96.64BT (22 km BaratLaut TAKENGON-ACEHTENGAH) Kedlmn:10 Km #BMKG Disclaimer:Informasi ini mengutamakan kecepatan sehingga hasil pengolahan data belum stabil dan bisa berubah seiring kelengkapan data https://t.co/38aIc1SkpJ","1741661813950099896","https://pbs.twimg.com/tweet_video_thumb/GCugMLHbwAA1MNY.jpg","","in","Indonesia","1","4","8","https://x.com/infoBMKG/status/1741661813950099896","108543358","infoBMKG"
"1741651749965115476","Mon Jan 01 02:45:10 +0000 2024","16","#Gempa Mag:3.4 01-Jan-2024 09:42:49WIB Lok:1.52LU 126.95BT (73 km BaratLaut HALMAHERABARAT-MALUT) Kedlmn:32 Km #BMKG Disclaimer:Informasi ini mengutamakan kecepatan sehingga hasil pengolahan data belum stabil dan bisa berubah seiring kelengkapan data https://t.co/xtJRDWE5lI","1741651749965115476","https://pbs.twimg.com/tweet_video_thumb/GCuXCYwaYAAGxt5.jpg","","in","Indonesia","0","0","4","https://x.com/infoBMKG/status/1741651749965115476","108543358","infoBMKG"
"1741650739842417088","Mon Jan 01 02:41:09 +0000 2024","14","#Gempa Mag:2.7 01-Jan-2024 09:37:24WIB Lok:4.60LU 96.66BT (20 km BaratDaya TAKENGON-ACEHTENGAH) Kedlmn:123 Km #BMKG Disclaimer:Informasi ini mengutamakan kecepatan sehingga hasil pengolahan data belum stabil dan bisa berubah seiring kelengkapan data https://t.co/mKGUdrc5dq","1741650739842417088","https://pbs.twimg.com/tweet_video_thumb/GCuWHklbcAIO0JB.jpg","","in","Indonesia","0","0","5","https://x.com/infoBMKG/status/1741650739842417088","108543358","infoBMKG"
"1741648980340289980","Mon Jan 01 02:34:09 +0000 2024","38","#Gempa Mag:2.5 01-Jan-2024 09:30:11WIB Lok:5.42LS 104.77BT (11 km TimurLaut TANGGAMUS-LAMPUNG) Kedlmn:102 Km #BMKG Disclaimer:Informasi ini mengutamakan kecepatan sehingga hasil pengolahan data belum stabil dan bisa berubah seiring kelengkapan data https://t.co/7svXLURlEY","1741648980340289980","https://pbs.twimg.com/tweet_video_thumb/GCuUhJ-aIAAEait.jpg","","in","Indonesia","0","1","11","https://x.com/infoBMKG/status/1741648980340289980","108543358","infoBMKG"
"1741645457619898805","Mon Jan 01 02:20:09 +0000 2024","10","#Gempa Mag:2.8 01-Jan-2024 09:16:32WIB Lok:3.69LS 128.67BT (53 km BaratDaya MALUKUTENGAH) Kedlmn:32 Km #BMKG Disclaimer:Informasi ini mengutamakan kecepatan sehingga hasil pengolahan data belum stabil dan bisa berubah seiring kelengkapan data https://t.co/QsrkjgBRL6","1741645457619898805","https://pbs.twimg.com/tweet_video_thumb/GCuRUH1bsAA3in6.jpg","","in","Indonesia","0","0","3","https://x.com/infoBMKG/status/1741645457619898805","108543358","infoBMKG"
"1741637154663698753","Mon Jan 01 01:47:10 +0000 2024","21","#Gempa Mag:2.8 01-Jan-2024 08:44:08WIB Lok:1.51LS 119.81BT (15 km BaratDaya SIGI-SULTENG) Kedlmn:10 Km #BMKG Disclaimer:Informasi ini mengutamakan kecepatan sehingga hasil pengolahan data belum stabil dan bisa berubah seiring kelengkapan data https://t.co/KUMA2NM0d5","1741637154663698753","https://pbs.twimg.com/tweet_video_thumb/GCuJwybbkAA4ihe.jpg","","in","Indonesia","0","1","3","https://x.com/infoBMKG/status/1741637154663698753","108543358","infoBMKG"
"1741631871090561203","Mon Jan 01 01:26:10 +0000 2024","39","#Gempa Mag:2.3 01-Jan-2024 08:23:41WIB Lok:0.71LS 119.89BT (32 km Tenggara DONGGALA-SULTENG) Kedlmn:10 Km #BMKG Disclaimer:Informasi ini mengutamakan kecepatan sehingga hasil pengolahan data belum stabil dan bisa berubah seiring kelengkapan data https://t.co/R4nEP5q9Tv","1741631871090561203","https://pbs.twimg.com/tweet_video_thumb/GCuE9RCa0AA6FXs.jpg","","in","Indonesia","0","2","5","https://x.com/infoBMKG/status/1741631871090561203","108543358","infoBMKG"
"1741626071995519044","Mon Jan 01 01:03:08 +0000 2024","76","#Gempa Mag:4.1 01-Jan-2024 07:59:46WIB Lok:2.99LS 139.92BT (7 km Tenggara KAB-JAYAPURA-PAPUA) Kedlmn:10 Km #BMKG Disclaimer:Informasi ini mengutamakan kecepatan sehingga hasil pengolahan data belum stabil dan bisa berubah seiring kelengkapan data https://t.co/tYMb4J6f0L","1741626071995519044","https://pbs.twimg.com/tweet_video_thumb/GCt_ru-asAADH_n.jpg","","in","Indonesia","1","1","12","https://x.com/infoBMKG/status/1741626071995519044","108543358","infoBMKG"
"1741625820710621260","Mon Jan 01 01:02:08 +0000 2024","1094","#Gempa Mag:3.8 01-Jan-2024 07:59:21WIB Lok:7.01LS 107.19BT (21 km Tenggara KAB-CIANJUR-JABAR) Kedlmn:168 Km #BMKG Disclaimer:Informasi ini mengutamakan kecepatan sehingga hasil pengolahan data belum stabil dan bisa berubah seiring kelengkapan data https://t.co/GN9sH2l7pO","1741625820710621260","https://pbs.twimg.com/tweet_video_thumb/GCt_dGiagAAlSvO.jpg","","in","Indonesia","61","46","302","https://x.com/infoBMKG/status/1741625820710621260","108543358","infoBMKG"
"1741619782741565899","Mon Jan 01 00:38:08 +0000 2024","28","#Gempa Mag:3.4 01-Jan-2024 07:34:47WIB Lok:2.97LS 139.87BT (2 km TimurLaut KAB-JAYAPURA-PAPUA) Kedlmn:10 Km #BMKG Disclaimer:Informasi ini mengutamakan kecepatan sehingga hasil pengolahan data belum stabil dan bisa berubah seiring kelengkapan data https://t.co/ODjpt1yIpE","1741619782741565899","https://pbs.twimg.com/tweet_video_thumb/GCt59pcagAAJEnQ.jpg","","in","Indonesia","0","1","7","https://x.com/infoBMKG/status/1741619782741565899","108543358","infoBMKG"
"1741616768895037927","Mon Jan 01 00:26:10 +0000 2024","12","#Gempa Mag:2.8 01-Jan-2024 07:20:10WIB Lok:0.68LU 124.02BT (22 km Tenggara LOLAK-BOLMONG-SULUT) Kedlmn:254 Km #BMKG Disclaimer:Informasi ini mengutamakan kecepatan sehingga hasil pengolahan data belum stabil dan bisa berubah seiring kelengkapan data https://t.co/zEWR0zJx2a","1741616768895037927","https://pbs.twimg.com/tweet_video_thumb/GCt3ON1bgAAJkDm.jpg","","in","Indonesia","0","0","3","https://x.com/infoBMKG/status/1741616768895037927","108543358","infoBMKG"
"1741611989783482761","Mon Jan 01 00:07:10 +0000 2024","30","#Gempa Mag:3.1 01-Jan-2024 07:03:15WIB Lok:1.30LS 120.51BT (29 km BaratLaut POSO-SULTENG) Kedlmn:10 Km #BMKG Disclaimer:Informasi ini mengutamakan kecepatan sehingga hasil pengolahan data belum stabil dan bisa berubah seiring kelengkapan data https://t.co/q0EaLpAHoQ","1741611989783482761","https://pbs.twimg.com/tweet_video_thumb/GCty4CxaEAAJGGX.jpg","","in","Indonesia","0","1","6","https://x.com/infoBMKG/status/1741611989783482761","108543358","infoBMKG"
