"conversation_id_str","created_at","favorite_count","full_text","id_str","image_url","in_reply_to_screen_name","lang","location","quote_count","reply_count","retweet_count","tweet_url","user_id_str","username"
"1762897992913445248","Wed Feb 28 17:50:09 +0000 2024","96","#Gempa Mag:4.0 29-Feb-2024 00:44:38WIB Lok:5.18LU 94.80BT (90 km BaratDaya JANTHO-ACEHBESAR) Kedlmn:16 Km #BMKG Disclaimer:Informasi ini mengutamakan kecepatan sehingga hasil pengolahan data belum stabil dan bisa berubah seiring kelengkapan data https://t.co/Lnuu4dFDcx","1762897992913445248","https://pbs.twimg.com/tweet_video_thumb/GHcSYYza4AIarZ8.jpg","","in","Indonesia","4","3","16","https://x.com/infoBMKG/status/1762897992913445248","108543358","infoBMKG"
"1762862265915863356","Wed Feb 28 15:28:11 +0000 2024","21","#Gempa Mag:3.9 28-Feb-2024 22:25:06WIB Lok:1.94LS 122.49BT (92 km BaratDaya BANGGAIKEP-SULTENG) Kedlmn:10 Km #BMKG Disclaimer:Informasi ini mengutamakan kecepatan sehingga hasil pengolahan data belum stabil dan bisa berubah seiring kelengkapan data https://t.co/qzHaGEnzZa","1762862265915863356","https://pbs.twimg.com/tweet_video_thumb/GHbx4yJawAAHK47.jpg","","in","Indonesia","0","1","3","https://x.com/infoBMKG/status/1762862265915863356","108543358","infoBMKG"
"1762827788015595694","Wed Feb 28 13:11:11 +0000 2024","13","#Gempa Mag:3.8 28-Feb-2024 20:06:07WIB Lok:1.52LU 124.76BT (23 km BaratLaut TOMOHON-SULUT) Kedlmn:226 Km #BMKG Disclaimer:Informasi ini mengutamakan kecepatan sehingga hasil pengolahan data belum stabil dan bisa berubah seiring kelengkapan data https://t.co/4gjHK1RHMp","1762827788015595694","https://pbs.twimg.com/tweet_video_thumb/GHbSh7BbQAAscoI.jpg","","in","Indonesia","0","0","2","https://x.com/infoBMKG/status/1762827788015595694","108543358","infoBMKG"
"1762800605725429799","Wed Feb 28 11:23:10 +0000 2024","9","#Gempa Mag:3.3 28-Feb-2024 18:18:59WIB Lok:8.01LS 118.05BT (74 km BaratLaut DOMPU-NTB) Kedlmn:23 Km #BMKG Disclaimer:Informasi ini mengutamakan kecepatan sehingga hasil pengolahan data belum stabil dan bisa berubah seiring kelengkapan data https://t.co/K2S4k8yjnP","1762800605725429799","https://pbs.twimg.com/tweet_video_thumb/GHa5zuZbwAAXtl2.jpg","","in","Indonesia","0","0","1","https://x.com/infoBMKG/status/1762800605725429799","108543358","infoBMKG"
"1762759579681849370","Wed Feb 28 08:40:08 +0000 2024","115","#Gempa Mag:4.1 28-Feb-2024 15:37:40WIB Lok:10.10LS 109.30BT (265 km Tenggara CILACAP-JATENG) Kedlmn:10 Km #BMKG Disclaimer:Informasi ini mengutamakan kecepatan sehingga hasil pengolahan data belum stabil dan bisa berubah seiring kelengkapan data https://t.co/cuc5muijpq","1762759579681849370","https://pbs.twimg.com/tweet_video_thumb/GHaUfsEbsAAi74-.jpg","","in","Indonesia","2","1","25","https://x.com/infoBMKG/status/1762759579681849370","108543358","infoBMKG"
"1762738945035735484","Wed Feb 28 07:18:09 +0000 2024","26","#Gempa Mag:4.4 28-Feb-2024 14:14:41WIB Lok:9.66LS 124.96BT (15 km Tenggara MALAKA-NTT) Kedlmn:10 Km #BMKG Disclaimer:Informasi ini mengutamakan kecepatan sehingga hasil pengolahan data belum stabil dan bisa berubah seiring kelengkapan data https://t.co/7VZkN9LY2R","1762738945035735484","https://pbs.twimg.com/tweet_video_thumb/GHaBuk5bMAA4DJE.jpg","","in","Indonesia","2","0","6","https://x.com/infoBMKG/status/1762738945035735484","108543358","infoBMKG"
"1762675785788481572","Wed Feb 28 03:07:10 +0000 2024","5","#Gempa Mag:3.3 28-Feb-2024 10:05:00WIB Lok:2.58LS 128.91BT (80 km BaratLaut MALUKUTENGAH) Kedlmn:12 Km #BMKG Disclaimer:Informasi ini mengutamakan kecepatan sehingga hasil pengolahan data belum stabil dan bisa berubah seiring kelengkapan data https://t.co/R3eErYqxoq","1762675785788481572","https://pbs.twimg.com/tweet_video_thumb/GHZISQuaUAEmUVC.jpg","","in","Indonesia","0","0","0","https://x.com/infoBMKG/status/1762675785788481572","108543358","infoBMKG"
"1762666975594188852","Wed Feb 28 02:32:10 +0000 2024","37","#Gempa Mag:4.7 28-Feb-2024 09:28:13WIB Lok:1.10LU 98.69BT (68 km BaratDaya TAPANULITENGAH-SUMUT) Kedlmn:37 Km #BMKG Disclaimer:Informasi ini mengutamakan kecepatan sehingga hasil pengolahan data belum stabil dan bisa berubah seiring kelengkapan data https://t.co/GAKP5uP1Gk","1762666975594188852","https://pbs.twimg.com/tweet_video_thumb/GHZARaiaUAA9K3K.jpg","","in","Indonesia","1","2","6","https://x.com/infoBMKG/status/1762666975594188852","108543358","infoBMKG"
"1762645829863743971","Wed Feb 28 01:08:08 +0000 2024","37","#Gempa Mag:3.6 28-Feb-2024 08:04:29WIB Lok:8.67LS 109.73BT (106 km BaratDaya KULONPROGO-DIY) Kedlmn:10 Km #BMKG Disclaimer:Informasi ini mengutamakan kecepatan sehingga hasil pengolahan data belum stabil dan bisa berubah seiring kelengkapan data https://t.co/5BxB763Gcq","1762645829863743971","https://pbs.twimg.com/tweet_video_thumb/GHYtCmKb0AAHjMH.jpg","","in","Indonesia","0","0","6","https://x.com/infoBMKG/status/1762645829863743971","108543358","infoBMKG"
"1762637784064700469","Wed Feb 28 00:36:10 +0000 2024","10","#Gempa Mag:2.7 28-Feb-2024 07:32:05WIB Lok:0.90LU 120.40BT (39 km BaratLaut TOLI-TOLI-SULTENG) Kedlmn:10 Km #BMKG Disclaimer:Informasi ini mengutamakan kecepatan sehingga hasil pengolahan data belum stabil dan bisa berubah seiring kelengkapan data https://t.co/GjeKOeozvS","1762637784064700469","https://pbs.twimg.com/tweet_video_thumb/GHYluSCacAASuD7.jpg","","in","Indonesia","0","0","1","https://x.com/infoBMKG/status/1762637784064700469","108543358","infoBMKG"
"1762611363250328022","Tue Feb 27 22:51:11 +0000 2024","20","#Gempa Mag:3.6 28-Feb-2024 05:44:49WIB Lok:4.22LS 133.65BT (108 km BaratDaya KAIMANA-PAPUABRT) Kedlmn:10 Km #BMKG Disclaimer:Informasi ini mengutamakan kecepatan sehingga hasil pengolahan data belum stabil dan bisa berubah seiring kelengkapan data https://t.co/kwZZACq3AC","1762611363250328022","https://pbs.twimg.com/tweet_video_thumb/GHYNsX9awAAKq1_.jpg","","in","Indonesia","1","1","4","https://x.com/infoBMKG/status/1762611363250328022","108543358","infoBMKG"
"1762610855701852636","Tue Feb 27 22:49:10 +0000 2024","20","#Gempa Mag:2.4 28-Feb-2024 05:43:55WIB Lok:1.71LS 101.42BT (18 km BaratLaut KERINCI-JAMBI) Kedlmn:124 Km #BMKG Disclaimer:Informasi ini mengutamakan kecepatan sehingga hasil pengolahan data belum stabil dan bisa berubah seiring kelengkapan data https://t.co/DCU9EjDFly","1762610855701852636","https://pbs.twimg.com/tweet_video_thumb/GHYNO1gbAAA1xi3.jpg","","in","Indonesia","1","1","2","https://x.com/infoBMKG/status/1762610855701852636","108543358","infoBMKG"
"1762586692811432103","Tue Feb 27 21:13:09 +0000 2024","92","#Gempa Mag:2.9 28-Feb-2024 04:08:53WIB Lok:7.82LS 106.98BT (100 km Tenggara KOTA-SUKABUMI-JABAR) Kedlmn:25 Km #BMKG Disclaimer:Informasi ini mengutamakan kecepatan sehingga hasil pengolahan data belum stabil dan bisa berubah seiring kelengkapan data https://t.co/aTqQrwURAd","1762586692811432103","https://pbs.twimg.com/tweet_video_thumb/GHX3QXRa8AAJ48i.jpg","","in","Indonesia","4","0","10","https://x.com/infoBMKG/status/1762586692811432103","108543358","infoBMKG"
"1762570836261953563","Tue Feb 27 20:10:09 +0000 2024","202","#Gempa Mag:4.0 28-Feb-2024 03:06:53WIB Lok:8.71LS 107.83BT (134 km BaratDaya KAB-PANGANDARAN-JABAR) Kedlmn:10 Km #BMKG Disclaimer:Informasi ini mengutamakan kecepatan sehingga hasil pengolahan data belum stabil dan bisa berubah seiring kelengkapan data https://t.co/0e5gVoLmVv","1762570836261953563","https://pbs.twimg.com/tweet_video_thumb/GHXo1aRaYAAV-JU.jpg","","in","Indonesia","3","1","33","https://x.com/infoBMKG/status/1762570836261953563","108543358","infoBMKG"
"1762494837797081344","Tue Feb 27 15:08:09 +0000 2024","193","#Gempa Mag:3.1 27-Feb-2024 22:04:34WIB Lok:7.47LS 106.18BT (60 km BaratDaya BAYAH-BANTEN) Kedlmn:11 Km #BMKG Disclaimer:Informasi ini mengutamakan kecepatan sehingga hasil pengolahan data belum stabil dan bisa berubah seiring kelengkapan data https://t.co/DF64WzuLbV","1762494837797081344","https://pbs.twimg.com/tweet_video_thumb/GHWjtnyaEAA9mqp.jpg","","in","Indonesia","14","7","44","https://x.com/infoBMKG/status/1762494837797081344","108543358","infoBMKG"
"1762444762681168152","Tue Feb 27 11:49:10 +0000 2024","20","#Gempa Mag:2.7 27-Feb-2024 18:45:43WIB Lok:0.16LS 121.70BT (74 km BaratDaya POHUWATO-GORONTALO) Kedlmn:10 Km #BMKG Disclaimer:Informasi ini mengutamakan kecepatan sehingga hasil pengolahan data belum stabil dan bisa berubah seiring kelengkapan data https://t.co/tjZW8HLC2E","1762444762681168152","https://pbs.twimg.com/tweet_video_thumb/GHV2K7fasAATiwB.jpg","","in","Indonesia","0","0","3","https://x.com/infoBMKG/status/1762444762681168152","108543358","infoBMKG"
"1762418334547792209","Tue Feb 27 10:04:09 +0000 2024","22","#Gempa Mag:2.8 27-Feb-2024 17:00:59WIB Lok:8.50LS 117.66BT (26 km Tenggara SUMBAWA-NTB) Kedlmn:137 Km #BMKG Disclaimer:Informasi ini mengutamakan kecepatan sehingga hasil pengolahan data belum stabil dan bisa berubah seiring kelengkapan data https://t.co/ubSc8A11qf","1762418334547792209","https://pbs.twimg.com/tweet_video_thumb/GHVeImjbIAA_UIx.jpg","","in","Indonesia","0","1","2","https://x.com/infoBMKG/status/1762418334547792209","108543358","infoBMKG"
"1762395938650505280","Tue Feb 27 08:35:10 +0000 2024","33","#Gempa Mag:3.0 27-Feb-2024 15:29:26WIB Lok:1.60LS 135.34BT (93 km BaratLaut KEP-YAPEN-PAPUA) Kedlmn:94 Km #BMKG Disclaimer:Informasi ini mengutamakan kecepatan sehingga hasil pengolahan data belum stabil dan bisa berubah seiring kelengkapan data https://t.co/Sh1n1g8WoX","1762395938650505280","https://pbs.twimg.com/tweet_video_thumb/GHVJw_hbkAAYs1q.jpg","","in","Indonesia","0","2","3","https://x.com/infoBMKG/status/1762395938650505280","108543358","infoBMKG"
"1762372293819605342","Tue Feb 27 07:01:12 +0000 2024","18","#Gempa Mag:3.4 27-Feb-2024 13:57:31WIB Lok:9.67LS 125.04BT (21 km Tenggara MALAKA-NTT) Kedlmn:10 Km #BMKG Disclaimer:Informasi ini mengutamakan kecepatan sehingga hasil pengolahan data belum stabil dan bisa berubah seiring kelengkapan data https://t.co/WS3mcpnTv7","1762372293819605342","https://pbs.twimg.com/tweet_video_thumb/GHU0Qrda8AAOhbb.jpg","","in","Indonesia","0","0","4","https://x.com/infoBMKG/status/1762372293819605342","108543358","infoBMKG"
"1762344597538365713","Tue Feb 27 05:11:09 +0000 2024","33","#Gempa Mag:4.1 27-Feb-2024 12:05:43WIB Lok:9.66LS 125.05BT (21 km Tenggara MALAKA-NTT) Kedlmn:10 Km #BMKG Disclaimer:Informasi ini mengutamakan kecepatan sehingga hasil pengolahan data belum stabil dan bisa berubah seiring kelengkapan data https://t.co/P2c135yodJ","1762344597538365713","https://pbs.twimg.com/tweet_video_thumb/GHUbEkaa0AAx1yR.jpg","","in","Indonesia","0","1","9","https://x.com/infoBMKG/status/1762344597538365713","108543358","infoBMKG"
"1762340014455927195","Tue Feb 27 04:52:56 +0000 2024","46","#Gempa Mag:5.2 27-Feb-24 11:49:13 WIB Lok:9.71 LS 125.05 BT (25 km Tenggara MALAKA-NTT) Kedlmn:10 Km tdk berpotensi tsunami #BMKG https://t.co/xDNW03rtL9","1762340014455927195","https://pbs.twimg.com/tweet_video_thumb/GHUW5zvaQAAW1Ne.jpg","","in","Indonesia","2","4","13","https://x.com/infoBMKG/status/1762340014455927195","108543358","infoBMKG"
"1762339814857376193","Tue Feb 27 04:52:09 +0000 2024","32","#Gempa Mag:5.1 27-Feb-2024 11:49:13WIB Lok:9.71LS 125.05BT (25 km Tenggara MALAKA-NTT) Kedlmn:10 Km #BMKG Disclaimer:Informasi ini mengutamakan kecepatan sehingga hasil pengolahan data belum stabil dan bisa berubah seiring kelengkapan data https://t.co/0chbUIqPpV","1762339814857376193","https://pbs.twimg.com/tweet_video_thumb/GHUWuKZaIAE7qs1.jpg","","in","Indonesia","1","1","9","https://x.com/infoBMKG/status/1762339814857376193","108543358","infoBMKG"
"1762337300812550260","Tue Feb 27 04:42:09 +0000 2024","13","#Gempa Mag:4.3 27-Feb-2024 11:39:09WIB Lok:8.86LS 123.43BT (43 km BaratDaya LEMBATA-NTT) Kedlmn:10 Km #BMKG Disclaimer:Informasi ini mengutamakan kecepatan sehingga hasil pengolahan data belum stabil dan bisa berubah seiring kelengkapan data https://t.co/1BtaCC8bZ3","1762337300812550260","https://pbs.twimg.com/tweet_video_thumb/GHUUb1oaMAAGyl0.jpg","","in","Indonesia","0","0","1","https://x.com/infoBMKG/status/1762337300812550260","108543358","infoBMKG"
"1762324469358776685","Tue Feb 27 03:51:10 +0000 2024","11","#Gempa Mag:3.9 27-Feb-2024 10:47:30WIB Lok:2.93LU 127.13BT (129 km Tenggara MELONGUANE-SULUT) Kedlmn:10 Km #BMKG Disclaimer:Informasi ini mengutamakan kecepatan sehingga hasil pengolahan data belum stabil dan bisa berubah seiring kelengkapan data https://t.co/aZDdiewaQ8","1762324469358776685","https://pbs.twimg.com/tweet_video_thumb/GHUIw83bwAAfDpu.jpg","","in","Indonesia","0","0","2","https://x.com/infoBMKG/status/1762324469358776685","108543358","infoBMKG"
"1762305348034338973","Tue Feb 27 02:35:11 +0000 2024","19","#Gempa Mag:3.6 27-Feb-2024 09:28:25WIB Lok:2.96LS 130.12BT (44 km BaratLaut SERAMBAGIANTIMUR-MALUKU) Kedlmn:10 Km #BMKG Disclaimer:Informasi ini mengutamakan kecepatan sehingga hasil pengolahan data belum stabil dan bisa berubah seiring kelengkapan data https://t.co/JksCHIgTEs","1762305348034338973","https://pbs.twimg.com/tweet_video_thumb/GHT3X8BbEAAlC3c.jpg","","in","Indonesia","0","3","1","https://x.com/infoBMKG/status/1762305348034338973","108543358","infoBMKG"
"1762265827712377215","Mon Feb 26 23:58:09 +0000 2024","263","#Gempa Mag:4.3 27-Feb-2024 06:55:36WIB Lok:7.57LS 105.91BT (80 km BaratDaya BAYAH-BANTEN) Kedlmn:10 Km #BMKG Disclaimer:Informasi ini mengutamakan kecepatan sehingga hasil pengolahan data belum stabil dan bisa berubah seiring kelengkapan data https://t.co/Yv1NrqUnp2","1762265827712377215","https://pbs.twimg.com/tweet_video_thumb/GHTTbjgbAAAXXRW.jpg","","in","Indonesia","13","16","55","https://x.com/infoBMKG/status/1762265827712377215","108543358","infoBMKG"
"1762224561612116110","Mon Feb 26 21:14:10 +0000 2024","14","#Gempa Mag:3.8 27-Feb-2024 04:08:52WIB Lok:5.96LS 130.30BT (249 km BaratLaut MALUKUTENGGARABRT) Kedlmn:201 Km #BMKG Disclaimer:Informasi ini mengutamakan kecepatan sehingga hasil pengolahan data belum stabil dan bisa berubah seiring kelengkapan data https://t.co/GYuYAL0xPx","1762224561612116110","https://pbs.twimg.com/tweet_video_thumb/GHSt5iHboAA60hn.jpg","","in","Indonesia","0","0","2","https://x.com/infoBMKG/status/1762224561612116110","108543358","infoBMKG"
"1762218522695098405","Mon Feb 26 20:50:10 +0000 2024","6","#Gempa Mag:4.4 27-Feb-2024 03:46:13WIB Lok:0.50LU 126.02BT (144 km Tenggara BITUNG-SULUT) Kedlmn:20 Km #BMKG Disclaimer:Informasi ini mengutamakan kecepatan sehingga hasil pengolahan data belum stabil dan bisa berubah seiring kelengkapan data https://t.co/vvEwb6mqd7","1762218522695098405","https://pbs.twimg.com/tweet_video_thumb/GHSoaCda0AAwAVg.jpg","","in","Indonesia","0","0","1","https://x.com/infoBMKG/status/1762218522695098405","108543358","infoBMKG"
"1762209456719585304","Mon Feb 26 20:14:09 +0000 2024","209","#Gempa Mag:2.9 27-Feb-2024 03:09:43WIB Lok:6.64LS 107.58BT (17 km Tenggara KAB-PURWAKARTA-JABAR) Kedlmn:64 Km #BMKG Disclaimer:Informasi ini mengutamakan kecepatan sehingga hasil pengolahan data belum stabil dan bisa berubah seiring kelengkapan data https://t.co/JD2UsPfzSM","1762209456719585304","https://pbs.twimg.com/tweet_video_thumb/GHSgKV0bsAAwC9V.jpg","","in","Indonesia","7","9","47","https://x.com/infoBMKG/status/1762209456719585304","108543358","infoBMKG"
"1762201025409360131","Mon Feb 26 19:40:39 +0000 2024","10","#Gempa Mag:5.4 27-Feb-24 02:37:16 WIB Lok:5.89 LS 130.59 BT (239 km BaratDaya MALUKUTENGGARA) Kedlmn:119 Km tdk berpotensi tsunami #BMKG https://t.co/rLIYVVXJda","1762201025409360131","https://pbs.twimg.com/tweet_video_thumb/GHSYflAasAAiNqs.jpg","","in","Indonesia","0","1","1","https://x.com/infoBMKG/status/1762201025409360131","108543358","infoBMKG"
"1762182783626317848","Mon Feb 26 18:28:10 +0000 2024","27","#Gempa Mag:3.0 27-Feb-2024 01:24:53WIB Lok:8.39LS 117.69BT (31 km TimurLaut SUMBAWA-NTB) Kedlmn:162 Km #BMKG Disclaimer:Informasi ini mengutamakan kecepatan sehingga hasil pengolahan data belum stabil dan bisa berubah seiring kelengkapan data https://t.co/iqdvy8AoJX","1762182783626317848","https://pbs.twimg.com/tweet_video_thumb/GHSH5xQakAAkcgb.jpg","","in","Indonesia","0","1","2","https://x.com/infoBMKG/status/1762182783626317848","108543358","infoBMKG"
"1762112578749337770","Mon Feb 26 13:49:11 +0000 2024","12","#Gempa Mag:3.0 26-Feb-2024 20:45:27WIB Lok:0.67LS 121.88BT (61 km TimurLaut TOJOUNA-UNA-SULTENG) Kedlmn:10 Km #BMKG Disclaimer:Informasi ini mengutamakan kecepatan sehingga hasil pengolahan data belum stabil dan bisa berubah seiring kelengkapan data https://t.co/RfGzkhECz5","1762112578749337770","https://pbs.twimg.com/tweet_video_thumb/GHRIDQNagAAB9Rr.jpg","","in","Indonesia","0","1","0","https://x.com/infoBMKG/status/1762112578749337770","108543358","infoBMKG"
"1762068528449061062","Mon Feb 26 10:54:09 +0000 2024","79","#Gempa Mag:3.2 26-Feb-2024 17:50:02WIB Lok:8.73LS 110.54BT (82 km BaratDaya GUNUNGKIDUL-DIY) Kedlmn:29 Km #BMKG Disclaimer:Informasi ini mengutamakan kecepatan sehingga hasil pengolahan data belum stabil dan bisa berubah seiring kelengkapan data https://t.co/LRDNRYQeJn","1762068528449061062","https://pbs.twimg.com/tweet_video_thumb/GHQf_PBaAAA8mQg.jpg","","in","Indonesia","0","1","15","https://x.com/infoBMKG/status/1762068528449061062","108543358","infoBMKG"
"1762065005368012997","Mon Feb 26 10:40:09 +0000 2024","93","#Gempa Mag:2.7 26-Feb-2024 17:34:11WIB Lok:8.00LS 110.45BT (15 km Tenggara BANTUL-DIY) Kedlmn:12 Km #BMKG Disclaimer:Informasi ini mengutamakan kecepatan sehingga hasil pengolahan data belum stabil dan bisa berubah seiring kelengkapan data https://t.co/T7GoyMDNi3","1762065005368012997","https://pbs.twimg.com/tweet_video_thumb/GHQcyGtbsAACIFr.jpg","","in","Indonesia","2","1","16","https://x.com/infoBMKG/status/1762065005368012997","108543358","infoBMKG"
"1761975671746937136","Mon Feb 26 04:45:10 +0000 2024","21","#Gempa Mag:3.0 26-Feb-2024 11:39:23WIB Lok:1.64LS 120.66BT (29 km BaratDaya POSO-SULTENG) Kedlmn:10 Km #BMKG Disclaimer:Informasi ini mengutamakan kecepatan sehingga hasil pengolahan data belum stabil dan bisa berubah seiring kelengkapan data https://t.co/BEBOuASRp2","1761975671746937136","https://pbs.twimg.com/tweet_video_thumb/GHPLiQ1b0AArGHj.jpg","","in","Indonesia","1","0","1","https://x.com/infoBMKG/status/1761975671746937136","108543358","infoBMKG"
"1761945473404014927","Mon Feb 26 02:45:10 +0000 2024","15","#Gempa Mag:2.5 26-Feb-2024 09:41:35WIB Lok:1.26LS 121.18BT (43 km BaratDaya TOJOUNA-UNA-SULTENG) Kedlmn:10 Km #BMKG Disclaimer:Informasi ini mengutamakan kecepatan sehingga hasil pengolahan data belum stabil dan bisa berubah seiring kelengkapan data https://t.co/0SW7noUsDE","1761945473404014927","https://pbs.twimg.com/tweet_video_thumb/GHOwEdDaMAA3aAB.jpg","","in","Indonesia","0","0","2","https://x.com/infoBMKG/status/1761945473404014927","108543358","infoBMKG"
"1761930616596300212","Mon Feb 26 01:46:08 +0000 2024","146","#Gempa Mag:3.2 26-Feb-2024 08:39:30WIB Lok:8.23LS 109.07BT (56 km Tenggara CILACAP-JATENG) Kedlmn:38 Km #BMKG Disclaimer:Informasi ini mengutamakan kecepatan sehingga hasil pengolahan data belum stabil dan bisa berubah seiring kelengkapan data https://t.co/NCJIDqbIQx","1761930616596300212","https://pbs.twimg.com/tweet_video_thumb/GHOijtybkAAEU9H.jpg","","in","Indonesia","1","6","21","https://x.com/infoBMKG/status/1761930616596300212","108543358","infoBMKG"
"1761916022989394230","Mon Feb 26 00:48:09 +0000 2024","274","#Gempa Mag:3.8 26-Feb-2024 07:44:35WIB Lok:7.47LS 105.98BT (67 km BaratDaya BAYAH-BANTEN) Kedlmn:10 Km #BMKG Disclaimer:Informasi ini mengutamakan kecepatan sehingga hasil pengolahan data belum stabil dan bisa berubah seiring kelengkapan data https://t.co/U4G9YdBXbA","1761916022989394230","https://pbs.twimg.com/tweet_video_thumb/GHOVSNrbgAAaG1g.jpg","","in","Indonesia","10","15","66","https://x.com/infoBMKG/status/1761916022989394230","108543358","infoBMKG"
"1761877521589760500","Sun Feb 25 22:15:09 +0000 2024","20","#Gempa Mag:4.7 26-Feb-2024 05:09:54WIB Lok:5.38LU 127.64BT (187 km TimurLaut MELONGUANE-SULUT) Kedlmn:10 Km #BMKG Disclaimer:Informasi ini mengutamakan kecepatan sehingga hasil pengolahan data belum stabil dan bisa berubah seiring kelengkapan data https://t.co/p3w2bvcLjv","1761877521589760500","https://pbs.twimg.com/tweet_video_thumb/GHNyRIlbAAAPZSz.jpg","","in","Indonesia","0","0","3","https://x.com/infoBMKG/status/1761877521589760500","108543358","infoBMKG"
"1761849082707153184","Sun Feb 25 20:22:09 +0000 2024","11","#Gempa Mag:2.9 26-Feb-2024 03:18:32WIB Lok:2.24LU 96.24BT (29 km BaratDaya SINABANG-ACEH) Kedlmn:17 Km #BMKG Disclaimer:Informasi ini mengutamakan kecepatan sehingga hasil pengolahan data belum stabil dan bisa berubah seiring kelengkapan data https://t.co/k2OrFsX62B","1761849082707153184","https://pbs.twimg.com/tweet_video_thumb/GHNYZylaAAAQWOk.jpg","","in","Indonesia","0","2","0","https://x.com/infoBMKG/status/1761849082707153184","108543358","infoBMKG"
"1761847574653464985","Sun Feb 25 20:16:09 +0000 2024","12","#Gempa Mag:2.7 26-Feb-2024 03:12:26WIB Lok:0.62LS 98.99BT (120 km BaratDaya AGAM-SUMBAR) Kedlmn:10 Km #BMKG Disclaimer:Informasi ini mengutamakan kecepatan sehingga hasil pengolahan data belum stabil dan bisa berubah seiring kelengkapan data https://t.co/opFS1n5NHT","1761847574653464985","https://pbs.twimg.com/tweet_video_thumb/GHNXCB-boAA2WGE.jpg","","in","Indonesia","2","2","0","https://x.com/infoBMKG/status/1761847574653464985","108543358","infoBMKG"
"1761819393254965316","Sun Feb 25 18:24:11 +0000 2024","10","#Gempa Mag:2.6 26-Feb-2024 01:21:25WIB Lok:0.38LU 120.94BT (27 km Tenggara PARIGIMOUTONG-SULTENG) Kedlmn:104 Km #BMKG Disclaimer:Informasi ini mengutamakan kecepatan sehingga hasil pengolahan data belum stabil dan bisa berubah seiring kelengkapan data https://t.co/dydtjiKnjm","1761819393254965316","https://pbs.twimg.com/tweet_video_thumb/GHM9ZoiaYAAgGBq.jpg","","in","Indonesia","0","0","2","https://x.com/infoBMKG/status/1761819393254965316","108543358","infoBMKG"
"1761819140128682076","Sun Feb 25 18:23:10 +0000 2024","8","#Gempa Mag:2.4 26-Feb-2024 01:18:28WIB Lok:0.36LU 120.87BT (25 km Tenggara PARIGIMOUTONG-SULTENG) Kedlmn:102 Km #BMKG Disclaimer:Informasi ini mengutamakan kecepatan sehingga hasil pengolahan data belum stabil dan bisa berubah seiring kelengkapan data https://t.co/95wWciZavt","1761819140128682076","https://pbs.twimg.com/tweet_video_thumb/GHM9K7CbYAAx1Ut.jpg","","in","Indonesia","0","0","1","https://x.com/infoBMKG/status/1761819140128682076","108543358","infoBMKG"
"1761795483696300472","Sun Feb 25 16:49:10 +0000 2024","44","#Gempa Mag:3.6 25-Feb-2024 23:45:27WIB Lok:4.62LU 96.42BT (44 km Tenggara KAB-PIDIEJAYA-ACEH) Kedlmn:10 Km #BMKG Disclaimer:Informasi ini mengutamakan kecepatan sehingga hasil pengolahan data belum stabil dan bisa berubah seiring kelengkapan data https://t.co/tBz2DzApV6","1761795483696300472","https://pbs.twimg.com/tweet_video_thumb/GHMnp6RbgAAq1c_.jpg","","in","Indonesia","2","0","9","https://x.com/infoBMKG/status/1761795483696300472","108543358","infoBMKG"
"1761773347778761033","Sun Feb 25 15:21:12 +0000 2024","149","#Gempa Mag:3.2 25-Feb-2024 22:18:21WIB Lok:7.59LS 105.99BT (78 km BaratDaya BAYAH-BANTEN) Kedlmn:10 Km #BMKG Disclaimer:Informasi ini mengutamakan kecepatan sehingga hasil pengolahan data belum stabil dan bisa berubah seiring kelengkapan data https://t.co/F8IVHyXwHj","1761773347778761033","https://pbs.twimg.com/tweet_video_thumb/GHMThIAaEAAPWmC.jpg","","in","Indonesia","32","15","49","https://x.com/infoBMKG/status/1761773347778761033","108543358","infoBMKG"
"1761771579590246701","Sun Feb 25 15:14:11 +0000 2024","207","#Gempa Mag:4.2 25-Feb-2024 22:11:54WIB Lok:7.64LS 105.95BT (85 km BaratDaya BAYAH-BANTEN) Kedlmn:10 Km #BMKG Disclaimer:Informasi ini mengutamakan kecepatan sehingga hasil pengolahan data belum stabil dan bisa berubah seiring kelengkapan data https://t.co/sZ8lWHsxNm","1761771579590246701","https://pbs.twimg.com/tweet_video_thumb/GHMR6ZXb0AAK61y.jpg","","in","Indonesia","41","36","79","https://x.com/infoBMKG/status/1761771579590246701","108543358","infoBMKG"
"1761770071654097367","Sun Feb 25 15:08:11 +0000 2024","215","#Gempa Mag:5.1 25-Feb-24 22:04:56 WIB Lok:7.54 LS 105.95 BT (75 km BaratDaya BAYAH-BANTEN) Kedlmn:10 Km tdk berpotensi tsunami #BMKG https://t.co/gJnrCKvIjX","1761770071654097367","https://pbs.twimg.com/tweet_video_thumb/GHMQimtbUAAo2yi.jpg","","in","Indonesia","33","26","85","https://x.com/infoBMKG/status/1761770071654097367","108543358","infoBMKG"
"1761769816258707738","Sun Feb 25 15:07:10 +0000 2024","654","#Gempa Mag:5.1 25-Feb-2024 22:04:56WIB Lok:7.56LS 106.00BT (75 km BaratDaya BAYAH-BANTEN) Kedlmn:14 Km #BMKG Disclaimer:Informasi ini mengutamakan kecepatan sehingga hasil pengolahan data belum stabil dan bisa berubah seiring kelengkapan data https://t.co/93WN8FMIkE","1761769816258707738","https://pbs.twimg.com/tweet_video_thumb/GHMQT2FakAA8MSZ.jpg","","in","Indonesia","104","78","194","https://x.com/infoBMKG/status/1761769816258707738","108543358","infoBMKG"
"1761762776383648120","Sun Feb 25 14:39:12 +0000 2024","21","#Gempa Mag:3.7 25-Feb-2024 21:34:29WIB Lok:8.44LS 120.72BT (34 km TimurLaut RUTENG-MANGGARAI-NTT) Kedlmn:10 Km #BMKG Disclaimer:Informasi ini mengutamakan kecepatan sehingga hasil pengolahan data belum stabil dan bisa berubah seiring kelengkapan data https://t.co/usOEtD4UHD","1761762776383648120","https://pbs.twimg.com/tweet_video_thumb/GHMJ5_NbQAA-yo8.jpg","","in","Indonesia","1","1","1","https://x.com/infoBMKG/status/1761762776383648120","108543358","infoBMKG"
"1761762260614369590","Sun Feb 25 14:37:09 +0000 2024","141","#Gempa Mag:3.4 25-Feb-2024 21:32:04WIB Lok:7.53LS 105.96BT (74 km BaratDaya BAYAH-BANTEN) Kedlmn:13 Km #BMKG Disclaimer:Informasi ini mengutamakan kecepatan sehingga hasil pengolahan data belum stabil dan bisa berubah seiring kelengkapan data https://t.co/hyCmqW0FD2","1761762260614369590","https://pbs.twimg.com/tweet_video_thumb/GHMJcD6akAAE3W7.jpg","","in","Indonesia","22","18","58","https://x.com/infoBMKG/status/1761762260614369590","108543358","infoBMKG"
"1761754475801506105","Sun Feb 25 14:06:13 +0000 2024","254","#Gempa Mag:3.1 25-Feb-2024 21:02:06WIB Lok:7.55LS 106.00BT (74 km BaratDaya BAYAH-BANTEN) Kedlmn:10 Km #BMKG Disclaimer:Informasi ini mengutamakan kecepatan sehingga hasil pengolahan data belum stabil dan bisa berubah seiring kelengkapan data https://t.co/jP0KKSomKV","1761754475801506105","https://pbs.twimg.com/tweet_video_thumb/GHMCWuhaUAAXNcH.jpg","","in","Indonesia","45","23","92","https://x.com/infoBMKG/status/1761754475801506105","108543358","infoBMKG"
"1761747429802820014","Sun Feb 25 13:38:13 +0000 2024","333","#Gempa Mag:2.7 25-Feb-2024 20:34:20WIB Lok:7.41LS 106.08BT (56 km BaratDaya BAYAH-BANTEN) Kedlmn:10 Km #BMKG Disclaimer:Informasi ini mengutamakan kecepatan sehingga hasil pengolahan data belum stabil dan bisa berubah seiring kelengkapan data https://t.co/usRPyxCU26","1761747429802820014","https://pbs.twimg.com/tweet_video_thumb/GHL78pta0AAsjH6.jpg","","in","Indonesia","62","29","121","https://x.com/infoBMKG/status/1761747429802820014","108543358","infoBMKG"
"1761740404263965181","Sun Feb 25 13:10:18 +0000 2024","8353","#Gempa Mag:5.7 25-Feb-24 20:07:03 WIB Lok:7.61 LS 105.90 BT (85 km BaratDaya BAYAH-BANTEN) Kedlmn:10 Km tdk berpotensi tsunami #BMKG https://t.co/AEUZomrkhv","1761740404263965181","https://pbs.twimg.com/tweet_video_thumb/GHL1jrsbQAAI22v.jpg","","in","Indonesia","2377","1207","3159","https://x.com/infoBMKG/status/1761740404263965181","108543358","infoBMKG"
"1761740113485365624","Sun Feb 25 13:09:09 +0000 2024","9746","#Gempa Mag:5.8 25-Feb-2024 20:07:04WIB Lok:7.57LS 105.94BT (79 km BaratDaya BAYAH-BANTEN) Kedlmn:10 Km #BMKG Disclaimer:Informasi ini mengutamakan kecepatan sehingga hasil pengolahan data belum stabil dan bisa berubah seiring kelengkapan data https://t.co/U20j9BspaQ","1761740113485365624","https://pbs.twimg.com/tweet_video_thumb/GHL1S8FbwAAB3BW.jpg","","in","Indonesia","3198","2056","4066","https://x.com/infoBMKG/status/1761740113485365624","108543358","infoBMKG"
"1761734337077317944","Sun Feb 25 12:46:12 +0000 2024","155","#Gempa Mag:3.0 25-Feb-2024 19:43:43WIB Lok:2.42LS 120.71BT (54 km BaratLaut LUWUTIMUR-SULSEL) Kedlmn:10 Km #BMKG Disclaimer:Informasi ini mengutamakan kecepatan sehingga hasil pengolahan data belum stabil dan bisa berubah seiring kelengkapan data https://t.co/RXhw4f7Whf","1761734337077317944","https://pbs.twimg.com/tweet_video_thumb/GHLwCsiaYAA09W8.jpg","","in","Indonesia","3","82","27","https://x.com/infoBMKG/status/1761734337077317944","108543358","infoBMKG"
"1761706902046777429","Sun Feb 25 10:57:11 +0000 2024","5","#Gempa Mag:3.6 25-Feb-2024 17:54:18WIB Lok:8.27LS 121.57BT (53 km TimurLaut MBAY-NAGEKEO-NTT) Kedlmn:96 Km #BMKG Disclaimer:Informasi ini mengutamakan kecepatan sehingga hasil pengolahan data belum stabil dan bisa berubah seiring kelengkapan data https://t.co/22FqPMV6hk","1761706902046777429","https://pbs.twimg.com/tweet_video_thumb/GHLXFy9bIAA25LM.jpg","","in","Indonesia","0","0","0","https://x.com/infoBMKG/status/1761706902046777429","108543358","infoBMKG"
"1761698094050414890","Sun Feb 25 10:22:11 +0000 2024","5","#Gempa Mag:3.8 25-Feb-2024 17:19:58WIB Lok:1.78LU 127.22BT (62 km BaratLaut HALMAHERABARAT-MALUT) Kedlmn:116 Km #BMKG Disclaimer:Informasi ini mengutamakan kecepatan sehingga hasil pengolahan data belum stabil dan bisa berubah seiring kelengkapan data https://t.co/jjsY341J5c","1761698094050414890","https://pbs.twimg.com/tweet_video_thumb/GHLPFGyasAAEk3q.jpg","","in","Indonesia","0","0","0","https://x.com/infoBMKG/status/1761698094050414890","108543358","infoBMKG"
"1761669655251554344","Sun Feb 25 08:29:10 +0000 2024","9","#Gempa Mag:4.2 25-Feb-2024 15:23:34WIB Lok:4.43LS 137.04BT (69 km TimurLaut MIMIKA-PAPUA) Kedlmn:24 Km #BMKG Disclaimer:Informasi ini mengutamakan kecepatan sehingga hasil pengolahan data belum stabil dan bisa berubah seiring kelengkapan data https://t.co/2oRIxZLVsh","1761669655251554344","https://pbs.twimg.com/tweet_video_thumb/GHK1NvKbYAAA0nC.jpg","","in","Indonesia","0","0","1","https://x.com/infoBMKG/status/1761669655251554344","108543358","infoBMKG"
"1761643736818446510","Sun Feb 25 06:46:11 +0000 2024","5","#Gempa Mag:3.5 25-Feb-2024 13:39:35WIB Lok:1.73LS 133.32BT (19 km BaratLaut TELUKBINTUNI-PAPUABRT) Kedlmn:10 Km #BMKG Disclaimer:Informasi ini mengutamakan kecepatan sehingga hasil pengolahan data belum stabil dan bisa berubah seiring kelengkapan data https://t.co/61pF082IIP","1761643736818446510","https://pbs.twimg.com/tweet_video_thumb/GHKdpFCaEAAbBpe.jpg","","in","Indonesia","1","0","1","https://x.com/infoBMKG/status/1761643736818446510","108543358","infoBMKG"
"1761606735197036805","Sun Feb 25 04:19:09 +0000 2024","9","#Gempa Mag:3.8 25-Feb-2024 11:12:38WIB Lok:4.64LU 95.06BT (57 km BaratLaut CALANG-ACEHJAYA) Kedlmn:25 Km #BMKG Disclaimer:Informasi ini mengutamakan kecepatan sehingga hasil pengolahan data belum stabil dan bisa berubah seiring kelengkapan data https://t.co/mPLywl4CxU","1761606735197036805","https://pbs.twimg.com/tweet_video_thumb/GHJ7_TCaIAAGs2k.jpg","","in","Indonesia","0","0","2","https://x.com/infoBMKG/status/1761606735197036805","108543358","infoBMKG"
"1761578801451221496","Sun Feb 25 02:28:09 +0000 2024","16","#Gempa Mag:4.3 25-Feb-2024 09:25:29WIB Lok:5.61LS 102.30BT (29 km Tenggara ENGGANO-BENGKULU) Kedlmn:31 Km #BMKG Disclaimer:Informasi ini mengutamakan kecepatan sehingga hasil pengolahan data belum stabil dan bisa berubah seiring kelengkapan data https://t.co/DWGCylMveR","1761578801451221496","https://pbs.twimg.com/tweet_video_thumb/GHJilXOaAAAUgWS.jpg","","in","Indonesia","1","0","1","https://x.com/infoBMKG/status/1761578801451221496","108543358","infoBMKG"
"1761557414825078994","Sun Feb 25 01:03:10 +0000 2024","7","#Gempa Mag:2.7 25-Feb-2024 07:59:14WIB Lok:8.16LS 123.95BT (62 km TimurLaut LEMBATA-NTT) Kedlmn:174 Km #BMKG Disclaimer:Informasi ini mengutamakan kecepatan sehingga hasil pengolahan data belum stabil dan bisa berubah seiring kelengkapan data https://t.co/d21pwacokY","1761557414825078994","https://pbs.twimg.com/tweet_video_thumb/GHJPIfBbcAAqZeF.jpg","","in","Indonesia","0","0","0","https://x.com/infoBMKG/status/1761557414825078994","108543358","infoBMKG"
"1761535519232770407","Sat Feb 24 23:36:10 +0000 2024","19","#Gempa Mag:5.2 25-Feb-2024 06:29:40WIB Lok:6.44LS 143.48BT (356 km Tenggara BOVENDIGOEL-PAPUA) Kedlmn:11 Km #BMKG Disclaimer:Informasi ini mengutamakan kecepatan sehingga hasil pengolahan data belum stabil dan bisa berubah seiring kelengkapan data https://t.co/dPtKh2XEEl","1761535519232770407","https://pbs.twimg.com/tweet_video_thumb/GHI7OA1b0AAS24W.jpg","","in","Indonesia","0","0","4","https://x.com/infoBMKG/status/1761535519232770407","108543358","infoBMKG"
"1761515133543809247","Sat Feb 24 22:15:09 +0000 2024","11","#Gempa Mag:2.8 25-Feb-2024 05:08:48WIB Lok:0.59LU 98.50BT (76 km TimurLaut NIASSELATAN-SUMUT) Kedlmn:10 Km #BMKG Disclaimer:Informasi ini mengutamakan kecepatan sehingga hasil pengolahan data belum stabil dan bisa berubah seiring kelengkapan data https://t.co/kSWrT6CswK","1761515133543809247","https://pbs.twimg.com/tweet_video_thumb/GHIorYebsAA71-d.jpg","","in","Indonesia","0","1","4","https://x.com/infoBMKG/status/1761515133543809247","108543358","infoBMKG"
"1761489464051003886","Sat Feb 24 20:33:09 +0000 2024","10","#Gempa Mag:2.6 25-Feb-2024 03:28:24WIB Lok:4.99LU 95.95BT (36 km BaratDaya KAB-PIDIEJAYA-ACEH) Kedlmn:10 Km #BMKG Disclaimer:Informasi ini mengutamakan kecepatan sehingga hasil pengolahan data belum stabil dan bisa berubah seiring kelengkapan data https://t.co/eDZiC7L5s5","1761489464051003886","https://pbs.twimg.com/tweet_video_thumb/GHIRVO2aMAA5Ms-.jpg","","in","Indonesia","0","0","4","https://x.com/infoBMKG/status/1761489464051003886","108543358","infoBMKG"
"1761458514709672173","Sat Feb 24 18:30:10 +0000 2024","19","#Gempa Mag:3.7 25-Feb-2024 01:26:21WIB Lok:7.54LS 120.35BT (117 km TimurLaut LABUANBAJO-NTT) Kedlmn:369 Km #BMKG Disclaimer:Informasi ini mengutamakan kecepatan sehingga hasil pengolahan data belum stabil dan bisa berubah seiring kelengkapan data https://t.co/lj3aVSc7Em","1761458514709672173","https://pbs.twimg.com/tweet_video_thumb/GHH1LuXbQAApTL3.jpg","","in","Indonesia","0","0","4","https://x.com/infoBMKG/status/1761458514709672173","108543358","infoBMKG"
"1761449452450263069","Sat Feb 24 17:54:10 +0000 2024","108","#Gempa Mag:3.2 25-Feb-2024 00:49:49WIB Lok:9.08LS 111.91BT (110 km BaratDaya KAB-BLITAR-JATIM) Kedlmn:10 Km #BMKG Disclaimer:Informasi ini mengutamakan kecepatan sehingga hasil pengolahan data belum stabil dan bisa berubah seiring kelengkapan data https://t.co/9d86W42LsP","1761449452450263069","https://pbs.twimg.com/tweet_video_thumb/GHHs8MnboAAdU_V.jpg","","in","Indonesia","2","1","16","https://x.com/infoBMKG/status/1761449452450263069","108543358","infoBMKG"
"1761399123755094296","Sat Feb 24 14:34:10 +0000 2024","12","#Gempa Mag:3.8 24-Feb-2024 21:29:35WIB Lok:8.82LS 119.07BT (53 km Tenggara KOTA-BIMA-NTB) Kedlmn:81 Km #BMKG Disclaimer:Informasi ini mengutamakan kecepatan sehingga hasil pengolahan data belum stabil dan bisa berubah seiring kelengkapan data https://t.co/5NaW1a0HV5","1761399123755094296","https://pbs.twimg.com/tweet_video_thumb/GHG_KnNbAAAhudd.jpg","","in","Indonesia","0","0","0","https://x.com/infoBMKG/status/1761399123755094296","108543358","infoBMKG"
"1761395858309030169","Sat Feb 24 14:21:12 +0000 2024","3","#Gempa Mag:2.9 24-Feb-2024 21:16:10WIB Lok:2.98LS 119.35BT (8 km Tenggara MAMASA-SULBAR) Kedlmn:10 Km #BMKG Disclaimer:Informasi ini mengutamakan kecepatan sehingga hasil pengolahan data belum stabil dan bisa berubah seiring kelengkapan data https://t.co/c8O6QnwIEY","1761395858309030169","https://pbs.twimg.com/tweet_video_thumb/GHG8MmsagAAoeg1.jpg","","in","Indonesia","0","0","2","https://x.com/infoBMKG/status/1761395858309030169","108543358","infoBMKG"
"1761357596047577582","Sat Feb 24 11:49:09 +0000 2024","40","#Gempa Mag:3.0 24-Feb-2024 18:43:50WIB Lok:0.17LU 100.30BT (15 km TimurLaut PASAMAN-SUMBAR) Kedlmn:149 Km #BMKG Disclaimer:Informasi ini mengutamakan kecepatan sehingga hasil pengolahan data belum stabil dan bisa berubah seiring kelengkapan data https://t.co/VnSjS1YNzC","1761357596047577582","https://pbs.twimg.com/tweet_video_thumb/GHGZZecbsAAo2Eq.jpg","","in","Indonesia","0","1","7","https://x.com/infoBMKG/status/1761357596047577582","108543358","infoBMKG"
"1761357092991160630","Sat Feb 24 11:47:10 +0000 2024","4","#Gempa Mag:4.5 24-Feb-2024 18:41:58WIB Lok:5.70LS 128.85BT (240 km Tenggara BURUSELATAN-MALUKU) Kedlmn:321 Km #BMKG Disclaimer:Informasi ini mengutamakan kecepatan sehingga hasil pengolahan data belum stabil dan bisa berubah seiring kelengkapan data https://t.co/SbOWh6zJ0c","1761357092991160630","https://pbs.twimg.com/tweet_video_thumb/GHGY8MaaEAEivuX.jpg","","in","Indonesia","0","0","0","https://x.com/infoBMKG/status/1761357092991160630","108543358","infoBMKG"
"1761349036874019279","Sat Feb 24 11:15:09 +0000 2024","5","#Gempa Mag:2.0 24-Feb-2024 18:11:12WIB Lok:9.48LS 124.51BT (10 km BaratDaya TIMORTENGAHUT-NTT) Kedlmn:10 Km #BMKG Disclaimer:Informasi ini mengutamakan kecepatan sehingga hasil pengolahan data belum stabil dan bisa berubah seiring kelengkapan data https://t.co/MVHCgjq3eu","1761349036874019279","https://pbs.twimg.com/tweet_video_thumb/GHGRnTYbUAAoJ_P.jpg","","in","Indonesia","0","0","1","https://x.com/infoBMKG/status/1761349036874019279","108543358","infoBMKG"
"1761318335051100177","Sat Feb 24 09:13:09 +0000 2024","15","#Gempa Mag:4.6 24-Feb-2024 16:09:11WIB Lok:7.46LS 127.25BT (97 km BaratLaut MALUKUBRTDAYA) Kedlmn:288 Km #BMKG Disclaimer:Informasi ini mengutamakan kecepatan sehingga hasil pengolahan data belum stabil dan bisa berubah seiring kelengkapan data https://t.co/ZwowR7vVQb","1761318335051100177","https://pbs.twimg.com/tweet_video_thumb/GHF1sMqa0AAx2Rd.jpg","","in","Indonesia","0","1","2","https://x.com/infoBMKG/status/1761318335051100177","108543358","infoBMKG"
"1761308524683145459","Sat Feb 24 08:34:10 +0000 2024","12","#Gempa Mag:3.6 24-Feb-2024 15:30:23WIB Lok:2.59LS 102.28BT (56 km Tenggara MERANGIN-JAMBI) Kedlmn:156 Km #BMKG Disclaimer:Informasi ini mengutamakan kecepatan sehingga hasil pengolahan data belum stabil dan bisa berubah seiring kelengkapan data https://t.co/HInYsAFa2g","1761308524683145459","https://pbs.twimg.com/tweet_video_thumb/GHFsxKpbMAACBI1.jpg","","in","Indonesia","0","1","3","https://x.com/infoBMKG/status/1761308524683145459","108543358","infoBMKG"
"1761280837650420205","Sat Feb 24 06:44:09 +0000 2024","9","#Gempa Mag:3.7 24-Feb-2024 13:39:54WIB Lok:9.52LS 124.55BT (9 km BaratDaya TIMORTENGAHUT-NTT) Kedlmn:10 Km #BMKG Disclaimer:Informasi ini mengutamakan kecepatan sehingga hasil pengolahan data belum stabil dan bisa berubah seiring kelengkapan data https://t.co/XLmdMotBjp","1761280837650420205","https://pbs.twimg.com/tweet_video_thumb/GHFTlj7a0AAWm9u.jpg","","in","Indonesia","0","0","1","https://x.com/infoBMKG/status/1761280837650420205","108543358","infoBMKG"
"1761273036567929299","Sat Feb 24 06:13:09 +0000 2024","5","#Gempa Mag:4.2 24-Feb-2024 13:07:42WIB Lok:2.27LU 95.11BT (141 km BaratDaya SINABANG-ACEH) Kedlmn:10 Km #BMKG Disclaimer:Informasi ini mengutamakan kecepatan sehingga hasil pengolahan data belum stabil dan bisa berubah seiring kelengkapan data https://t.co/JaA5vtKh8Z","1761273036567929299","https://pbs.twimg.com/tweet_video_thumb/GHFMffNa4AAGQ_v.jpg","","in","Indonesia","0","0","1","https://x.com/infoBMKG/status/1761273036567929299","108543358","infoBMKG"
"1761245357705769208","Sat Feb 24 04:23:10 +0000 2024","21","#Gempa Mag:4.7 24-Feb-2024 11:19:46WIB Lok:4.70LU 126.29BT (88 km BaratLaut MELONGUANE-SULUT) Kedlmn:153 Km #BMKG Disclaimer:Informasi ini mengutamakan kecepatan sehingga hasil pengolahan data belum stabil dan bisa berubah seiring kelengkapan data https://t.co/NrAiZJp7HZ","1761245357705769208","https://pbs.twimg.com/tweet_video_thumb/GHEzUXTbMAAW0OF.jpg","","in","Indonesia","0","1","1","https://x.com/infoBMKG/status/1761245357705769208","108543358","infoBMKG"
"1761205592100855883","Sat Feb 24 01:45:09 +0000 2024","39","#Gempa Mag:4.3 24-Feb-2024 08:41:18WIB Lok:7.96LS 117.33BT (59 km BaratLaut SUMBAWA-NTB) Kedlmn:300 Km #BMKG Disclaimer:Informasi ini mengutamakan kecepatan sehingga hasil pengolahan data belum stabil dan bisa berubah seiring kelengkapan data https://t.co/76Y0IUdlvU","1761205592100855883","https://pbs.twimg.com/tweet_video_thumb/GHEPJtlagAACp9D.jpg","","in","Indonesia","0","0","7","https://x.com/infoBMKG/status/1761205592100855883","108543358","infoBMKG"
"1761193008702398525","Sat Feb 24 00:55:09 +0000 2024","5","#Gempa Mag:5.3 24-Feb-2024 07:51:25WIB Lok:4.04LU 128.59BT (212 km TimurLaut MELONGUANE-SULUT) Kedlmn:10 Km #BMKG Disclaimer:Informasi ini mengutamakan kecepatan sehingga hasil pengolahan data belum stabil dan bisa berubah seiring kelengkapan data https://t.co/7fh9BZyVTX","1761193008702398525","https://pbs.twimg.com/tweet_video_thumb/GHEDtSwboAABoHz.jpg","","in","Indonesia","1","0","1","https://x.com/infoBMKG/status/1761193008702398525","108543358","infoBMKG"
"1761192990327091475","Sat Feb 24 00:55:04 +0000 2024","2","#Gempa Mag:5.1 24-Feb-24 07:51:25 WIB Lok:4.04 LU 128.57 BT (183 km Tenggara PULAUKARATUNG-SULUT) Kedlmn:10 Km tdk berpotensi tsunami #BMKG https://t.co/CNqAXPpBJT","1761192990327091475","https://pbs.twimg.com/tweet_video_thumb/GHEDsNUbgAAcd0m.jpg","","in","Indonesia","0","0","1","https://x.com/infoBMKG/status/1761192990327091475","108543358","infoBMKG"
"1761178418069356741","Fri Feb 23 23:57:10 +0000 2024","5","#Gempa Mag:4.4 24-Feb-2024 06:51:15WIB Lok:1.58LU 126.37BT (134 km BaratLaut JAILOLO-MALUT) Kedlmn:10 Km #BMKG Disclaimer:Informasi ini mengutamakan kecepatan sehingga hasil pengolahan data belum stabil dan bisa berubah seiring kelengkapan data https://t.co/wtP5MS1Ptm","1761178418069356741","https://pbs.twimg.com/tweet_video_thumb/GHD2cADbYAA82UB.jpg","","in","Indonesia","0","0","2","https://x.com/infoBMKG/status/1761178418069356741","108543358","infoBMKG"
"1761156777566183790","Fri Feb 23 22:31:11 +0000 2024","14","#Gempa Mag:2.8 24-Feb-2024 05:25:00WIB Lok:3.07LS 128.90BT (26 km BaratLaut MALUKUTENGAH) Kedlmn:11 Km #BMKG Disclaimer:Informasi ini mengutamakan kecepatan sehingga hasil pengolahan data belum stabil dan bisa berubah seiring kelengkapan data https://t.co/QQg45mBntZ","1761156777566183790","https://pbs.twimg.com/tweet_video_thumb/GHDiwVXagAAE23Y.jpg","","in","Indonesia","0","0","4","https://x.com/infoBMKG/status/1761156777566183790","108543358","infoBMKG"
"1761134877888704563","Fri Feb 23 21:04:09 +0000 2024","17","#Gempa Mag:3.6 24-Feb-2024 03:59:50WIB Lok:9.47LS 115.92BT (90 km BaratDaya LOMBOKBARAT-NTB) Kedlmn:28 Km #BMKG Disclaimer:Informasi ini mengutamakan kecepatan sehingga hasil pengolahan data belum stabil dan bisa berubah seiring kelengkapan data https://t.co/S62jUp2jqf","1761134877888704563","https://pbs.twimg.com/tweet_video_thumb/GHDO1nWa0AAsTCW.jpg","","in","Indonesia","0","0","1","https://x.com/infoBMKG/status/1761134877888704563","108543358","infoBMKG"
"1761116511647961556","Fri Feb 23 19:51:10 +0000 2024","12","#Gempa Mag:4.0 24-Feb-2024 02:47:12WIB Lok:1.63LU 126.34BT (136 km TimurLaut BITUNG-SULUT) Kedlmn:10 Km #BMKG Disclaimer:Informasi ini mengutamakan kecepatan sehingga hasil pengolahan data belum stabil dan bisa berubah seiring kelengkapan data https://t.co/n4EQpVC5C7","1761116511647961556","https://pbs.twimg.com/tweet_video_thumb/GHC-IktaoAA6YBu.jpg","","in","Indonesia","0","0","2","https://x.com/infoBMKG/status/1761116511647961556","108543358","infoBMKG"
"1761020124897972335","Fri Feb 23 13:28:10 +0000 2024","6","#Gempa Mag:4.6 23-Feb-2024 20:24:18WIB Lok:6.34LS 130.10BT (225 km BaratLaut MALUKUTENGGARABRT) Kedlmn:164 Km #BMKG Disclaimer:Informasi ini mengutamakan kecepatan sehingga hasil pengolahan data belum stabil dan bisa berubah seiring kelengkapan data https://t.co/wtQgMYQPl9","1761020124897972335","https://pbs.twimg.com/tweet_video_thumb/GHBmeDeacAAlMw8.jpg","","in","Indonesia","0","1","1","https://x.com/infoBMKG/status/1761020124897972335","108543358","infoBMKG"
"1761012833196916999","Fri Feb 23 12:59:12 +0000 2024","29","#Gempa Mag:3.3 23-Feb-2024 19:55:52WIB Lok:3.00LS 119.35BT (10 km Tenggara MAMASA-SULBAR) Kedlmn:10 Km #BMKG Disclaimer:Informasi ini mengutamakan kecepatan sehingga hasil pengolahan data belum stabil dan bisa berubah seiring kelengkapan data https://t.co/dxxNBQxriO","1761012833196916999","https://pbs.twimg.com/tweet_video_thumb/GHBf1YQaIAA8RHc.jpg","","in","Indonesia","0","0","2","https://x.com/infoBMKG/status/1761012833196916999","108543358","infoBMKG"
"1761000239987868129","Fri Feb 23 12:09:09 +0000 2024","67","#Gempa Mag:4.8 23-Feb-2024 19:06:17WIB Lok:2.60LU 95.40BT (108 km BaratLaut SINABANG-ACEH) Kedlmn:11 Km #BMKG Disclaimer:Informasi ini mengutamakan kecepatan sehingga hasil pengolahan data belum stabil dan bisa berubah seiring kelengkapan data https://t.co/dO43Munuv0","1761000239987868129","https://pbs.twimg.com/tweet_video_thumb/GHBUYpiaEAAmMj7.jpg","","in","Indonesia","1","2","13","https://x.com/infoBMKG/status/1761000239987868129","108543358","infoBMKG"
"1760998737596567956","Fri Feb 23 12:03:11 +0000 2024","12","#Gempa Mag:4.1 23-Feb-2024 18:58:00WIB Lok:0.06LS 121.94BT (57 km BaratDaya POHUWATO-GORONTALO) Kedlmn:252 Km #BMKG Disclaimer:Informasi ini mengutamakan kecepatan sehingga hasil pengolahan data belum stabil dan bisa berubah seiring kelengkapan data https://t.co/y13pagLarI","1760998737596567956","https://pbs.twimg.com/tweet_video_thumb/GHBTBFWaMAA-GE6.jpg","","in","Indonesia","0","0","2","https://x.com/infoBMKG/status/1760998737596567956","108543358","infoBMKG"
"1760988671879323857","Fri Feb 23 11:23:11 +0000 2024","6","#Gempa Mag:2.8 23-Feb-2024 18:16:20WIB Lok:2.46LS 121.02BT (21 km BaratLaut LUWUTIMUR-SULSEL) Kedlmn:11 Km #BMKG Disclaimer:Informasi ini mengutamakan kecepatan sehingga hasil pengolahan data belum stabil dan bisa berubah seiring kelengkapan data https://t.co/gP1ZC9ztuz","1760988671879323857","https://pbs.twimg.com/tweet_video_thumb/GHBJ3RqbMAAGuZj.jpg","","in","Indonesia","0","0","0","https://x.com/infoBMKG/status/1760988671879323857","108543358","infoBMKG"
"1760942863096193329","Fri Feb 23 08:21:09 +0000 2024","7","#Gempa Mag:2.2 23-Feb-2024 15:16:07WIB Lok:4.40LS 123.11BT (42 km Tenggara KONAWE-KEP-SULTRA) Kedlmn:10 Km #BMKG Disclaimer:Informasi ini mengutamakan kecepatan sehingga hasil pengolahan data belum stabil dan bisa berubah seiring kelengkapan data https://t.co/do5DpHJSto","1760942863096193329","https://pbs.twimg.com/tweet_video_thumb/GHAgM5va0AAOhP8.jpg","","in","Indonesia","0","0","1","https://x.com/infoBMKG/status/1760942863096193329","108543358","infoBMKG"
"1760939087006233046","Fri Feb 23 08:06:09 +0000 2024","10","#Gempa Mag:3.8 23-Feb-2024 15:02:11WIB Lok:0.61LS 98.62BT (156 km BaratDaya PASAMANBARAT-SUMBAR) Kedlmn:13 Km #BMKG Disclaimer:Informasi ini mengutamakan kecepatan sehingga hasil pengolahan data belum stabil dan bisa berubah seiring kelengkapan data https://t.co/FzSpW4wJay","1760939087006233046","https://pbs.twimg.com/tweet_video_thumb/GHAcxGqawAANOSJ.jpg","","in","Indonesia","0","0","0","https://x.com/infoBMKG/status/1760939087006233046","108543358","infoBMKG"
"1760935065658569139","Fri Feb 23 07:50:10 +0000 2024","80","#Gempa Mag:5.6 23-Feb-24 14:46:30 WIB Lok:0.67 LS 98.50 BT (157 km Tenggara NIASSELATAN-SUMUT) Kedlmn:26 Km tdk berpotensi tsunami #BMKG https://t.co/StJ1RudZT1","1760935065658569139","https://pbs.twimg.com/tweet_video_thumb/GHAZG5WbIAA_wa8.jpg","","in","Indonesia","3","2","15","https://x.com/infoBMKG/status/1760935065658569139","108543358","infoBMKG"
"1760934806698021190","Fri Feb 23 07:49:09 +0000 2024","175","#Gempa Mag:5.7 23-Feb-2024 14:46:29WIB Lok:0.63LS 98.43BT (150 km Tenggara NIASSELATAN-SUMUT) Kedlmn:25 Km #BMKG Disclaimer:Informasi ini mengutamakan kecepatan sehingga hasil pengolahan data belum stabil dan bisa berubah seiring kelengkapan data https://t.co/00lYo7EloD","1760934806698021190","https://pbs.twimg.com/tweet_video_thumb/GHAY376bcAAcfnu.jpg","","in","Indonesia","7","9","37","https://x.com/infoBMKG/status/1760934806698021190","108543358","infoBMKG"
"1760911154212426089","Fri Feb 23 06:15:09 +0000 2024","9","#Gempa Mag:2.4 23-Feb-2024 13:09:52WIB Lok:9.09LS 117.22BT (55 km Tenggara SUMBAWABARAT-NTB) Kedlmn:23 Km #BMKG Disclaimer:Informasi ini mengutamakan kecepatan sehingga hasil pengolahan data belum stabil dan bisa berubah seiring kelengkapan data https://t.co/56Uxddxm6l","1760911154212426089","https://pbs.twimg.com/tweet_video_thumb/GHADXMwbUAAfBky.jpg","","in","Indonesia","0","0","0","https://x.com/infoBMKG/status/1760911154212426089","108543358","infoBMKG"
"1760897817948967190","Fri Feb 23 05:22:10 +0000 2024","23","#Gempa Mag:3.1 23-Feb-2024 12:18:05WIB Lok:0.97LU 99.67BT (10 km BaratDaya PADANGLAWAS-SUMUT) Kedlmn:10 Km #BMKG Disclaimer:Informasi ini mengutamakan kecepatan sehingga hasil pengolahan data belum stabil dan bisa berubah seiring kelengkapan data https://t.co/hDUwfWk5VZ","1760897817948967190","https://pbs.twimg.com/tweet_video_thumb/GG_3O7IaYAADG2l.jpg","","in","Indonesia","0","1","3","https://x.com/infoBMKG/status/1760897817948967190","108543358","infoBMKG"
"1760887248659353617","Fri Feb 23 04:40:10 +0000 2024","6","#Gempa Mag:3.1 23-Feb-2024 11:37:02WIB Lok:0.86LU 125.64BT (86 km Tenggara BITUNG-SULUT) Kedlmn:10 Km #BMKG Disclaimer:Informasi ini mengutamakan kecepatan sehingga hasil pengolahan data belum stabil dan bisa berubah seiring kelengkapan data https://t.co/qlisLm0tZF","1760887248659353617","https://pbs.twimg.com/tweet_video_thumb/GG_tnsabgAA8KKF.jpg","","in","Indonesia","0","0","0","https://x.com/infoBMKG/status/1760887248659353617","108543358","infoBMKG"
"1760886491189055489","Fri Feb 23 04:37:09 +0000 2024","12","#Gempa Mag:3.6 23-Feb-2024 11:32:03WIB Lok:4.25LU 126.90BT (37 km TimurLaut MELONGUANE-SULUT) Kedlmn:10 Km #BMKG Disclaimer:Informasi ini mengutamakan kecepatan sehingga hasil pengolahan data belum stabil dan bisa berubah seiring kelengkapan data https://t.co/PxdMZQJJup","1760886491189055489","https://pbs.twimg.com/tweet_video_thumb/GG_s7lcbYAASxYE.jpg","","in","Indonesia","0","0","1","https://x.com/infoBMKG/status/1760886491189055489","108543358","infoBMKG"
"1760855031320838219","Fri Feb 23 02:32:09 +0000 2024","38","#Gempa Mag:2.5 23-Feb-2024 09:29:08WIB Lok:8.16LS 114.88BT (23 km BaratDaya BULELENG-BALI) Kedlmn:10 Km #BMKG Disclaimer:Informasi ini mengutamakan kecepatan sehingga hasil pengolahan data belum stabil dan bisa berubah seiring kelengkapan data https://t.co/8FEv8yMx4d","1760855031320838219","https://pbs.twimg.com/tweet_video_thumb/GG_QUUXbUAAvSiu.jpg","","in","Indonesia","0","0","1","https://x.com/infoBMKG/status/1760855031320838219","108543358","infoBMKG"
"1760827351812968747","Fri Feb 23 00:42:09 +0000 2024","11","#Gempa Mag:3.2 23-Feb-2024 07:37:36WIB Lok:10.31LS 124.60BT (62 km Tenggara TIMORTENGAHSEL-NTT) Kedlmn:10 Km #BMKG Disclaimer:Informasi ini mengutamakan kecepatan sehingga hasil pengolahan data belum stabil dan bisa berubah seiring kelengkapan data https://t.co/HOGW2m18xj","1760827351812968747","https://pbs.twimg.com/tweet_video_thumb/GG-3JOWagAAbH-D.jpg","","in","Indonesia","0","0","2","https://x.com/infoBMKG/status/1760827351812968747","108543358","infoBMKG"
"1760805714443091990","Thu Feb 22 23:16:11 +0000 2024","12","#Gempa Mag:4.1 23-Feb-2024 06:13:36WIB Lok:1.20LU 120.27BT (65 km BaratLaut TOLI-TOLI-SULTENG) Kedlmn:10 Km #BMKG Disclaimer:Informasi ini mengutamakan kecepatan sehingga hasil pengolahan data belum stabil dan bisa berubah seiring kelengkapan data https://t.co/Z0lxxuiJdu","1760805714443091990","https://pbs.twimg.com/tweet_video_thumb/GG-jdw_boAA2dcK.jpg","","in","Indonesia","0","0","0","https://x.com/infoBMKG/status/1760805714443091990","108543358","infoBMKG"
"1760795895619285489","Thu Feb 22 22:37:10 +0000 2024","18","#Gempa Mag:2.9 23-Feb-2024 05:33:47WIB Lok:8.53LS 120.23BT (27 km BaratLaut RUTENG-MANGGARAI-NTT) Kedlmn:74 Km #BMKG Disclaimer:Informasi ini mengutamakan kecepatan sehingga hasil pengolahan data belum stabil dan bisa berubah seiring kelengkapan data https://t.co/EAnV2hMPm0","1760795895619285489","https://pbs.twimg.com/tweet_video_thumb/GG-aiP5bsAAlEdb.jpg","","in","Indonesia","0","0","0","https://x.com/infoBMKG/status/1760795895619285489","108543358","infoBMKG"
"1760794134359765236","Thu Feb 22 22:30:10 +0000 2024","5","#Gempa Mag:3.4 23-Feb-2024 05:25:32WIB Lok:1.83LU 127.14BT (72 km BaratLaut HALMAHERABARAT-MALUT) Kedlmn:35 Km #BMKG Disclaimer:Informasi ini mengutamakan kecepatan sehingga hasil pengolahan data belum stabil dan bisa berubah seiring kelengkapan data https://t.co/EQ6dEsSj7w","1760794134359765236","https://pbs.twimg.com/tweet_video_thumb/GG-Y7umbIAAb9Im.jpg","","in","Indonesia","0","1","1","https://x.com/infoBMKG/status/1760794134359765236","108543358","infoBMKG"
"1760791367503229186","Thu Feb 22 22:19:10 +0000 2024","7","#Gempa Mag:2.7 23-Feb-2024 05:14:23WIB Lok:3.82LS 119.02BT (54 km BaratDaya POLEWALIMANDAR-SULBAR) Kedlmn:17 Km #BMKG Disclaimer:Informasi ini mengutamakan kecepatan sehingga hasil pengolahan data belum stabil dan bisa berubah seiring kelengkapan data https://t.co/8cx7OZYSfA","1760791367503229186","https://pbs.twimg.com/tweet_video_thumb/GG-WarabcAA9Sx6.jpg","","in","Indonesia","0","0","0","https://x.com/infoBMKG/status/1760791367503229186","108543358","infoBMKG"
"1760745060348645428","Thu Feb 22 19:15:10 +0000 2024","13","#Gempa Mag:4.1 23-Feb-2024 02:09:49WIB Lok:5.60LS 129.85BT (274 km Tenggara MALUKUTENGAH) Kedlmn:213 Km #BMKG Disclaimer:Informasi ini mengutamakan kecepatan sehingga hasil pengolahan data belum stabil dan bisa berubah seiring kelengkapan data https://t.co/WZAbd3M0zk","1760745060348645428","https://pbs.twimg.com/tweet_video_thumb/GG9sTPoa0AMCDvL.jpg","","in","Indonesia","0","0","0","https://x.com/infoBMKG/status/1760745060348645428","108543358","infoBMKG"
"1760695991991472513","Thu Feb 22 16:00:11 +0000 2024","13","#Gempa Mag:3.4 22-Feb-2024 22:56:52WIB Lok:1.07LU 119.76BT (112 km BaratLaut TOLI-TOLI-SULTENG) Kedlmn:10 Km #BMKG Disclaimer:Informasi ini mengutamakan kecepatan sehingga hasil pengolahan data belum stabil dan bisa berubah seiring kelengkapan data https://t.co/jA0aAf6m1B","1760695991991472513","https://pbs.twimg.com/tweet_video_thumb/GG8_rCqbcAAKswK.jpg","","in","Indonesia","0","0","1","https://x.com/infoBMKG/status/1760695991991472513","108543358","infoBMKG"
"1760632575138365575","Thu Feb 22 11:48:11 +0000 2024","10","#Gempa Mag:4.9 22-Feb-2024 18:43:21WIB Lok:8.61LU 126.20BT (515 km BaratLaut MELONGUANE-SULUT) Kedlmn:10 Km #BMKG Disclaimer:Informasi ini mengutamakan kecepatan sehingga hasil pengolahan data belum stabil dan bisa berubah seiring kelengkapan data https://t.co/4hszsGlTYl","1760632575138365575","https://pbs.twimg.com/tweet_video_thumb/GG8F_qsbkAAlkIw.jpg","","in","Indonesia","0","0","0","https://x.com/infoBMKG/status/1760632575138365575","108543358","infoBMKG"
"1760629555759645139","Thu Feb 22 11:36:11 +0000 2024","3","#Gempa Mag:3.1 22-Feb-2024 18:30:13WIB Lok:0.25LU 123.96BT (14 km BaratDaya BOLAANGUKI-BOLSEL-SULUT) Kedlmn:184 Km #BMKG Disclaimer:Informasi ini mengutamakan kecepatan sehingga hasil pengolahan data belum stabil dan bisa berubah seiring kelengkapan data https://t.co/1OFIcFVzLk","1760629555759645139","https://pbs.twimg.com/tweet_video_thumb/GG8DP-MboAAj6fH.jpg","","in","Indonesia","0","0","1","https://x.com/infoBMKG/status/1760629555759645139","108543358","infoBMKG"
"1760561347480486302","Thu Feb 22 07:05:09 +0000 2024","6","#Gempa Mag:3.2 22-Feb-2024 14:00:22WIB Lok:9.82LS 124.71BT (32 km Tenggara TIMORTENGAHSEL-NTT) Kedlmn:31 Km #BMKG Disclaimer:Informasi ini mengutamakan kecepatan sehingga hasil pengolahan data belum stabil dan bisa berubah seiring kelengkapan data https://t.co/0hZv3GQYFq","1760561347480486302","https://pbs.twimg.com/tweet_video_thumb/GG7FNutbwAEj34U.jpg","","in","Indonesia","0","0","2","https://x.com/infoBMKG/status/1760561347480486302","108543358","infoBMKG"
"1760502961141342255","Thu Feb 22 03:13:09 +0000 2024","31","#Gempa Mag:3.0 22-Feb-2024 10:06:33WIB Lok:8.12LS 107.74BT (93 km BaratDaya KAB-TASIKMALAYA-JABAR) Kedlmn:28 Km #BMKG Disclaimer:Informasi ini mengutamakan kecepatan sehingga hasil pengolahan data belum stabil dan bisa berubah seiring kelengkapan data https://t.co/VB8wfqdHQH","1760502961141342255","https://pbs.twimg.com/tweet_video_thumb/GG6QHMaaAAEX8BJ.jpg","","in","Indonesia","1","0","8","https://x.com/infoBMKG/status/1760502961141342255","108543358","infoBMKG"
"1760436839843078629","Wed Feb 21 22:50:24 +0000 2024","142","#Gempa Mag:5.2 22-Feb-24 05:46:54 WIB Lok:6.54 LS 113.97 BT (43 km TimurLaut SUMENEP-JATIM) Kedlmn:640 Km tdk berpotensi tsunami #BMKG https://t.co/MyMcS52hvF","1760436839843078629","https://pbs.twimg.com/tweet_video_thumb/GG5T-d6bEAA2FdT.jpg","","in","Indonesia","8","4","42","https://x.com/infoBMKG/status/1760436839843078629","108543358","infoBMKG"
"1760436779382120543","Wed Feb 21 22:50:10 +0000 2024","108","#Gempa Mag:5.2 22-Feb-2024 05:46:54WIB Lok:6.54LS 113.97BT (43 km TimurLaut SUMENEP-JATIM) Kedlmn:640 Km #BMKG Disclaimer:Informasi ini mengutamakan kecepatan sehingga hasil pengolahan data belum stabil dan bisa berubah seiring kelengkapan data https://t.co/QI1xieZ9dj","1760436779382120543","https://pbs.twimg.com/tweet_video_thumb/GG5T68ebAAAWek-.jpg","","in","Indonesia","3","2","27","https://x.com/infoBMKG/status/1760436779382120543","108543358","infoBMKG"
"1760389212266967094","Wed Feb 21 19:41:09 +0000 2024","65","#Gempa Mag:3.3 22-Feb-2024 02:37:09WIB Lok:8.24LS 114.54BT (13 km BaratLaut JEMBRANA-BALI) Kedlmn:10 Km #BMKG Disclaimer:Informasi ini mengutamakan kecepatan sehingga hasil pengolahan data belum stabil dan bisa berubah seiring kelengkapan data https://t.co/Vw1VwQIcDG","1760389212266967094","https://pbs.twimg.com/tweet_video_thumb/GG4oqK-aMAAwzUW.jpg","","in","Indonesia","2","1","10","https://x.com/infoBMKG/status/1760389212266967094","108543358","infoBMKG"
"1760361786816307389","Wed Feb 21 17:52:10 +0000 2024","6","#Gempa Mag:3.1 22-Feb-2024 00:46:46WIB Lok:0.46LU 122.14BT (21 km TimurLaut POHUWATO-GORONTALO) Kedlmn:240 Km #BMKG Disclaimer:Informasi ini mengutamakan kecepatan sehingga hasil pengolahan data belum stabil dan bisa berubah seiring kelengkapan data https://t.co/5uv4TuSfU7","1760361786816307389","https://pbs.twimg.com/tweet_video_thumb/GG4PtyMbkAAjhD_.jpg","","in","Indonesia","0","0","1","https://x.com/infoBMKG/status/1760361786816307389","108543358","infoBMKG"
"1760333857034064350","Wed Feb 21 16:01:11 +0000 2024","9","#Gempa Mag:3.1 21-Feb-2024 22:57:48WIB Lok:1.04LU 121.79BT (49 km TimurLaut BUOL-SULTENG) Kedlmn:10 Km #BMKG Disclaimer:Informasi ini mengutamakan kecepatan sehingga hasil pengolahan data belum stabil dan bisa berubah seiring kelengkapan data https://t.co/AMCpZcXK2e","1760333857034064350","https://pbs.twimg.com/tweet_video_thumb/GG32UCEbIAAgTnN.jpg","","in","Indonesia","0","1","4","https://x.com/infoBMKG/status/1760333857034064350","108543358","infoBMKG"
"1760307684107268142","Wed Feb 21 14:17:11 +0000 2024","11","#Gempa Mag:2.9 21-Feb-2024 21:14:34WIB Lok:1.33LS 120.37BT (43 km BaratLaut POSO-SULTENG) Kedlmn:10 Km #BMKG Disclaimer:Informasi ini mengutamakan kecepatan sehingga hasil pengolahan data belum stabil dan bisa berubah seiring kelengkapan data https://t.co/N3MVScD5Hm","1760307684107268142","https://pbs.twimg.com/tweet_video_thumb/GG3egi-b0AAz1WL.jpg","","in","Indonesia","0","1","2","https://x.com/infoBMKG/status/1760307684107268142","108543358","infoBMKG"
"1760277726567735385","Wed Feb 21 12:18:09 +0000 2024","24","#Gempa Mag:5.3 21-Feb-2024 19:11:35WIB Lok:0.87LS 146.14BT (657 km TimurLaut KEEROM-PAPUA) Kedlmn:28 Km #BMKG Disclaimer:Informasi ini mengutamakan kecepatan sehingga hasil pengolahan data belum stabil dan bisa berubah seiring kelengkapan data https://t.co/BrFhvHDx61","1760277726567735385","https://pbs.twimg.com/tweet_video_thumb/GG3DQzub0AAju8M.jpg","","in","Indonesia","1","0","3","https://x.com/infoBMKG/status/1760277726567735385","108543358","infoBMKG"
"1760261377170772033","Wed Feb 21 11:13:11 +0000 2024","9","#Gempa Mag:2.4 21-Feb-2024 18:09:33WIB Lok:2.59LS 121.26BT (9 km Tenggara LUWUTIMUR-SULSEL) Kedlmn:10 Km #BMKG Disclaimer:Informasi ini mengutamakan kecepatan sehingga hasil pengolahan data belum stabil dan bisa berubah seiring kelengkapan data https://t.co/grUsT6kS5I","1760261377170772033","https://pbs.twimg.com/tweet_video_thumb/GG20ZKmaIAAOFeh.jpg","","in","Indonesia","0","1","1","https://x.com/infoBMKG/status/1760261377170772033","108543358","infoBMKG"
"1760214059734180015","Wed Feb 21 08:05:09 +0000 2024","20","#Gempa Mag:3.4 21-Feb-2024 15:01:38WIB Lok:4.52LU 96.41BT (33 km TimurLaut KAB-NAGANRAYA-ACEH) Kedlmn:10 Km #BMKG Disclaimer:Informasi ini mengutamakan kecepatan sehingga hasil pengolahan data belum stabil dan bisa berubah seiring kelengkapan data https://t.co/a6Q7Moa2CX","1760214059734180015","https://pbs.twimg.com/tweet_video_thumb/GG2JW87a4AAnkv0.jpg","","in","Indonesia","0","0","5","https://x.com/infoBMKG/status/1760214059734180015","108543358","infoBMKG"
"1760186882594635813","Wed Feb 21 06:17:10 +0000 2024","6","#Gempa Mag:3.1 21-Feb-2024 13:12:47WIB Lok:8.32LS 116.44BT (31 km TimurLaut LOMBOKUTARA-NTB) Kedlmn:16 Km #BMKG Disclaimer:Informasi ini mengutamakan kecepatan sehingga hasil pengolahan data belum stabil dan bisa berubah seiring kelengkapan data https://t.co/lxQHG9D8gs","1760186882594635813","https://pbs.twimg.com/tweet_video_thumb/GG1wpAIbAAATwaH.jpg","","in","Indonesia","0","0","2","https://x.com/infoBMKG/status/1760186882594635813","108543358","infoBMKG"
"1760160204388446592","Wed Feb 21 04:31:09 +0000 2024","8","#Gempa Mag:2.7 21-Feb-2024 11:26:49WIB Lok:2.95LS 101.85BT (43 km BaratLaut LEBONG-BENGKULU) Kedlmn:61 Km #BMKG Disclaimer:Informasi ini mengutamakan kecepatan sehingga hasil pengolahan data belum stabil dan bisa berubah seiring kelengkapan data https://t.co/pNPPo4iDfW","1760160204388446592","https://pbs.twimg.com/tweet_video_thumb/GG1YYJxbEAERZWk.jpg","","in","Indonesia","0","1","3","https://x.com/infoBMKG/status/1760160204388446592","108543358","infoBMKG"
"1759216993365049384","Sun Feb 18 14:03:10 +0000 2024","19","#Gempa Mag:3.5 18-Feb-2024 20:59:58WIB Lok:2.52LS 139.49BT (32 km Tenggara SARMI-PAPUA) Kedlmn:28 Km #BMKG Disclaimer:Informasi ini mengutamakan kecepatan sehingga hasil pengolahan data belum stabil dan bisa berubah seiring kelengkapan data https://t.co/TXZV7xiv8F","1759216993365049384","https://pbs.twimg.com/tweet_video_thumb/GGn-h6dboAAd3mk.jpg","","in","Indonesia","0","0","1","https://x.com/infoBMKG/status/1759216993365049384","108543358","infoBMKG"
"1759184282491457707","Sun Feb 18 11:53:11 +0000 2024","12","#Gempa Mag:4.6 18-Feb-2024 18:48:14WIB Lok:9.16LU 125.82BT (581 km BaratLaut MELONGUANE-SULUT) Kedlmn:123 Km #BMKG Disclaimer:Informasi ini mengutamakan kecepatan sehingga hasil pengolahan data belum stabil dan bisa berubah seiring kelengkapan data https://t.co/h4vK8HSROY","1759184282491457707","https://pbs.twimg.com/tweet_video_thumb/GGngyAdbQAAQq_p.jpg","","in","Indonesia","0","0","2","https://x.com/infoBMKG/status/1759184282491457707","108543358","infoBMKG"
"1759066002586034274","Sun Feb 18 04:03:11 +0000 2024","12","#Gempa Mag:4.6 18-Feb-2024 10:59:48WIB Lok:7.65LS 128.54BT (100 km TimurLaut MALUKUBRTDAYA) Kedlmn:168 Km #BMKG Disclaimer:Informasi ini mengutamakan kecepatan sehingga hasil pengolahan data belum stabil dan bisa berubah seiring kelengkapan data https://t.co/NVus2Ts5GQ","1759066002586034274","https://pbs.twimg.com/tweet_video_thumb/GGl1NOCbwAA0gw9.jpg","","in","Indonesia","0","0","1","https://x.com/infoBMKG/status/1759066002586034274","108543358","infoBMKG"
"1759063482664951844","Sun Feb 18 03:53:10 +0000 2024","4","#Gempa Mag:3.2 18-Feb-2024 10:49:57WIB Lok:1.08LS 121.50BT (4 km BaratLaut TOJOUNA-UNA-SULTENG) Kedlmn:10 Km #BMKG Disclaimer:Informasi ini mengutamakan kecepatan sehingga hasil pengolahan data belum stabil dan bisa berubah seiring kelengkapan data https://t.co/3wwkvzoPLb","1759063482664951844","https://pbs.twimg.com/tweet_video_thumb/GGly6jpbYAALgsp.jpg","","in","Indonesia","0","0","0","https://x.com/infoBMKG/status/1759063482664951844","108543358","infoBMKG"
"1759036552070697409","Sun Feb 18 02:06:09 +0000 2024","31","#Gempa Mag:3.9 18-Feb-2024 09:03:02WIB Lok:1.40LU 99.46BT (21 km TimurLaut PADANGSIDEMPUAN-SUMUT) Kedlmn:170 Km #BMKG Disclaimer:Informasi ini mengutamakan kecepatan sehingga hasil pengolahan data belum stabil dan bisa berubah seiring kelengkapan data https://t.co/lSTIs7uuq4","1759036552070697409","https://pbs.twimg.com/tweet_video_thumb/GGlaa_RasAAIYOp.jpg","","in","Indonesia","0","0","6","https://x.com/infoBMKG/status/1759036552070697409","108543358","infoBMKG"
"1759024970565632426","Sun Feb 18 01:20:08 +0000 2024","42","#Gempa Mag:3.1 18-Feb-2024 08:16:59WIB Lok:9.15LS 110.41BT (130 km BaratDaya GUNUNGKIDUL-DIY) Kedlmn:10 Km #BMKG Disclaimer:Informasi ini mengutamakan kecepatan sehingga hasil pengolahan data belum stabil dan bisa berubah seiring kelengkapan data https://t.co/E8GL5409G3","1759024970565632426","https://pbs.twimg.com/tweet_video_thumb/GGlP43oaYAAQ1dh.jpg","","in","Indonesia","1","0","3","https://x.com/infoBMKG/status/1759024970565632426","108543358","infoBMKG"
"1759022454830178435","Sun Feb 18 01:10:08 +0000 2024","54","#Gempa Mag:3.6 18-Feb-2024 08:06:40WIB Lok:8.86LS 110.48BT (97 km BaratDaya GUNUNGKIDUL-DIY) Kedlmn:10 Km #BMKG Disclaimer:Informasi ini mengutamakan kecepatan sehingga hasil pengolahan data belum stabil dan bisa berubah seiring kelengkapan data https://t.co/1CQL0NXQDf","1759022454830178435","https://pbs.twimg.com/tweet_video_thumb/GGlNmWGbwAAiGRg.jpg","","in","Indonesia","0","3","10","https://x.com/infoBMKG/status/1759022454830178435","108543358","infoBMKG"
"1759010377176944809","Sun Feb 18 00:22:09 +0000 2024","51","#Gempa Mag:3.5 18-Feb-2024 07:19:25WIB Lok:8.48LS 112.24BT (38 km Tenggara KAB-BLITAR-JATIM) Kedlmn:107 Km #BMKG Disclaimer:Informasi ini mengutamakan kecepatan sehingga hasil pengolahan data belum stabil dan bisa berubah seiring kelengkapan data https://t.co/sqXAagC3nN","1759010377176944809","https://pbs.twimg.com/tweet_video_thumb/GGlCnZXacAAthyH.jpg","","in","Indonesia","3","0","11","https://x.com/infoBMKG/status/1759010377176944809","108543358","infoBMKG"
"1759009369570848870","Sun Feb 18 00:18:09 +0000 2024","38","#Gempa Mag:3.4 18-Feb-2024 07:15:05WIB Lok:8.72LS 110.53BT (81 km BaratDaya GUNUNGKIDUL-DIY) Kedlmn:10 Km #BMKG Disclaimer:Informasi ini mengutamakan kecepatan sehingga hasil pengolahan data belum stabil dan bisa berubah seiring kelengkapan data https://t.co/IlqjHjDoB7","1759009369570848870","https://pbs.twimg.com/tweet_video_thumb/GGlBsxCbgAAIOD2.jpg","","in","Indonesia","0","0","5","https://x.com/infoBMKG/status/1759009369570848870","108543358","infoBMKG"
"1759007355919114338","Sun Feb 18 00:10:09 +0000 2024","35","#Gempa Mag:3.4 18-Feb-2024 07:07:14WIB Lok:8.72LS 110.51BT (81 km BaratDaya GUNUNGKIDUL-DIY) Kedlmn:10 Km #BMKG Disclaimer:Informasi ini mengutamakan kecepatan sehingga hasil pengolahan data belum stabil dan bisa berubah seiring kelengkapan data https://t.co/RSGtdsPJok","1759007355919114338","https://pbs.twimg.com/tweet_video_thumb/GGk_3hzbcAAIUWN.jpg","","in","Indonesia","0","0","3","https://x.com/infoBMKG/status/1759007355919114338","108543358","infoBMKG"
"1759006601120551015","Sun Feb 18 00:07:09 +0000 2024","67","#Gempa Mag:4.5 18-Feb-2024 07:03:08WIB Lok:9.09LS 110.42BT (123 km BaratDaya GUNUNGKIDUL-DIY) Kedlmn:10 Km #BMKG Disclaimer:Informasi ini mengutamakan kecepatan sehingga hasil pengolahan data belum stabil dan bisa berubah seiring kelengkapan data https://t.co/6RvyTaup7B","1759006601120551015","https://pbs.twimg.com/tweet_video_thumb/GGk_LmgbkAAJA36.jpg","","in","Indonesia","1","3","17","https://x.com/infoBMKG/status/1759006601120551015","108543358","infoBMKG"
"1758960300479660130","Sat Feb 17 21:03:10 +0000 2024","10","#Gempa Mag:3.0 18-Feb-2024 03:58:28WIB Lok:10.12LS 120.63BT (14 km TimurLaut WULA-WAIJELU-NTT) Kedlmn:18 Km #BMKG Disclaimer:Informasi ini mengutamakan kecepatan sehingga hasil pengolahan data belum stabil dan bisa berubah seiring kelengkapan data https://t.co/2Rvvrsc199","1758960300479660130","https://pbs.twimg.com/tweet_video_thumb/GGkVEjdaYAARV2x.jpg","","in","Indonesia","0","0","0","https://x.com/infoBMKG/status/1758960300479660130","108543358","infoBMKG"
"1758897131036012590","Sat Feb 17 16:52:09 +0000 2024","322","#Gempa Mag:4.3 17-Feb-2024 23:47:29WIB Lok:8.33LS 114.54BT (6 km BaratLaut JEMBRANA-BALI) Kedlmn:10 Km #BMKG Disclaimer:Informasi ini mengutamakan kecepatan sehingga hasil pengolahan data belum stabil dan bisa berubah seiring kelengkapan data https://t.co/8o0vGihXhi","1758897131036012590","https://pbs.twimg.com/tweet_video_thumb/GGjbnnBboAA0dbS.jpg","","in","Indonesia","102","90","97","https://x.com/infoBMKG/status/1758897131036012590","108543358","infoBMKG"
"1758852597786767718","Sat Feb 17 13:55:11 +0000 2024","70","#Gempa Mag:4.3 17-Feb-2024 20:52:40WIB Lok:8.53LS 122.89BT (25 km BaratDaya LARANTUKA-NTT) Kedlmn:129 Km #BMKG Disclaimer:Informasi ini mengutamakan kecepatan sehingga hasil pengolahan data belum stabil dan bisa berubah seiring kelengkapan data https://t.co/rKsjKjMHFk","1758852597786767718","https://pbs.twimg.com/tweet_video_thumb/GGizHXvaEAASW4j.jpg","","in","Indonesia","1","1","9","https://x.com/infoBMKG/status/1758852597786767718","108543358","infoBMKG"
"1758498162946531697","Fri Feb 16 14:26:48 +0000 2024","25","#Gempa Mag:5.3 16-Feb-24 21:23:34 WIB Lok:6.02 LS 130.46 BT (236 km BaratLaut TANIMBAR) Kedlmn:134 Km tdk berpotensi tsunami #BMKG https://t.co/jy5n6bOdOf","1758498162946531697","https://pbs.twimg.com/tweet_video_thumb/GGdwwkybUAANRAY.jpg","","in","Indonesia","0","1","5","https://x.com/infoBMKG/status/1758498162946531697","108543358","infoBMKG"
"1758394321580261617","Fri Feb 16 07:34:10 +0000 2024","13","#Gempa Mag:2.1 16-Feb-2024 14:32:22WIB Lok:2.94LS 119.46BT (15 km Tenggara MAMASA-SULBAR) Kedlmn:10 Km #BMKG Disclaimer:Informasi ini mengutamakan kecepatan sehingga hasil pengolahan data belum stabil dan bisa berubah seiring kelengkapan data https://t.co/XQGJaUsEzV","1758394321580261617","https://pbs.twimg.com/tweet_video_thumb/GGcSUQoaYAA0c2W.jpg","","in","Indonesia","0","0","0","https://x.com/infoBMKG/status/1758394321580261617","108543358","infoBMKG"
"1758389796844740653","Fri Feb 16 07:16:11 +0000 2024","12","#Gempa Mag:3.1 16-Feb-2024 14:13:18WIB Lok:2.04LS 125.55BT (46 km BaratDaya SANANA-MALUT) Kedlmn:11 Km #BMKG Disclaimer:Informasi ini mengutamakan kecepatan sehingga hasil pengolahan data belum stabil dan bisa berubah seiring kelengkapan data https://t.co/RD14pfbp5o","1758389796844740653","https://pbs.twimg.com/tweet_video_thumb/GGcOM4TboAAv0ED.jpg","","in","Indonesia","0","0","0","https://x.com/infoBMKG/status/1758389796844740653","108543358","infoBMKG"
"1758385257492119621","Fri Feb 16 06:58:09 +0000 2024","19","#Gempa Mag:4.0 16-Feb-2024 13:55:27WIB Lok:4.48LS 102.45BT (46 km BaratDaya SELUMA-BENGKULU) Kedlmn:27 Km #BMKG Disclaimer:Informasi ini mengutamakan kecepatan sehingga hasil pengolahan data belum stabil dan bisa berubah seiring kelengkapan data https://t.co/c3e7UtFh9K","1758385257492119621","https://pbs.twimg.com/tweet_video_thumb/GGcKEqebwAAahwd.jpg","","in","Indonesia","0","0","3","https://x.com/infoBMKG/status/1758385257492119621","108543358","infoBMKG"
"1758381735124009009","Fri Feb 16 06:44:09 +0000 2024","34","#Gempa Mag:3.0 16-Feb-2024 13:40:37WIB Lok:8.41LS 109.36BT (85 km Tenggara CILACAP-JATENG) Kedlmn:26 Km #BMKG Disclaimer:Informasi ini mengutamakan kecepatan sehingga hasil pengolahan data belum stabil dan bisa berubah seiring kelengkapan data https://t.co/EFk2xeR7S0","1758381735124009009","https://pbs.twimg.com/tweet_video_thumb/GGcG3lvaYAALEZL.jpg","","in","Indonesia","0","0","8","https://x.com/infoBMKG/status/1758381735124009009","108543358","infoBMKG"
"1758372680057942414","Fri Feb 16 06:08:10 +0000 2024","14","#Gempa Mag:4.5 16-Feb-2024 13:05:40WIB Lok:3.09LU 125.78BT (60 km TimurLaut ONDONG-KEP.SITARO-SULUT) Kedlmn:132 Km #BMKG Disclaimer:Informasi ini mengutamakan kecepatan sehingga hasil pengolahan data belum stabil dan bisa berubah seiring kelengkapan data https://t.co/r2ZeWr5ZJ4","1758372680057942414","https://pbs.twimg.com/tweet_video_thumb/GGb-ohdagAAbd4D.jpg","","in","Indonesia","1","0","1","https://x.com/infoBMKG/status/1758372680057942414","108543358","infoBMKG"
"1758358328907063592","Fri Feb 16 05:11:08 +0000 2024","16","#Gempa Mag:2.3 16-Feb-2024 12:04:27WIB Lok:6.99LS 106.74BT (21 km Tenggara KAB-SUKABUMI-JABAR) Kedlmn:19 Km #BMKG Disclaimer:Informasi ini mengutamakan kecepatan sehingga hasil pengolahan data belum stabil dan bisa berubah seiring kelengkapan data https://t.co/6l90gNKUEp","1758358328907063592","https://pbs.twimg.com/tweet_video_thumb/GGbxlNsaoAA3D4h.jpg","","in","Indonesia","0","1","4","https://x.com/infoBMKG/status/1758358328907063592","108543358","infoBMKG"
"1758357825066270776","Fri Feb 16 05:09:08 +0000 2024","18","#Gempa Mag:2.0 16-Feb-2024 12:06:09WIB Lok:7.47LS 106.82BT (61 km Tenggara KAB-SUKABUMI-JABAR) Kedlmn:24 Km #BMKG Disclaimer:Informasi ini mengutamakan kecepatan sehingga hasil pengolahan data belum stabil dan bisa berubah seiring kelengkapan data https://t.co/soCOtL4xGF","1758357825066270776","https://pbs.twimg.com/tweet_video_thumb/GGbxH32aUAA8Mdi.jpg","","in","Indonesia","0","1","3","https://x.com/infoBMKG/status/1758357825066270776","108543358","infoBMKG"
"1758357322618032336","Fri Feb 16 05:07:09 +0000 2024","30","#Gempa Mag:2.3 16-Feb-2024 12:04:27WIB Lok:6.99LS 106.74BT (21 km Tenggara KAB-SUKABUMI-JABAR) Kedlmn:19 Km #BMKG Disclaimer:Informasi ini mengutamakan kecepatan sehingga hasil pengolahan data belum stabil dan bisa berubah seiring kelengkapan data https://t.co/7iyp94i5hd","1758357322618032336","https://pbs.twimg.com/tweet_video_thumb/GGbwqmpaQAAdmCm.jpg","","in","Indonesia","1","0","8","https://x.com/infoBMKG/status/1758357322618032336","108543358","infoBMKG"
"1758282085910122929","Fri Feb 16 00:08:11 +0000 2024","14","#Gempa Mag:3.8 16-Feb-2024 07:04:09WIB Lok:0.18LU 125.68BT (134 km Tenggara TUTUYAN-BOLTIM-SULUT) Kedlmn:10 Km #BMKG Disclaimer:Informasi ini mengutamakan kecepatan sehingga hasil pengolahan data belum stabil dan bisa berubah seiring kelengkapan data https://t.co/oJMUoZRSph","1758282085910122929","https://pbs.twimg.com/tweet_video_thumb/GGasPNgbUAA2QwO.jpg","","in","Indonesia","1","1","0","https://x.com/infoBMKG/status/1758282085910122929","108543358","infoBMKG"
"1758273019125137670","Thu Feb 15 23:32:09 +0000 2024","27","#Gempa Mag:3.5 16-Feb-2024 06:28:43WIB Lok:8.95LS 108.61BT (139 km Tenggara KAB-PANGANDARAN-JABAR) Kedlmn:10 Km #BMKG Disclaimer:Informasi ini mengutamakan kecepatan sehingga hasil pengolahan data belum stabil dan bisa berubah seiring kelengkapan data https://t.co/JwJhY9kklP","1758273019125137670","https://pbs.twimg.com/tweet_video_thumb/GGaj_fpbUAAg8zs.jpg","","in","Indonesia","1","1","8","https://x.com/infoBMKG/status/1758273019125137670","108543358","infoBMKG"
"1758256914994278838","Thu Feb 15 22:28:10 +0000 2024","11","#Gempa Mag:2.8 16-Feb-2024 05:25:22WIB Lok:2.99LU 97.28BT (33 km Tenggara KAB-ACEHSELATAN) Kedlmn:10 Km #BMKG Disclaimer:Informasi ini mengutamakan kecepatan sehingga hasil pengolahan data belum stabil dan bisa berubah seiring kelengkapan data https://t.co/uLeVPPGIlt","1758256914994278838","https://pbs.twimg.com/tweet_video_thumb/GGaVWG1bAAArvHT.jpg","","in","Indonesia","0","0","3","https://x.com/infoBMKG/status/1758256914994278838","108543358","infoBMKG"
"1758242567412691206","Thu Feb 15 21:31:09 +0000 2024","3","#Gempa Mag:4.0 16-Feb-2024 04:24:19WIB Lok:7.71LS 129.34BT (178 km TimurLaut MALUKUBRTDAYA) Kedlmn:25 Km #BMKG Disclaimer:Informasi ini mengutamakan kecepatan sehingga hasil pengolahan data belum stabil dan bisa berubah seiring kelengkapan data https://t.co/g2iW6I9pPe","1758242567412691206","https://pbs.twimg.com/tweet_video_thumb/GGaITAZbsAAOnwX.jpg","","in","Indonesia","0","2","1","https://x.com/infoBMKG/status/1758242567412691206","108543358","infoBMKG"
"1758240558429159593","Thu Feb 15 21:23:10 +0000 2024","2","#Gempa Mag:3.4 16-Feb-2024 04:18:38WIB Lok:0.68LU 129.34BT (112 km TimurLaut HALMAHERATENGAH-MALUT) Kedlmn:23 Km #BMKG Disclaimer:Informasi ini mengutamakan kecepatan sehingga hasil pengolahan data belum stabil dan bisa berubah seiring kelengkapan data https://t.co/gRPBaCZJKY","1758240558429159593","https://pbs.twimg.com/tweet_video_thumb/GGaGeDUbcAAC8kC.jpg","","in","Indonesia","0","0","1","https://x.com/infoBMKG/status/1758240558429159593","108543358","infoBMKG"
"1758204069943132515","Thu Feb 15 18:58:10 +0000 2024","13","#Gempa Mag:4.8 16-Feb-2024 01:53:20WIB Lok:7.58LU 126.13BT (402 km BaratLaut MELONGUANE-SULUT) Kedlmn:23 Km #BMKG Disclaimer:Informasi ini mengutamakan kecepatan sehingga hasil pengolahan data belum stabil dan bisa berubah seiring kelengkapan data https://t.co/0ig5FWgC5t","1758204069943132515","https://pbs.twimg.com/tweet_video_thumb/GGZlSJBbQAMBfmN.jpg","","in","Indonesia","0","0","6","https://x.com/infoBMKG/status/1758204069943132515","108543358","infoBMKG"
"1758161033963986997","Thu Feb 15 16:07:10 +0000 2024","24","#Gempa Mag:3.6 15-Feb-2024 23:03:29WIB Lok:0.14LS 123.19BT (75 km Tenggara BONEBOLANGO-GORONTALO) Kedlmn:126 Km #BMKG Disclaimer:Informasi ini mengutamakan kecepatan sehingga hasil pengolahan data belum stabil dan bisa berubah seiring kelengkapan data https://t.co/RAXRiI8p54","1758161033963986997","https://pbs.twimg.com/tweet_video_thumb/GGY-JIxagAAT04q.jpg","","in","Indonesia","0","5","7","https://x.com/infoBMKG/status/1758161033963986997","108543358","infoBMKG"
"1758159270481482089","Thu Feb 15 16:00:09 +0000 2024","557","#Gempa Mag:4.9 15-Feb-2024 22:54:02WIB Lok:8.63LS 112.23BT (55 km Tenggara KAB-BLITAR-JATIM) Kedlmn:112 Km #BMKG Disclaimer:Informasi ini mengutamakan kecepatan sehingga hasil pengolahan data belum stabil dan bisa berubah seiring kelengkapan data https://t.co/81ArU4bW6J","1758159270481482089","https://pbs.twimg.com/tweet_video_thumb/GGY8idsboAAJhub.jpg","","in","Indonesia","104","76","151","https://x.com/infoBMKG/status/1758159270481482089","108543358","infoBMKG"
"1758158263844213085","Thu Feb 15 15:56:09 +0000 2024","1987","#Gempa Mag:4.8 15-Feb-2024 22:54:04WIB Lok:8.55LS 112.21BT (46 km BaratDaya KAB-BLITAR-JATIM) Kedlmn:87 Km #BMKG Disclaimer:Informasi ini mengutamakan kecepatan sehingga hasil pengolahan data belum stabil dan bisa berubah seiring kelengkapan data https://t.co/TPhPNmUFGo","1758158263844213085","https://pbs.twimg.com/tweet_video_thumb/GGY7n22aIAAM1fm.jpg","","in","Indonesia","590","637","563","https://x.com/infoBMKG/status/1758158263844213085","108543358","infoBMKG"
"1758128571963539742","Thu Feb 15 13:58:10 +0000 2024","4","#Gempa Mag:3.2 15-Feb-2024 20:54:13WIB Lok:0.77LU 122.24BT (29 km BaratLaut BOALEMO-GORONTALO) Kedlmn:118 Km #BMKG Disclaimer:Informasi ini mengutamakan kecepatan sehingga hasil pengolahan data belum stabil dan bisa berubah seiring kelengkapan data https://t.co/ogSSL7Da2w","1758128571963539742","https://pbs.twimg.com/tweet_video_thumb/GGYgnlXakAANloI.jpg","","in","Indonesia","0","0","0","https://x.com/infoBMKG/status/1758128571963539742","108543358","infoBMKG"
"1758107936591941691","Thu Feb 15 12:36:10 +0000 2024","11","#Gempa Mag:3.9 15-Feb-2024 19:32:08WIB Lok:0.00LS 123.08BT (60 km BaratDaya BONEBOLANGO-GORONTALO) Kedlmn:166 Km #BMKG Disclaimer:Informasi ini mengutamakan kecepatan sehingga hasil pengolahan data belum stabil dan bisa berubah seiring kelengkapan data https://t.co/gjwjB5G4xW","1758107936591941691","https://pbs.twimg.com/tweet_video_thumb/GGYN2dLaYAAUvSq.jpg","","in","Indonesia","0","0","2","https://x.com/infoBMKG/status/1758107936591941691","108543358","infoBMKG"
"1758096860294807928","Thu Feb 15 11:52:10 +0000 2024","6","#Gempa Mag:4.0 15-Feb-2024 18:49:01WIB Lok:2.73LU 128.46BT (78 km TimurLaut DARUBA-MALUT) Kedlmn:17 Km #BMKG Disclaimer:Informasi ini mengutamakan kecepatan sehingga hasil pengolahan data belum stabil dan bisa berubah seiring kelengkapan data https://t.co/JP3PwY4e05","1758096860294807928","https://pbs.twimg.com/tweet_video_thumb/GGYDxvLboAAGP_O.jpg","","in","Indonesia","0","0","1","https://x.com/infoBMKG/status/1758096860294807928","108543358","infoBMKG"
"1758093845341065521","Thu Feb 15 11:40:11 +0000 2024","4","#Gempa Mag:2.4 15-Feb-2024 18:35:12WIB Lok:2.08LS 120.26BT (38 km TimurLaut LUWUUTARA-SULSEL) Kedlmn:10 Km #BMKG Disclaimer:Informasi ini mengutamakan kecepatan sehingga hasil pengolahan data belum stabil dan bisa berubah seiring kelengkapan data https://t.co/0EzpDz28tJ","1758093845341065521","https://pbs.twimg.com/tweet_video_thumb/GGYBCNwbIAAUYhP.jpg","","in","Indonesia","0","0","0","https://x.com/infoBMKG/status/1758093845341065521","108543358","infoBMKG"
"1758040490019340511","Thu Feb 15 08:08:10 +0000 2024","10","#Gempa Mag:3.4 15-Feb-2024 15:03:33WIB Lok:2.40LS 128.77BT (97 km TimurLaut SERAMBAGIANBARAT-MALUKU) Kedlmn:36 Km #BMKG Disclaimer:Informasi ini mengutamakan kecepatan sehingga hasil pengolahan data belum stabil dan bisa berubah seiring kelengkapan data https://t.co/V9MiXskcZD","1758040490019340511","https://pbs.twimg.com/tweet_video_thumb/GGXQgjXbEAA-KZ2.jpg","","in","Indonesia","0","0","0","https://x.com/infoBMKG/status/1758040490019340511","108543358","infoBMKG"
"1758039986316951843","Thu Feb 15 08:06:10 +0000 2024","10","#Gempa Mag:3.5 15-Feb-2024 15:03:17WIB Lok:0.02LU 123.35BT (62 km Tenggara BONEBOLANGO-GORONTALO) Kedlmn:157 Km #BMKG Disclaimer:Informasi ini mengutamakan kecepatan sehingga hasil pengolahan data belum stabil dan bisa berubah seiring kelengkapan data https://t.co/RgCj0aNdRM","1758039986316951843","https://pbs.twimg.com/tweet_video_thumb/GGXQDMyaUAAPoqs.jpg","","in","Indonesia","0","0","1","https://x.com/infoBMKG/status/1758039986316951843","108543358","infoBMKG"
"1757954667622084634","Thu Feb 15 02:27:08 +0000 2024","49","#Gempa Mag:4.1 15-Feb-2024 09:21:51WIB Lok:9.90LS 106.85BT (304 km BaratDaya KAB-PANGANDARAN-JABAR) Kedlmn:10 Km #BMKG Disclaimer:Informasi ini mengutamakan kecepatan sehingga hasil pengolahan data belum stabil dan bisa berubah seiring kelengkapan data https://t.co/Fvj6ZTUGzJ","1757954667622084634","https://pbs.twimg.com/tweet_video_thumb/GGWCdBxawAAfu-H.jpg","","in","Indonesia","0","1","7","https://x.com/infoBMKG/status/1757954667622084634","108543358","infoBMKG"
"1757945859025887268","Thu Feb 15 01:52:08 +0000 2024","38","#Gempa Mag:3.7 15-Feb-2024 08:48:50WIB Lok:9.27LS 106.98BT (242 km BaratDaya KAB-PANGANDARAN-JABAR) Kedlmn:10 Km #BMKG Disclaimer:Informasi ini mengutamakan kecepatan sehingga hasil pengolahan data belum stabil dan bisa berubah seiring kelengkapan data https://t.co/VF0ZId3yHl","1757945859025887268","https://pbs.twimg.com/tweet_video_thumb/GGV6cSqa0AAILbK.jpg","","in","Indonesia","0","0","10","https://x.com/infoBMKG/status/1757945859025887268","108543358","infoBMKG"
"1757935800136954066","Thu Feb 15 01:12:10 +0000 2024","14","#Gempa Mag:4.4 15-Feb-2024 08:08:45WIB Lok:1.22LU 121.79BT (55 km TimurLaut BUOL-SULTENG) Kedlmn:10 Km #BMKG Disclaimer:Informasi ini mengutamakan kecepatan sehingga hasil pengolahan data belum stabil dan bisa berubah seiring kelengkapan data https://t.co/RXa0JDksoJ","1757935800136954066","https://pbs.twimg.com/tweet_video_thumb/GGVxSwwbwAAxo2e.jpg","","in","Indonesia","0","0","4","https://x.com/infoBMKG/status/1757935800136954066","108543358","infoBMKG"
"1757890756109558030","Wed Feb 14 22:13:10 +0000 2024","15","#Gempa Mag:2.8 15-Feb-2024 05:09:05WIB Lok:0.75LS 119.80BT (36 km BaratDaya DONGGALA-SULTENG) Kedlmn:19 Km #BMKG Disclaimer:Informasi ini mengutamakan kecepatan sehingga hasil pengolahan data belum stabil dan bisa berubah seiring kelengkapan data https://t.co/Ky5MJXZSE8","1757890756109558030","https://pbs.twimg.com/tweet_video_thumb/GGVIU5EaQAAu5VN.jpg","","in","Indonesia","0","0","0","https://x.com/infoBMKG/status/1757890756109558030","108543358","infoBMKG"
"1757863321863373190","Wed Feb 14 20:24:10 +0000 2024","7","#Gempa Mag:2.2 15-Feb-2024 03:18:30WIB Lok:8.31LS 118.54BT (26 km BaratLaut BIMA-NTB) Kedlmn:17 Km #BMKG Disclaimer:Informasi ini mengutamakan kecepatan sehingga hasil pengolahan data belum stabil dan bisa berubah seiring kelengkapan data https://t.co/Y5hNwYjtu8","1757863321863373190","https://pbs.twimg.com/tweet_video_thumb/GGUvX__a4AAeiGa.jpg","","in","Indonesia","0","0","2","https://x.com/infoBMKG/status/1757863321863373190","108543358","infoBMKG"
"1757840928453374090","Wed Feb 14 18:55:11 +0000 2024","10","#Gempa Mag:3.3 15-Feb-2024 01:51:36WIB Lok:0.30LS 127.32BT (43 km BaratLaut LABUHA-MALUT) Kedlmn:10 Km #BMKG Disclaimer:Informasi ini mengutamakan kecepatan sehingga hasil pengolahan data belum stabil dan bisa berubah seiring kelengkapan data https://t.co/SIOQItHMFc","1757840928453374090","https://pbs.twimg.com/tweet_video_thumb/GGUbAh2akAEr2YI.jpg","","in","Indonesia","0","1","0","https://x.com/infoBMKG/status/1757840928453374090","108543358","infoBMKG"
"1757801412459995621","Wed Feb 14 16:18:09 +0000 2024","11","#Gempa Mag:4.5 14-Feb-2024 23:14:42WIB Lok:7.72LS 128.20BT (66 km TimurLaut MALUKUBRTDAYA) Kedlmn:142 Km #BMKG Disclaimer:Informasi ini mengutamakan kecepatan sehingga hasil pengolahan data belum stabil dan bisa berubah seiring kelengkapan data https://t.co/Cb7zAd9tIs","1757801412459995621","https://pbs.twimg.com/tweet_video_thumb/GGT3EZHaYAA6gX4.jpg","","in","Indonesia","0","2","1","https://x.com/infoBMKG/status/1757801412459995621","108543358","infoBMKG"
"1757778507684598070","Wed Feb 14 14:47:08 +0000 2024","93","#Gempa Mag:3.4 14-Feb-2024 21:44:29WIB Lok:8.31LS 107.30BT (138 km BaratDaya KAB-GARUT-JABAR) Kedlmn:10 Km #BMKG Disclaimer:Informasi ini mengutamakan kecepatan sehingga hasil pengolahan data belum stabil dan bisa berubah seiring kelengkapan data https://t.co/TrZfyZfOd0","1757778507684598070","https://pbs.twimg.com/tweet_video_thumb/GGTiPI9bAAAGsWJ.jpg","","in","Indonesia","2","0","11","https://x.com/infoBMKG/status/1757778507684598070","108543358","infoBMKG"
"1757764422750314649","Wed Feb 14 13:51:10 +0000 2024","13","#Gempa Mag:3.7 14-Feb-2024 20:49:03WIB Lok:0.73LU 121.82BT (33 km BaratLaut POHUWATO-GORONTALO) Kedlmn:57 Km #BMKG Disclaimer:Informasi ini mengutamakan kecepatan sehingga hasil pengolahan data belum stabil dan bisa berubah seiring kelengkapan data https://t.co/AnKHl7rFgx","1757764422750314649","https://pbs.twimg.com/tweet_video_thumb/GGTVbUhakAAUuAt.jpg","","in","Indonesia","0","0","2","https://x.com/infoBMKG/status/1757764422750314649","108543358","infoBMKG"
"1757759889093599616","Wed Feb 14 13:33:09 +0000 2024","23","#Gempa Mag:3.8 14-Feb-2024 20:29:18WIB Lok:9.51LS 117.10BT (88 km Tenggara SUMBAWABARAT-NTB) Kedlmn:25 Km #BMKG Disclaimer:Informasi ini mengutamakan kecepatan sehingga hasil pengolahan data belum stabil dan bisa berubah seiring kelengkapan data https://t.co/uPkFMA3Ivv","1757759889093599616","https://pbs.twimg.com/tweet_video_thumb/GGTRTZobAAA60KI.jpg","","in","Indonesia","0","0","1","https://x.com/infoBMKG/status/1757759889093599616","108543358","infoBMKG"
"1757712574555255190","Wed Feb 14 10:25:09 +0000 2024","27","#Gempa Mag:2.6 14-Feb-2024 17:21:40WIB Lok:8.43LS 108.75BT (83 km BaratDaya CILACAP-JATENG) Kedlmn:62 Km #BMKG Disclaimer:Informasi ini mengutamakan kecepatan sehingga hasil pengolahan data belum stabil dan bisa berubah seiring kelengkapan data https://t.co/XvdhLQl1cQ","1757712574555255190","https://pbs.twimg.com/tweet_video_thumb/GGSmRW6aoAAWvkk.jpg","","in","Indonesia","0","1","7","https://x.com/infoBMKG/status/1757712574555255190","108543358","infoBMKG"
"1757698486970265804","Wed Feb 14 09:29:10 +0000 2024","14","#Gempa Mag:4.6 14-Feb-2024 16:25:28WIB Lok:0.13LS 123.41BT (80 km Tenggara BONEBOLANGO-GORONTALO) Kedlmn:131 Km #BMKG Disclaimer:Informasi ini mengutamakan kecepatan sehingga hasil pengolahan data belum stabil dan bisa berubah seiring kelengkapan data https://t.co/3SOfAdlTGC","1757698486970265804","https://pbs.twimg.com/tweet_video_thumb/GGSZdUwbsAAuVXB.jpg","","in","Indonesia","1","0","1","https://x.com/infoBMKG/status/1757698486970265804","108543358","infoBMKG"
"1757677346860179959","Wed Feb 14 08:05:10 +0000 2024","5","#Gempa Mag:4.8 14-Feb-2024 14:59:39WIB Lok:8.29LU 126.43BT (477 km BaratLaut MELONGUANE-SULUT) Kedlmn:101 Km #BMKG Disclaimer:Informasi ini mengutamakan kecepatan sehingga hasil pengolahan data belum stabil dan bisa berubah seiring kelengkapan data https://t.co/gQUGrPXS4M","1757677346860179959","https://pbs.twimg.com/tweet_video_thumb/GGSGO2CbgAAc9UH.jpg","","in","Indonesia","0","0","0","https://x.com/infoBMKG/status/1757677346860179959","108543358","infoBMKG"
"1757669294446703052","Wed Feb 14 07:33:10 +0000 2024","14","#Gempa Mag:3.2 14-Feb-2024 14:27:41WIB Lok:1.50LU 126.86BT (83 km BaratLaut HALMAHERABARAT-MALUT) Kedlmn:73 Km #BMKG Disclaimer:Informasi ini mengutamakan kecepatan sehingga hasil pengolahan data belum stabil dan bisa berubah seiring kelengkapan data https://t.co/z9MzjBtNm8","1757669294446703052","https://pbs.twimg.com/tweet_video_thumb/GGR-6ICaMAAI51w.jpg","","in","Indonesia","0","0","1","https://x.com/infoBMKG/status/1757669294446703052","108543358","infoBMKG"
"1757637087032164758","Wed Feb 14 05:25:11 +0000 2024","4","#Gempa Mag:3.8 14-Feb-2024 12:21:26WIB Lok:3.17LS 130.82BT (37 km Tenggara SERAMBAGIANTIMUR-MALUKU) Kedlmn:10 Km #BMKG Disclaimer:Informasi ini mengutamakan kecepatan sehingga hasil pengolahan data belum stabil dan bisa berubah seiring kelengkapan data https://t.co/BAbeZdoR4J","1757637087032164758","https://pbs.twimg.com/tweet_video_thumb/GGRhnW4aoAA1Krh.jpg","","in","Indonesia","0","0","0","https://x.com/infoBMKG/status/1757637087032164758","108543358","infoBMKG"
"1757612418279338234","Wed Feb 14 03:47:10 +0000 2024","6","#Gempa Mag:2.7 14-Feb-2024 10:43:29WIB Lok:2.37LU 98.50BT (29 km Tenggara PAKPAKBHARAT-SUMUT) Kedlmn:71 Km #BMKG Disclaimer:Informasi ini mengutamakan kecepatan sehingga hasil pengolahan data belum stabil dan bisa berubah seiring kelengkapan data https://t.co/mDnKROwkKC","1757612418279338234","https://pbs.twimg.com/tweet_video_thumb/GGRLLe9aUAAFMe1.jpg","","in","Indonesia","0","0","4","https://x.com/infoBMKG/status/1757612418279338234","108543358","infoBMKG"
"1757559068917727324","Wed Feb 14 00:15:10 +0000 2024","5","#Gempa Mag:3.2 14-Feb-2024 07:08:56WIB Lok:0.74LS 121.69BT (43 km TimurLaut TOJOUNA-UNA-SULTENG) Kedlmn:10 Km #BMKG Disclaimer:Informasi ini mengutamakan kecepatan sehingga hasil pengolahan data belum stabil dan bisa berubah seiring kelengkapan data https://t.co/RcNcbOgfZi","1757559068917727324","https://pbs.twimg.com/tweet_video_thumb/GGQaqJZawAEVqaV.jpg","","in","Indonesia","0","0","0","https://x.com/infoBMKG/status/1757559068917727324","108543358","infoBMKG"
"1757514023292285053","Tue Feb 13 21:16:10 +0000 2024","7","#Gempa Mag:2.6 14-Feb-2024 04:12:13WIB Lok:1.29LS 120.51BT (29 km BaratLaut POSO-SULTENG) Kedlmn:10 Km #BMKG Disclaimer:Informasi ini mengutamakan kecepatan sehingga hasil pengolahan data belum stabil dan bisa berubah seiring kelengkapan data https://t.co/xwlDoIJh5N","1757514023292285053","https://pbs.twimg.com/tweet_video_thumb/GGPxsJ_bAAA5DIn.jpg","","in","Indonesia","0","0","1","https://x.com/infoBMKG/status/1757514023292285053","108543358","infoBMKG"
"1757466706535137791","Tue Feb 13 18:08:09 +0000 2024","5","#Gempa Mag:4.3 14-Feb-2024 01:04:09WIB Lok:7.55LS 129.25BT (175 km TimurLaut MALUKUBRTDAYA) Kedlmn:138 Km #BMKG Disclaimer:Informasi ini mengutamakan kecepatan sehingga hasil pengolahan data belum stabil dan bisa berubah seiring kelengkapan data https://t.co/oosAHarClt","1757466706535137791","https://pbs.twimg.com/tweet_video_thumb/GGPGp8TaQAAHVIl.jpg","","in","Indonesia","0","1","2","https://x.com/infoBMKG/status/1757466706535137791","108543358","infoBMKG"
"1757437014528729253","Tue Feb 13 16:10:10 +0000 2024","10","#Gempa Mag:2.6 13-Feb-2024 23:06:48WIB Lok:8.54LS 121.40BT (18 km TimurLaut MBAY-NAGEKEO-NTT) Kedlmn:181 Km #BMKG Disclaimer:Informasi ini mengutamakan kecepatan sehingga hasil pengolahan data belum stabil dan bisa berubah seiring kelengkapan data https://t.co/ocUgc1ZOLF","1757437014528729253","https://pbs.twimg.com/tweet_video_thumb/GGOrpnDaUAAIAKm.jpg","","in","Indonesia","0","0","0","https://x.com/infoBMKG/status/1757437014528729253","108543358","infoBMKG"
"1757436257263882321","Tue Feb 13 16:07:09 +0000 2024","11","#Gempa Mag:2.6 13-Feb-2024 23:00:10WIB Lok:9.52LS 117.01BT (86 km Tenggara SUMBAWABARAT-NTB) Kedlmn:33 Km #BMKG Disclaimer:Informasi ini mengutamakan kecepatan sehingga hasil pengolahan data belum stabil dan bisa berubah seiring kelengkapan data https://t.co/Ea6BkXsz6c","1757436257263882321","https://pbs.twimg.com/tweet_video_thumb/GGOq9jgakAAxgFZ.jpg","","in","Indonesia","1","0","1","https://x.com/infoBMKG/status/1757436257263882321","108543358","infoBMKG"
"1757297846343323712","Tue Feb 13 06:57:10 +0000 2024","12","#Gempa Mag:3.1 13-Feb-2024 13:54:30WIB Lok:7.90LS 118.68BT (61 km BaratLaut BIMA-NTB) Kedlmn:21 Km #BMKG Disclaimer:Informasi ini mengutamakan kecepatan sehingga hasil pengolahan data belum stabil dan bisa berubah seiring kelengkapan data https://t.co/QQV9jPMkYE","1757297846343323712","https://pbs.twimg.com/tweet_video_thumb/GGMtE__bgAAXpk4.jpg","","in","Indonesia","0","0","1","https://x.com/infoBMKG/status/1757297846343323712","108543358","infoBMKG"
"1757291551271895241","Tue Feb 13 06:32:09 +0000 2024","22","#Gempa Mag:3.2 13-Feb-2024 13:29:01WIB Lok:7.92LS 117.51BT (64 km TimurLaut SUMBAWA-NTB) Kedlmn:13 Km #BMKG Disclaimer:Informasi ini mengutamakan kecepatan sehingga hasil pengolahan data belum stabil dan bisa berubah seiring kelengkapan data https://t.co/ojEFl5yKrO","1757291551271895241","https://pbs.twimg.com/tweet_video_thumb/GGMnWlDbgAAU_dm.jpg","","in","Indonesia","0","0","2","https://x.com/infoBMKG/status/1757291551271895241","108543358","infoBMKG"
"1757290546115338249","Tue Feb 13 06:28:09 +0000 2024","9","#Gempa Mag:3.9 13-Feb-2024 13:24:07WIB Lok:3.99LU 126.56BT (13 km BaratDaya MELONGUANE-SULUT) Kedlmn:21 Km #BMKG Disclaimer:Informasi ini mengutamakan kecepatan sehingga hasil pengolahan data belum stabil dan bisa berubah seiring kelengkapan data https://t.co/xjkw9ZjGO1","1757290546115338249","https://pbs.twimg.com/tweet_video_thumb/GGMmcEAb0AA_c1S.jpg","","in","Indonesia","0","0","1","https://x.com/infoBMKG/status/1757290546115338249","108543358","infoBMKG"
"1757214790878191949","Tue Feb 13 01:27:08 +0000 2024","2070","#Gempa Mag:4.8 13-Feb-2024 08:22:22WIB Lok:3.19LS 115.12BT (19 km TimurLaut BANJAR-KALSEL) Kedlmn:10 Km #BMKG Disclaimer:Informasi ini mengutamakan kecepatan sehingga hasil pengolahan data belum stabil dan bisa berubah seiring kelengkapan data https://t.co/H3xfxHeEg0","1757214790878191949","https://pbs.twimg.com/tweet_video_thumb/GGLhiiUbUAAicRb.jpg","","in","Indonesia","1059","456","939","https://x.com/infoBMKG/status/1757214790878191949","108543358","infoBMKG"
"1757202309803831675","Tue Feb 13 00:37:32 +0000 2024","44","#Gempa Mag:5.1 13-Feb-24 07:34:11 WIB Lok:5.07 LU 125.32 BT (163 km BaratLaut TAHUNA-KEP.SANGIHE-SULUT) Kedlmn:12 Km tdk berpotensi tsunami #BMKG https://t.co/7RzbwNH56R","1757202309803831675","https://pbs.twimg.com/tweet_video_thumb/GGLWMCtaYAAgrta.jpg","","in","Indonesia","2","2","10","https://x.com/infoBMKG/status/1757202309803831675","108543358","infoBMKG"
"1757202215192891531","Tue Feb 13 00:37:09 +0000 2024","13","#Gempa Mag:5.1 13-Feb-2024 07:34:11WIB Lok:5.07LU 125.32BT (163 km BaratLaut TAHUNA-KEP.SANGIHE-SULUT) Kedlmn:12 Km #BMKG Disclaimer:Informasi ini mengutamakan kecepatan sehingga hasil pengolahan data belum stabil dan bisa berubah seiring kelengkapan data https://t.co/EKiLAJKK2o","1757202215192891531","https://pbs.twimg.com/tweet_video_thumb/GGLWGgFa8AA-5wB.jpg","","in","Indonesia","0","1","3","https://x.com/infoBMKG/status/1757202215192891531","108543358","infoBMKG"
"1757182579755909122","Mon Feb 12 23:19:08 +0000 2024","29","#Gempa Mag:1.4 13-Feb-2024 06:13:39WIB Lok:7.49LS 107.51BT (52 km BaratDaya KAB-BANDUNG-JABAR) Kedlmn:109 Km #BMKG Disclaimer:Informasi ini mengutamakan kecepatan sehingga hasil pengolahan data belum stabil dan bisa berubah seiring kelengkapan data https://t.co/1Lu7bWOr71","1757182579755909122","https://pbs.twimg.com/tweet_video_thumb/GGLEPl4bsAAAa3_.jpg","","in","Indonesia","0","0","5","https://x.com/infoBMKG/status/1757182579755909122","108543358","infoBMKG"
"1757140810754408641","Mon Feb 12 20:33:10 +0000 2024","13","#Gempa Mag:5.7 13-Feb-2024 03:29:35WIB Lok:6.39LS 130.18BT (215 km BaratLaut MALUKUTENGGARABRT) Kedlmn:179 Km #BMKG Disclaimer:Informasi ini mengutamakan kecepatan sehingga hasil pengolahan data belum stabil dan bisa berubah seiring kelengkapan data https://t.co/LEHMQj3KQ7","1757140810754408641","https://pbs.twimg.com/tweet_video_thumb/GGKeQTMb0AAtLog.jpg","","in","Indonesia","0","1","4","https://x.com/infoBMKG/status/1757140810754408641","108543358","infoBMKG"
"1757140800365081084","Mon Feb 12 20:33:07 +0000 2024","8","#Gempa Mag:5.3 13-Feb-24 03:29:35 WIB Lok:6.39 LS 130.18 BT (215 km BaratLaut TANIMBAR) Kedlmn:179 Km tdk berpotensi tsunami #BMKG https://t.co/aT3woPEVJQ","1757140800365081084","https://pbs.twimg.com/tweet_video_thumb/GGKePtmaIAAemwp.jpg","","in","Indonesia","0","0","2","https://x.com/infoBMKG/status/1757140800365081084","108543358","infoBMKG"
"1757129231140868412","Mon Feb 12 19:47:09 +0000 2024","17","#Gempa Mag:3.7 13-Feb-2024 02:44:01WIB Lok:6.62LS 104.36BT (131 km BaratDaya TANGGAMUS-LAMPUNG) Kedlmn:12 Km #BMKG Disclaimer:Informasi ini mengutamakan kecepatan sehingga hasil pengolahan data belum stabil dan bisa berubah seiring kelengkapan data https://t.co/eXT6SI7JsX","1757129231140868412","https://pbs.twimg.com/tweet_video_thumb/GGKTuTEbkAADOPx.jpg","","in","Indonesia","0","0","1","https://x.com/infoBMKG/status/1757129231140868412","108543358","infoBMKG"
"1757102563911160026","Mon Feb 12 18:01:11 +0000 2024","9","#Gempa Mag:3.0 13-Feb-2024 00:54:59WIB Lok:0.66LS 123.54BT (91 km TimurLaut BANGGAIKEP-SULTENG) Kedlmn:10 Km #BMKG Disclaimer:Informasi ini mengutamakan kecepatan sehingga hasil pengolahan data belum stabil dan bisa berubah seiring kelengkapan data https://t.co/kFGwFzLkOd","1757102563911160026","https://pbs.twimg.com/tweet_video_thumb/GGJ7eCOaoAAWzfO.jpg","","in","Indonesia","0","0","0","https://x.com/infoBMKG/status/1757102563911160026","108543358","infoBMKG"
"1757100797916328114","Mon Feb 12 17:54:10 +0000 2024","17","#Gempa Mag:2.9 13-Feb-2024 00:49:34WIB Lok:2.08LU 97.85BT (29 km Tenggara KAB-ACEHSINGKIL) Kedlmn:27 Km #BMKG Disclaimer:Informasi ini mengutamakan kecepatan sehingga hasil pengolahan data belum stabil dan bisa berubah seiring kelengkapan data https://t.co/QUKufw7G1l","1757100797916328114","https://pbs.twimg.com/tweet_video_thumb/GGJ53QHbUAAhCsX.jpg","","in","Indonesia","0","1","2","https://x.com/infoBMKG/status/1757100797916328114","108543358","infoBMKG"
"1757060783878603261","Mon Feb 12 15:15:10 +0000 2024","8","#Gempa Mag:2.8 12-Feb-2024 22:12:19WIB Lok:8.84LS 124.28BT (67 km BaratDaya ALOR-NTT) Kedlmn:85 Km #BMKG Disclaimer:Informasi ini mengutamakan kecepatan sehingga hasil pengolahan data belum stabil dan bisa berubah seiring kelengkapan data https://t.co/VDZ0fyXFFD","1757060783878603261","https://pbs.twimg.com/tweet_video_thumb/GGJVeHsagAAO5-R.jpg","","in","Indonesia","0","0","1","https://x.com/infoBMKG/status/1757060783878603261","108543358","infoBMKG"
"1757059022858199134","Mon Feb 12 15:08:10 +0000 2024","11","#Gempa Mag:4.5 12-Feb-2024 22:04:46WIB Lok:6.37LU 125.72BT (284 km BaratLaut MELONGUANE-SULUT) Kedlmn:10 Km #BMKG Disclaimer:Informasi ini mengutamakan kecepatan sehingga hasil pengolahan data belum stabil dan bisa berubah seiring kelengkapan data https://t.co/8z9Mt4TS6X","1757059022858199134","https://pbs.twimg.com/tweet_video_thumb/GGJT3pEaAAAZW1z.jpg","","in","Indonesia","0","0","1","https://x.com/infoBMKG/status/1757059022858199134","108543358","infoBMKG"
"1757055242083205400","Mon Feb 12 14:53:08 +0000 2024","17","#Gempa Mag:2.9 12-Feb-2024 21:48:21WIB Lok:0.26LU 96.75BT (111 km BaratDaya NIASBARAT-SUMUT) Kedlmn:18 Km #BMKG Disclaimer:Informasi ini mengutamakan kecepatan sehingga hasil pengolahan data belum stabil dan bisa berubah seiring kelengkapan data https://t.co/V3bLJez7JV","1757055242083205400","https://pbs.twimg.com/tweet_video_thumb/GGJQbj7bEAA2i0T.jpg","","in","Indonesia","0","0","2","https://x.com/infoBMKG/status/1757055242083205400","108543358","infoBMKG"
"1757051976544817265","Mon Feb 12 14:40:10 +0000 2024","15","#Gempa Mag:4.3 12-Feb-2024 21:33:36WIB Lok:6.51LS 129.51BT (257 km BaratLaut MALUKUTENGGARABRT) Kedlmn:71 Km #BMKG Disclaimer:Informasi ini mengutamakan kecepatan sehingga hasil pengolahan data belum stabil dan bisa berubah seiring kelengkapan data https://t.co/BscwpHuUFk","1757051976544817265","https://pbs.twimg.com/tweet_video_thumb/GGJNdeSbkAAQRo6.jpg","","in","Indonesia","0","0","2","https://x.com/infoBMKG/status/1757051976544817265","108543358","infoBMKG"
"1757021530134049252","Mon Feb 12 12:39:11 +0000 2024","14","#Gempa Mag:2.8 12-Feb-2024 19:34:10WIB Lok:1.27LS 120.74BT (13 km BaratLaut POSO-SULTENG) Kedlmn:10 Km #BMKG Disclaimer:Informasi ini mengutamakan kecepatan sehingga hasil pengolahan data belum stabil dan bisa berubah seiring kelengkapan data https://t.co/baJsNlXKQI","1757021530134049252","https://pbs.twimg.com/tweet_video_thumb/GGIxxQpasAAas71.jpg","","in","Indonesia","0","0","2","https://x.com/infoBMKG/status/1757021530134049252","108543358","infoBMKG"
"1756999382124409117","Mon Feb 12 11:11:10 +0000 2024","5","#Gempa Mag:3.7 12-Feb-2024 18:08:43WIB Lok:0.76LU 129.07BT (86 km TimurLaut HALMAHERATENGAH-MALUT) Kedlmn:10 Km #BMKG Disclaimer:Informasi ini mengutamakan kecepatan sehingga hasil pengolahan data belum stabil dan bisa berubah seiring kelengkapan data https://t.co/Fam7zSYqw1","1756999382124409117","https://pbs.twimg.com/tweet_video_thumb/GGIdoEuaQAAjvIl.jpg","","in","Indonesia","0","0","0","https://x.com/infoBMKG/status/1756999382124409117","108543358","infoBMKG"
"1756950805020897426","Mon Feb 12 07:58:09 +0000 2024","80","#Gempa Mag:3.0 12-Feb-2024 14:52:12WIB Lok:8.12LS 107.35BT (117 km BaratDaya KAB-GARUT-JABAR) Kedlmn:12 Km #BMKG Disclaimer:Informasi ini mengutamakan kecepatan sehingga hasil pengolahan data belum stabil dan bisa berubah seiring kelengkapan data https://t.co/UKyfn36ja6","1756950805020897426","https://pbs.twimg.com/tweet_video_thumb/GGHxchqacAAlCez.jpg","","in","Indonesia","0","0","13","https://x.com/infoBMKG/status/1756950805020897426","108543358","infoBMKG"
"1756937717676663263","Mon Feb 12 07:06:08 +0000 2024","23","#Gempa Mag:3.6 12-Feb-2024 14:02:38WIB Lok:7.64LS 106.88BT (80 km BaratDaya KOTA-SUKABUMI-JABAR) Kedlmn:24 Km #BMKG Disclaimer:Informasi ini mengutamakan kecepatan sehingga hasil pengolahan data belum stabil dan bisa berubah seiring kelengkapan data https://t.co/MAfGVGJR9e","1756937717676663263","https://pbs.twimg.com/tweet_video_thumb/GGHlivybEAAwp2w.jpg","","in","Indonesia","0","0","1","https://x.com/infoBMKG/status/1756937717676663263","108543358","infoBMKG"
"1756899726023381192","Mon Feb 12 04:35:10 +0000 2024","5","#Gempa Mag:2.7 12-Feb-2024 11:30:30WIB Lok:2.67LS 120.40BT (43 km TimurLaut PALOPO-SULSEL) Kedlmn:13 Km #BMKG Disclaimer:Informasi ini mengutamakan kecepatan sehingga hasil pengolahan data belum stabil dan bisa berubah seiring kelengkapan data https://t.co/qs6HEPumFO","1756899726023381192","https://pbs.twimg.com/tweet_video_thumb/GGHC_TyagAAym-e.jpg","","in","Indonesia","0","0","1","https://x.com/infoBMKG/status/1756899726023381192","108543358","infoBMKG"
"1756842846592843851","Mon Feb 12 00:49:09 +0000 2024","14","#Gempa Mag:2.4 12-Feb-2024 07:45:39WIB Lok:9.79LS 124.65BT (25 km Tenggara TIMORTENGAHSEL-NTT) Kedlmn:10 Km #BMKG Disclaimer:Informasi ini mengutamakan kecepatan sehingga hasil pengolahan data belum stabil dan bisa berubah seiring kelengkapan data https://t.co/br088UjFAw","1756842846592843851","https://pbs.twimg.com/tweet_video_thumb/GGGPQgNbwAA-7kv.jpg","","in","Indonesia","0","0","2","https://x.com/infoBMKG/status/1756842846592843851","108543358","infoBMKG"
"1756723313932681294","Sun Feb 11 16:54:11 +0000 2024","7","#Gempa Mag:2.3 11-Feb-2024 23:51:52WIB Lok:1.79LS 133.43BT (17 km TimurLaut TELUKBINTUNI-PAPUABRT) Kedlmn:12 Km #BMKG Disclaimer:Informasi ini mengutamakan kecepatan sehingga hasil pengolahan data belum stabil dan bisa berubah seiring kelengkapan data https://t.co/FByWBffVqH","1756723313932681294","https://pbs.twimg.com/tweet_video_thumb/GGEiizsaoAAA7dS.jpg","","in","Indonesia","0","0","0","https://x.com/infoBMKG/status/1756723313932681294","108543358","infoBMKG"
"1756718024516841694","Sun Feb 11 16:33:09 +0000 2024","23","#Gempa Mag:4.0 11-Feb-2024 23:27:58WIB Lok:7.82LS 118.44BT (76 km BaratLaut BIMA-NTB) Kedlmn:63 Km #BMKG Disclaimer:Informasi ini mengutamakan kecepatan sehingga hasil pengolahan data belum stabil dan bisa berubah seiring kelengkapan data https://t.co/Cwug5x6oHR","1756718024516841694","https://pbs.twimg.com/tweet_video_thumb/GGEdu4ra4AA7loI.jpg","","in","Indonesia","0","0","4","https://x.com/infoBMKG/status/1756718024516841694","108543358","infoBMKG"
"1756570804438143249","Sun Feb 11 06:48:09 +0000 2024","11","#Gempa Mag:2.4 11-Feb-2024 13:42:39WIB Lok:0.12LS 100.30BT (22 km BaratLaut BUKITTINGGI-SUMBAR) Kedlmn:10 Km #BMKG Disclaimer:Informasi ini mengutamakan kecepatan sehingga hasil pengolahan data belum stabil dan bisa berubah seiring kelengkapan data https://t.co/ADzyqsPb1w","1756570804438143249","https://pbs.twimg.com/tweet_video_thumb/GGCX1k5b0AA47d1.jpg","","in","Indonesia","0","1","3","https://x.com/infoBMKG/status/1756570804438143249","108543358","infoBMKG"
"1756556212123074847","Sun Feb 11 05:50:10 +0000 2024","7","#Gempa Mag:3.2 11-Feb-2024 12:43:48WIB Lok:0.36LU 121.98BT (11 km Tenggara POHUWATO-GORONTALO) Kedlmn:113 Km #BMKG Disclaimer:Informasi ini mengutamakan kecepatan sehingga hasil pengolahan data belum stabil dan bisa berubah seiring kelengkapan data https://t.co/w2qeeprZhM","1756556212123074847","https://pbs.twimg.com/tweet_video_thumb/GGCKkLTaAAABBO9.jpg","","in","Indonesia","0","0","0","https://x.com/infoBMKG/status/1756556212123074847","108543358","infoBMKG"
"1756531296879485227","Sun Feb 11 04:11:10 +0000 2024","7","#Gempa Mag:3.6 11-Feb-2024 11:08:23WIB Lok:1.43LU 126.35BT (130 km BaratLaut JAILOLO-MALUT) Kedlmn:25 Km #BMKG Disclaimer:Informasi ini mengutamakan kecepatan sehingga hasil pengolahan data belum stabil dan bisa berubah seiring kelengkapan data https://t.co/L9wV5fZ354","1756531296879485227","https://pbs.twimg.com/tweet_video_thumb/GGBz57saIAAPdqX.jpg","","in","Indonesia","0","0","5","https://x.com/infoBMKG/status/1756531296879485227","108543358","infoBMKG"
"1756364191395688790","Sat Feb 10 17:07:09 +0000 2024","41","#Gempa Mag:4.7 11-Feb-2024 00:03:26WIB Lok:5.85LU 126.47BT (206 km BaratLaut MELONGUANE-SULUT) Kedlmn:118 Km #BMKG Disclaimer:Informasi ini mengutamakan kecepatan sehingga hasil pengolahan data belum stabil dan bisa berubah seiring kelengkapan data https://t.co/DGC9HkIhpO","1756364191395688790","https://pbs.twimg.com/tweet_video_thumb/GF_b7H-agAAXA73.jpg","","in","Indonesia","0","2","5","https://x.com/infoBMKG/status/1756364191395688790","108543358","infoBMKG"
"1756329460276895957","Sat Feb 10 14:49:09 +0000 2024","11","#Gempa Mag:4.2 10-Feb-2024 21:44:29WIB Lok:2.18LS 140.10BT (93 km TimurLaut KAB-JAYAPURA-PAPUA) Kedlmn:10 Km #BMKG Disclaimer:Informasi ini mengutamakan kecepatan sehingga hasil pengolahan data belum stabil dan bisa berubah seiring kelengkapan data https://t.co/qLudmWPJyH","1756329460276895957","https://pbs.twimg.com/tweet_video_thumb/GF-8VgdbUAAFdNU.jpg","","in","Indonesia","0","0","1","https://x.com/infoBMKG/status/1756329460276895957","108543358","infoBMKG"
"1756187535880200663","Sat Feb 10 05:25:11 +0000 2024","8","#Gempa Mag:5.3 10-Feb-2024 12:21:50WIB Lok:7.54LU 125.64BT (409 km BaratLaut MELONGUANE-SULUT) Kedlmn:41 Km #BMKG Disclaimer:Informasi ini mengutamakan kecepatan sehingga hasil pengolahan data belum stabil dan bisa berubah seiring kelengkapan data https://t.co/aOfD3RDEli","1756187535880200663","https://pbs.twimg.com/tweet_video_thumb/GF87QasawAA7aHo.jpg","","in","Indonesia","1","0","2","https://x.com/infoBMKG/status/1756187535880200663","108543358","infoBMKG"
"1756175704016961892","Sat Feb 10 04:38:10 +0000 2024","11","#Gempa Mag:2.4 10-Feb-2024 11:32:36WIB Lok:8.85LS 116.96BT (15 km Tenggara SUMBAWABARAT-NTB) Kedlmn:10 Km #BMKG Disclaimer:Informasi ini mengutamakan kecepatan sehingga hasil pengolahan data belum stabil dan bisa berubah seiring kelengkapan data https://t.co/MNjzD4WHYv","1756175704016961892","https://pbs.twimg.com/tweet_video_thumb/GF8wftpbwAA1zJ2.jpg","","in","Indonesia","0","0","1","https://x.com/infoBMKG/status/1756175704016961892","108543358","infoBMKG"
"1756105100232434150","Fri Feb 09 23:57:37 +0000 2024","30","#Gempa Mag:5.2 10-Feb-24 06:53:26 WIB Lok:0.05 LS 135.93 BT (82 km TimurLaut SUPIORI-PAPUA) Kedlmn:10 Km tdk berpotensi tsunami #BMKG https://t.co/SmZcAulvj5","1756105100232434150","https://pbs.twimg.com/tweet_video_thumb/GF7wR_GbUAAhY1P.jpg","","in","Indonesia","0","0","5","https://x.com/infoBMKG/status/1756105100232434150","108543358","infoBMKG"
"1755861881334734904","Fri Feb 09 07:51:09 +0000 2024","20","#Gempa Mag:3.2 09-Feb-2024 14:47:01WIB Lok:9.12LS 112.54BT (109 km BaratDaya KAB-MALANG-JATIM) Kedlmn:57 Km #BMKG Disclaimer:Informasi ini mengutamakan kecepatan sehingga hasil pengolahan data belum stabil dan bisa berubah seiring kelengkapan data https://t.co/4cmelTEw5O","1755861881334734904","https://pbs.twimg.com/tweet_video_thumb/GF4TEuubYAA4iYa.jpg","","in","Indonesia","0","0","3","https://x.com/infoBMKG/status/1755861881334734904","108543358","infoBMKG"
"1755856349760729210","Fri Feb 09 07:29:10 +0000 2024","13","#Gempa Mag:3.2 09-Feb-2024 14:26:42WIB Lok:1.82LU 126.37BT (144 km TimurLaut BITUNG-SULUT) Kedlmn:27 Km #BMKG Disclaimer:Informasi ini mengutamakan kecepatan sehingga hasil pengolahan data belum stabil dan bisa berubah seiring kelengkapan data https://t.co/D1VzArQK1m","1755856349760729210","https://pbs.twimg.com/tweet_video_thumb/GF4OC20aIAAq9eI.jpg","","in","Indonesia","0","0","1","https://x.com/infoBMKG/status/1755856349760729210","108543358","infoBMKG"
"1755853325470421187","Fri Feb 09 07:17:09 +0000 2024","58","#Gempa Mag:3.0 09-Feb-2024 14:14:27WIB Lok:9.28LS 114.03BT (121 km BaratDaya JEMBRANA-BALI) Kedlmn:40 Km #BMKG Disclaimer:Informasi ini mengutamakan kecepatan sehingga hasil pengolahan data belum stabil dan bisa berubah seiring kelengkapan data https://t.co/e6ZLyl5Op5","1755853325470421187","https://pbs.twimg.com/tweet_video_thumb/GF4LSziagAACSGW.jpg","","in","Indonesia","1","2","6","https://x.com/infoBMKG/status/1755853325470421187","108543358","infoBMKG"
"1755834454332072418","Fri Feb 09 06:02:10 +0000 2024","2","#Gempa Mag:2.9 09-Feb-2024 12:58:22WIB Lok:8.08LS 122.90BT (26 km BaratLaut LARANTUKA-NTT) Kedlmn:24 Km #BMKG Disclaimer:Informasi ini mengutamakan kecepatan sehingga hasil pengolahan data belum stabil dan bisa berubah seiring kelengkapan data https://t.co/UQf8StSdpM","1755834454332072418","https://pbs.twimg.com/tweet_video_thumb/GF36IYSbkAAKqCk.jpg","","in","Indonesia","0","1","0","https://x.com/infoBMKG/status/1755834454332072418","108543358","infoBMKG"
"1755829172277235867","Fri Feb 09 05:41:11 +0000 2024","9","#Gempa Mag:2.5 09-Feb-2024 12:37:59WIB Lok:9.92LS 121.81BT (70 km BaratLaut SABURAIJUA-NTT) Kedlmn:10 Km #BMKG Disclaimer:Informasi ini mengutamakan kecepatan sehingga hasil pengolahan data belum stabil dan bisa berubah seiring kelengkapan data https://t.co/z3xdXUzOT4","1755829172277235867","https://pbs.twimg.com/tweet_video_thumb/GF31U5MbEAANm-e.jpg","","in","Indonesia","0","0","0","https://x.com/infoBMKG/status/1755829172277235867","108543358","infoBMKG"
"1755611153303322910","Thu Feb 08 15:14:51 +0000 2024","38","#Gempa Mag:5.1 08-Feb-24 22:11:34 WIB Lok:5.22 LS 129.64 BT (226 km Tenggara MALUKUTENGAH) Kedlmn:211 Km tdk berpotensi tsunami #BMKG https://t.co/bNwrkm9tis","1755611153303322910","https://pbs.twimg.com/tweet_video_thumb/GF0vCh2bUAA2hqX.jpg","","in","Indonesia","1","1","8","https://x.com/infoBMKG/status/1755611153303322910","108543358","infoBMKG"
"1755377196372222377","Wed Feb 07 23:45:11 +0000 2024","7","#Gempa Mag:3.5 08-Feb-2024 06:41:12WIB Lok:3.17LS 130.80BT (35 km Tenggara SERAMBAGIANTIMUR-MALUKU) Kedlmn:10 Km #BMKG Disclaimer:Informasi ini mengutamakan kecepatan sehingga hasil pengolahan data belum stabil dan bisa berubah seiring kelengkapan data https://t.co/DtMdg23s9j","1755377196372222377","https://pbs.twimg.com/tweet_video_thumb/GFxaQbAaAAAPoa7.jpg","","in","Indonesia","0","0","4","https://x.com/infoBMKG/status/1755377196372222377","108543358","infoBMKG"
"1755353791795519719","Wed Feb 07 22:12:11 +0000 2024","6","#Gempa Mag:3.5 08-Feb-2024 05:08:40WIB Lok:0.91LU 126.41BT (107 km BaratLaut TERNATE-MALUT) Kedlmn:13 Km #BMKG Disclaimer:Informasi ini mengutamakan kecepatan sehingga hasil pengolahan data belum stabil dan bisa berubah seiring kelengkapan data https://t.co/g88pkR2HaT","1755353791795519719","https://pbs.twimg.com/tweet_video_thumb/GFxE-EvakAAHCF-.jpg","","in","Indonesia","0","0","1","https://x.com/infoBMKG/status/1755353791795519719","108543358","infoBMKG"
"1755337180778762453","Wed Feb 07 21:06:11 +0000 2024","12","#Gempa Mag:3.5 08-Feb-2024 04:01:57WIB Lok:0.05LS 124.85BT (93 km Tenggara TUTUYAN-BOLTIM-SULUT) Kedlmn:10 Km #BMKG Disclaimer:Informasi ini mengutamakan kecepatan sehingga hasil pengolahan data belum stabil dan bisa berubah seiring kelengkapan data https://t.co/NfQS9sGPO8","1755337180778762453","https://pbs.twimg.com/tweet_video_thumb/GFw13PKbYAML3kF.jpg","","in","Indonesia","0","0","3","https://x.com/infoBMKG/status/1755337180778762453","108543358","infoBMKG"
"1755324347538169988","Wed Feb 07 20:15:11 +0000 2024","13","#Gempa Mag:4.7 08-Feb-2024 03:09:48WIB Lok:9.21LU 126.43BT (579 km BaratLaut MELONGUANE-SULUT) Kedlmn:10 Km #BMKG Disclaimer:Informasi ini mengutamakan kecepatan sehingga hasil pengolahan data belum stabil dan bisa berubah seiring kelengkapan data https://t.co/rVIdO9CzG7","1755324347538169988","https://pbs.twimg.com/tweet_video_thumb/GFwqMPFbYAATFpK.jpg","","in","Indonesia","0","0","3","https://x.com/infoBMKG/status/1755324347538169988","108543358","infoBMKG"
"1755321833640124810","Wed Feb 07 20:05:12 +0000 2024","6","#Gempa Mag:3.7 08-Feb-2024 03:01:26WIB Lok:3.21LS 130.82BT (38 km Tenggara SERAMBAGIANTIMUR-MALUKU) Kedlmn:11 Km #BMKG Disclaimer:Informasi ini mengutamakan kecepatan sehingga hasil pengolahan data belum stabil dan bisa berubah seiring kelengkapan data https://t.co/hyV9ftxlMG","1755321833640124810","https://pbs.twimg.com/tweet_video_thumb/GFwn55vbYAAg-8Y.jpg","","in","Indonesia","0","0","2","https://x.com/infoBMKG/status/1755321833640124810","108543358","infoBMKG"
"1755319818818117803","Wed Feb 07 19:57:11 +0000 2024","1","#Gempa Mag:3.9 08-Feb-2024 02:53:47WIB Lok:3.16LS 130.79BT (34 km Tenggara SERAMBAGIANTIMUR-MALUKU) Kedlmn:10 Km #BMKG Disclaimer:Informasi ini mengutamakan kecepatan sehingga hasil pengolahan data belum stabil dan bisa berubah seiring kelengkapan data https://t.co/Q1vnDglK0h","1755319818818117803","https://pbs.twimg.com/tweet_video_thumb/GFwmEnnbYAMbrFb.jpg","","in","Indonesia","0","1","0","https://x.com/infoBMKG/status/1755319818818117803","108543358","infoBMKG"
"1755319311164674231","Wed Feb 07 19:55:10 +0000 2024","4","#Gempa Mag:4.7 08-Feb-2024 02:49:38WIB Lok:6.40LU 125.92BT (279 km BaratLaut MELONGUANE-SULUT) Kedlmn:10 Km #BMKG Disclaimer:Informasi ini mengutamakan kecepatan sehingga hasil pengolahan data belum stabil dan bisa berubah seiring kelengkapan data https://t.co/RJNCjU6ScH","1755319311164674231","https://pbs.twimg.com/tweet_video_thumb/GFwlnFWbYAAxn60.jpg","","in","Indonesia","0","0","1","https://x.com/infoBMKG/status/1755319311164674231","108543358","infoBMKG"
"1755314790174724271","Wed Feb 07 19:37:12 +0000 2024","16","#Gempa Mag:5.3 08-Feb-2024 02:33:39WIB Lok:3.23LS 130.82BT (39 km Tenggara SERAMBAGIANTIMUR-MALUKU) Kedlmn:18 Km #BMKG Disclaimer:Informasi ini mengutamakan kecepatan sehingga hasil pengolahan data belum stabil dan bisa berubah seiring kelengkapan data https://t.co/hvJFtxKsf2","1755314790174724271","https://pbs.twimg.com/tweet_video_thumb/GFwhf6kbYAEdhmg.jpg","","in","Indonesia","0","0","3","https://x.com/infoBMKG/status/1755314790174724271","108543358","infoBMKG"
"1755314761145946524","Wed Feb 07 19:37:05 +0000 2024","4","#Gempa Mag:5.3 08-Feb-24 02:33:39 WIB Lok:3.23 LS 130.82 BT (39 km Tenggara SERAMBAGIANTIMUR-MALUKU) Kedlmn:18 Km tdk berpotensi tsunami #BMKG https://t.co/IJ5Fl7cLmt","1755314761145946524","https://pbs.twimg.com/tweet_video_thumb/GFwheOVbYAIs3bn.jpg","","in","Indonesia","1","0","0","https://x.com/infoBMKG/status/1755314761145946524","108543358","infoBMKG"
"1755299680542679098","Wed Feb 07 18:37:10 +0000 2024","358","#Gempa Mag:4.5 08-Feb-2024 01:31:02WIB Lok:7.73LS 106.86BT (89 km Tenggara KAB-SUKABUMI-JABAR) Kedlmn:17 Km #BMKG Disclaimer:Informasi ini mengutamakan kecepatan sehingga hasil pengolahan data belum stabil dan bisa berubah seiring kelengkapan data https://t.co/2dcApLr4Wy","1755299680542679098","https://pbs.twimg.com/tweet_video_thumb/GFwTwcTakAQSVFc.jpg","","in","Indonesia","54","89","92","https://x.com/infoBMKG/status/1755299680542679098","108543358","infoBMKG"
"1755296411871252853","Wed Feb 07 18:24:11 +0000 2024","40","#Gempa Mag:3.1 08-Feb-2024 01:19:25WIB Lok:0.02LS 122.21BT (60 km Tenggara POHUWATO-GORONTALO) Kedlmn:232 Km #BMKG Disclaimer:Informasi ini mengutamakan kecepatan sehingga hasil pengolahan data belum stabil dan bisa berubah seiring kelengkapan data https://t.co/WYwZf9dYJR","1755296411871252853","https://pbs.twimg.com/tweet_video_thumb/GFwQyLGakAMKZV9.jpg","","in","Indonesia","1","34","3","https://x.com/infoBMKG/status/1755296411871252853","108543358","infoBMKG"
"1755275519954948206","Wed Feb 07 17:01:10 +0000 2024","20","#Gempa Mag:3.5 07-Feb-2024 23:58:21WIB Lok:8.70LS 118.91BT (31 km Tenggara KOTA-BIMA-NTB) Kedlmn:110 Km #BMKG Disclaimer:Informasi ini mengutamakan kecepatan sehingga hasil pengolahan data belum stabil dan bisa berubah seiring kelengkapan data https://t.co/3XknG0e9tU","1755275519954948206","https://pbs.twimg.com/tweet_video_thumb/GFv9yFdaYAA_-Td.jpg","","in","Indonesia","0","0","2","https://x.com/infoBMKG/status/1755275519954948206","108543358","infoBMKG"
"1755262186677776574","Wed Feb 07 16:08:11 +0000 2024","17","#Gempa Mag:3.5 07-Feb-2024 23:04:53WIB Lok:0.60LU 122.52BT (20 km TimurLaut BOALEMO-GORONTALO) Kedlmn:47 Km #BMKG Disclaimer:Informasi ini mengutamakan kecepatan sehingga hasil pengolahan data belum stabil dan bisa berubah seiring kelengkapan data https://t.co/CZg0Iij5BG","1755262186677776574","https://pbs.twimg.com/tweet_video_thumb/GFvxp-gakAAqXxr.jpg","","in","Indonesia","2","0","1","https://x.com/infoBMKG/status/1755262186677776574","108543358","infoBMKG"
"1755258406221590755","Wed Feb 07 15:53:09 +0000 2024","17","#Gempa Mag:3.4 07-Feb-2024 22:49:25WIB Lok:4.07LU 95.96BT (20 km BaratDaya MEULABOH-ACEHBARAT) Kedlmn:34 Km #BMKG Disclaimer:Informasi ini mengutamakan kecepatan sehingga hasil pengolahan data belum stabil dan bisa berubah seiring kelengkapan data https://t.co/VIY275Q4Qn","1755258406221590755","https://pbs.twimg.com/tweet_video_thumb/GFvuN8LacAA4jMV.jpg","","in","Indonesia","0","0","4","https://x.com/infoBMKG/status/1755258406221590755","108543358","infoBMKG"
"1755183665380982931","Wed Feb 07 10:56:10 +0000 2024","39","#Gempa Mag:4.2 07-Feb-2024 17:52:51WIB Lok:2.61LU 99.02BT (32 km TimurLaut TOBASAMOSIR-SUMUT) Kedlmn:170 Km #BMKG Disclaimer:Informasi ini mengutamakan kecepatan sehingga hasil pengolahan data belum stabil dan bisa berubah seiring kelengkapan data https://t.co/znBYL23rAL","1755183665380982931","https://pbs.twimg.com/tweet_video_thumb/GFuqPc_aYAA4LYL.jpg","","in","Indonesia","0","0","7","https://x.com/infoBMKG/status/1755183665380982931","108543358","infoBMKG"
"1755148941409362062","Wed Feb 07 08:38:11 +0000 2024","15","#Gempa Mag:4.1 07-Feb-2024 15:33:45WIB Lok:0.18LU 123.55BT (53 km BaratDaya BOLAANGUKI-BOLSEL-SULUT) Kedlmn:153 Km #BMKG Disclaimer:Informasi ini mengutamakan kecepatan sehingga hasil pengolahan data belum stabil dan bisa berubah seiring kelengkapan data https://t.co/9ytzH1eIKo","1755148941409362062","https://pbs.twimg.com/tweet_video_thumb/GFuKqPvacAAk2qq.jpg","","in","Indonesia","0","0","3","https://x.com/infoBMKG/status/1755148941409362062","108543358","infoBMKG"
"1755109683633996229","Wed Feb 07 06:02:11 +0000 2024","13","#Gempa Mag:2.9 07-Feb-2024 12:57:20WIB Lok:0.24LU 123.99BT (15 km Tenggara BOLAANGUKI-BOLSEL-SULUT) Kedlmn:72 Km #BMKG Disclaimer:Informasi ini mengutamakan kecepatan sehingga hasil pengolahan data belum stabil dan bisa berubah seiring kelengkapan data https://t.co/ySiW4hjN6H","1755109683633996229","https://pbs.twimg.com/tweet_video_thumb/GFtm9K4bAAAoiiX.jpg","","in","Indonesia","0","0","2","https://x.com/infoBMKG/status/1755109683633996229","108543358","infoBMKG"
"1755107920914895205","Wed Feb 07 05:55:11 +0000 2024","8","#Gempa Mag:4.3 07-Feb-2024 12:50:08WIB Lok:5.27LS 131.66BT (127 km BaratLaut MALUKUTENGGARA) Kedlmn:117 Km #BMKG Disclaimer:Informasi ini mengutamakan kecepatan sehingga hasil pengolahan data belum stabil dan bisa berubah seiring kelengkapan data https://t.co/OITp6f5TVM","1755107920914895205","https://pbs.twimg.com/tweet_video_thumb/GFtlWi9bUAA3WOo.jpg","","in","Indonesia","0","0","1","https://x.com/infoBMKG/status/1755107920914895205","108543358","infoBMKG"
"1755096345172660644","Wed Feb 07 05:09:11 +0000 2024","2","#Gempa Mag:1.9 07-Feb-2024 12:04:50WIB Lok:3.45LS 135.48BT (30 km BaratLaut NABIRE-PAPUA) Kedlmn:48 Km #BMKG Disclaimer:Informasi ini mengutamakan kecepatan sehingga hasil pengolahan data belum stabil dan bisa berubah seiring kelengkapan data https://t.co/ktZ0avLIJf","1755096345172660644","https://pbs.twimg.com/tweet_video_thumb/GFta0xka0AAHD3a.jpg","","in","Indonesia","0","0","2","https://x.com/infoBMKG/status/1755096345172660644","108543358","infoBMKG"
"1755095585865302371","Wed Feb 07 05:06:10 +0000 2024","3","#Gempa Mag:3.1 07-Feb-2024 12:03:08WIB Lok:7.89LS 117.55BT (68 km TimurLaut SUMBAWA-NTB) Kedlmn:14 Km #BMKG Disclaimer:Informasi ini mengutamakan kecepatan sehingga hasil pengolahan data belum stabil dan bisa berubah seiring kelengkapan data https://t.co/sTac1QDWJT","1755095585865302371","https://pbs.twimg.com/tweet_video_thumb/GFtaIjnakAA9hAK.jpg","","in","Indonesia","0","0","1","https://x.com/infoBMKG/status/1755095585865302371","108543358","infoBMKG"
"1755074440520769891","Wed Feb 07 03:42:08 +0000 2024","41","#Gempa Mag:3.5 07-Feb-2024 10:37:29WIB Lok:8.47LS 105.72BT (181 km BaratDaya BAYAH-BANTEN) Kedlmn:10 Km #BMKG Disclaimer:Informasi ini mengutamakan kecepatan sehingga hasil pengolahan data belum stabil dan bisa berubah seiring kelengkapan data https://t.co/dSiZxnhHV7","1755074440520769891","https://pbs.twimg.com/tweet_video_thumb/GFtG5vKboAAsmCO.jpg","","in","Indonesia","2","2","6","https://x.com/infoBMKG/status/1755074440520769891","108543358","infoBMKG"
"1755064380205768903","Wed Feb 07 03:02:10 +0000 2024","9","#Gempa Mag:5.3 07-Feb-2024 09:57:01WIB Lok:8.66LU 127.11BT (520 km TimurLaut MELONGUANE-SULUT) Kedlmn:10 Km #BMKG Disclaimer:Informasi ini mengutamakan kecepatan sehingga hasil pengolahan data belum stabil dan bisa berubah seiring kelengkapan data https://t.co/WSBkWZKeq5","1755064380205768903","https://pbs.twimg.com/tweet_video_thumb/GFs9wJAbEAA36yc.jpg","","in","Indonesia","0","0","3","https://x.com/infoBMKG/status/1755064380205768903","108543358","infoBMKG"
"1755061107277070381","Wed Feb 07 02:49:10 +0000 2024","12","#Gempa Mag:5.2 07-Feb-2024 09:44:51WIB Lok:9.13LU 127.06BT (571 km TimurLaut MELONGUANE-SULUT) Kedlmn:10 Km #BMKG Disclaimer:Informasi ini mengutamakan kecepatan sehingga hasil pengolahan data belum stabil dan bisa berubah seiring kelengkapan data https://t.co/RWgD9B9uoB","1755061107277070381","https://pbs.twimg.com/tweet_video_thumb/GFs6xqBaAAA6pCP.jpg","","in","Indonesia","0","0","5","https://x.com/infoBMKG/status/1755061107277070381","108543358","infoBMKG"
"1755056584060031343","Wed Feb 07 02:31:11 +0000 2024","7","#Gempa Mag:3.0 07-Feb-2024 09:27:00WIB Lok:2.44LS 121.19BT (16 km TimurLaut LUWUTIMUR-SULSEL) Kedlmn:10 Km #BMKG Disclaimer:Informasi ini mengutamakan kecepatan sehingga hasil pengolahan data belum stabil dan bisa berubah seiring kelengkapan data https://t.co/QejiUxTFiX","1755056584060031343","https://pbs.twimg.com/tweet_video_thumb/GFs2qVTaMAApe6b.jpg","","in","Indonesia","0","0","1","https://x.com/infoBMKG/status/1755056584060031343","108543358","infoBMKG"
"1755046764934287636","Wed Feb 07 01:52:10 +0000 2024","11","#Gempa Mag:3.3 07-Feb-2024 08:49:51WIB Lok:3.41LS 118.84BT (34 km BaratDaya POLEWALIMANDAR-SULBAR) Kedlmn:13 Km #BMKG Disclaimer:Informasi ini mengutamakan kecepatan sehingga hasil pengolahan data belum stabil dan bisa berubah seiring kelengkapan data https://t.co/I6gUy4RD4N","1755046764934287636","https://pbs.twimg.com/tweet_video_thumb/GFstuzbaAAAba1c.jpg","","in","Indonesia","0","0","2","https://x.com/infoBMKG/status/1755046764934287636","108543358","infoBMKG"
"1755034183863525456","Wed Feb 07 01:02:11 +0000 2024","4","#Gempa Mag:3.9 07-Feb-2024 07:57:49WIB Lok:4.30LS 131.13BT (150 km Tenggara SERAMBAGIANTIMUR-MALUKU) Kedlmn:64 Km #BMKG Disclaimer:Informasi ini mengutamakan kecepatan sehingga hasil pengolahan data belum stabil dan bisa berubah seiring kelengkapan data https://t.co/YFP34gdn7O","1755034183863525456","https://pbs.twimg.com/tweet_video_thumb/GFsiSfZbAAAwDp8.jpg","","in","Indonesia","0","0","1","https://x.com/infoBMKG/status/1755034183863525456","108543358","infoBMKG"
"1755024622238712283","Wed Feb 07 00:24:11 +0000 2024","4","#Gempa Mag:4.2 07-Feb-2024 07:20:36WIB Lok:0.44LS 124.28BT (96 km Tenggara BOLAANGUKI-BOLSEL-SULUT) Kedlmn:10 Km #BMKG Disclaimer:Informasi ini mengutamakan kecepatan sehingga hasil pengolahan data belum stabil dan bisa berubah seiring kelengkapan data https://t.co/q80FdE1Kcj","1755024622238712283","https://pbs.twimg.com/tweet_video_thumb/GFsZl7VbQAAt9UB.jpg","","in","Indonesia","0","1","1","https://x.com/infoBMKG/status/1755024622238712283","108543358","infoBMKG"
"1755022350410821752","Wed Feb 07 00:15:09 +0000 2024","5","#Gempa Mag:4.8 07-Feb-2024 07:09:49WIB Lok:7.73LU 127.02BT (416 km TimurLaut MELONGUANE-SULUT) Kedlmn:13 Km #BMKG Disclaimer:Informasi ini mengutamakan kecepatan sehingga hasil pengolahan data belum stabil dan bisa berubah seiring kelengkapan data https://t.co/QWHpecOBEB","1755022350410821752","https://pbs.twimg.com/tweet_video_thumb/GFsXhrhbIAAyREz.jpg","","in","Indonesia","0","0","1","https://x.com/infoBMKG/status/1755022350410821752","108543358","infoBMKG"
"1755018826759258152","Wed Feb 07 00:01:09 +0000 2024","29","#Gempa Mag:2.7 07-Feb-2024 06:58:09WIB Lok:7.67LS 106.76BT (79 km Tenggara KAB-SUKABUMI-JABAR) Kedlmn:10 Km #BMKG Disclaimer:Informasi ini mengutamakan kecepatan sehingga hasil pengolahan data belum stabil dan bisa berubah seiring kelengkapan data https://t.co/Ek4O9fjSpo","1755018826759258152","https://pbs.twimg.com/tweet_video_thumb/GFsUUkUasAAwq_t.jpg","","in","Indonesia","0","0","5","https://x.com/infoBMKG/status/1755018826759258152","108543358","infoBMKG"
"1755012537270354020","Tue Feb 06 23:36:10 +0000 2024","19","#Gempa Mag:2.6 07-Feb-2024 06:33:16WIB Lok:8.39LS 121.56BT (42 km TimurLaut MBAY-NAGEKEO-NTT) Kedlmn:10 Km #BMKG Disclaimer:Informasi ini mengutamakan kecepatan sehingga hasil pengolahan data belum stabil dan bisa berubah seiring kelengkapan data https://t.co/eDqY5Xpiii","1755012537270354020","https://pbs.twimg.com/tweet_video_thumb/GFsOmf9bUAAqAPt.jpg","","in","Indonesia","1","0","2","https://x.com/infoBMKG/status/1755012537270354020","108543358","infoBMKG"
"1755008765248835802","Tue Feb 06 23:21:10 +0000 2024","6","#Gempa Mag:3.4 07-Feb-2024 06:17:57WIB Lok:1.66LU 127.06BT (68 km BaratLaut HALMAHERABARAT-MALUT) Kedlmn:106 Km #BMKG Disclaimer:Informasi ini mengutamakan kecepatan sehingga hasil pengolahan data belum stabil dan bisa berubah seiring kelengkapan data https://t.co/1h0KmXdHJw","1755008765248835802","https://pbs.twimg.com/tweet_video_thumb/GFsLK7wbYAAAx5T.jpg","","in","Indonesia","0","0","3","https://x.com/infoBMKG/status/1755008765248835802","108543358","infoBMKG"
"1754983348592951805","Tue Feb 06 21:40:10 +0000 2024","9","#Gempa Mag:3.3 07-Feb-2024 04:34:42WIB Lok:0.00LS 124.72BT (85 km Tenggara TUTUYAN-BOLTIM-SULUT) Kedlmn:86 Km #BMKG Disclaimer:Informasi ini mengutamakan kecepatan sehingga hasil pengolahan data belum stabil dan bisa berubah seiring kelengkapan data https://t.co/VWnsCvsi6A","1754983348592951805","https://pbs.twimg.com/tweet_video_thumb/GFr0Df8aIAA_7JO.jpg","","in","Indonesia","0","0","1","https://x.com/infoBMKG/status/1754983348592951805","108543358","infoBMKG"
"1754973276391219535","Tue Feb 06 21:00:09 +0000 2024","5","#Gempa Mag:2.0 07-Feb-2024 03:56:59WIB Lok:2.87LU 97.88BT (28 km BaratLaut KOTA-SUBULUSSALAM-ACEH) Kedlmn:57 Km #BMKG Disclaimer:Informasi ini mengutamakan kecepatan sehingga hasil pengolahan data belum stabil dan bisa berubah seiring kelengkapan data https://t.co/pT8IrY0NEg","1754973276391219535","https://pbs.twimg.com/tweet_video_thumb/GFrq5NlbgAAeIcc.jpg","","in","Indonesia","0","0","3","https://x.com/infoBMKG/status/1754973276391219535","108543358","infoBMKG"
"1754953149285294504","Tue Feb 06 19:40:10 +0000 2024","5","#Gempa Mag:2.9 07-Feb-2024 02:36:42WIB Lok:9.60LS 119.53BT (7 km BaratLaut WAIBAKUL-NTT) Kedlmn:21 Km #BMKG Disclaimer:Informasi ini mengutamakan kecepatan sehingga hasil pengolahan data belum stabil dan bisa berubah seiring kelengkapan data https://t.co/BxucfVK3bB","1754953149285294504","https://pbs.twimg.com/tweet_video_thumb/GFrYlpvaAAAlD2n.jpg","","in","Indonesia","0","0","2","https://x.com/infoBMKG/status/1754953149285294504","108543358","infoBMKG"
"1754919928497635438","Tue Feb 06 17:28:10 +0000 2024","10","#Gempa Mag:2.8 07-Feb-2024 00:25:10WIB Lok:0.73LU 98.45BT (72 km TimurLaut NIASSELATAN-SUMUT) Kedlmn:22 Km #BMKG Disclaimer:Informasi ini mengutamakan kecepatan sehingga hasil pengolahan data belum stabil dan bisa berubah seiring kelengkapan data https://t.co/eRnisPgtPN","1754919928497635438","https://pbs.twimg.com/tweet_video_thumb/GFq6X7vaIAAOHNC.jpg","","in","Indonesia","0","0","1","https://x.com/infoBMKG/status/1754919928497635438","108543358","infoBMKG"
"1754907088990699955","Tue Feb 06 16:37:09 +0000 2024","23","#Gempa Mag:2.6 06-Feb-2024 23:33:28WIB Lok:7.54LS 106.22BT (67 km BaratDaya BAYAH-BANTEN) Kedlmn:28 Km #BMKG Disclaimer:Informasi ini mengutamakan kecepatan sehingga hasil pengolahan data belum stabil dan bisa berubah seiring kelengkapan data https://t.co/1q5bxr5Tvt","1754907088990699955","https://pbs.twimg.com/tweet_video_thumb/GFqusmDbAAIEQ3m.jpg","","in","Indonesia","0","0","9","https://x.com/infoBMKG/status/1754907088990699955","108543358","infoBMKG"
"1754895515547058640","Tue Feb 06 15:51:09 +0000 2024","14","#Gempa Mag:3.6 06-Feb-2024 22:47:13WIB Lok:9.40LS 117.97BT (110 km BaratDaya DOMPU-NTB) Kedlmn:179 Km #BMKG Disclaimer:Informasi ini mengutamakan kecepatan sehingga hasil pengolahan data belum stabil dan bisa berubah seiring kelengkapan data https://t.co/NBF8Tg9wuP","1754895515547058640","https://pbs.twimg.com/tweet_video_thumb/GFqkK6zbQAALC9V.jpg","","in","Indonesia","0","0","1","https://x.com/infoBMKG/status/1754895515547058640","108543358","infoBMKG"
"1754885955042058426","Tue Feb 06 15:13:10 +0000 2024","10","#Gempa Mag:3.2 06-Feb-2024 22:09:51WIB Lok:5.06LU 125.43BT (161 km BaratLaut TAHUNA-KEP.SANGIHE-SULUT) Kedlmn:180 Km #BMKG Disclaimer:Informasi ini mengutamakan kecepatan sehingga hasil pengolahan data belum stabil dan bisa berubah seiring kelengkapan data https://t.co/qvmefTsnWo","1754885955042058426","https://pbs.twimg.com/tweet_video_thumb/GFqbedHacAAYWCc.jpg","","in","Indonesia","0","1","3","https://x.com/infoBMKG/status/1754885955042058426","108543358","infoBMKG"
"1754878662803894494","Tue Feb 06 14:44:11 +0000 2024","54","#Gempa Mag:5.2 06-Feb-2024 21:38:02WIB Lok:8.64LU 126.41BT (516 km BaratLaut MELONGUANE-SULUT) Kedlmn:54 Km #BMKG Disclaimer:Informasi ini mengutamakan kecepatan sehingga hasil pengolahan data belum stabil dan bisa berubah seiring kelengkapan data https://t.co/U00KVGEMg2","1754878662803894494","https://pbs.twimg.com/tweet_video_thumb/GFqU16bXcAAk5IC.jpg","","in","Indonesia","0","1","6","https://x.com/infoBMKG/status/1754878662803894494","108543358","infoBMKG"
"1754858017299058859","Tue Feb 06 13:22:09 +0000 2024","13","#Gempa Mag:3.1 06-Feb-2024 20:18:02WIB Lok:2.28LS 140.76BT (118 km BaratLaut KEEROM-PAPUA) Kedlmn:10 Km #BMKG Disclaimer:Informasi ini mengutamakan kecepatan sehingga hasil pengolahan data belum stabil dan bisa berubah seiring kelengkapan data https://t.co/zuy3E1Daf2","1754858017299058859","https://pbs.twimg.com/tweet_video_thumb/GFqCEPkbAAAqT15.jpg","","in","Indonesia","0","0","3","https://x.com/infoBMKG/status/1754858017299058859","108543358","infoBMKG"
"1754809199094317543","Tue Feb 06 10:08:10 +0000 2024","6","#Gempa Mag:2.7 06-Feb-2024 17:03:55WIB Lok:8.41LS 122.41BT (32 km TimurLaut MAUMERE-SIKKA-NTT) Kedlmn:94 Km #BMKG Disclaimer:Informasi ini mengutamakan kecepatan sehingga hasil pengolahan data belum stabil dan bisa berubah seiring kelengkapan data https://t.co/8eED525KCJ","1754809199094317543","https://pbs.twimg.com/tweet_video_thumb/GFpVqngasAAT9gS.jpg","","in","Indonesia","0","0","4","https://x.com/infoBMKG/status/1754809199094317543","108543358","infoBMKG"
"1754763647904272504","Tue Feb 06 07:07:10 +0000 2024","14","#Gempa Mag:2.8 06-Feb-2024 14:03:56WIB Lok:7.94LS 118.69BT (56 km BaratLaut BIMA-NTB) Kedlmn:25 Km #BMKG Disclaimer:Informasi ini mengutamakan kecepatan sehingga hasil pengolahan data belum stabil dan bisa berubah seiring kelengkapan data https://t.co/WkFKJ7auPd","1754763647904272504","https://pbs.twimg.com/tweet_video_thumb/GFosPPZagAAX8Rk.jpg","","in","Indonesia","0","0","3","https://x.com/infoBMKG/status/1754763647904272504","108543358","infoBMKG"
"1754763145246339232","Tue Feb 06 07:05:10 +0000 2024","8","#Gempa Mag:3.8 06-Feb-2024 14:00:47WIB Lok:3.81LU 126.80BT (25 km Tenggara MELONGUANE-SULUT) Kedlmn:18 Km #BMKG Disclaimer:Informasi ini mengutamakan kecepatan sehingga hasil pengolahan data belum stabil dan bisa berubah seiring kelengkapan data https://t.co/KwyvXm6oUm","1754763145246339232","https://pbs.twimg.com/tweet_video_thumb/GForx-MakAACcLh.jpg","","in","Indonesia","0","0","2","https://x.com/infoBMKG/status/1754763145246339232","108543358","infoBMKG"
"1754389686272118982","Mon Feb 05 06:21:10 +0000 2024","5","#Gempa Mag:2.8 05-Feb-2024 13:15:55WIB Lok:8.53LS 118.40BT (7 km BaratLaut DOMPU-NTB) Kedlmn:110 Km #BMKG Disclaimer:Informasi ini mengutamakan kecepatan sehingga hasil pengolahan data belum stabil dan bisa berubah seiring kelengkapan data https://t.co/q7Z9wfUh4p","1754389686272118982","https://pbs.twimg.com/tweet_video_thumb/GFjYHmTbUAA-SCS.jpg","","in","Indonesia","0","1","1","https://x.com/infoBMKG/status/1754389686272118982","108543358","infoBMKG"
"1754354692258414917","Mon Feb 05 04:02:07 +0000 2024","48","#Gempa Mag:5.2 05-Feb-2024 10:56:41WIB Lok:10.44LS 91.18BT (1320 km BaratDaya KEP-MENTAWAI-SUMBAR) Kedlmn:15 Km #BMKG Disclaimer:Informasi ini mengutamakan kecepatan sehingga hasil pengolahan data belum stabil dan bisa berubah seiring kelengkapan data https://t.co/NIwaS6z0ap","1754354692258414917","https://pbs.twimg.com/tweet_video_thumb/GFi4S58b0AAdh8P.jpg","","in","Indonesia","2","1","18","https://x.com/infoBMKG/status/1754354692258414917","108543358","infoBMKG"
"1754320725987774833","Mon Feb 05 01:47:09 +0000 2024","10","#Gempa Mag:3.6 05-Feb-2024 08:44:18WIB Lok:1.33LU 123.97BT (50 km BaratLaut LOLAK-BOLMONG-SULUT) Kedlmn:10 Km #BMKG Disclaimer:Informasi ini mengutamakan kecepatan sehingga hasil pengolahan data belum stabil dan bisa berubah seiring kelengkapan data https://t.co/D2u5ldwAue","1754320725987774833","https://pbs.twimg.com/tweet_video_thumb/GFiZZ13asAABpOO.jpg","","in","Indonesia","0","0","3","https://x.com/infoBMKG/status/1754320725987774833","108543358","infoBMKG"
"1754315943420022926","Mon Feb 05 01:28:09 +0000 2024","139","#Gempa Mag:2.9 05-Feb-2024 08:25:24WIB Lok:6.78LS 107.09BT (7 km BaratLaut KAB-CIANJUR-JABAR) Kedlmn:10 Km #BMKG Disclaimer:Informasi ini mengutamakan kecepatan sehingga hasil pengolahan data belum stabil dan bisa berubah seiring kelengkapan data https://t.co/CP3HzGr1vF","1754315943420022926","https://pbs.twimg.com/tweet_video_thumb/GFiVDczbIAAvH2R.jpg","","in","Indonesia","40","36","34","https://x.com/infoBMKG/status/1754315943420022926","108543358","infoBMKG"
"1754307640702980563","Mon Feb 05 00:55:09 +0000 2024","633","#Gempa Mag:5.7 05-Feb-2024 07:52:22WIB Lok:2.14LS 100.39BT (89 km Tenggara TUAPEJAT-SUMBAR) Kedlmn:18 Km #BMKG Disclaimer:Informasi ini mengutamakan kecepatan sehingga hasil pengolahan data belum stabil dan bisa berubah seiring kelengkapan data https://t.co/Uv3LIUzZw4","1754307640702980563","https://pbs.twimg.com/tweet_video_thumb/GFiNgK1bAAA-qgD.jpg","","in","Indonesia","132","100","234","https://x.com/infoBMKG/status/1754307640702980563","108543358","infoBMKG"
"1754307640090673446","Mon Feb 05 00:55:09 +0000 2024","195","#Gempa Mag:5.7 05-Feb-24 07:52:22 WIB Lok:2.14 LS 100.41 BT (89 km BaratDaya PESISIRSELATAN-SUMBAR) Kedlmn:16 Km tdk berpotensi tsunami #BMKG https://t.co/T7AfyiJkuf","1754307640090673446","https://pbs.twimg.com/tweet_video_thumb/GFiNgG5aUAEz3Pl.jpg","","in","Indonesia","54","35","98","https://x.com/infoBMKG/status/1754307640090673446","108543358","infoBMKG"
"1754295060487872811","Mon Feb 05 00:05:10 +0000 2024","20","#Gempa Mag:3.8 05-Feb-2024 07:01:05WIB Lok:8.31LS 121.49BT (45 km TimurLaut MBAY-NAGEKEO-NTT) Kedlmn:10 Km #BMKG Disclaimer:Informasi ini mengutamakan kecepatan sehingga hasil pengolahan data belum stabil dan bisa berubah seiring kelengkapan data https://t.co/vlVibS9Pgc","1754295060487872811","https://pbs.twimg.com/tweet_video_thumb/GFiCD6UbsAASHMi.jpg","","in","Indonesia","0","4","4","https://x.com/infoBMKG/status/1754295060487872811","108543358","infoBMKG"
"1754275924001107984","Sun Feb 04 22:49:07 +0000 2024","15","#Gempa Mag:4.5 05-Feb-2024 05:43:11WIB Lok:12.12LU 93.41BT (723 km BaratLaut KOTA-SABANG-ACEH) Kedlmn:74 Km #BMKG Disclaimer:Informasi ini mengutamakan kecepatan sehingga hasil pengolahan data belum stabil dan bisa berubah seiring kelengkapan data https://t.co/7ziW5mzYNL","1754275924001107984","https://pbs.twimg.com/tweet_video_thumb/GFhwqBKaYAACTwG.jpg","","in","Indonesia","0","0","4","https://x.com/infoBMKG/status/1754275924001107984","108543358","infoBMKG"
"1754265107721580851","Sun Feb 04 22:06:09 +0000 2024","14","#Gempa Mag:2.3 05-Feb-2024 05:03:47WIB Lok:8.06LS 113.08BT (18 km BaratLaut LUMAJANG-JATIM) Kedlmn:10 Km #BMKG Disclaimer:Informasi ini mengutamakan kecepatan sehingga hasil pengolahan data belum stabil dan bisa berubah seiring kelengkapan data https://t.co/WpAySZxJay","1754265107721580851","https://pbs.twimg.com/tweet_video_thumb/GFhm0Z2aoAAC86k.jpg","","in","Indonesia","0","0","7","https://x.com/infoBMKG/status/1754265107721580851","108543358","infoBMKG"
"1754245233053716515","Sun Feb 04 20:47:10 +0000 2024","4","#Gempa Mag:2.9 05-Feb-2024 03:42:52WIB Lok:0.79LS 121.93BT (55 km TimurLaut TOJOUNA-UNA-SULTENG) Kedlmn:10 Km #BMKG Disclaimer:Informasi ini mengutamakan kecepatan sehingga hasil pengolahan data belum stabil dan bisa berubah seiring kelengkapan data https://t.co/KsFF3uqzWe","1754245233053716515","https://pbs.twimg.com/tweet_video_thumb/GFhUvgIaoAAolZ4.jpg","","in","Indonesia","0","0","2","https://x.com/infoBMKG/status/1754245233053716515","108543358","infoBMKG"
"1754242961070870901","Sun Feb 04 20:38:08 +0000 2024","10","#Gempa Mag:3.2 05-Feb-2024 03:33:58WIB Lok:2.23LS 99.35BT (33 km BaratDaya KEP-MENTAWAI-SUMBAR) Kedlmn:20 Km #BMKG Disclaimer:Informasi ini mengutamakan kecepatan sehingga hasil pengolahan data belum stabil dan bisa berubah seiring kelengkapan data https://t.co/d2tgx5Dh9l","1754242961070870901","https://pbs.twimg.com/tweet_video_thumb/GFhSrUKaAAAhSaE.jpg","","in","Indonesia","0","0","4","https://x.com/infoBMKG/status/1754242961070870901","108543358","infoBMKG"
"1754217795464962214","Sun Feb 04 18:58:08 +0000 2024","18","#Gempa Mag:3.2 05-Feb-2024 01:55:29WIB Lok:7.91LS 106.86BT (108 km Tenggara KAB-SUKABUMI-JABAR) Kedlmn:10 Km #BMKG Disclaimer:Informasi ini mengutamakan kecepatan sehingga hasil pengolahan data belum stabil dan bisa berubah seiring kelengkapan data https://t.co/OYcj9yVMQv","1754217795464962214","https://pbs.twimg.com/tweet_video_thumb/GFg7yfHbcAAUJZC.jpg","","in","Indonesia","1","0","8","https://x.com/infoBMKG/status/1754217795464962214","108543358","infoBMKG"
"1754215531572531700","Sun Feb 04 18:49:09 +0000 2024","17","#Gempa Mag:3.4 05-Feb-2024 01:44:04WIB Lok:9.82LS 113.93BT (179 km BaratDaya JEMBRANA-BALI) Kedlmn:10 Km #BMKG Disclaimer:Informasi ini mengutamakan kecepatan sehingga hasil pengolahan data belum stabil dan bisa berubah seiring kelengkapan data https://t.co/hILhFziFgm","1754215531572531700","https://pbs.twimg.com/tweet_video_thumb/GFg5uumboAAG4Pk.jpg","","in","Indonesia","0","0","5","https://x.com/infoBMKG/status/1754215531572531700","108543358","infoBMKG"
"1754213264878346365","Sun Feb 04 18:40:08 +0000 2024","17","#Gempa Mag:2.6 05-Feb-2024 01:36:13WIB Lok:7.96LS 106.82BT (112 km Tenggara KAB-SUKABUMI-JABAR) Kedlmn:21 Km #BMKG Disclaimer:Informasi ini mengutamakan kecepatan sehingga hasil pengolahan data belum stabil dan bisa berubah seiring kelengkapan data https://t.co/5EjMW6ijS3","1754213264878346365","https://pbs.twimg.com/tweet_video_thumb/GFg3qw5bQAAkwHa.jpg","","in","Indonesia","0","1","1","https://x.com/infoBMKG/status/1754213264878346365","108543358","infoBMKG"
"1754195397755679110","Sun Feb 04 17:29:08 +0000 2024","16","#Gempa Mag:2.3 05-Feb-2024 00:22:51WIB Lok:7.25LS 107.64BT (28 km BaratDaya KAB-GARUT-JABAR) Kedlmn:10 Km #BMKG Disclaimer:Informasi ini mengutamakan kecepatan sehingga hasil pengolahan data belum stabil dan bisa berubah seiring kelengkapan data https://t.co/XNrBCyxJrH","1754195397755679110","https://pbs.twimg.com/tweet_video_thumb/GFgnawZbIAAFCaI.jpg","","in","Indonesia","1","1","5","https://x.com/infoBMKG/status/1754195397755679110","108543358","infoBMKG"
"1754190366994207030","Sun Feb 04 17:09:09 +0000 2024","11","#Gempa Mag:3.9 05-Feb-2024 00:06:28WIB Lok:8.98LS 124.11BT (75 km BaratLaut TIMORTENGAHUT-NTT) Kedlmn:60 Km #BMKG Disclaimer:Informasi ini mengutamakan kecepatan sehingga hasil pengolahan data belum stabil dan bisa berubah seiring kelengkapan data https://t.co/hwkTUPeKo7","1754190366994207030","https://pbs.twimg.com/tweet_video_thumb/GFgi17JboAAMH-H.jpg","","in","Indonesia","1","0","1","https://x.com/infoBMKG/status/1754190366994207030","108543358","infoBMKG"
"1754187600397848917","Sun Feb 04 16:58:09 +0000 2024","8","#Gempa Mag:1.9 04-Feb-2024 23:52:36WIB Lok:9.88LS 120.50BT (36 km Tenggara WAINGAPU-NTT) Kedlmn:24 Km #BMKG Disclaimer:Informasi ini mengutamakan kecepatan sehingga hasil pengolahan data belum stabil dan bisa berubah seiring kelengkapan data https://t.co/iYGjtaYZKp","1754187600397848917","https://pbs.twimg.com/tweet_video_thumb/GFggU5haYAAFWS9.jpg","","in","Indonesia","0","0","4","https://x.com/infoBMKG/status/1754187600397848917","108543358","infoBMKG"
"1754181810907648236","Sun Feb 04 16:35:09 +0000 2024","49","#Gempa Mag:4.7 04-Feb-2024 23:32:27WIB Lok:1.91LU 98.89BT (14 km BaratDaya TAPANULIUTARA-SUMUT) Kedlmn:106 Km #BMKG Disclaimer:Informasi ini mengutamakan kecepatan sehingga hasil pengolahan data belum stabil dan bisa berubah seiring kelengkapan data https://t.co/lmHe9tY9z5","1754181810907648236","https://pbs.twimg.com/tweet_video_thumb/GFgbD6YbUAAWfEg.jpg","","in","Indonesia","4","14","13","https://x.com/infoBMKG/status/1754181810907648236","108543358","infoBMKG"
"1754170990777753699","Sun Feb 04 15:52:09 +0000 2024","19","#Gempa Mag:4.3 04-Feb-2024 22:45:38WIB Lok:6.89LS 125.23BT (173 km TimurLaut ALOR-NTT) Kedlmn:584 Km #BMKG Disclaimer:Informasi ini mengutamakan kecepatan sehingga hasil pengolahan data belum stabil dan bisa berubah seiring kelengkapan data https://t.co/F2zp12jATI","1754170990777753699","https://pbs.twimg.com/tweet_video_thumb/GFgROGmacAA98ZJ.jpg","","in","Indonesia","0","0","3","https://x.com/infoBMKG/status/1754170990777753699","108543358","infoBMKG"
"1754170480599371782","Sun Feb 04 15:50:08 +0000 2024","14","#Gempa Mag:2.9 04-Feb-2024 22:43:23WIB Lok:2.26LS 140.10BT (85 km TimurLaut KAB-JAYAPURA-PAPUA) Kedlmn:10 Km #BMKG Disclaimer:Informasi ini mengutamakan kecepatan sehingga hasil pengolahan data belum stabil dan bisa berubah seiring kelengkapan data https://t.co/bYThoZKibC","1754170480599371782","https://pbs.twimg.com/tweet_video_thumb/GFgQwa9bwAAsSVQ.jpg","","in","Indonesia","0","0","3","https://x.com/infoBMKG/status/1754170480599371782","108543358","infoBMKG"
"1754170237296247049","Sun Feb 04 15:49:10 +0000 2024","9","#Gempa Mag:4.3 04-Feb-2024 22:45:38WIB Lok:6.89LS 125.23BT (173 km TimurLaut ALOR-NTT) Kedlmn:584 Km #BMKG Disclaimer:Informasi ini mengutamakan kecepatan sehingga hasil pengolahan data belum stabil dan bisa berubah seiring kelengkapan data https://t.co/DRyXLTSofV","1754170237296247049","https://pbs.twimg.com/tweet_video_thumb/GFgQiNqb0AAEJCd.jpg","","in","Indonesia","0","0","4","https://x.com/infoBMKG/status/1754170237296247049","108543358","infoBMKG"
"1754169978159497253","Sun Feb 04 15:48:08 +0000 2024","13","#Gempa Mag:2.9 04-Feb-2024 22:43:23WIB Lok:2.26LS 140.10BT (85 km TimurLaut KAB-JAYAPURA-PAPUA) Kedlmn:10 Km #BMKG Disclaimer:Informasi ini mengutamakan kecepatan sehingga hasil pengolahan data belum stabil dan bisa berubah seiring kelengkapan data https://t.co/cNBNEvMnfz","1754169978159497253","https://pbs.twimg.com/tweet_video_thumb/GFgQTJ0bUAApL70.jpg","","in","Indonesia","0","1","4","https://x.com/infoBMKG/status/1754169978159497253","108543358","infoBMKG"
"1754099517375627457","Sun Feb 04 11:08:09 +0000 2024","25","#Gempa Mag:3.8 04-Feb-2024 18:05:27WIB Lok:8.99LS 124.86BT (18 km BaratLaut BELU-NTT) Kedlmn:10 Km #BMKG Disclaimer:Informasi ini mengutamakan kecepatan sehingga hasil pengolahan data belum stabil dan bisa berubah seiring kelengkapan data https://t.co/nsT4z2ggUl","1754099517375627457","https://pbs.twimg.com/tweet_video_thumb/GFfQNzhagAEBOvd.jpg","","in","Indonesia","1","3","6","https://x.com/infoBMKG/status/1754099517375627457","108543358","infoBMKG"
"1754080139326136380","Sun Feb 04 09:51:09 +0000 2024","33","#Gempa Mag:3.6 04-Feb-2024 16:45:44WIB Lok:9.62LS 112.88BT (168 km Tenggara KAB-MALANG-JATIM) Kedlmn:10 Km #BMKG Disclaimer:Informasi ini mengutamakan kecepatan sehingga hasil pengolahan data belum stabil dan bisa berubah seiring kelengkapan data https://t.co/OL1odTksTu","1754080139326136380","https://pbs.twimg.com/tweet_video_thumb/GFe-l1ma0AAZdto.jpg","","in","Indonesia","1","0","7","https://x.com/infoBMKG/status/1754080139326136380","108543358","infoBMKG"
"1754077882543116764","Sun Feb 04 09:42:11 +0000 2024","7","#Gempa Mag:2.9 04-Feb-2024 16:36:18WIB Lok:2.77LS 128.96BT (58 km TimurLaut MALUKUTENGAH) Kedlmn:10 Km #BMKG Disclaimer:Informasi ini mengutamakan kecepatan sehingga hasil pengolahan data belum stabil dan bisa berubah seiring kelengkapan data https://t.co/8AUPFiLiks","1754077882543116764","https://pbs.twimg.com/tweet_video_thumb/GFe8ie3bsAAWh0w.jpg","","in","Indonesia","0","0","1","https://x.com/infoBMKG/status/1754077882543116764","108543358","infoBMKG"
"1754046166793437514","Sun Feb 04 07:36:09 +0000 2024","9","#Gempa Mag:3.7 04-Feb-2024 14:32:52WIB Lok:1.34LU 97.21BT (19 km BaratDaya NIASUTARA-SUMUT) Kedlmn:17 Km #BMKG Disclaimer:Informasi ini mengutamakan kecepatan sehingga hasil pengolahan data belum stabil dan bisa berubah seiring kelengkapan data https://t.co/2cDQDz3wjv","1754046166793437514","https://pbs.twimg.com/tweet_video_thumb/GFefsXha4AAWNS6.jpg","","in","Indonesia","0","0","4","https://x.com/infoBMKG/status/1754046166793437514","108543358","infoBMKG"
"1754016470642868367","Sun Feb 04 05:38:09 +0000 2024","20","#Gempa Mag:4.8 04-Feb-2024 12:32:24WIB Lok:7.81LS 127.65BT (41 km BaratLaut MALUKUBRTDAYA) Kedlmn:163 Km #BMKG Disclaimer:Informasi ini mengutamakan kecepatan sehingga hasil pengolahan data belum stabil dan bisa berubah seiring kelengkapan data https://t.co/1MhyWmYvml","1754016470642868367","https://pbs.twimg.com/tweet_video_thumb/GFeEr0VbwAA3_VC.jpg","","in","Indonesia","1","0","6","https://x.com/infoBMKG/status/1754016470642868367","108543358","infoBMKG"
"1754003639239344190","Sun Feb 04 04:47:10 +0000 2024","11","#Gempa Mag:3.9 04-Feb-2024 11:41:57WIB Lok:0.68LS 133.35BT (61 km BaratLaut PEGUNUNGANARFAK-PAPUABRT) Kedlmn:10 Km #BMKG Disclaimer:Informasi ini mengutamakan kecepatan sehingga hasil pengolahan data belum stabil dan bisa berubah seiring kelengkapan data https://t.co/5ArfQDg2Bd","1754003639239344190","https://pbs.twimg.com/tweet_video_thumb/GFd5A9YasAAbpTz.jpg","","in","Indonesia","0","0","4","https://x.com/infoBMKG/status/1754003639239344190","108543358","infoBMKG"
"1753991812392587337","Sun Feb 04 04:00:10 +0000 2024","19","#Gempa Mag:3.1 04-Feb-2024 10:56:03WIB Lok:9.60LS 117.79BT (130 km Tenggara SUMBAWA-NTB) Kedlmn:13 Km #BMKG Disclaimer:Informasi ini mengutamakan kecepatan sehingga hasil pengolahan data belum stabil dan bisa berubah seiring kelengkapan data https://t.co/yjFoIuGus1","1753991812392587337","https://pbs.twimg.com/tweet_video_thumb/GFduQhSaUAABB7o.jpg","","in","Indonesia","0","0","4","https://x.com/infoBMKG/status/1753991812392587337","108543358","infoBMKG"
"1753989048522387925","Sun Feb 04 03:49:11 +0000 2024","12","#Gempa Mag:3.8 04-Feb-2024 10:44:05WIB Lok:0.37LS 124.46BT (98 km Tenggara BOLAANGUKI-BOLSEL-SULUT) Kedlmn:20 Km #BMKG Disclaimer:Informasi ini mengutamakan kecepatan sehingga hasil pengolahan data belum stabil dan bisa berubah seiring kelengkapan data https://t.co/HFOXha6yVe","1753989048522387925","https://pbs.twimg.com/tweet_video_thumb/GFdrvo6aEAAbsTo.jpg","","in","Indonesia","0","0","2","https://x.com/infoBMKG/status/1753989048522387925","108543358","infoBMKG"
"1753966140093800489","Sun Feb 04 02:18:09 +0000 2024","14","#Gempa Mag:3.6 04-Feb-2024 09:14:17WIB Lok:7.86LS 117.78BT (80 km TimurLaut SUMBAWA-NTB) Kedlmn:23 Km #BMKG Disclaimer:Informasi ini mengutamakan kecepatan sehingga hasil pengolahan data belum stabil dan bisa berubah seiring kelengkapan data https://t.co/9qHr8Upzx8","1753966140093800489","https://pbs.twimg.com/tweet_video_thumb/GFdW6OVbAAAX05m.jpg","","in","Indonesia","0","1","5","https://x.com/infoBMKG/status/1753966140093800489","108543358","infoBMKG"
"1753940221576818792","Sun Feb 04 00:35:10 +0000 2024","5","#Gempa Mag:2.9 04-Feb-2024 07:32:16WIB Lok:8.34LS 119.59BT (37 km BaratLaut LABUANBAJO-NTT) Kedlmn:153 Km #BMKG Disclaimer:Informasi ini mengutamakan kecepatan sehingga hasil pengolahan data belum stabil dan bisa berubah seiring kelengkapan data https://t.co/DwSwqYVBZ6","1753940221576818792","https://pbs.twimg.com/tweet_video_thumb/GFc_VjTacAAjVtk.jpg","","in","Indonesia","0","0","6","https://x.com/infoBMKG/status/1753940221576818792","108543358","infoBMKG"
"1753882093573325200","Sat Feb 03 20:44:11 +0000 2024","14","#Gempa Mag:4.8 04-Feb-2024 03:41:05WIB Lok:0.44LS 124.30BT (97 km Tenggara BOLAANGUKI-BOLSEL-SULUT) Kedlmn:10 Km #BMKG Disclaimer:Informasi ini mengutamakan kecepatan sehingga hasil pengolahan data belum stabil dan bisa berubah seiring kelengkapan data https://t.co/qb3b6kcvfB","1753882093573325200","https://pbs.twimg.com/tweet_video_thumb/GFcKeEFa0AA6LiO.jpg","","in","Indonesia","0","0","2","https://x.com/infoBMKG/status/1753882093573325200","108543358","infoBMKG"
"1753863207427665995","Sat Feb 03 19:29:08 +0000 2024","21","#Gempa Mag:2.2 04-Feb-2024 02:25:12WIB Lok:7.16LS 109.79BT (26 km BaratLaut WONOSOBO-JATENG) Kedlmn:26 Km #BMKG Disclaimer:Informasi ini mengutamakan kecepatan sehingga hasil pengolahan data belum stabil dan bisa berubah seiring kelengkapan data https://t.co/LUTBzX4oMr","1753863207427665995","https://pbs.twimg.com/tweet_video_thumb/GFb5SvaaEAAYlru.jpg","","in","Indonesia","0","0","5","https://x.com/infoBMKG/status/1753863207427665995","108543358","infoBMKG"
"1753857423847366800","Sat Feb 03 19:06:09 +0000 2024","5","#Gempa Mag:3.3 04-Feb-2024 02:02:41WIB Lok:2.57LS 139.36BT (20 km Tenggara SARMI-PAPUA) Kedlmn:17 Km #BMKG Disclaimer:Informasi ini mengutamakan kecepatan sehingga hasil pengolahan data belum stabil dan bisa berubah seiring kelengkapan data https://t.co/hhtdlr0CuC","1753857423847366800","https://pbs.twimg.com/tweet_video_thumb/GFb0CFDaMAArN0r.jpg","","in","Indonesia","0","0","1","https://x.com/infoBMKG/status/1753857423847366800","108543358","infoBMKG"
"1753853397420396566","Sat Feb 03 18:50:09 +0000 2024","15","#Gempa Mag:4.5 04-Feb-2024 01:43:52WIB Lok:6.43LU 125.80BT (287 km BaratLaut MELONGUANE-SULUT) Kedlmn:10 Km #BMKG Disclaimer:Informasi ini mengutamakan kecepatan sehingga hasil pengolahan data belum stabil dan bisa berubah seiring kelengkapan data https://t.co/12QTSR4JfQ","1753853397420396566","https://pbs.twimg.com/tweet_video_thumb/GFbwXuobAAAbZbM.jpg","","in","Indonesia","0","0","4","https://x.com/infoBMKG/status/1753853397420396566","108543358","infoBMKG"
"1753829486498545998","Sat Feb 03 17:15:08 +0000 2024","54","#Gempa Mag:4.6 04-Feb-2024 00:12:50WIB Lok:4.51LU 94.33BT (139 km BaratDaya CALANG-ACEHJAYA) Kedlmn:10 Km #BMKG Disclaimer:Informasi ini mengutamakan kecepatan sehingga hasil pengolahan data belum stabil dan bisa berubah seiring kelengkapan data https://t.co/TRDzzCIW1G","1753829486498545998","https://pbs.twimg.com/tweet_video_thumb/GFban5masAAvv6K.jpg","","in","Indonesia","0","1","6","https://x.com/infoBMKG/status/1753829486498545998","108543358","infoBMKG"
"1753794756315074642","Sat Feb 03 14:57:08 +0000 2024","13","#Gempa Mag:3.4 03-Feb-2024 21:53:34WIB Lok:7.54LS 106.05BT (71 km BaratDaya BAYAH-BANTEN) Kedlmn:18 Km #BMKG Disclaimer:Informasi ini mengutamakan kecepatan sehingga hasil pengolahan data belum stabil dan bisa berubah seiring kelengkapan data https://t.co/pQyuJ2Scjf","1753794756315074642","https://pbs.twimg.com/tweet_video_thumb/GFa7CYXaMAA5luS.jpg","","in","Indonesia","0","0","8","https://x.com/infoBMKG/status/1753794756315074642","108543358","infoBMKG"
"1753792490535346374","Sat Feb 03 14:48:08 +0000 2024","18","#Gempa Mag:3.1 03-Feb-2024 21:44:49WIB Lok:7.57LS 105.97BT (77 km BaratDaya BAYAH-BANTEN) Kedlmn:10 Km #BMKG Disclaimer:Informasi ini mengutamakan kecepatan sehingga hasil pengolahan data belum stabil dan bisa berubah seiring kelengkapan data https://t.co/td9d2BTYtN","1753792490535346374","https://pbs.twimg.com/tweet_video_thumb/GFa4-ebbAAEtHat.jpg","","in","Indonesia","1","0","2","https://x.com/infoBMKG/status/1753792490535346374","108543358","infoBMKG"
"1753788977973453036","Sat Feb 03 14:34:10 +0000 2024","52","#Gempa Mag:2.5 03-Feb-2024 21:30:11WIB Lok:0.24LS 100.46BT (12 km TimurLaut BUKITTINGGI-SUMBAR) Kedlmn:10 Km #BMKG Disclaimer:Informasi ini mengutamakan kecepatan sehingga hasil pengolahan data belum stabil dan bisa berubah seiring kelengkapan data https://t.co/lXtjco0u78","1753788977973453036","https://pbs.twimg.com/tweet_video_thumb/GFa1yAhaoAA49Su.jpg","","in","Indonesia","5","0","12","https://x.com/infoBMKG/status/1753788977973453036","108543358","infoBMKG"
"1753786706791469394","Sat Feb 03 14:25:09 +0000 2024","5","#Gempa Mag:3.8 03-Feb-2024 21:21:48WIB Lok:7.65LS 128.29BT (78 km TimurLaut MALUKUBRTDAYA) Kedlmn:140 Km #BMKG Disclaimer:Informasi ini mengutamakan kecepatan sehingga hasil pengolahan data belum stabil dan bisa berubah seiring kelengkapan data https://t.co/jy9DF9THB3","1753786706791469394","https://pbs.twimg.com/tweet_video_thumb/GFazt1FbIAA6MVu.jpg","","in","Indonesia","0","0","1","https://x.com/infoBMKG/status/1753786706791469394","108543358","infoBMKG"
"1753780413640867879","Sat Feb 03 14:00:08 +0000 2024","15","#Gempa Mag:3.9 03-Feb-2024 20:57:39WIB Lok:8.08LS 117.75BT (58 km TimurLaut SUMBAWA-NTB) Kedlmn:10 Km #BMKG Disclaimer:Informasi ini mengutamakan kecepatan sehingga hasil pengolahan data belum stabil dan bisa berubah seiring kelengkapan data https://t.co/flYnGt0RIm","1753780413640867879","https://pbs.twimg.com/tweet_video_thumb/GFat_gvbQAAeG8j.jpg","","in","Indonesia","2","0","3","https://x.com/infoBMKG/status/1753780413640867879","108543358","infoBMKG"
"1753758525397066058","Sat Feb 03 12:33:10 +0000 2024","9","#Gempa Mag:3.6 03-Feb-2024 19:28:52WIB Lok:4.69LS 133.82BT (127 km BaratLaut KEP.ARU-MALUKU) Kedlmn:10 Km #BMKG Disclaimer:Informasi ini mengutamakan kecepatan sehingga hasil pengolahan data belum stabil dan bisa berubah seiring kelengkapan data https://t.co/bZeoWbP9dX","1753758525397066058","https://pbs.twimg.com/tweet_video_thumb/GFaaFcIasAAUPxa.jpg","","in","Indonesia","0","0","1","https://x.com/infoBMKG/status/1753758525397066058","108543358","infoBMKG"
"1753728324965474686","Sat Feb 03 10:33:10 +0000 2024","16","#Gempa Mag:3.5 03-Feb-2024 17:28:37WIB Lok:1.23LU 121.21BT (33 km BaratLaut BUOL-SULTENG) Kedlmn:29 Km #BMKG Disclaimer:Informasi ini mengutamakan kecepatan sehingga hasil pengolahan data belum stabil dan bisa berubah seiring kelengkapan data https://t.co/pGeIgYXA2X","1753728324965474686","https://pbs.twimg.com/tweet_video_thumb/GFZ-nkEbMAACNEt.jpg","","in","Indonesia","0","0","1","https://x.com/infoBMKG/status/1753728324965474686","108543358","infoBMKG"
"1753696869950370112","Sat Feb 03 08:28:10 +0000 2024","18","#Gempa Mag:5.3 03-Feb-2024 15:25:10WIB Lok:2.48LU 127.02BT (136 km BaratLaut TOBELO-MALUT) Kedlmn:10 Km #BMKG Disclaimer:Informasi ini mengutamakan kecepatan sehingga hasil pengolahan data belum stabil dan bisa berubah seiring kelengkapan data https://t.co/Rf7mWIJhAJ","1753696869950370112","https://pbs.twimg.com/tweet_video_thumb/GFZiAnZbkAAaQxk.jpg","","in","Indonesia","1","1","6","https://x.com/infoBMKG/status/1753696869950370112","108543358","infoBMKG"
"1753696846827122963","Sat Feb 03 08:28:05 +0000 2024","11","#Gempa Mag:5.2 03-Feb-24 15:25:10 WIB Lok:2.49 LU 127.06 BT (83 km BaratLaut PULAUDOI-MALUT) Kedlmn:10 Km tdk berpotensi tsunami #BMKG https://t.co/UjIPH9cZ6z","1753696846827122963","https://pbs.twimg.com/tweet_video_thumb/GFZh_SMbQAAzhYW.jpg","","in","Indonesia","0","1","1","https://x.com/infoBMKG/status/1753696846827122963","108543358","infoBMKG"
"1753690323081945377","Sat Feb 03 08:02:09 +0000 2024","28","#Gempa Mag:3.3 03-Feb-2024 14:58:35WIB Lok:7.02LS 105.15BT (61 km BaratDaya SUMUR-BANTEN) Kedlmn:10 Km #BMKG Disclaimer:Informasi ini mengutamakan kecepatan sehingga hasil pengolahan data belum stabil dan bisa berubah seiring kelengkapan data https://t.co/52oaS30rZ0","1753690323081945377","https://pbs.twimg.com/tweet_video_thumb/GFZcDgCbYAAqF75.jpg","","in","Indonesia","0","0","2","https://x.com/infoBMKG/status/1753690323081945377","108543358","infoBMKG"
"1753660626889834885","Sat Feb 03 06:04:09 +0000 2024","15","#Gempa Mag:3.2 03-Feb-2024 13:01:26WIB Lok:3.10LU 97.38BT (26 km Tenggara KAB-ACEHSELATAN) Kedlmn:11 Km #BMKG Disclaimer:Informasi ini mengutamakan kecepatan sehingga hasil pengolahan data belum stabil dan bisa berubah seiring kelengkapan data https://t.co/ncUFXttjn9","1753660626889834885","https://pbs.twimg.com/tweet_video_thumb/GFZBC-2bUAA_0fo.jpg","","in","Indonesia","0","0","0","https://x.com/infoBMKG/status/1753660626889834885","108543358","infoBMKG"
"1753636969673073055","Sat Feb 03 04:30:09 +0000 2024","5","#Gempa Mag:3.8 03-Feb-2024 11:25:58WIB Lok:4.04LS 139.12BT (35 km Tenggara JAYAWIJAYA-PAPUA) Kedlmn:10 Km #BMKG Disclaimer:Informasi ini mengutamakan kecepatan sehingga hasil pengolahan data belum stabil dan bisa berubah seiring kelengkapan data https://t.co/tYV9NCN1yb","1753636969673073055","https://pbs.twimg.com/tweet_video_thumb/GFYrh9ZbgAAt5RI.jpg","","in","Indonesia","0","0","2","https://x.com/infoBMKG/status/1753636969673073055","108543358","infoBMKG"
"1753617840257769721","Sat Feb 03 03:14:08 +0000 2024","32","#Gempa Mag:3.3 03-Feb-2024 10:11:34WIB Lok:7.77LS 106.93BT (94 km BaratDaya KOTA-SUKABUMI-JABAR) Kedlmn:10 Km #BMKG Disclaimer:Informasi ini mengutamakan kecepatan sehingga hasil pengolahan data belum stabil dan bisa berubah seiring kelengkapan data https://t.co/CiD4jX5ktB","1753617840257769721","https://pbs.twimg.com/tweet_video_thumb/GFYaIe0bYAAcVT7.jpg","","in","Indonesia","0","0","6","https://x.com/infoBMKG/status/1753617840257769721","108543358","infoBMKG"
"1753594700618182835","Sat Feb 03 01:42:11 +0000 2024","10","#Gempa Mag:3.9 03-Feb-2024 08:39:04WIB Lok:0.61LS 131.71BT (55 km TimurLaut KOTA-SORONG-PAPUABRT) Kedlmn:10 Km #BMKG Disclaimer:Informasi ini mengutamakan kecepatan sehingga hasil pengolahan data belum stabil dan bisa berubah seiring kelengkapan data https://t.co/WQhRvroNNp","1753594700618182835","https://pbs.twimg.com/tweet_video_thumb/GFYFFmyawAANF-A.jpg","","in","Indonesia","0","0","3","https://x.com/infoBMKG/status/1753594700618182835","108543358","infoBMKG"
"1753589912081961315","Sat Feb 03 01:23:09 +0000 2024","3","#Gempa Mag:2.7 03-Feb-2024 08:19:08WIB Lok:0.20LU 122.41BT (37 km Tenggara BOALEMO-GORONTALO) Kedlmn:151 Km #BMKG Disclaimer:Informasi ini mengutamakan kecepatan sehingga hasil pengolahan data belum stabil dan bisa berubah seiring kelengkapan data https://t.co/ehgQjTpbNr","1753589912081961315","https://pbs.twimg.com/tweet_video_thumb/GFYAu4KaQAAkzr0.jpg","","in","Indonesia","0","0","2","https://x.com/infoBMKG/status/1753589912081961315","108543358","infoBMKG"
"1753587389560443041","Sat Feb 03 01:13:08 +0000 2024","15","#Gempa Mag:3.7 03-Feb-2024 08:09:57WIB Lok:6.51LS 104.43BT (117 km BaratDaya TANGGAMUS-LAMPUNG) Kedlmn:16 Km #BMKG Disclaimer:Informasi ini mengutamakan kecepatan sehingga hasil pengolahan data belum stabil dan bisa berubah seiring kelengkapan data https://t.co/HOwGzuYBc7","1753587389560443041","https://pbs.twimg.com/tweet_video_thumb/GFX-cB2aEAAV6gr.jpg","","in","Indonesia","0","0","4","https://x.com/infoBMKG/status/1753587389560443041","108543358","infoBMKG"
"1753574061463286044","Sat Feb 03 00:20:10 +0000 2024","8","#Gempa Mag:3.3 03-Feb-2024 07:17:11WIB Lok:0.05LS 123.27BT (66 km Tenggara BONEBOLANGO-GORONTALO) Kedlmn:134 Km #BMKG Disclaimer:Informasi ini mengutamakan kecepatan sehingga hasil pengolahan data belum stabil dan bisa berubah seiring kelengkapan data https://t.co/hLF7wrMTCZ","1753574061463286044","https://pbs.twimg.com/tweet_video_thumb/GFXyUMYasAAFA_Q.jpg","","in","Indonesia","0","0","0","https://x.com/infoBMKG/status/1753574061463286044","108543358","infoBMKG"
"1753521714192056813","Fri Feb 02 20:52:10 +0000 2024","4","#Gempa Mag:3.3 03-Feb-2024 03:49:45WIB Lok:1.66LU 126.41BT (134 km BaratLaut JAILOLO-MALUT) Kedlmn:32 Km #BMKG Disclaimer:Informasi ini mengutamakan kecepatan sehingga hasil pengolahan data belum stabil dan bisa berubah seiring kelengkapan data https://t.co/kLolbnp2Rb","1753521714192056813","https://pbs.twimg.com/tweet_video_thumb/GFXCtOWbQAA0f99.jpg","","in","Indonesia","0","0","2","https://x.com/infoBMKG/status/1753521714192056813","108543358","infoBMKG"
"1753479184503246895","Fri Feb 02 18:03:10 +0000 2024","11","#Gempa Mag:4.1 03-Feb-2024 01:00:49WIB Lok:1.12LU 127.50BT (7 km TimurLaut JAILOLO-MALUT) Kedlmn:181 Km #BMKG Disclaimer:Informasi ini mengutamakan kecepatan sehingga hasil pengolahan data belum stabil dan bisa berubah seiring kelengkapan data https://t.co/hbdHTxAGHs","1753479184503246895","https://pbs.twimg.com/tweet_video_thumb/GFWcBqAbkAEvt50.jpg","","in","Indonesia","0","1","0","https://x.com/infoBMKG/status/1753479184503246895","108543358","infoBMKG"
"1753459304135626936","Fri Feb 02 16:44:10 +0000 2024","8","#Gempa Mag:4.7 02-Feb-2024 23:38:51WIB Lok:8.40LU 126.30BT (490 km BaratLaut MELONGUANE-SULUT) Kedlmn:10 Km #BMKG Disclaimer:Informasi ini mengutamakan kecepatan sehingga hasil pengolahan data belum stabil dan bisa berubah seiring kelengkapan data https://t.co/O0JOjIpD0t","1753459304135626936","https://pbs.twimg.com/tweet_video_thumb/GFWJ8dnacAAVYBm.jpg","","in","Indonesia","0","0","2","https://x.com/infoBMKG/status/1753459304135626936","108543358","infoBMKG"
"1753426336524452153","Fri Feb 02 14:33:10 +0000 2024","3","#Gempa Mag:3.6 02-Feb-2024 21:28:27WIB Lok:1.72LS 128.39BT (77 km Tenggara HALMAHERASELATAN-MALUT) Kedlmn:10 Km #BMKG Disclaimer:Informasi ini mengutamakan kecepatan sehingga hasil pengolahan data belum stabil dan bisa berubah seiring kelengkapan data https://t.co/Ku7c6TKZ66","1753426336524452153","https://pbs.twimg.com/tweet_video_thumb/GFVr9f0bYAAUZxC.jpg","","in","Indonesia","0","0","0","https://x.com/infoBMKG/status/1753426336524452153","108543358","infoBMKG"
"1753421047817552151","Fri Feb 02 14:12:09 +0000 2024","16","#Gempa Mag:2.7 02-Feb-2024 21:09:52WIB Lok:4.63LU 96.30BT (40 km Tenggara KAB-PIDIEJAYA-ACEH) Kedlmn:10 Km #BMKG Disclaimer:Informasi ini mengutamakan kecepatan sehingga hasil pengolahan data belum stabil dan bisa berubah seiring kelengkapan data https://t.co/e0Mx4GYck3","1753421047817552151","https://pbs.twimg.com/tweet_video_thumb/GFVnJp7akAAFScN.jpg","","in","Indonesia","0","0","2","https://x.com/infoBMKG/status/1753421047817552151","108543358","infoBMKG"
"1753420801733431342","Fri Feb 02 14:11:10 +0000 2024","8","#Gempa Mag:2.0 02-Feb-2024 21:07:26WIB Lok:1.18LS 120.18BT (40 km TimurLaut SIGI-SULTENG) Kedlmn:10 Km #BMKG Disclaimer:Informasi ini mengutamakan kecepatan sehingga hasil pengolahan data belum stabil dan bisa berubah seiring kelengkapan data https://t.co/HmrHU0abGK","1753420801733431342","https://pbs.twimg.com/tweet_video_thumb/GFVm7W2bcAA36gm.jpg","","in","Indonesia","0","0","0","https://x.com/infoBMKG/status/1753420801733431342","108543358","infoBMKG"
"1753283138518970628","Fri Feb 02 05:04:09 +0000 2024","5","#Gempa Mag:2.6 02-Feb-2024 12:02:18WIB Lok:8.31LS 124.48BT (8 km BaratDaya ALOR-NTT) Kedlmn:11 Km #BMKG Disclaimer:Informasi ini mengutamakan kecepatan sehingga hasil pengolahan data belum stabil dan bisa berubah seiring kelengkapan data https://t.co/eIgK9ptivg","1753283138518970628","https://pbs.twimg.com/tweet_video_thumb/GFTpuTOaAAAsP5o.jpg","","in","Indonesia","0","0","1","https://x.com/infoBMKG/status/1753283138518970628","108543358","infoBMKG"
"1753282388694806823","Fri Feb 02 05:01:10 +0000 2024","4","#Gempa Mag:2.5 02-Feb-2024 11:54:14WIB Lok:1.95LS 133.95BT (69 km Tenggara TELUKBINTUNI-PAPUABRT) Kedlmn:10 Km #BMKG Disclaimer:Informasi ini mengutamakan kecepatan sehingga hasil pengolahan data belum stabil dan bisa berubah seiring kelengkapan data https://t.co/bexKWSGRMS","1753282388694806823","https://pbs.twimg.com/tweet_video_thumb/GFTpCn1a0AAyn9n.jpg","","in","Indonesia","0","0","1","https://x.com/infoBMKG/status/1753282388694806823","108543358","infoBMKG"
"1753266278368972988","Fri Feb 02 03:57:09 +0000 2024","6","#Gempa Mag:3.1 02-Feb-2024 10:54:40WIB Lok:8.93LS 117.83BT (66 km Tenggara SUMBAWA-NTB) Kedlmn:10 Km #BMKG Disclaimer:Informasi ini mengutamakan kecepatan sehingga hasil pengolahan data belum stabil dan bisa berubah seiring kelengkapan data https://t.co/ZdHsvmHPVh","1753266278368972988","https://pbs.twimg.com/tweet_video_thumb/GFTaY6RaEAAf2pN.jpg","","in","Indonesia","0","0","0","https://x.com/infoBMKG/status/1753266278368972988","108543358","infoBMKG"
"1753264262238384554","Fri Feb 02 03:49:08 +0000 2024","54","#Gempa Mag:3.2 02-Feb-2024 10:46:31WIB Lok:7.32LS 107.61BT (33 km BaratDaya KAB-GARUT-JABAR) Kedlmn:10 Km #BMKG Disclaimer:Informasi ini mengutamakan kecepatan sehingga hasil pengolahan data belum stabil dan bisa berubah seiring kelengkapan data https://t.co/przbaK8qBk","1753264262238384554","https://pbs.twimg.com/tweet_video_thumb/GFTYjjZbkAA9_w8.jpg","","in","Indonesia","2","4","7","https://x.com/infoBMKG/status/1753264262238384554","108543358","infoBMKG"
"1753194051749523703","Thu Feb 01 23:10:09 +0000 2024","69","#Gempa Mag:4.6 02-Feb-2024 06:07:29WIB Lok:2.14LS 138.28BT (26 km BaratLaut MAMBERAMOTENGAH-PAPUA) Kedlmn:43 Km #BMKG Disclaimer:Informasi ini mengutamakan kecepatan sehingga hasil pengolahan data belum stabil dan bisa berubah seiring kelengkapan data https://t.co/JxVGlbG2xC","1753194051749523703","https://pbs.twimg.com/tweet_video_thumb/GFSYsvkaYAAI7tA.jpg","","in","Indonesia","0","2","14","https://x.com/infoBMKG/status/1753194051749523703","108543358","infoBMKG"
"1753180968440226283","Thu Feb 01 22:18:10 +0000 2024","6","#Gempa Mag:2.8 02-Feb-2024 05:13:39WIB Lok:3.33LS 128.91BT (6 km BaratDaya MALUKUTENGAH) Kedlmn:23 Km #BMKG Disclaimer:Informasi ini mengutamakan kecepatan sehingga hasil pengolahan data belum stabil dan bisa berubah seiring kelengkapan data https://t.co/ABktEtvsAH","1753180968440226283","https://pbs.twimg.com/tweet_video_thumb/GFSMzNiaQAASLO9.jpg","","in","Indonesia","0","0","1","https://x.com/infoBMKG/status/1753180968440226283","108543358","infoBMKG"
"1753177695788429370","Thu Feb 01 22:05:09 +0000 2024","8","#Gempa Mag:3.1 02-Feb-2024 05:00:49WIB Lok:9.77LS 119.37BT (1 km BaratLaut WANOKAKA-NTT) Kedlmn:39 Km #BMKG Disclaimer:Informasi ini mengutamakan kecepatan sehingga hasil pengolahan data belum stabil dan bisa berubah seiring kelengkapan data https://t.co/5X0uNxKYdg","1753177695788429370","https://pbs.twimg.com/tweet_video_thumb/GFSJ0uOaQAAGL8X.jpg","","in","Indonesia","0","0","3","https://x.com/infoBMKG/status/1753177695788429370","108543358","infoBMKG"
"1753171907866984781","Thu Feb 01 21:42:09 +0000 2024","18","#Gempa Mag:5.1 02-Feb-2024 04:35:34WIB Lok:8.50LU 127.23BT (503 km TimurLaut MELONGUANE-SULUT) Kedlmn:115 Km #BMKG Disclaimer:Informasi ini mengutamakan kecepatan sehingga hasil pengolahan data belum stabil dan bisa berubah seiring kelengkapan data https://t.co/32yJeACweH","1753171907866984781","https://pbs.twimg.com/tweet_video_thumb/GFSEjzpbsAAhuBE.jpg","","in","Indonesia","0","0","2","https://x.com/infoBMKG/status/1753171907866984781","108543358","infoBMKG"
"1753148503990448154","Thu Feb 01 20:09:09 +0000 2024","14","#Gempa Mag:3.1 02-Feb-2024 03:05:52WIB Lok:8.97LS 124.02BT (81 km Tenggara LEMBATA-NTT) Kedlmn:39 Km #BMKG Disclaimer:Informasi ini mengutamakan kecepatan sehingga hasil pengolahan data belum stabil dan bisa berubah seiring kelengkapan data https://t.co/Vh6LACuhN6","1753148503990448154","https://pbs.twimg.com/tweet_video_thumb/GFRvRjOaQAA6AHv.jpg","","in","Indonesia","0","0","4","https://x.com/infoBMKG/status/1753148503990448154","108543358","infoBMKG"
"1753138190205251743","Thu Feb 01 19:28:10 +0000 2024","5","#Gempa Mag:3.6 02-Feb-2024 02:24:15WIB Lok:0.78LU 121.38BT (21 km Tenggara BUOL-SULTENG) Kedlmn:35 Km #BMKG Disclaimer:Informasi ini mengutamakan kecepatan sehingga hasil pengolahan data belum stabil dan bisa berubah seiring kelengkapan data https://t.co/pxIwb9A0KW","1753138190205251743","https://pbs.twimg.com/tweet_video_thumb/GFRl5LobUAADXiV.jpg","","in","Indonesia","0","0","1","https://x.com/infoBMKG/status/1753138190205251743","108543358","infoBMKG"
"1753118307715264649","Thu Feb 01 18:09:10 +0000 2024","10","#Gempa Mag:2.9 02-Feb-2024 01:04:46WIB Lok:0.62LU 126.15BT (136 km BaratDaya TERNATE-MALUT) Kedlmn:10 Km #BMKG Disclaimer:Informasi ini mengutamakan kecepatan sehingga hasil pengolahan data belum stabil dan bisa berubah seiring kelengkapan data https://t.co/okcaNI5yis","1753118307715264649","https://pbs.twimg.com/tweet_video_thumb/GFRTz4IaIAASIiD.jpg","","in","Indonesia","0","0","3","https://x.com/infoBMKG/status/1753118307715264649","108543358","infoBMKG"
"1753067216969650645","Thu Feb 01 14:46:09 +0000 2024","41","#Gempa Mag:3.1 01-Feb-2024 21:41:26WIB Lok:0.21LU 99.93BT (15 km TimurLaut PASAMANBARAT-SUMBAR) Kedlmn:10 Km #BMKG Disclaimer:Informasi ini mengutamakan kecepatan sehingga hasil pengolahan data belum stabil dan bisa berubah seiring kelengkapan data https://t.co/i8Gm3PmB8t","1753067216969650645","https://pbs.twimg.com/tweet_video_thumb/GFQlWAnasAA2FO7.jpg","","in","Indonesia","0","1","4","https://x.com/infoBMKG/status/1753067216969650645","108543358","infoBMKG"
"1753053129623658891","Thu Feb 01 13:50:10 +0000 2024","22","#Gempa Mag:3.5 01-Feb-2024 20:44:54WIB Lok:0.05LS 123.52BT (70 km BaratDaya BOLAANGUKI-BOLSEL-SULUT) Kedlmn:102 Km #BMKG Disclaimer:Informasi ini mengutamakan kecepatan sehingga hasil pengolahan data belum stabil dan bisa berubah seiring kelengkapan data https://t.co/0RvTpMSgCK","1753053129623658891","https://pbs.twimg.com/tweet_video_thumb/GFQYh_4a4AAYOzE.jpg","","in","Indonesia","0","1","2","https://x.com/infoBMKG/status/1753053129623658891","108543358","infoBMKG"
"1753047837791900129","Thu Feb 01 13:29:09 +0000 2024","8","#Gempa Mag:4.5 01-Feb-2024 20:24:39WIB Lok:5.08LU 126.33BT (126 km BaratLaut MELONGUANE-SULUT) Kedlmn:75 Km #BMKG Disclaimer:Informasi ini mengutamakan kecepatan sehingga hasil pengolahan data belum stabil dan bisa berubah seiring kelengkapan data https://t.co/IR0ZC5MsXy","1753047837791900129","https://pbs.twimg.com/tweet_video_thumb/GFQTt_WaMAAvcUM.jpg","","in","Indonesia","0","0","1","https://x.com/infoBMKG/status/1753047837791900129","108543358","infoBMKG"
"1753006820740981180","Thu Feb 01 10:46:10 +0000 2024","10","#Gempa Mag:3.7 01-Feb-2024 17:41:57WIB Lok:2.71LU 128.53BT (78 km TimurLaut DARUBA-MALUT) Kedlmn:220 Km #BMKG Disclaimer:Informasi ini mengutamakan kecepatan sehingga hasil pengolahan data belum stabil dan bisa berubah seiring kelengkapan data https://t.co/6FK0xwcmbc","1753006820740981180","https://pbs.twimg.com/tweet_video_thumb/GFPuaVRbkAAodpq.jpg","","in","Indonesia","0","2","0","https://x.com/infoBMKG/status/1753006820740981180","108543358","infoBMKG"
"1752961025593524576","Thu Feb 01 07:44:11 +0000 2024","6","#Gempa Mag:3.5 01-Feb-2024 14:41:14WIB Lok:1.88LS 122.62BT (78 km BaratDaya BANGGAIKEP-SULTENG) Kedlmn:10 Km #BMKG Disclaimer:Informasi ini mengutamakan kecepatan sehingga hasil pengolahan data belum stabil dan bisa berubah seiring kelengkapan data https://t.co/5sjXyYdHrI","1752961025593524576","https://pbs.twimg.com/tweet_video_thumb/GFPEw1yaoAAtiUC.jpg","","in","Indonesia","0","0","0","https://x.com/infoBMKG/status/1752961025593524576","108543358","infoBMKG"
"1752956234041626722","Thu Feb 01 07:25:09 +0000 2024","9","#Gempa Mag:3.6 01-Feb-2024 14:22:25WIB Lok:9.65LS 121.90BT (93 km Tenggara ENDE-NTT) Kedlmn:12 Km #BMKG Disclaimer:Informasi ini mengutamakan kecepatan sehingga hasil pengolahan data belum stabil dan bisa berubah seiring kelengkapan data https://t.co/zOHZlUvAqg","1752956234041626722","https://pbs.twimg.com/tweet_video_thumb/GFPAZ9NaYAAuMwF.jpg","","in","Indonesia","0","0","0","https://x.com/infoBMKG/status/1752956234041626722","108543358","infoBMKG"
"1752906659930964292","Thu Feb 01 04:08:09 +0000 2024","4","#Gempa Mag:3.2 01-Feb-2024 11:03:02WIB Lok:8.92LS 119.19BT (52 km TimurLaut TAMBOLAKA-NTT) Kedlmn:112 Km #BMKG Disclaimer:Informasi ini mengutamakan kecepatan sehingga hasil pengolahan data belum stabil dan bisa berubah seiring kelengkapan data https://t.co/mlooHa87oR","1752906659930964292","https://pbs.twimg.com/tweet_video_thumb/GFOTUUvbwAAqj6m.jpg","","in","Indonesia","1","0","2","https://x.com/infoBMKG/status/1752906659930964292","108543358","infoBMKG"
"1752847525600805246","Thu Feb 01 00:13:11 +0000 2024","36","#Gempa Mag:2.8 01-Feb-2024 07:08:21WIB Lok:2.92LS 119.65BT (20 km BaratLaut TANATORAJA-SULSEL) Kedlmn:10 Km #BMKG Disclaimer:Informasi ini mengutamakan kecepatan sehingga hasil pengolahan data belum stabil dan bisa berubah seiring kelengkapan data https://t.co/1VBwGUpxTX","1752847525600805246","https://pbs.twimg.com/tweet_video_thumb/GFNdiQTaAAACHo5.jpg","","in","Indonesia","0","1","6","https://x.com/infoBMKG/status/1752847525600805246","108543358","infoBMKG"
