conversation_id_str,created_at,favorite_count,full_text,id_str,image_url,in_reply_to_screen_name,lang,location,quote_count,reply_count,retweet_count,tweet_url,user_id_str,username
1785074375575896130,Mon Apr 29 22:31:10 +0000 2024,36,#Gempa Mag:4.6 30-Apr-2024 05:24:15WIB Lok:5.19LU 126.22BT (141 km BaratLaut MELONGUANE-SULUT) Kedlmn:12 Km #BMKG Disclaimer:Informasi ini mengutamakan kecepatan sehingga hasil pengolahan data belum stabil dan bisa berubah seiring kelengkapan data https://t.co/hf9TXTrBwW,1785074375575896130,https://pbs.twimg.com/tweet_video_thumb/GMXbrwZa4AAiqVR.jpg,,in,Indonesia,0,1,8,https://x.com/infoBMKG/status/1785074375575896130,108543358,infoBMKG
1785017754099282253,Mon Apr 29 18:46:11 +0000 2024,22,#Gempa Mag:2.3 30-Apr-2024 01:42:09WIB Lok:1.66LS 120.42BT (47 km BaratDaya POSO-SULTENG) Kedlmn:10 Km #BMKG Disclaimer:Informasi ini mengutamakan kecepatan sehingga hasil pengolahan data belum stabil dan bisa berubah seiring kelengkapan data https://t.co/RjGrvHXUOB,1785017754099282253,https://pbs.twimg.com/tweet_video_thumb/GMWoL_da4AYYZ4Y.jpg,,in,Indonesia,0,1,2,https://x.com/infoBMKG/status/1785017754099282253,108543358,infoBMKG
1784991081597374888,Mon Apr 29 17:00:12 +0000 2024,16,#Gempa Mag:2.7 29-Apr-2024 23:53:03WIB Lok:2.32LS 120.82BT (48 km BaratLaut LUWUTIMUR-SULSEL) Kedlmn:10 Km #BMKG Disclaimer:Informasi ini mengutamakan kecepatan sehingga hasil pengolahan data belum stabil dan bisa berubah seiring kelengkapan data https://t.co/yB2IRiv3xj,1784991081597374888,https://pbs.twimg.com/tweet_video_thumb/GMWP7c7aEAQpuMl.jpg,,in,Indonesia,0,2,3,https://x.com/infoBMKG/status/1784991081597374888,108543358,infoBMKG
1784939484163022886,Mon Apr 29 13:35:10 +0000 2024,30,#Gempa Mag:4.5 29-Apr-2024 20:29:46WIB Lok:1.69LU 96.94BT (54 km BaratLaut NIASUTARA-SUMUT) Kedlmn:23 Km #BMKG Disclaimer:Informasi ini mengutamakan kecepatan sehingga hasil pengolahan data belum stabil dan bisa berubah seiring kelengkapan data https://t.co/EXLvNJ3tdv,1784939484163022886,https://pbs.twimg.com/tweet_video_thumb/GMVhAF6aIAAhoGK.jpg,,in,Indonesia,1,2,6,https://x.com/infoBMKG/status/1784939484163022886,108543358,infoBMKG
1784934447953101122,Mon Apr 29 13:15:09 +0000 2024,77,#Gempa Mag:5.1 29-Apr-2024 20:08:42WIB Lok:3.95LS 144.32BT (401 km Tenggara KEEROM-PAPUA) Kedlmn:10 Km #BMKG Disclaimer:Informasi ini mengutamakan kecepatan sehingga hasil pengolahan data belum stabil dan bisa berubah seiring kelengkapan data https://t.co/hCQDOMJoGQ,1784934447953101122,https://pbs.twimg.com/tweet_video_thumb/GMVca5CaQAADeiM.jpg,,in,Indonesia,1,1,6,https://x.com/infoBMKG/status/1784934447953101122,108543358,infoBMKG
1784930425078751396,Mon Apr 29 12:59:10 +0000 2024,51,#Gempa Mag:4.0 29-Apr-2024 19:52:38WIB Lok:11.13LS 116.75BT (264 km BaratDaya SUMBAWABARAT-NTB) Kedlmn:10 Km #BMKG Disclaimer:Informasi ini mengutamakan kecepatan sehingga hasil pengolahan data belum stabil dan bisa berubah seiring kelengkapan data https://t.co/iFKR5NY0lh,1784930425078751396,https://pbs.twimg.com/tweet_video_thumb/GMVYwxhaUAAgxca.jpg,,in,Indonesia,3,3,2,https://x.com/infoBMKG/status/1784930425078751396,108543358,infoBMKG
1784871534344929357,Mon Apr 29 09:05:09 +0000 2024,16,#Gempa Mag:4.5 29-Apr-2024 15:59:12WIB Lok:7.04LS 129.87BT (190 km BaratLaut MALUKUTENGGARABRT) Kedlmn:195 Km #BMKG Disclaimer:Informasi ini mengutamakan kecepatan sehingga hasil pengolahan data belum stabil dan bisa berubah seiring kelengkapan data https://t.co/p2IqD3Tqjs,1784871534344929357,https://pbs.twimg.com/tweet_video_thumb/GMUjM03XsAAX018.jpg,,in,Indonesia,2,2,5,https://x.com/infoBMKG/status/1784871534344929357,108543358,infoBMKG
1784781697663528969,Mon Apr 29 03:08:11 +0000 2024,34,#Gempa Mag:4.4 29-Apr-2024 10:03:48WIB Lok:1.91LU 126.69BT (117 km BaratLaut HALMAHERABARAT-MALUT) Kedlmn:10 Km #BMKG Disclaimer:Informasi ini mengutamakan kecepatan sehingga hasil pengolahan data belum stabil dan bisa berubah seiring kelengkapan data https://t.co/UqqeQkxBHw,1784781697663528969,https://pbs.twimg.com/tweet_video_thumb/GMTRfqMa0AAf6pL.jpg,,in,Indonesia,2,0,4,https://x.com/infoBMKG/status/1784781697663528969,108543358,infoBMKG
1784760553808027973,Mon Apr 29 01:44:09 +0000 2024,21,#Gempa Mag:3.8 29-Apr-2024 08:40:49WIB Lok:0.60LU 98.30BT (54 km TimurLaut NIASSELATAN-SUMUT) Kedlmn:30 Km #BMKG Disclaimer:Informasi ini mengutamakan kecepatan sehingga hasil pengolahan data belum stabil dan bisa berubah seiring kelengkapan data https://t.co/zVnddtpHEi,1784760553808027973,https://pbs.twimg.com/tweet_video_thumb/GMS-Q7FbIAAjgK2.jpg,,in,Indonesia,2,2,3,https://x.com/infoBMKG/status/1784760553808027973,108543358,infoBMKG
1784730100489228421,Sun Apr 28 23:43:09 +0000 2024,208,#Gempa Mag:3.7 29-Apr-2024 06:38:07WIB Lok:8.25LS 107.86BT (93 km BaratDaya KAB-PANGANDARAN-JABAR) Kedlmn:10 Km #BMKG Disclaimer:Informasi ini mengutamakan kecepatan sehingga hasil pengolahan data belum stabil dan bisa berubah seiring kelengkapan data https://t.co/raHwZcd7XR,1784730100489228421,https://pbs.twimg.com/tweet_video_thumb/GMSikWKaoAAix8h.jpg,,in,Indonesia,11,9,52,https://x.com/infoBMKG/status/1784730100489228421,108543358,infoBMKG
1784715762441318691,Sun Apr 28 22:46:10 +0000 2024,27,#Gempa Mag:4.3 29-Apr-2024 05:41:41WIB Lok:3.43LS 126.92BT (27 km BaratDaya BURU-MALUKU) Kedlmn:10 Km #BMKG Disclaimer:Informasi ini mengutamakan kecepatan sehingga hasil pengolahan data belum stabil dan bisa berubah seiring kelengkapan data https://t.co/6UHiWtI4VF,1784715762441318691,https://pbs.twimg.com/tweet_video_thumb/GMSVhwoacAAvnNH.jpg,,in,Indonesia,2,3,4,https://x.com/infoBMKG/status/1784715762441318691,108543358,infoBMKG
1784704936485486787,Sun Apr 28 22:03:09 +0000 2024,250,#Gempa Mag:3.8 29-Apr-2024 04:58:29WIB Lok:7.01LS 105.22BT (55 km BaratDaya SUMUR-BANTEN) Kedlmn:27 Km #BMKG Disclaimer:Informasi ini mengutamakan kecepatan sehingga hasil pengolahan data belum stabil dan bisa berubah seiring kelengkapan data https://t.co/oT1aUFdirx,1784704936485486787,https://pbs.twimg.com/tweet_video_thumb/GMSLrkda4AADsO1.jpg,,in,Indonesia,5,12,37,https://x.com/infoBMKG/status/1784704936485486787,108543358,infoBMKG
1784655117108842695,Sun Apr 28 18:45:11 +0000 2024,38,#Gempa Mag:3.0 29-Apr-2024 01:40:44WIB Lok:2.46LS 134.13BT (48 km BaratLaut TELUKWONDAMA-PAPUABRT) Kedlmn:10 Km #BMKG Disclaimer:Informasi ini mengutamakan kecepatan sehingga hasil pengolahan data belum stabil dan bisa berubah seiring kelengkapan data https://t.co/PGgSba3Xm8,1784655117108842695,https://pbs.twimg.com/tweet_video_thumb/GMReXuzbgAAC0uh.jpg,,in,Indonesia,3,0,2,https://x.com/infoBMKG/status/1784655117108842695,108543358,infoBMKG
1784643536408969533,Sun Apr 28 17:59:10 +0000 2024,54,#Gempa Mag:2.9 29-Apr-2024 00:55:37WIB Lok:0.36LU 99.84BT (27 km TimurLaut PASAMANBARAT-SUMBAR) Kedlmn:10 Km #BMKG Disclaimer:Informasi ini mengutamakan kecepatan sehingga hasil pengolahan data belum stabil dan bisa berubah seiring kelengkapan data https://t.co/WO0tq5RbpY,1784643536408969533,https://pbs.twimg.com/tweet_video_thumb/GMRT1qBaIAAbwfB.jpg,,in,Indonesia,4,4,9,https://x.com/infoBMKG/status/1784643536408969533,108543358,infoBMKG
1784538848166592896,Sun Apr 28 11:03:11 +0000 2024,59,#Gempa Mag:3.3 28-Apr-2024 17:58:40WIB Lok:1.44LS 134.27BT (65 km Tenggara MANOKWARISEL-PAPUABRT) Kedlmn:14 Km #BMKG Disclaimer:Informasi ini mengutamakan kecepatan sehingga hasil pengolahan data belum stabil dan bisa berubah seiring kelengkapan data https://t.co/5lB2kRa8Kx,1784538848166592896,https://pbs.twimg.com/tweet_video_thumb/GMP0oALaMAABXBF.jpg,,in,Indonesia,1,2,6,https://x.com/infoBMKG/status/1784538848166592896,108543358,infoBMKG
1784537085355102531,Sun Apr 28 10:56:10 +0000 2024,19,#Gempa Mag:3.4 28-Apr-2024 17:50:44WIB Lok:1.43LS 134.31BT (66 km Tenggara MANOKWARISEL-PAPUABRT) Kedlmn:10 Km #BMKG Disclaimer:Informasi ini mengutamakan kecepatan sehingga hasil pengolahan data belum stabil dan bisa berubah seiring kelengkapan data https://t.co/TkNYJPD28A,1784537085355102531,https://pbs.twimg.com/tweet_video_thumb/GMPzBZfboAA5tby.jpg,,in,Indonesia,1,1,1,https://x.com/infoBMKG/status/1784537085355102531,108543358,infoBMKG
1784532307950686650,Sun Apr 28 10:37:11 +0000 2024,42,#Gempa Mag:3.4 28-Apr-2024 17:33:47WIB Lok:2.49LS 121.00BT (21 km BaratLaut LUWUTIMUR-SULSEL) Kedlmn:10 Km #BMKG Disclaimer:Informasi ini mengutamakan kecepatan sehingga hasil pengolahan data belum stabil dan bisa berubah seiring kelengkapan data https://t.co/Z4J6HvBGYz,1784532307950686650,https://pbs.twimg.com/tweet_video_thumb/GMPurTUaAAAFNdL.jpg,,in,Indonesia,1,3,4,https://x.com/infoBMKG/status/1784532307950686650,108543358,infoBMKG
1784496570559549804,Sun Apr 28 08:15:11 +0000 2024,58,#Gempa Mag:2.9 28-Apr-2024 15:12:18WIB Lok:2.12LS 120.49BT (59 km TimurLaut LUWUUTARA-SULSEL) Kedlmn:10 Km #BMKG Disclaimer:Informasi ini mengutamakan kecepatan sehingga hasil pengolahan data belum stabil dan bisa berubah seiring kelengkapan data https://t.co/7WakodYffF,1784496570559549804,https://pbs.twimg.com/tweet_video_thumb/GMPOLHtagAAXSF1.jpg,,in,Indonesia,3,2,5,https://x.com/infoBMKG/status/1784496570559549804,108543358,infoBMKG
1784480206650323085,Sun Apr 28 07:10:09 +0000 2024,108,#Gempa Mag:3.3 28-Apr-2024 14:05:21WIB Lok:0.72LS 99.31BT (92 km BaratDaya AGAM-SUMBAR) Kedlmn:32 Km #BMKG Disclaimer:Informasi ini mengutamakan kecepatan sehingga hasil pengolahan data belum stabil dan bisa berubah seiring kelengkapan data https://t.co/7VmYCAuxkE,1784480206650323085,https://pbs.twimg.com/tweet_video_thumb/GMO_SmHaIAAOFv3.jpg,,in,Indonesia,1,5,13,https://x.com/infoBMKG/status/1784480206650323085,108543358,infoBMKG
1784473162585112686,Sun Apr 28 06:42:10 +0000 2024,22,#Gempa Mag:3.2 28-Apr-2024 13:37:54WIB Lok:0.20LU 122.57BT (44 km Tenggara BOALEMO-GORONTALO) Kedlmn:248 Km #BMKG Disclaimer:Informasi ini mengutamakan kecepatan sehingga hasil pengolahan data belum stabil dan bisa berubah seiring kelengkapan data https://t.co/GYfPOfCq3U,1784473162585112686,https://pbs.twimg.com/tweet_video_thumb/GMO44mPbwAA3X6p.jpg,,in,Indonesia,2,2,1,https://x.com/infoBMKG/status/1784473162585112686,108543358,infoBMKG
1784458313356505195,Sun Apr 28 05:43:10 +0000 2024,65,#Gempa Mag:4.3 28-Apr-2024 12:37:20WIB Lok:4.16LU 125.82BT (71 km TimurLaut TAHUNA-KEP.SANGIHE-SULUT) Kedlmn:34 Km #BMKG Disclaimer:Informasi ini mengutamakan kecepatan sehingga hasil pengolahan data belum stabil dan bisa berubah seiring kelengkapan data https://t.co/zYyFterzep,1784458313356505195,https://pbs.twimg.com/tweet_video_thumb/GMOrYP6a0AAS4_a.jpg,,in,Indonesia,2,0,2,https://x.com/infoBMKG/status/1784458313356505195,108543358,infoBMKG
1784408738264391801,Sun Apr 28 02:26:10 +0000 2024,49,#Gempa Mag:2.8 28-Apr-2024 09:21:57WIB Lok:0.15LU 122.27BT (42 km BaratDaya BOALEMO-GORONTALO) Kedlmn:214 Km #BMKG Disclaimer:Informasi ini mengutamakan kecepatan sehingga hasil pengolahan data belum stabil dan bisa berubah seiring kelengkapan data https://t.co/n6MwQMmWnJ,1784408738264391801,https://pbs.twimg.com/tweet_video_thumb/GMN-Sk3awAAAc5-.jpg,,in,Indonesia,2,0,3,https://x.com/infoBMKG/status/1784408738264391801,108543358,infoBMKG
1784371493612511237,Sat Apr 27 23:58:10 +0000 2024,74,#Gempa Mag:3.6 28-Apr-2024 06:53:44WIB Lok:1.42LS 134.33BT (67 km Tenggara MANOKWARISEL-PAPUABRT) Kedlmn:10 Km #BMKG Disclaimer:Informasi ini mengutamakan kecepatan sehingga hasil pengolahan data belum stabil dan bisa berubah seiring kelengkapan data https://t.co/iSGxz2Iydu,1784371493612511237,https://pbs.twimg.com/tweet_video_thumb/GMNcarZbYAAgEcg.jpg,,in,Indonesia,3,3,4,https://x.com/infoBMKG/status/1784371493612511237,108543358,infoBMKG
1784365193302356256,Sat Apr 27 23:33:08 +0000 2024,648,#Gempa Mag:3.5 28-Apr-2024 06:29:16WIB Lok:7.70LS 106.54BT (79 km BaratDaya KAB-SUKABUMI-JABAR) Kedlmn:14 Km #BMKG Disclaimer:Informasi ini mengutamakan kecepatan sehingga hasil pengolahan data belum stabil dan bisa berubah seiring kelengkapan data https://t.co/KwbYHk1GPB,1784365193302356256,https://pbs.twimg.com/tweet_video_thumb/GMNWr9paUAAhVMD.jpg,,in,Indonesia,21,12,119,https://x.com/infoBMKG/status/1784365193302356256,108543358,infoBMKG
1784351614855532849,Sat Apr 27 22:39:11 +0000 2024,62,#Gempa Mag:3.2 28-Apr-2024 05:32:42WIB Lok:1.42LU 125.77BT (72 km Tenggara BITUNG-SULUT) Kedlmn:39 Km #BMKG Disclaimer:Informasi ini mengutamakan kecepatan sehingga hasil pengolahan data belum stabil dan bisa berubah seiring kelengkapan data https://t.co/oxH3AZrmi9,1784351614855532849,https://pbs.twimg.com/tweet_video_thumb/GMNKVkBa0AA7JBn.jpg,,in,Indonesia,1,0,2,https://x.com/infoBMKG/status/1784351614855532849,108543358,infoBMKG
1784324941841867106,Sat Apr 27 20:53:11 +0000 2024,90,#Gempa Mag:3.5 28-Apr-2024 03:51:11WIB Lok:0.19LS 122.83BT (87 km BaratDaya BONEBOLANGO-GORONTALO) Kedlmn:33 Km #BMKG Disclaimer:Informasi ini mengutamakan kecepatan sehingga hasil pengolahan data belum stabil dan bisa berubah seiring kelengkapan data https://t.co/4IlOCf9tcc,1784324941841867106,https://pbs.twimg.com/tweet_video_thumb/GMMyFArasAEm0y6.jpg,,in,Indonesia,3,0,6,https://x.com/infoBMKG/status/1784324941841867106,108543358,infoBMKG
1784288443725725726,Sat Apr 27 18:28:10 +0000 2024,197,#Gempa Mag:3.5 28-Apr-2024 01:23:58WIB Lok:2.10LU 96.19BT (45 km BaratDaya SINABANG-ACEH) Kedlmn:22 Km #BMKG Disclaimer:Informasi ini mengutamakan kecepatan sehingga hasil pengolahan data belum stabil dan bisa berubah seiring kelengkapan data https://t.co/U3otAF2kFx,1784288443725725726,https://pbs.twimg.com/tweet_video_thumb/GMMQ4i-bsAAq5UY.jpg,,in,Indonesia,6,8,22,https://x.com/infoBMKG/status/1784288443725725726,108543358,infoBMKG
1784282151044923776,Sat Apr 27 18:03:09 +0000 2024,122,#Gempa Mag:4.7 28-Apr-2024 00:57:58WIB Lok:9.09LU 127.92BT (582 km TimurLaut MELONGUANE-SULUT) Kedlmn:74 Km #BMKG Disclaimer:Informasi ini mengutamakan kecepatan sehingga hasil pengolahan data belum stabil dan bisa berubah seiring kelengkapan data https://t.co/eh3GOzfBYj,1784282151044923776,https://pbs.twimg.com/tweet_video_thumb/GMMLKPxaYAAir4a.jpg,,in,Indonesia,2,6,17,https://x.com/infoBMKG/status/1784282151044923776,108543358,infoBMKG
1784259390172021135,Sat Apr 27 16:32:43 +0000 2024,50119,#Gempa Mag:6.5 27-Apr-24 23:29:47 WIB Lok:8.42 LS 107.26 BT (151 km BaratDaya KAB-GARUT-JABAR) Kedlmn:10 Km tdk berpotensi tsunami #BMKG https://t.co/UUUBU5CxNp,1784259390172021135,https://pbs.twimg.com/tweet_video_thumb/GML2dYvbIAA6CxZ.jpg,,in,Indonesia,14596,11075,20025,https://x.com/infoBMKG/status/1784259390172021135,108543358,infoBMKG
1784259252955344926,Sat Apr 27 16:32:10 +0000 2024,30631,#Gempa Mag:6.6 27-Apr-2024 23:29:47WIB Lok:8.42LS 107.26BT (151 km BaratDaya KAB-GARUT-JABAR) Kedlmn:10 Km #BMKG Disclaimer:Informasi ini mengutamakan kecepatan sehingga hasil pengolahan data belum stabil dan bisa berubah seiring kelengkapan data https://t.co/77SX5rJqOb,1784259252955344926,https://pbs.twimg.com/tweet_video_thumb/GML2VZsaoAAIq9G.jpg,,in,Indonesia,9594,6653,12560,https://x.com/infoBMKG/status/1784259252955344926,108543358,infoBMKG
1784236855049007291,Sat Apr 27 15:03:10 +0000 2024,345,#Gempa Mag:3.9 27-Apr-2024 21:59:16WIB Lok:5.78LS 112.27BT (126 km TimurLaut TUBAN-JATIM) Kedlmn:10 Km #BMKG Disclaimer:Informasi ini mengutamakan kecepatan sehingga hasil pengolahan data belum stabil dan bisa berubah seiring kelengkapan data https://t.co/yo3pj1KoZs,1784236855049007291,https://pbs.twimg.com/tweet_video_thumb/GMLh9q0aEAAe6vt.jpg,,in,Indonesia,11,27,38,https://x.com/infoBMKG/status/1784236855049007291,108543358,infoBMKG
1784212693005808048,Sat Apr 27 13:27:09 +0000 2024,678,#Gempa Mag:2.9 27-Apr-2024 20:22:58WIB Lok:6.84LS 107.00BT (11 km TimurLaut KOTA-SUKABUMI-JABAR) Kedlmn:5 Km #BMKG Disclaimer:Informasi ini mengutamakan kecepatan sehingga hasil pengolahan data belum stabil dan bisa berubah seiring kelengkapan data https://t.co/PyWzBaLQA7,1784212693005808048,https://pbs.twimg.com/tweet_video_thumb/GMLL_RFakAA6oo3.jpg,,in,Indonesia,63,88,123,https://x.com/infoBMKG/status/1784212693005808048,108543358,infoBMKG
1784173690399465484,Sat Apr 27 10:52:10 +0000 2024,13,#Gempa Mag:4.9 27-Apr-2024 17:46:31WIB Lok:6.44LS 130.32BT (202 km BaratLaut MALUKUTENGGARABRT) Kedlmn:159 Km #BMKG Disclaimer:Informasi ini mengutamakan kecepatan sehingga hasil pengolahan data belum stabil dan bisa berubah seiring kelengkapan data https://t.co/9hfYa8QDx0,1784173690399465484,https://pbs.twimg.com/tweet_video_thumb/GMKog_gbkAArU4u.jpg,,in,Indonesia,1,0,0,https://x.com/infoBMKG/status/1784173690399465484,108543358,infoBMKG
1784173067075531244,Sat Apr 27 10:49:42 +0000 2024,46,#Gempa Mag:5.2 27-Apr-24 17:46:30 WIB Lok:6.39 LS 130.26 BT (210 km BaratLaut TANIMBAR) Kedlmn:179 Km tdk berpotensi tsunami #BMKG https://t.co/re0oOHFxoa,1784173067075531244,https://pbs.twimg.com/tweet_video_thumb/GMKn8ucb0AAriby.jpg,,in,Indonesia,2,0,12,https://x.com/infoBMKG/status/1784173067075531244,108543358,infoBMKG
1784137949350953020,Sat Apr 27 08:30:09 +0000 2024,557,#Gempa Mag:4.8 27-Apr-2024 15:27:14WIB Lok:7.08LS 105.42BT (49 km BaratDaya SUMUR-BANTEN) Kedlmn:10 Km #BMKG Disclaimer:Informasi ini mengutamakan kecepatan sehingga hasil pengolahan data belum stabil dan bisa berubah seiring kelengkapan data https://t.co/MFwIXYemwN,1784137949350953020,https://pbs.twimg.com/tweet_video_thumb/GMKIAnhbIAAHooP.jpg,,in,Indonesia,164,109,188,https://x.com/infoBMKG/status/1784137949350953020,108543358,infoBMKG
1784126127935746048,Sat Apr 27 07:43:11 +0000 2024,24,#Gempa Mag:4.2 27-Apr-2024 14:40:25WIB Lok:0.76LS 123.04BT (60 km TimurLaut BANGGAIKEP-SULTENG) Kedlmn:10 Km #BMKG Disclaimer:Informasi ini mengutamakan kecepatan sehingga hasil pengolahan data belum stabil dan bisa berubah seiring kelengkapan data https://t.co/SlgpuakiaM,1784126127935746048,https://pbs.twimg.com/tweet_video_thumb/GMJ9QhmbQAAJErK.jpg,,in,Indonesia,1,0,4,https://x.com/infoBMKG/status/1784126127935746048,108543358,infoBMKG
1784110773675102556,Sat Apr 27 06:42:10 +0000 2024,14,#Gempa Mag:3.5 27-Apr-2024 13:36:58WIB Lok:1.01LU 126.13BT (121 km Tenggara BITUNG-SULUT) Kedlmn:11 Km #BMKG Disclaimer:Informasi ini mengutamakan kecepatan sehingga hasil pengolahan data belum stabil dan bisa berubah seiring kelengkapan data https://t.co/GrliMnBeYj,1784110773675102556,https://pbs.twimg.com/tweet_video_thumb/GMJvSyWbQAAdncA.jpg,,in,Indonesia,1,0,0,https://x.com/infoBMKG/status/1784110773675102556,108543358,infoBMKG
1784091896782229567,Sat Apr 27 05:27:09 +0000 2024,130,#Gempa Mag:3.3 27-Apr-2024 12:21:19WIB Lok:6.67LS 107.95BT (21 km TimurLaut KAB-SUMEDANG-JABAR) Kedlmn:299 Km #BMKG Disclaimer:Informasi ini mengutamakan kecepatan sehingga hasil pengolahan data belum stabil dan bisa berubah seiring kelengkapan data https://t.co/taekxnxkTa,1784091896782229567,https://pbs.twimg.com/tweet_video_thumb/GMJeIA8bEAAcKRj.jpg,,in,Indonesia,7,3,28,https://x.com/infoBMKG/status/1784091896782229567,108543358,infoBMKG
1784060444254327227,Sat Apr 27 03:22:10 +0000 2024,15,#Gempa Mag:3.6 27-Apr-2024 10:16:09WIB Lok:7.75LS 120.82BT (103 km TimurLaut RUTENG-MANGGARAI-NTT) Kedlmn:388 Km #BMKG Disclaimer:Informasi ini mengutamakan kecepatan sehingga hasil pengolahan data belum stabil dan bisa berubah seiring kelengkapan data https://t.co/y4XdbFSXv5,1784060444254327227,https://pbs.twimg.com/tweet_video_thumb/GMJBhL-acAAGS2o.jpg,,in,Indonesia,1,0,0,https://x.com/infoBMKG/status/1784060444254327227,108543358,infoBMKG
1784045587236888619,Sat Apr 27 02:23:08 +0000 2024,10,#Gempa Mag:3.9 27-Apr-2024 09:19:27WIB Lok:2.63LS 139.52BT (39 km Tenggara SARMI-PAPUA) Kedlmn:71 Km #BMKG Disclaimer:Informasi ini mengutamakan kecepatan sehingga hasil pengolahan data belum stabil dan bisa berubah seiring kelengkapan data https://t.co/JgkIs8mUJB,1784045587236888619,https://pbs.twimg.com/tweet_video_thumb/GMI0AcIbUAAU5X9.jpg,,in,Indonesia,1,0,0,https://x.com/infoBMKG/status/1784045587236888619,108543358,infoBMKG
1783947947648164168,Fri Apr 26 19:55:09 +0000 2024,44,#Gempa Mag:3.9 27-Apr-2024 02:51:29WIB Lok:4.10LU 94.58BT (126 km BaratDaya CALANG-ACEHJAYA) Kedlmn:10 Km #BMKG Disclaimer:Informasi ini mengutamakan kecepatan sehingga hasil pengolahan data belum stabil dan bisa berubah seiring kelengkapan data https://t.co/o6Flcv5MQJ,1783947947648164168,https://pbs.twimg.com/tweet_video_thumb/GMHbNB2bgAAas2p.jpg,,in,Indonesia,1,1,1,https://x.com/infoBMKG/status/1783947947648164168,108543358,infoBMKG
1783946186434777335,Fri Apr 26 19:48:09 +0000 2024,33,#Gempa Mag:2.8 27-Apr-2024 02:43:43WIB Lok:7.77LS 107.89BT (51 km BaratDaya KAB-TASIKMALAYA-JABAR) Kedlmn:113 Km #BMKG Disclaimer:Informasi ini mengutamakan kecepatan sehingga hasil pengolahan data belum stabil dan bisa berubah seiring kelengkapan data https://t.co/z0KPuyTwzI,1783946186434777335,https://pbs.twimg.com/tweet_video_thumb/GMHZmg_agAAqTfe.jpg,,in,Indonesia,3,0,6,https://x.com/infoBMKG/status/1783946186434777335,108543358,infoBMKG
1783944679043792978,Fri Apr 26 19:42:10 +0000 2024,34,#Gempa Mag:3.0 27-Apr-2024 02:39:16WIB Lok:9.23LS 123.84BT (84 km BaratLaut KAB-KUPANG-NTT) Kedlmn:45 Km #BMKG Disclaimer:Informasi ini mengutamakan kecepatan sehingga hasil pengolahan data belum stabil dan bisa berubah seiring kelengkapan data https://t.co/9hfGkKd3SQ,1783944679043792978,https://pbs.twimg.com/tweet_video_thumb/GMHYOxHa0AAWUbm.jpg,,in,Indonesia,1,2,3,https://x.com/infoBMKG/status/1783944679043792978,108543358,infoBMKG
1783923040730157219,Fri Apr 26 18:16:11 +0000 2024,8,#Gempa Mag:3.6 27-Apr-2024 01:10:05WIB Lok:2.96LS 128.94BT (37 km BaratLaut MALUKUTENGAH) Kedlmn:16 Km #BMKG Disclaimer:Informasi ini mengutamakan kecepatan sehingga hasil pengolahan data belum stabil dan bisa berubah seiring kelengkapan data https://t.co/VAniJf8A8h,1783923040730157219,https://pbs.twimg.com/tweet_video_thumb/GMHEjRLbEAE692N.jpg,,in,Indonesia,1,0,1,https://x.com/infoBMKG/status/1783923040730157219,108543358,infoBMKG
1783890323581935967,Fri Apr 26 16:06:10 +0000 2024,20,#Gempa Mag:3.7 26-Apr-2024 23:02:52WIB Lok:0.31LS 122.92BT (97 km BaratDaya BONEBOLANGO-GORONTALO) Kedlmn:36 Km #BMKG Disclaimer:Informasi ini mengutamakan kecepatan sehingga hasil pengolahan data belum stabil dan bisa berubah seiring kelengkapan data https://t.co/lY6i4eDMAG,1783890323581935967,https://pbs.twimg.com/tweet_video_thumb/GMGmy5QbIAAT3aS.jpg,,in,Indonesia,1,1,4,https://x.com/infoBMKG/status/1783890323581935967,108543358,infoBMKG
1783880002788045063,Fri Apr 26 15:25:10 +0000 2024,37,#Gempa Mag:4.8 26-Apr-2024 22:21:31WIB Lok:1.67LU 122.26BT (118 km BaratLaut GORONTALOUTARA-GORONTALO) Kedlmn:10 Km #BMKG Disclaimer:Informasi ini mengutamakan kecepatan sehingga hasil pengolahan data belum stabil dan bisa berubah seiring kelengkapan data https://t.co/lowYyYIUx3,1783880002788045063,https://pbs.twimg.com/tweet_video_thumb/GMGdaKFagAAr_wR.jpg,,in,Indonesia,3,3,7,https://x.com/infoBMKG/status/1783880002788045063,108543358,infoBMKG
1783855591573926094,Fri Apr 26 13:48:10 +0000 2024,177,#Gempa Mag:4.8 26-Apr-2024 20:43:18WIB Lok:10.63LS 115.00BT (205 km BaratDaya KUTASELATAN-BALI) Kedlmn:10 Km #BMKG Disclaimer:Informasi ini mengutamakan kecepatan sehingga hasil pengolahan data belum stabil dan bisa berubah seiring kelengkapan data https://t.co/ypaaawIcY6,1783855591573926094,https://pbs.twimg.com/tweet_video_thumb/GMGHNPaasAAiScW.jpg,,in,Indonesia,6,7,19,https://x.com/infoBMKG/status/1783855591573926094,108543358,infoBMKG
1783855146692456541,Fri Apr 26 13:46:24 +0000 2024,146,#Gempa Mag:5.0 26-Apr-24 20:43:18 WIB Lok:10.62 LS 115.05 BT (203 km BaratDaya KUTASELATAN-BALI) Kedlmn:10 Km tdk berpotensi tsunami #BMKG https://t.co/8qbcu8CVgY,1783855146692456541,https://pbs.twimg.com/tweet_video_thumb/GMGGzSwasAAhIVi.jpg,,in,Indonesia,19,17,43,https://x.com/infoBMKG/status/1783855146692456541,108543358,infoBMKG
1783799724233085215,Fri Apr 26 10:06:10 +0000 2024,24,#Gempa Mag:3.4 26-Apr-2024 16:59:43WIB Lok:4.16LS 102.69BT (15 km Tenggara SELUMA-BENGKULU) Kedlmn:90 Km #BMKG Disclaimer:Informasi ini mengutamakan kecepatan sehingga hasil pengolahan data belum stabil dan bisa berubah seiring kelengkapan data https://t.co/0bWWxdI9gS,1783799724233085215,https://pbs.twimg.com/tweet_video_thumb/GMFUZUdboAEFIRk.jpg,,in,Indonesia,1,0,0,https://x.com/infoBMKG/status/1783799724233085215,108543358,infoBMKG
1783784873997803665,Fri Apr 26 09:07:09 +0000 2024,7,#Gempa Mag:3.6 26-Apr-2024 16:02:53WIB Lok:10.00LS 118.83BT (48 km BaratDaya KODI-SUMBABARATDAYA-NTT) Kedlmn:13 Km #BMKG Disclaimer:Informasi ini mengutamakan kecepatan sehingga hasil pengolahan data belum stabil dan bisa berubah seiring kelengkapan data https://t.co/DE2BTjTiqS,1783784873997803665,https://pbs.twimg.com/tweet_video_thumb/GMFG45ZbEAAQfVx.jpg,,in,Indonesia,1,0,0,https://x.com/infoBMKG/status/1783784873997803665,108543358,infoBMKG
1783765751075389487,Fri Apr 26 07:51:10 +0000 2024,7,#Gempa Mag:3.9 26-Apr-2024 14:46:17WIB Lok:7.31LS 124.96BT (118 km TimurLaut ALOR-NTT) Kedlmn:522 Km #BMKG Disclaimer:Informasi ini mengutamakan kecepatan sehingga hasil pengolahan data belum stabil dan bisa berubah seiring kelengkapan data https://t.co/Qx3QbNgoDj,1783765751075389487,https://pbs.twimg.com/tweet_video_thumb/GME1f02aUAAu7MJ.jpg,,in,Indonesia,1,0,0,https://x.com/infoBMKG/status/1783765751075389487,108543358,infoBMKG
1783750650008080437,Fri Apr 26 06:51:10 +0000 2024,32,#Gempa Mag:3.3 26-Apr-2024 13:47:17WIB Lok:9.12LS 122.75BT (81 km Tenggara MAUMERE-SIKKA-NTT) Kedlmn:57 Km #BMKG Disclaimer:Informasi ini mengutamakan kecepatan sehingga hasil pengolahan data belum stabil dan bisa berubah seiring kelengkapan data https://t.co/MKEQ1oslw2,1783750650008080437,https://pbs.twimg.com/tweet_video_thumb/GMEnwwsbIAAquh3.jpg,,in,Indonesia,1,1,2,https://x.com/infoBMKG/status/1783750650008080437,108543358,infoBMKG
1783725989044060219,Fri Apr 26 05:13:10 +0000 2024,21,#Gempa Mag:3.8 26-Apr-2024 12:09:18WIB Lok:3.65LU 126.71BT (38 km Tenggara MELONGUANE-SULUT) Kedlmn:30 Km #BMKG Disclaimer:Informasi ini mengutamakan kecepatan sehingga hasil pengolahan data belum stabil dan bisa berubah seiring kelengkapan data https://t.co/zzq6xGHHFN,1783725989044060219,https://pbs.twimg.com/tweet_video_thumb/GMERVWfa0AEzh-P.jpg,,in,Indonesia,1,0,2,https://x.com/infoBMKG/status/1783725989044060219,108543358,infoBMKG
1783722711598178751,Fri Apr 26 05:00:09 +0000 2024,37,#Gempa Mag:3.2 26-Apr-2024 11:55:52WIB Lok:3.14LS 139.95BT (19 km Tenggara KAB-JAYAPURA-PAPUA) Kedlmn:10 Km #BMKG Disclaimer:Informasi ini mengutamakan kecepatan sehingga hasil pengolahan data belum stabil dan bisa berubah seiring kelengkapan data https://t.co/s9Mb0hm5vr,1783722711598178751,https://pbs.twimg.com/tweet_video_thumb/GMEOWmCaAAAOyRz.jpg,,in,Indonesia,1,1,2,https://x.com/infoBMKG/status/1783722711598178751,108543358,infoBMKG
1783711644717297891,Fri Apr 26 04:16:10 +0000 2024,13,#Gempa Mag:3.1 26-Apr-2024 11:10:03WIB Lok:0.06LS 122.09BT (59 km Tenggara POHUWATO-GORONTALO) Kedlmn:259 Km #BMKG Disclaimer:Informasi ini mengutamakan kecepatan sehingga hasil pengolahan data belum stabil dan bisa berubah seiring kelengkapan data https://t.co/REybGHNT0n,1783711644717297891,https://pbs.twimg.com/tweet_video_thumb/GMEESZnaMAAN4TL.jpg,,in,Indonesia,1,0,1,https://x.com/infoBMKG/status/1783711644717297891,108543358,infoBMKG
1783708369972580736,Fri Apr 26 04:03:09 +0000 2024,20,#Gempa Mag:3.2 26-Apr-2024 10:59:37WIB Lok:8.83LS 119.32BT (64 km TimurLaut TAMBOLAKA-NTT) Kedlmn:112 Km #BMKG Disclaimer:Informasi ini mengutamakan kecepatan sehingga hasil pengolahan data belum stabil dan bisa berubah seiring kelengkapan data https://t.co/YpAwV3f5jI,1783708369972580736,https://pbs.twimg.com/tweet_video_thumb/GMEBTzvboAAuD-1.jpg,,in,Indonesia,1,1,2,https://x.com/infoBMKG/status/1783708369972580736,108543358,infoBMKG
1783658042552434979,Fri Apr 26 00:43:10 +0000 2024,53,#Gempa Mag:4.1 26-Apr-2024 07:39:56WIB Lok:2.35LS 120.94BT (36 km BaratLaut LUWUTIMUR-SULSEL) Kedlmn:10 Km #BMKG Disclaimer:Informasi ini mengutamakan kecepatan sehingga hasil pengolahan data belum stabil dan bisa berubah seiring kelengkapan data https://t.co/wjy3h8D7wE,1783658042552434979,https://pbs.twimg.com/tweet_video_thumb/GMDTiW7aYAAy0Ui.jpg,,in,Indonesia,1,0,4,https://x.com/infoBMKG/status/1783658042552434979,108543358,infoBMKG
1783643447272104320,Thu Apr 25 23:45:10 +0000 2024,34,#Gempa Mag:3.3 26-Apr-2024 06:38:47WIB Lok:1.43LS 134.53BT (82 km Tenggara MANOKWARISEL-PAPUABRT) Kedlmn:10 Km #BMKG Disclaimer:Informasi ini mengutamakan kecepatan sehingga hasil pengolahan data belum stabil dan bisa berubah seiring kelengkapan data https://t.co/FGdfsPMSTV,1783643447272104320,https://pbs.twimg.com/tweet_video_thumb/GMDGQxrb0AAVTZp.jpg,,in,Indonesia,1,1,4,https://x.com/infoBMKG/status/1783643447272104320,108543358,infoBMKG
1783620796726030618,Thu Apr 25 22:15:10 +0000 2024,40,#Gempa Mag:3.0 26-Apr-2024 05:11:14WIB Lok:9.31LS 120.80BT (60 km BaratDaya BAJAWA-NGADA-NTT) Kedlmn:42 Km #BMKG Disclaimer:Informasi ini mengutamakan kecepatan sehingga hasil pengolahan data belum stabil dan bisa berubah seiring kelengkapan data https://t.co/JUNG5GTPDs,1783620796726030618,https://pbs.twimg.com/tweet_video_thumb/GMCxqWLasAMdYMy.jpg,,in,Indonesia,3,2,3,https://x.com/infoBMKG/status/1783620796726030618,108543358,infoBMKG
1783619037110644774,Thu Apr 25 22:08:11 +0000 2024,57,#Gempa Mag:3.5 26-Apr-2024 05:03:02WIB Lok:2.20LS 102.36BT (37 km BaratLaut SAROLANGUN-JAMBI) Kedlmn:207 Km #BMKG Disclaimer:Informasi ini mengutamakan kecepatan sehingga hasil pengolahan data belum stabil dan bisa berubah seiring kelengkapan data https://t.co/cN97ip7fw1,1783619037110644774,https://pbs.twimg.com/tweet_video_thumb/GMCwD6XasAAYtw0.jpg,,in,Indonesia,2,1,9,https://x.com/infoBMKG/status/1783619037110644774,108543358,infoBMKG
1783486416233861188,Thu Apr 25 13:21:11 +0000 2024,8,#Gempa Mag:3.9 25-Apr-2024 20:14:32WIB Lok:3.32LS 128.36BT (33 km Tenggara SERAMBAGIANBARAT-MALUKU) Kedlmn:10 Km #BMKG Disclaimer:Informasi ini mengutamakan kecepatan sehingga hasil pengolahan data belum stabil dan bisa berubah seiring kelengkapan data https://t.co/tr4c5A18C1,1783486416233861188,https://pbs.twimg.com/tweet_video_thumb/GMA3cYVbcAA864j.jpg,,in,Indonesia,1,0,0,https://x.com/infoBMKG/status/1783486416233861188,108543358,infoBMKG
1783452686140297335,Thu Apr 25 11:07:09 +0000 2024,150,#Gempa Mag:4.9 25-Apr-2024 18:03:03WIB Lok:9.34LS 107.91BT (193 km BaratDaya KAB-PANGANDARAN-JABAR) Kedlmn:10 Km #BMKG Disclaimer:Informasi ini mengutamakan kecepatan sehingga hasil pengolahan data belum stabil dan bisa berubah seiring kelengkapan data https://t.co/zatjJAmFRn,1783452686140297335,https://pbs.twimg.com/tweet_video_thumb/GMAYxDCaUAAwig-.jpg,,in,Indonesia,2,8,39,https://x.com/infoBMKG/status/1783452686140297335,108543358,infoBMKG
1783420227935678711,Thu Apr 25 08:58:11 +0000 2024,27,#Gempa Mag:4.7 25-Apr-2024 15:54:48WIB Lok:3.32LS 128.41BT (37 km Tenggara SERAMBAGIANBARAT-MALUKU) Kedlmn:10 Km #BMKG Disclaimer:Informasi ini mengutamakan kecepatan sehingga hasil pengolahan data belum stabil dan bisa berubah seiring kelengkapan data https://t.co/AHY0keftqO,1783420227935678711,https://pbs.twimg.com/tweet_video_thumb/GL_7Ptma4AIDyxl.jpg,,in,Indonesia,3,2,3,https://x.com/infoBMKG/status/1783420227935678711,108543358,infoBMKG
1783403863799976320,Thu Apr 25 07:53:09 +0000 2024,10,#Gempa Mag:3.1 25-Apr-2024 14:46:11WIB Lok:8.90LS 124.17BT (77 km BaratLaut TIMORTENGAHUT-NTT) Kedlmn:52 Km #BMKG Disclaimer:Informasi ini mengutamakan kecepatan sehingga hasil pengolahan data belum stabil dan bisa berubah seiring kelengkapan data https://t.co/3IRux6hu6c,1783403863799976320,https://pbs.twimg.com/tweet_video_thumb/GL_sXOEaAAAQT_U.jpg,,in,Indonesia,1,0,0,https://x.com/infoBMKG/status/1783403863799976320,108543358,infoBMKG
1783399837893025935,Thu Apr 25 07:37:09 +0000 2024,70,#Gempa Mag:4.7 25-Apr-2024 14:33:11WIB Lok:6.10LU 95.28BT (23 km BaratLaut KOTA-SABANG-ACEH) Kedlmn:235 Km #BMKG Disclaimer:Informasi ini mengutamakan kecepatan sehingga hasil pengolahan data belum stabil dan bisa berubah seiring kelengkapan data https://t.co/0nfVmaxzxa,1783399837893025935,https://pbs.twimg.com/tweet_video_thumb/GL_os0ZaAAA1vzt.jpg,,in,Indonesia,2,1,11,https://x.com/infoBMKG/status/1783399837893025935,108543358,infoBMKG
1783353027577155927,Thu Apr 25 04:31:09 +0000 2024,82,#Gempa Mag:4.7 25-Apr-2024 11:26:34WIB Lok:2.92LS 100.01BT (109 km Tenggara TUAPEJAT-SUMBAR) Kedlmn:21 Km #BMKG Disclaimer:Informasi ini mengutamakan kecepatan sehingga hasil pengolahan data belum stabil dan bisa berubah seiring kelengkapan data https://t.co/Ot69QruFqk,1783353027577155927,https://pbs.twimg.com/tweet_video_thumb/GL--IIiakAIjjeT.jpg,,in,Indonesia,1,2,9,https://x.com/infoBMKG/status/1783353027577155927,108543358,infoBMKG
1783351772356182371,Thu Apr 25 04:26:10 +0000 2024,12,#Gempa Mag:4.9 25-Apr-2024 11:20:23WIB Lok:7.32LU 127.16BT (372 km TimurLaut MELONGUANE-SULUT) Kedlmn:10 Km #BMKG Disclaimer:Informasi ini mengutamakan kecepatan sehingga hasil pengolahan data belum stabil dan bisa berubah seiring kelengkapan data https://t.co/odsqn8xybA,1783351772356182371,https://pbs.twimg.com/tweet_video_thumb/GL-8_GGbgAAOy3a.jpg,,in,Indonesia,1,0,1,https://x.com/infoBMKG/status/1783351772356182371,108543358,infoBMKG
1783287848436981797,Thu Apr 25 00:12:09 +0000 2024,25,#Gempa Mag:3.7 25-Apr-2024 07:06:28WIB Lok:8.92LS 123.97BT (73 km Tenggara LEMBATA-NTT) Kedlmn:58 Km #BMKG Disclaimer:Informasi ini mengutamakan kecepatan sehingga hasil pengolahan data belum stabil dan bisa berubah seiring kelengkapan data https://t.co/rDT4roJlv4,1783287848436981797,https://pbs.twimg.com/tweet_video_thumb/GL-C2PUbMAAz5uf.jpg,,in,Indonesia,1,0,2,https://x.com/infoBMKG/status/1783287848436981797,108543358,infoBMKG
1783274506653753646,Wed Apr 24 23:19:08 +0000 2024,15,#Gempa Mag:3.9 25-Apr-2024 06:12:52WIB Lok:6.61LS 104.17BT (137 km BaratDaya TANGGAMUS-LAMPUNG) Kedlmn:12 Km #BMKG Disclaimer:Informasi ini mengutamakan kecepatan sehingga hasil pengolahan data belum stabil dan bisa berubah seiring kelengkapan data https://t.co/hBLnGZNmTu,1783274506653753646,https://pbs.twimg.com/tweet_video_thumb/GL92tnSaoAAUGGF.jpg,,in,Indonesia,2,0,3,https://x.com/infoBMKG/status/1783274506653753646,108543358,infoBMKG
1783245320656400616,Wed Apr 24 21:23:10 +0000 2024,11,#Gempa Mag:4.2 25-Apr-2024 04:17:48WIB Lok:5.41LU 123.78BT (275 km BaratLaut TAHUNA-KEP.SANGIHE-SULUT) Kedlmn:476 Km #BMKG Disclaimer:Informasi ini mengutamakan kecepatan sehingga hasil pengolahan data belum stabil dan bisa berubah seiring kelengkapan data https://t.co/Ne0wX4OOQJ,1783245320656400616,https://pbs.twimg.com/tweet_video_thumb/GL9cKzNb0AAdmB-.jpg,,in,Indonesia,1,1,5,https://x.com/infoBMKG/status/1783245320656400616,108543358,infoBMKG
1783238526668353690,Wed Apr 24 20:56:10 +0000 2024,7,#Gempa Mag:3.4 25-Apr-2024 03:51:51WIB Lok:7.87LS 117.40BT (68 km BaratLaut SUMBAWA-NTB) Kedlmn:11 Km #BMKG Disclaimer:Informasi ini mengutamakan kecepatan sehingga hasil pengolahan data belum stabil dan bisa berubah seiring kelengkapan data https://t.co/UcJwXLaupm,1783238526668353690,https://pbs.twimg.com/tweet_video_thumb/GL9V_Tab0AAUnRB.jpg,,in,Indonesia,1,0,2,https://x.com/infoBMKG/status/1783238526668353690,108543358,infoBMKG
1783238019962781785,Wed Apr 24 20:54:09 +0000 2024,121,#Gempa Mag:3.8 25-Apr-2024 03:47:09WIB Lok:8.19LS 107.90BT (85 km BaratDaya KAB-PANGANDARAN-JABAR) Kedlmn:10 Km #BMKG Disclaimer:Informasi ini mengutamakan kecepatan sehingga hasil pengolahan data belum stabil dan bisa berubah seiring kelengkapan data https://t.co/VhQxXqPFYd,1783238019962781785,https://pbs.twimg.com/tweet_video_thumb/GL9Vh0WbAAAPZPE.jpg,,in,Indonesia,2,10,18,https://x.com/infoBMKG/status/1783238019962781785,108543358,infoBMKG
1783196756609806520,Wed Apr 24 18:10:11 +0000 2024,11,#Gempa Mag:3.0 25-Apr-2024 01:05:26WIB Lok:2.71LS 121.64BT (29 km BaratDaya MOROWALI-SULTENG) Kedlmn:10 Km #BMKG Disclaimer:Informasi ini mengutamakan kecepatan sehingga hasil pengolahan data belum stabil dan bisa berubah seiring kelengkapan data https://t.co/P4BhoyyIcb,1783196756609806520,https://pbs.twimg.com/tweet_video_thumb/GL8v__gaEAA0ddu.jpg,,in,Indonesia,1,0,1,https://x.com/infoBMKG/status/1783196756609806520,108543358,infoBMKG
1783188195297100138,Wed Apr 24 17:36:10 +0000 2024,24,#Gempa Mag:3.3 25-Apr-2024 00:31:27WIB Lok:3.48LU 96.74BT (46 km BaratDaya BLANGPIDIE-ACEHBARATDAYA) Kedlmn:23 Km #BMKG Disclaimer:Informasi ini mengutamakan kecepatan sehingga hasil pengolahan data belum stabil dan bisa berubah seiring kelengkapan data https://t.co/lLBVCrZeiF,1783188195297100138,https://pbs.twimg.com/tweet_video_thumb/GL8oNobaYAIKmK8.jpg,,in,Indonesia,1,1,0,https://x.com/infoBMKG/status/1783188195297100138,108543358,infoBMKG
1783180148017357289,Wed Apr 24 17:04:11 +0000 2024,87,#Gempa Mag:5.1 25-Apr-2024 00:01:02WIB Lok:0.19LU 122.57BT (45 km Tenggara BOALEMO-GORONTALO) Kedlmn:156 Km #BMKG Disclaimer:Informasi ini mengutamakan kecepatan sehingga hasil pengolahan data belum stabil dan bisa berubah seiring kelengkapan data https://t.co/jcjCfqM1DM,1783180148017357289,https://pbs.twimg.com/tweet_video_thumb/GL8g5OUaYAA35u7.jpg,,in,Indonesia,22,29,31,https://x.com/infoBMKG/status/1783180148017357289,108543358,infoBMKG
1783180090509308146,Wed Apr 24 17:03:58 +0000 2024,50,#Gempa Mag:5.3 25-Apr-24 00:01:02 WIB Lok:0.19 LU 122.57 BT (45 km Tenggara BOALEMO-GORONTALO) Kedlmn:156 Km tdk berpotensi tsunami #BMKG https://t.co/52ipx3NNNs,1783180090509308146,https://pbs.twimg.com/tweet_video_thumb/GL8g13QaQAAnGVX.jpg,,in,Indonesia,9,4,16,https://x.com/infoBMKG/status/1783180090509308146,108543358,infoBMKG
1783167064242577782,Wed Apr 24 16:12:12 +0000 2024,18,#Gempa Mag:3.7 24-Apr-2024 23:07:11WIB Lok:0.14LS 124.46BT (77 km Tenggara BOLAANGUKI-BOLSEL-SULUT) Kedlmn:10 Km #BMKG Disclaimer:Informasi ini mengutamakan kecepatan sehingga hasil pengolahan data belum stabil dan bisa berubah seiring kelengkapan data https://t.co/iNNhxupQ0o,1783167064242577782,https://pbs.twimg.com/tweet_video_thumb/GL8U_opbIAAXDiJ.jpg,,in,Indonesia,1,1,1,https://x.com/infoBMKG/status/1783167064242577782,108543358,infoBMKG
1783141131431313712,Wed Apr 24 14:29:09 +0000 2024,122,#Gempa Mag:3.3 24-Apr-2024 21:26:43WIB Lok:6.84LS 106.50BT (17 km BaratLaut KAB-SUKABUMI-JABAR) Kedlmn:127 Km #BMKG Disclaimer:Informasi ini mengutamakan kecepatan sehingga hasil pengolahan data belum stabil dan bisa berubah seiring kelengkapan data https://t.co/m3vRdvRiOQ,1783141131431313712,https://pbs.twimg.com/tweet_video_thumb/GL79aKMaYAASxho.jpg,,in,Indonesia,2,2,23,https://x.com/infoBMKG/status/1783141131431313712,108543358,infoBMKG
1783112704145994095,Wed Apr 24 12:36:11 +0000 2024,23,#Gempa Mag:4.2 24-Apr-2024 19:30:37WIB Lok:0.08LS 124.16BT (54 km Tenggara BOLAANGUKI-BOLSEL-SULUT) Kedlmn:74 Km #BMKG Disclaimer:Informasi ini mengutamakan kecepatan sehingga hasil pengolahan data belum stabil dan bisa berubah seiring kelengkapan data https://t.co/bS8NskFreM,1783112704145994095,https://pbs.twimg.com/tweet_video_thumb/GL7jjfdaAAAUNqc.jpg,,in,Indonesia,1,0,5,https://x.com/infoBMKG/status/1783112704145994095,108543358,infoBMKG
1783029400122065005,Wed Apr 24 07:05:10 +0000 2024,45,#Gempa Mag:4.1 24-Apr-2024 14:01:33WIB Lok:0.98LU 98.73BT (74 km BaratDaya PADANGSIDEMPUAN-SUMUT) Kedlmn:37 Km #BMKG Disclaimer:Informasi ini mengutamakan kecepatan sehingga hasil pengolahan data belum stabil dan bisa berubah seiring kelengkapan data https://t.co/Hz55IRWKFm,1783029400122065005,https://pbs.twimg.com/tweet_video_thumb/GL6XySqa4AA617c.jpg,,in,Indonesia,1,1,8,https://x.com/infoBMKG/status/1783029400122065005,108543358,infoBMKG
1783028887922069938,Wed Apr 24 07:03:08 +0000 2024,12,#Gempa Mag:3.9 24-Apr-2024 13:58:58WIB Lok:2.37LS 140.50BT (99 km TimurLaut KAB-JAYAPURA-PAPUA) Kedlmn:10 Km #BMKG Disclaimer:Informasi ini mengutamakan kecepatan sehingga hasil pengolahan data belum stabil dan bisa berubah seiring kelengkapan data https://t.co/nQatgoNGJG,1783028887922069938,https://pbs.twimg.com/tweet_video_thumb/GL6XUuDakAAykoD.jpg,,in,Indonesia,1,0,0,https://x.com/infoBMKG/status/1783028887922069938,108543358,infoBMKG
1782975294258962894,Wed Apr 24 03:30:10 +0000 2024,10,#Gempa Mag:4.3 24-Apr-2024 10:24:00WIB Lok:4.22LS 137.02BT (65 km Tenggara DEIYAI-PAPUA) Kedlmn:10 Km #BMKG Disclaimer:Informasi ini mengutamakan kecepatan sehingga hasil pengolahan data belum stabil dan bisa berubah seiring kelengkapan data https://t.co/T5Q5lNreWU,1782975294258962894,https://pbs.twimg.com/tweet_video_thumb/GL5mlGwaYAAf0PP.jpg,,in,Indonesia,2,1,0,https://x.com/infoBMKG/status/1782975294258962894,108543358,infoBMKG
1782815244349501539,Tue Apr 23 16:54:12 +0000 2024,72,#Gempa Mag:4.1 23-Apr-2024 23:48:15WIB Lok:0.81LS 127.44BT (19 km BaratDaya LABUHA-MALUT) Kedlmn:11 Km #BMKG Disclaimer:Informasi ini mengutamakan kecepatan sehingga hasil pengolahan data belum stabil dan bisa berubah seiring kelengkapan data https://t.co/Ichx7oojQP,1782815244349501539,https://pbs.twimg.com/tweet_video_thumb/GL3VA-VbQAARmkT.jpg,,in,Indonesia,0,1,7,https://x.com/infoBMKG/status/1782815244349501539,108543358,infoBMKG
1782805935200829507,Tue Apr 23 16:17:12 +0000 2024,19,#Gempa Mag:3.5 23-Apr-2024 23:13:21WIB Lok:0.92LU 120.51BT (27 km BaratLaut TOLI-TOLI-SULTENG) Kedlmn:10 Km #BMKG Disclaimer:Informasi ini mengutamakan kecepatan sehingga hasil pengolahan data belum stabil dan bisa berubah seiring kelengkapan data https://t.co/UX0KxrR2rv,1782805935200829507,https://pbs.twimg.com/tweet_video_thumb/GL3Mi70bIAAhjrw.jpg,,in,Indonesia,1,1,2,https://x.com/infoBMKG/status/1782805935200829507,108543358,infoBMKG
1782729428004732968,Tue Apr 23 11:13:11 +0000 2024,29,#Gempa Mag:3.7 23-Apr-2024 18:09:39WIB Lok:2.68LS 129.71BT (98 km BaratLaut SERAMBAGIANTIMUR-MALUKU) Kedlmn:10 Km #BMKG Disclaimer:Informasi ini mengutamakan kecepatan sehingga hasil pengolahan data belum stabil dan bisa berubah seiring kelengkapan data https://t.co/9ryVhzvjlX,1782729428004732968,https://pbs.twimg.com/tweet_video_thumb/GL2G93TbcAA1usi.jpg,,in,Indonesia,1,1,4,https://x.com/infoBMKG/status/1782729428004732968,108543358,infoBMKG
1782651154918469668,Tue Apr 23 06:02:10 +0000 2024,4,#Gempa Mag:4.2 23-Apr-2024 12:56:34WIB Lok:6.12LS 127.60BT (226 km BaratLaut MALUKUBRTDAYA) Kedlmn:390 Km #BMKG Disclaimer:Informasi ini mengutamakan kecepatan sehingga hasil pengolahan data belum stabil dan bisa berubah seiring kelengkapan data https://t.co/8INDofV0jD,1782651154918469668,https://pbs.twimg.com/tweet_video_thumb/GL0_xyTasAAim3Q.jpg,,in,Indonesia,1,1,2,https://x.com/infoBMKG/status/1782651154918469668,108543358,infoBMKG
1782588240018714949,Tue Apr 23 01:52:09 +0000 2024,23,#Gempa Mag:3.2 23-Apr-2024 08:47:41WIB Lok:8.50LS 118.41BT (7 km BaratLaut DOMPU-NTB) Kedlmn:103 Km #BMKG Disclaimer:Informasi ini mengutamakan kecepatan sehingga hasil pengolahan data belum stabil dan bisa berubah seiring kelengkapan data https://t.co/grXDZTL46P,1782588240018714949,https://pbs.twimg.com/tweet_video_thumb/GL0Gjqoa0AAK3ti.jpg,,in,Indonesia,1,1,1,https://x.com/infoBMKG/status/1782588240018714949,108543358,infoBMKG
1782550743184187572,Mon Apr 22 23:23:10 +0000 2024,8,#Gempa Mag:3.3 23-Apr-2024 06:17:08WIB Lok:2.16LU 126.69BT (134 km BaratLaut HALMAHERABARAT-MALUT) Kedlmn:10 Km #BMKG Disclaimer:Informasi ini mengutamakan kecepatan sehingga hasil pengolahan data belum stabil dan bisa berubah seiring kelengkapan data https://t.co/jnZ0YgjoYX,1782550743184187572,https://pbs.twimg.com/tweet_video_thumb/GLzkdDcacAA-Atn.jpg,,in,Indonesia,2,3,1,https://x.com/infoBMKG/status/1782550743184187572,108543358,infoBMKG
1782533882820346083,Mon Apr 22 22:16:10 +0000 2024,20,#Gempa Mag:4.3 23-Apr-2024 05:11:42WIB Lok:7.67LS 127.57BT (58 km BaratLaut MALUKUBRTDAYA) Kedlmn:114 Km #BMKG Disclaimer:Informasi ini mengutamakan kecepatan sehingga hasil pengolahan data belum stabil dan bisa berubah seiring kelengkapan data https://t.co/asrL77XVcd,1782533882820346083,https://pbs.twimg.com/tweet_video_thumb/GLzVHpAawAAztbS.jpg,,in,Indonesia,1,0,2,https://x.com/infoBMKG/status/1782533882820346083,108543358,infoBMKG
1782494881568702952,Mon Apr 22 19:41:11 +0000 2024,16,#Gempa Mag:4.2 23-Apr-2024 02:36:18WIB Lok:0.76LS 122.11BT (73 km TimurLaut TOJOUNA-UNA-SULTENG) Kedlmn:10 Km #BMKG Disclaimer:Informasi ini mengutamakan kecepatan sehingga hasil pengolahan data belum stabil dan bisa berubah seiring kelengkapan data https://t.co/JTBX9zSbQT,1782494881568702952,https://pbs.twimg.com/tweet_video_thumb/GLyxpfYawAEw0B3.jpg,,in,Indonesia,0,0,2,https://x.com/infoBMKG/status/1782494881568702952,108543358,infoBMKG
1782459392526516548,Mon Apr 22 17:20:10 +0000 2024,27,#Gempa Mag:3.7 23-Apr-2024 00:17:23WIB Lok:7.84LS 117.45BT (72 km TimurLaut SUMBAWA-NTB) Kedlmn:311 Km #BMKG Disclaimer:Informasi ini mengutamakan kecepatan sehingga hasil pengolahan data belum stabil dan bisa berubah seiring kelengkapan data https://t.co/Wro7stUh3U,1782459392526516548,https://pbs.twimg.com/tweet_video_thumb/GLyRXv0aAAEtid3.jpg,,in,Indonesia,1,0,1,https://x.com/infoBMKG/status/1782459392526516548,108543358,infoBMKG
1782447565839151570,Mon Apr 22 16:33:10 +0000 2024,20,#Gempa Mag:4.0 22-Apr-2024 23:30:47WIB Lok:1.02LU 98.88BT (58 km BaratDaya PADANGSIDEMPUAN-SUMUT) Kedlmn:33 Km #BMKG Disclaimer:Informasi ini mengutamakan kecepatan sehingga hasil pengolahan data belum stabil dan bisa berubah seiring kelengkapan data https://t.co/ugMuYhLmzS,1782447565839151570,https://pbs.twimg.com/tweet_video_thumb/GLyGnULaEAAC7wz.jpg,,in,Indonesia,1,1,3,https://x.com/infoBMKG/status/1782447565839151570,108543358,infoBMKG
1782430207938342947,Mon Apr 22 15:24:12 +0000 2024,20,#Gempa Mag:3.3 22-Apr-2024 22:19:39WIB Lok:2.43LS 121.20BT (17 km TimurLaut LUWUTIMUR-SULSEL) Kedlmn:10 Km #BMKG Disclaimer:Informasi ini mengutamakan kecepatan sehingga hasil pengolahan data belum stabil dan bisa berubah seiring kelengkapan data https://t.co/N7SlEJoD0d,1782430207938342947,https://pbs.twimg.com/tweet_video_thumb/GLx204zbUAAfQST.jpg,,in,Indonesia,2,1,5,https://x.com/infoBMKG/status/1782430207938342947,108543358,infoBMKG
1782412086792081677,Mon Apr 22 14:12:11 +0000 2024,15,#Gempa Mag:3.6 22-Apr-2024 21:09:48WIB Lok:1.48LS 134.54BT (86 km Tenggara MANOKWARISEL-PAPUABRT) Kedlmn:13 Km #BMKG Disclaimer:Informasi ini mengutamakan kecepatan sehingga hasil pengolahan data belum stabil dan bisa berubah seiring kelengkapan data https://t.co/KTqC5CKszO,1782412086792081677,https://pbs.twimg.com/tweet_video_thumb/GLxmWMaagAAamHy.jpg,,in,Indonesia,1,0,0,https://x.com/infoBMKG/status/1782412086792081677,108543358,infoBMKG
1782376347022876986,Mon Apr 22 11:50:10 +0000 2024,37,#Gempa Mag:3.5 22-Apr-2024 18:47:03WIB Lok:7.94LS 119.26BT (81 km TimurLaut BIMA-NTB) Kedlmn:97 Km #BMKG Disclaimer:Informasi ini mengutamakan kecepatan sehingga hasil pengolahan data belum stabil dan bisa berubah seiring kelengkapan data https://t.co/XOa3SqaJSl,1782376347022876986,https://pbs.twimg.com/tweet_video_thumb/GLxF137bcAEyw4J.jpg,,in,Indonesia,2,2,5,https://x.com/infoBMKG/status/1782376347022876986,108543358,infoBMKG
1782367085697593670,Mon Apr 22 11:13:22 +0000 2024,5554,#Gempa Mag:5.1 22-Apr-24 18:10:47 WIB Lok:9.11 LS 111.31 BT (105 km Tenggara PACITAN-JATIM) Kedlmn:10 Km tdk berpotensi tsunami #BMKG https://t.co/WphndK5r0j,1782367085697593670,https://pbs.twimg.com/tweet_video_thumb/GLw9anPbwAAmZSC.jpg,,in,Indonesia,1453,1241,1714,https://x.com/infoBMKG/status/1782367085697593670,108543358,infoBMKG
1782350427704688748,Mon Apr 22 10:07:11 +0000 2024,118,#Gempa Mag:2.8 22-Apr-2024 17:01:30WIB Lok:7.97LS 110.48BT (14 km BaratLaut GUNUNGKIDUL-DIY) Kedlmn:10 Km #BMKG Disclaimer:Informasi ini mengutamakan kecepatan sehingga hasil pengolahan data belum stabil dan bisa berubah seiring kelengkapan data https://t.co/vNNXDmXjlB,1782350427704688748,https://pbs.twimg.com/tweet_video_thumb/GLwuRGUbcAAsBQh.jpg,,in,Indonesia,6,0,20,https://x.com/infoBMKG/status/1782350427704688748,108543358,infoBMKG
1782336081284960584,Mon Apr 22 09:10:10 +0000 2024,510,#Gempa Mag:3.3 22-Apr-2024 16:05:16WIB Lok:7.13LS 111.86BT (3 km BaratLaut BOJONEGORO-JATIM) Kedlmn:10 Km #BMKG Disclaimer:Informasi ini mengutamakan kecepatan sehingga hasil pengolahan data belum stabil dan bisa berubah seiring kelengkapan data https://t.co/lXMy3vOpAu,1782336081284960584,https://pbs.twimg.com/tweet_video_thumb/GLwhOBkagAA6iEp.jpg,,in,Indonesia,49,42,81,https://x.com/infoBMKG/status/1782336081284960584,108543358,infoBMKG
1782314444288340299,Mon Apr 22 07:44:11 +0000 2024,4,#Gempa Mag:3.5 22-Apr-2024 14:40:10WIB Lok:2.21LS 121.00BT (45 km BaratLaut LUWUTIMUR-SULSEL) Kedlmn:10 Km #BMKG Disclaimer:Informasi ini mengutamakan kecepatan sehingga hasil pengolahan data belum stabil dan bisa berubah seiring kelengkapan data https://t.co/ZtMpmyh4Oj,1782314444288340299,https://pbs.twimg.com/tweet_video_thumb/GLwNifOa8AAFE_N.jpg,,in,Indonesia,1,2,1,https://x.com/infoBMKG/status/1782314444288340299,108543358,infoBMKG
1782282980322668785,Mon Apr 22 05:39:10 +0000 2024,13,#Gempa Mag:4.9 22-Apr-2024 12:34:13WIB Lok:6.41LS 130.93BT (178 km BaratLaut MALUKUTENGGARABRT) Kedlmn:120 Km #BMKG Disclaimer:Informasi ini mengutamakan kecepatan sehingga hasil pengolahan data belum stabil dan bisa berubah seiring kelengkapan data https://t.co/6vv52wdC30,1782282980322668785,https://pbs.twimg.com/tweet_video_thumb/GLvw7KdboAA6gzd.jpg,,in,Indonesia,0,0,3,https://x.com/infoBMKG/status/1782282980322668785,108543358,infoBMKG
1782282541170573724,Mon Apr 22 05:37:25 +0000 2024,10,#Gempa Mag:5.0 22-Apr-24 12:34:12 WIB Lok:6.33 LS 130.86 BT (188 km BaratLaut TANIMBAR) Kedlmn:10 Km tdk berpotensi tsunami #BMKG https://t.co/KI424iYNFr,1782282541170573724,https://pbs.twimg.com/tweet_video_thumb/GLvwhlJaAAA_u9f.jpg,,in,Indonesia,1,0,5,https://x.com/infoBMKG/status/1782282541170573724,108543358,infoBMKG
1782244999847198918,Mon Apr 22 03:08:15 +0000 2024,52,#Gempa Mag:4.7 22-Apr-2024 10:03:14WIB Lok:1.10LU 127.01BT (50 km BaratLaut JAILOLO-MALUT) Kedlmn:11 Km #BMKG Disclaimer:Informasi ini mengutamakan kecepatan sehingga hasil pengolahan data belum stabil dan bisa berubah seiring kelengkapan data https://t.co/VhdflMB3lu,1782244999847198918,https://pbs.twimg.com/tweet_video_thumb/GLvOYPma4AABpZv.jpg,,in,Indonesia,6,2,15,https://x.com/infoBMKG/status/1782244999847198918,108543358,infoBMKG
1782225861405769879,Mon Apr 22 01:52:12 +0000 2024,7,#Gempa Mag:2.8 22-Apr-2024 08:48:06WIB Lok:2.84LS 119.44BT (15 km TimurLaut MAMASA-SULBAR) Kedlmn:10 Km #BMKG Disclaimer:Informasi ini mengutamakan kecepatan sehingga hasil pengolahan data belum stabil dan bisa berubah seiring kelengkapan data https://t.co/AMmHp6fEKK,1782225861405769879,https://pbs.twimg.com/tweet_video_thumb/GLu8-QubAAA5n0-.jpg,,in,Indonesia,1,0,0,https://x.com/infoBMKG/status/1782225861405769879,108543358,infoBMKG
1782210751983411708,Mon Apr 22 00:52:09 +0000 2024,1889,#Gempa Mag:4.9 22-Apr-2024 07:48:01WIB Lok:8.36LS 109.19BT (73 km Tenggara CILACAP-JATENG) Kedlmn:52 Km #BMKG Disclaimer:Informasi ini mengutamakan kecepatan sehingga hasil pengolahan data belum stabil dan bisa berubah seiring kelengkapan data https://t.co/7ceQ56aqPJ,1782210751983411708,https://pbs.twimg.com/tweet_video_thumb/GLuvO6ibgAA4Tj1.jpg,,in,Indonesia,335,256,459,https://x.com/infoBMKG/status/1782210751983411708,108543358,infoBMKG
1782134272767533459,Sun Apr 21 19:48:15 +0000 2024,10,#Gempa Mag:2.3 22-Apr-2024 02:45:00WIB Lok:1.36LS 120.07BT (21 km TimurLaut SIGI-SULTENG) Kedlmn:10 Km #BMKG Disclaimer:Informasi ini mengutamakan kecepatan sehingga hasil pengolahan data belum stabil dan bisa berubah seiring kelengkapan data https://t.co/QXysWBta2X,1782134272767533459,https://pbs.twimg.com/tweet_video_thumb/GLtpqs3a4AA7Kah.jpg,,in,Indonesia,1,0,0,https://x.com/infoBMKG/status/1782134272767533459,108543358,infoBMKG
1782133756830306639,Sun Apr 21 19:46:12 +0000 2024,12,#Gempa Mag:3.3 22-Apr-2024 02:43:07WIB Lok:0.79LS 99.09BT (117 km BaratDaya AGAM-SUMBAR) Kedlmn:11 Km #BMKG Disclaimer:Informasi ini mengutamakan kecepatan sehingga hasil pengolahan data belum stabil dan bisa berubah seiring kelengkapan data https://t.co/Zbq3qj2tYU,1782133756830306639,https://pbs.twimg.com/tweet_video_thumb/GLtpM5CbAAAGch1.jpg,,in,Indonesia,1,0,0,https://x.com/infoBMKG/status/1782133756830306639,108543358,infoBMKG
1782120662016160049,Sun Apr 21 18:54:10 +0000 2024,100,#Gempa Mag:3.9 22-Apr-2024 01:50:44WIB Lok:8.79LS 109.24BT (121 km Tenggara CILACAP-JATENG) Kedlmn:10 Km #BMKG Disclaimer:Informasi ini mengutamakan kecepatan sehingga hasil pengolahan data belum stabil dan bisa berubah seiring kelengkapan data https://t.co/CYvqvG7rV2,1782120662016160049,https://pbs.twimg.com/tweet_video_thumb/GLtdS_6bIAAa0Q1.jpg,,in,Indonesia,2,0,20,https://x.com/infoBMKG/status/1782120662016160049,108543358,infoBMKG
1782058776302088228,Sun Apr 21 14:48:15 +0000 2024,21,#Gempa Mag:3.7 21-Apr-2024 21:45:02WIB Lok:0.58LU 120.88BT (8 km Tenggara PARIGIMOUTONG-SULTENG) Kedlmn:65 Km #BMKG Disclaimer:Informasi ini mengutamakan kecepatan sehingga hasil pengolahan data belum stabil dan bisa berubah seiring kelengkapan data https://t.co/fonkTwhEkQ,1782058776302088228,https://pbs.twimg.com/tweet_video_thumb/GLslAWeaEAIod35.jpg,,in,Indonesia,1,1,3,https://x.com/infoBMKG/status/1782058776302088228,108543358,infoBMKG
1781994841121144861,Sun Apr 21 10:34:12 +0000 2024,17,#Gempa Mag:2.7 21-Apr-2024 17:27:19WIB Lok:8.18LS 120.39BT (48 km BaratLaut RUTENG-MANGGARAI-NTT) Kedlmn:18 Km #BMKG Disclaimer:Informasi ini mengutamakan kecepatan sehingga hasil pengolahan data belum stabil dan bisa berubah seiring kelengkapan data https://t.co/gj0zl47QR0,1781994841121144861,https://pbs.twimg.com/tweet_video_thumb/GLrq3FcasAAb8MK.jpg,,in,Indonesia,1,0,3,https://x.com/infoBMKG/status/1781994841121144861,108543358,infoBMKG
1781992322710053291,Sun Apr 21 10:24:12 +0000 2024,1,#Gempa Mag:3.1 21-Apr-2024 17:18:08WIB Lok:0.60LS 127.81BT (35 km TimurLaut LABUHA-MALUT) Kedlmn:10 Km #BMKG Disclaimer:Informasi ini mengutamakan kecepatan sehingga hasil pengolahan data belum stabil dan bisa berubah seiring kelengkapan data https://t.co/6AljymvGXC,1781992322710053291,https://pbs.twimg.com/tweet_video_thumb/GLrokpCaUAAJrCR.jpg,,in,Indonesia,1,0,0,https://x.com/infoBMKG/status/1781992322710053291,108543358,infoBMKG
1781979989052969281,Sun Apr 21 09:35:11 +0000 2024,12,#Gempa Mag:4.3 21-Apr-2024 16:31:03WIB Lok:4.86LU 124.07BT (210 km BaratLaut TAHUNA-KEP.SANGIHE-SULUT) Kedlmn:612 Km #BMKG Disclaimer:Informasi ini mengutamakan kecepatan sehingga hasil pengolahan data belum stabil dan bisa berubah seiring kelengkapan data https://t.co/D1XjanB0ew,1781979989052969281,https://pbs.twimg.com/tweet_video_thumb/GLrdWvPbgAAR-QS.jpg,,in,Indonesia,1,0,1,https://x.com/infoBMKG/status/1781979989052969281,108543358,infoBMKG
1781953070920065496,Sun Apr 21 07:48:13 +0000 2024,13,#Gempa Mag:4.0 21-Apr-2024 14:42:20WIB Lok:5.84LS 129.06BT (266 km Tenggara BURUSELATAN-MALUKU) Kedlmn:322 Km #BMKG Disclaimer:Informasi ini mengutamakan kecepatan sehingga hasil pengolahan data belum stabil dan bisa berubah seiring kelengkapan data https://t.co/d3mqjfhSTp,1781953070920065496,https://pbs.twimg.com/tweet_video_thumb/GLrE3htaIAAL8gl.jpg,,in,Indonesia,1,0,2,https://x.com/infoBMKG/status/1781953070920065496,108543358,infoBMKG
1781895679558004851,Sun Apr 21 04:00:10 +0000 2024,129,#Gempa Mag:3.6 21-Apr-2024 10:56:58WIB Lok:9.16LS 114.26BT (97 km BaratDaya JEMBRANA-BALI) Kedlmn:30 Km #BMKG Disclaimer:Informasi ini mengutamakan kecepatan sehingga hasil pengolahan data belum stabil dan bisa berubah seiring kelengkapan data https://t.co/H5uw95WBoG,1781895679558004851,https://pbs.twimg.com/tweet_video_thumb/GLqQrRXboAA_I-B.jpg,,in,Indonesia,2,2,9,https://x.com/infoBMKG/status/1781895679558004851,108543358,infoBMKG
1781888884470903063,Sun Apr 21 03:33:10 +0000 2024,33,#Gempa Mag:3.5 21-Apr-2024 10:30:06WIB Lok:3.00LU 96.18BT (62 km BaratLaut SINABANG-ACEH) Kedlmn:14 Km #BMKG Disclaimer:Informasi ini mengutamakan kecepatan sehingga hasil pengolahan data belum stabil dan bisa berubah seiring kelengkapan data https://t.co/7He1oIq0l8,1781888884470903063,https://pbs.twimg.com/tweet_video_thumb/GLqKfmQbUAAGVW0.jpg,,in,Indonesia,1,1,4,https://x.com/infoBMKG/status/1781888884470903063,108543358,infoBMKG
1781887643674169454,Sun Apr 21 03:28:14 +0000 2024,31,#Gempa Mag:3.6 21-Apr-2024 10:25:45WIB Lok:9.60LS 117.77BT (129 km Tenggara SUMBAWA-NTB) Kedlmn:11 Km #BMKG Disclaimer:Informasi ini mengutamakan kecepatan sehingga hasil pengolahan data belum stabil dan bisa berubah seiring kelengkapan data https://t.co/A3gFc1BlOx,1781887643674169454,https://pbs.twimg.com/tweet_video_thumb/GLqJXKlbMAA28DN.jpg,,in,Indonesia,0,0,4,https://x.com/infoBMKG/status/1781887643674169454,108543358,infoBMKG
1781747964006056395,Sat Apr 20 18:13:12 +0000 2024,74,#Gempa Mag:3.2 21-Apr-2024 01:07:07WIB Lok:0.35LS 99.03BT (102 km BaratDaya PASAMANBARAT-SUMBAR) Kedlmn:26 Km #BMKG Disclaimer:Informasi ini mengutamakan kecepatan sehingga hasil pengolahan data belum stabil dan bisa berubah seiring kelengkapan data https://t.co/AbKLSfqzma,1781747964006056395,https://pbs.twimg.com/tweet_video_thumb/GLoKVEWbsAEbO6H.jpg,,in,Indonesia,1,4,6,https://x.com/infoBMKG/status/1781747964006056395,108543358,infoBMKG
1781724055210758267,Sat Apr 20 16:38:12 +0000 2024,15,#Gempa Mag:2.8 20-Apr-2024 23:33:33WIB Lok:0.38LS 123.58BT (95 km BaratDaya BOLAANGUKI-BOLSEL-SULUT) Kedlmn:19 Km #BMKG Disclaimer:Informasi ini mengutamakan kecepatan sehingga hasil pengolahan data belum stabil dan bisa berubah seiring kelengkapan data https://t.co/VXCI7RFb7J,1781724055210758267,https://pbs.twimg.com/tweet_video_thumb/GLn0lZobQAAy11S.jpg,,in,Indonesia,1,1,2,https://x.com/infoBMKG/status/1781724055210758267,108543358,infoBMKG
1781689649305645306,Sat Apr 20 14:21:29 +0000 2024,10,#Gempa Mag:3.1 20-Apr-2024 21:17:34WIB Lok:0.36LU 122.03BT (14 km Tenggara POHUWATO-GORONTALO) Kedlmn:161 Km #BMKG Disclaimer:Informasi ini mengutamakan kecepatan sehingga hasil pengolahan data belum stabil dan bisa berubah seiring kelengkapan data https://t.co/mvGSxyAZWD,1781689649305645306,https://pbs.twimg.com/tweet_video_thumb/GLnVSpwbwAA1G-L.jpg,,in,Indonesia,1,0,0,https://x.com/infoBMKG/status/1781689649305645306,108543358,infoBMKG
1781673979541082504,Sat Apr 20 13:19:13 +0000 2024,19,#Gempa Mag:2.8 20-Apr-2024 20:13:17WIB Lok:0.33LS 123.69BT (85 km BaratDaya BOLAANGUKI-BOLSEL-SULUT) Kedlmn:101 Km #BMKG Disclaimer:Informasi ini mengutamakan kecepatan sehingga hasil pengolahan data belum stabil dan bisa berubah seiring kelengkapan data https://t.co/gS644b1Edl,1781673979541082504,https://pbs.twimg.com/tweet_video_thumb/GLnHCNjbYAAJRJT.jpg,,in,Indonesia,1,1,5,https://x.com/infoBMKG/status/1781673979541082504,108543358,infoBMKG
1781658369482526976,Sat Apr 20 12:17:11 +0000 2024,13,#Gempa Mag:3.2 20-Apr-2024 19:14:28WIB Lok:1.86LU 126.66BT (117 km BaratLaut HALMAHERABARAT-MALUT) Kedlmn:272 Km #BMKG Disclaimer:Informasi ini mengutamakan kecepatan sehingga hasil pengolahan data belum stabil dan bisa berubah seiring kelengkapan data https://t.co/5git2a4GOV,1781658369482526976,https://pbs.twimg.com/tweet_video_thumb/GLm42CFbMAAVDBQ.jpg,,in,Indonesia,1,0,0,https://x.com/infoBMKG/status/1781658369482526976,108543358,infoBMKG
1781653341350900222,Sat Apr 20 11:57:12 +0000 2024,18,#Gempa Mag:3.1 20-Apr-2024 18:52:28WIB Lok:8.32LS 117.99BT (57 km BaratLaut DOMPU-NTB) Kedlmn:10 Km #BMKG Disclaimer:Informasi ini mengutamakan kecepatan sehingga hasil pengolahan data belum stabil dan bisa berubah seiring kelengkapan data https://t.co/CFpPjLUHPf,1781653341350900222,https://pbs.twimg.com/tweet_video_thumb/GLm0RN7b0AA4cak.jpg,,in,Indonesia,1,0,3,https://x.com/infoBMKG/status/1781653341350900222,108543358,infoBMKG
1781483723697066026,Sat Apr 20 00:43:12 +0000 2024,14,#Gempa Mag:4.5 20-Apr-2024 07:39:00WIB Lok:4.99LU 126.92BT (113 km TimurLaut MELONGUANE-SULUT) Kedlmn:52 Km #BMKG Disclaimer:Informasi ini mengutamakan kecepatan sehingga hasil pengolahan data belum stabil dan bisa berubah seiring kelengkapan data https://t.co/mTz00ISoii,1781483723697066026,https://pbs.twimg.com/tweet_video_thumb/GLkaAR9bgAAMb3S.jpg,,in,Indonesia,1,1,4,https://x.com/infoBMKG/status/1781483723697066026,108543358,infoBMKG
1781422812684755143,Fri Apr 19 20:41:10 +0000 2024,282,#Gempa Mag:4.2 20-Apr-2024 03:38:26WIB Lok:8.83LS 110.68BT (86 km BaratDaya PACITAN-JATIM) Kedlmn:10 Km #BMKG Disclaimer:Informasi ini mengutamakan kecepatan sehingga hasil pengolahan data belum stabil dan bisa berubah seiring kelengkapan data https://t.co/LpQKpm2osz,1781422812684755143,https://pbs.twimg.com/tweet_video_thumb/GLjim0cbcAArTQY.jpg,,in,Indonesia,5,4,38,https://x.com/infoBMKG/status/1781422812684755143,108543358,infoBMKG
1781405207651569846,Fri Apr 19 19:31:13 +0000 2024,93,#Gempa Mag:4.4 20-Apr-2024 02:27:49WIB Lok:0.75LS 99.06BT (118 km BaratDaya AGAM-SUMBAR) Kedlmn:10 Km #BMKG Disclaimer:Informasi ini mengutamakan kecepatan sehingga hasil pengolahan data belum stabil dan bisa berubah seiring kelengkapan data https://t.co/3EF0JKt6dw,1781405207651569846,https://pbs.twimg.com/tweet_video_thumb/GLjSmCla0AA7ITH.jpg,,in,Indonesia,1,2,6,https://x.com/infoBMKG/status/1781405207651569846,108543358,infoBMKG
1781389600986218761,Fri Apr 19 18:29:12 +0000 2024,32,#Gempa Mag:3.3 20-Apr-2024 01:24:22WIB Lok:2.82LS 122.29BT (45 km Tenggara MOROWALI-SULTENG) Kedlmn:10 Km #BMKG Disclaimer:Informasi ini mengutamakan kecepatan sehingga hasil pengolahan data belum stabil dan bisa berubah seiring kelengkapan data https://t.co/UtJPXforP3,1781389600986218761,https://pbs.twimg.com/tweet_video_thumb/GLjEZm-bsAEhnaX.jpg,,in,Indonesia,1,1,4,https://x.com/infoBMKG/status/1781389600986218761,108543358,infoBMKG
1781226518838165781,Fri Apr 19 07:41:10 +0000 2024,12,#Gempa Mag:2.7 19-Apr-2024 14:37:37WIB Lok:10.00LS 119.83BT (33 km BaratDaya LEWA-SUMBATIMUR-NTT) Kedlmn:28 Km #BMKG Disclaimer:Informasi ini mengutamakan kecepatan sehingga hasil pengolahan data belum stabil dan bisa berubah seiring kelengkapan data https://t.co/kCzPxWRYN6,1781226518838165781,https://pbs.twimg.com/tweet_video_thumb/GLgwFBuaIAAOxsl.jpg,,in,Indonesia,1,0,0,https://x.com/infoBMKG/status/1781226518838165781,108543358,infoBMKG
1781223002220458243,Fri Apr 19 07:27:11 +0000 2024,28,#Gempa Mag:3.4 19-Apr-2024 14:22:54WIB Lok:2.91LS 119.40BT (8 km TimurLaut MAMASA-SULBAR) Kedlmn:10 Km #BMKG Disclaimer:Informasi ini mengutamakan kecepatan sehingga hasil pengolahan data belum stabil dan bisa berubah seiring kelengkapan data https://t.co/PoEN164z4Z,1781223002220458243,https://pbs.twimg.com/tweet_video_thumb/GLgs4NGaAAAsT6-.jpg,,in,Indonesia,1,0,3,https://x.com/infoBMKG/status/1781223002220458243,108543358,infoBMKG
1781202613893222735,Fri Apr 19 06:06:10 +0000 2024,10,#Gempa Mag:4.4 19-Apr-2024 13:02:04WIB Lok:1.50LU 124.90BT (12 km BaratLaut AIRMADIDI-MINUT-SULUT) Kedlmn:208 Km #BMKG Disclaimer:Informasi ini mengutamakan kecepatan sehingga hasil pengolahan data belum stabil dan bisa berubah seiring kelengkapan data https://t.co/liBYJgokJS,1781202613893222735,https://pbs.twimg.com/tweet_video_thumb/GLgaVklb0AAMTKx.jpg,,in,Indonesia,1,0,1,https://x.com/infoBMKG/status/1781202613893222735,108543358,infoBMKG
1781201853704998972,Fri Apr 19 06:03:09 +0000 2024,199,#Gempa Mag:3.0 19-Apr-2024 13:00:00WIB Lok:9.14LS 110.49BT (126 km BaratDaya PACITAN-JATIM) Kedlmn:10 Km #BMKG Disclaimer:Informasi ini mengutamakan kecepatan sehingga hasil pengolahan data belum stabil dan bisa berubah seiring kelengkapan data https://t.co/8s47tIsZSL,1781201853704998972,https://pbs.twimg.com/tweet_video_thumb/GLgZpUrbgAAUQM9.jpg,,in,Indonesia,1,4,19,https://x.com/infoBMKG/status/1781201853704998972,108543358,infoBMKG
1781113776693223879,Fri Apr 19 00:13:10 +0000 2024,34,#Gempa Mag:3.6 19-Apr-2024 07:10:14WIB Lok:3.19LS 123.31BT (98 km TimurLaut KONAWE-KEP-SULTRA) Kedlmn:10 Km #BMKG Disclaimer:Informasi ini mengutamakan kecepatan sehingga hasil pengolahan data belum stabil dan bisa berubah seiring kelengkapan data https://t.co/kcJnVqVGtj,1781113776693223879,https://pbs.twimg.com/tweet_video_thumb/GLfJil_agAAgscS.jpg,,in,Indonesia,1,0,5,https://x.com/infoBMKG/status/1781113776693223879,108543358,infoBMKG
1780697284113785305,Wed Apr 17 20:38:10 +0000 2024,19,#Gempa Mag:4.1 18-Apr-2024 03:34:38WIB Lok:1.64LU 124.32BT (56 km BaratLaut AMURANG-MINSEL-SULUT) Kedlmn:280 Km #BMKG Disclaimer:Informasi ini mengutamakan kecepatan sehingga hasil pengolahan data belum stabil dan bisa berubah seiring kelengkapan data https://t.co/w0l8sRPUzx,1780697284113785305,https://pbs.twimg.com/tweet_video_thumb/GLZOviEbIAELyGN.jpg,,in,Indonesia,0,0,0,https://x.com/infoBMKG/status/1780697284113785305,108543358,infoBMKG
1780694772128399789,Wed Apr 17 20:28:12 +0000 2024,12,#Gempa Mag:2.3 18-Apr-2024 03:24:20WIB Lok:0.77LS 121.66BT (39 km TimurLaut TOJOUNA-UNA-SULTENG) Kedlmn:10 Km #BMKG Disclaimer:Informasi ini mengutamakan kecepatan sehingga hasil pengolahan data belum stabil dan bisa berubah seiring kelengkapan data https://t.co/vUwdjVZzpF,1780694772128399789,https://pbs.twimg.com/tweet_video_thumb/GLZMdQ_a8AAHVXv.jpg,,in,Indonesia,0,1,1,https://x.com/infoBMKG/status/1780694772128399789,108543358,infoBMKG
1780693010151518324,Wed Apr 17 20:21:11 +0000 2024,15,#Gempa Mag:3.2 18-Apr-2024 03:17:11WIB Lok:2.86LS 129.27BT (59 km TimurLaut MALUKUTENGAH) Kedlmn:10 Km #BMKG Disclaimer:Informasi ini mengutamakan kecepatan sehingga hasil pengolahan data belum stabil dan bisa berubah seiring kelengkapan data https://t.co/WGyMwyJ6CR,1780693010151518324,https://pbs.twimg.com/tweet_video_thumb/GLZK2uXa0AARLAf.jpg,,in,Indonesia,0,1,1,https://x.com/infoBMKG/status/1780693010151518324,108543358,infoBMKG
1780659786918563887,Wed Apr 17 18:09:10 +0000 2024,19,#Gempa Mag:2.5 18-Apr-2024 01:06:09WIB Lok:9.93LS 118.64BT (53 km BaratDaya KODI-SUMBABARATDAYA-NTT) Kedlmn:22 Km #BMKG Disclaimer:Informasi ini mengutamakan kecepatan sehingga hasil pengolahan data belum stabil dan bisa berubah seiring kelengkapan data https://t.co/dx0sfUIGOt,1780659786918563887,https://pbs.twimg.com/tweet_video_thumb/GLYso2Sa8AUsevZ.jpg,,in,Indonesia,0,1,1,https://x.com/infoBMKG/status/1780659786918563887,108543358,infoBMKG
1780279785979289699,Tue Apr 16 16:59:11 +0000 2024,18,#Gempa Mag:3.0 16-Apr-2024 23:55:31WIB Lok:8.01LS 122.38BT (70 km TimurLaut MAUMERE-SIKKA-NTT) Kedlmn:10 Km #BMKG Disclaimer:Informasi ini mengutamakan kecepatan sehingga hasil pengolahan data belum stabil dan bisa berubah seiring kelengkapan data https://t.co/jmmycvs4X7,1780279785979289699,https://pbs.twimg.com/tweet_video_thumb/GLTTB6uaoAEVqZh.jpg,,in,Indonesia,0,0,2,https://x.com/infoBMKG/status/1780279785979289699,108543358,infoBMKG
1780235246480376194,Tue Apr 16 14:02:12 +0000 2024,6,#Gempa Mag:3.5 16-Apr-2024 20:59:14WIB Lok:0.18LS 122.87BT (85 km BaratDaya BONEBOLANGO-GORONTALO) Kedlmn:85 Km #BMKG Disclaimer:Informasi ini mengutamakan kecepatan sehingga hasil pengolahan data belum stabil dan bisa berubah seiring kelengkapan data https://t.co/fLK3W1Sjn9,1780235246480376194,https://pbs.twimg.com/tweet_video_thumb/GLSqhK0XIAA4cSX.jpg,,in,Indonesia,0,0,0,https://x.com/infoBMKG/status/1780235246480376194,108543358,infoBMKG
1780204285130899772,Tue Apr 16 11:59:10 +0000 2024,9,#Gempa Mag:3.4 16-Apr-2024 18:54:34WIB Lok:4.07LU 126.60BT (11 km BaratLaut MELONGUANE-SULUT) Kedlmn:37 Km #BMKG Disclaimer:Informasi ini mengutamakan kecepatan sehingga hasil pengolahan data belum stabil dan bisa berubah seiring kelengkapan data https://t.co/FBnuO7gcYB,1780204285130899772,https://pbs.twimg.com/tweet_video_thumb/GLSOXLaaMAA_bWR.jpg,,in,Indonesia,0,0,1,https://x.com/infoBMKG/status/1780204285130899772,108543358,infoBMKG
1780109156151853191,Tue Apr 16 05:41:10 +0000 2024,6,#Gempa Mag:3.1 16-Apr-2024 12:37:19WIB Lok:1.74LU 99.23BT (16 km BaratLaut TAPANULISELATAN-SUMUT) Kedlmn:10 Km #BMKG Disclaimer:Informasi ini mengutamakan kecepatan sehingga hasil pengolahan data belum stabil dan bisa berubah seiring kelengkapan data https://t.co/oV0cxY0DHY,1780109156151853191,https://pbs.twimg.com/tweet_video_thumb/GLQ319gakAEDjEl.jpg,,in,Indonesia,0,0,0,https://x.com/infoBMKG/status/1780109156151853191,108543358,infoBMKG
1780100855552999699,Tue Apr 16 05:08:11 +0000 2024,11,#Gempa Mag:3.3 16-Apr-2024 12:03:25WIB Lok:3.14LS 123.56BT (114 km TimurLaut KONAWE-KEP-SULTRA) Kedlmn:10 Km #BMKG Disclaimer:Informasi ini mengutamakan kecepatan sehingga hasil pengolahan data belum stabil dan bisa berubah seiring kelengkapan data https://t.co/nSELX5Gg97,1780100855552999699,https://pbs.twimg.com/tweet_video_thumb/GLQwSyLaQAApjM_.jpg,,in,Indonesia,0,0,1,https://x.com/infoBMKG/status/1780100855552999699,108543358,infoBMKG
1780073921309802836,Tue Apr 16 03:21:09 +0000 2024,337,#Gempa Mag:4.8 16-Apr-2024 10:18:22WIB Lok:7.45LS 105.99BT (64 km BaratDaya BAYAH-BANTEN) Kedlmn:10 Km #BMKG Disclaimer:Informasi ini mengutamakan kecepatan sehingga hasil pengolahan data belum stabil dan bisa berubah seiring kelengkapan data https://t.co/rG3l7U2vK7,1780073921309802836,https://pbs.twimg.com/tweet_video_thumb/GLQXzBybwAAOYw3.jpg,,in,Indonesia,35,22,114,https://x.com/infoBMKG/status/1780073921309802836,108543358,infoBMKG
1780071409743708548,Tue Apr 16 03:11:10 +0000 2024,9,#Gempa Mag:4.8 16-Apr-2024 10:07:15WIB Lok:7.30LS 125.00BT (120 km TimurLaut ALOR-NTT) Kedlmn:507 Km #BMKG Disclaimer:Informasi ini mengutamakan kecepatan sehingga hasil pengolahan data belum stabil dan bisa berubah seiring kelengkapan data https://t.co/xevVRXMHcv,1780071409743708548,https://pbs.twimg.com/tweet_video_thumb/GLQVg2BaAAA7esf.jpg,,in,Indonesia,0,0,0,https://x.com/infoBMKG/status/1780071409743708548,108543358,infoBMKG
1780071259348643854,Tue Apr 16 03:10:35 +0000 2024,35,#Gempa Mag:5.0 16-Apr-24 10:07:14 WIB Lok:7.30 LS 124.99 BT (120 km TimurLaut ALOR-NTT) Kedlmn:521 Km tdk berpotensi tsunami #BMKG https://t.co/ywvoXrancd,1780071259348643854,https://pbs.twimg.com/tweet_video_thumb/GLQVYFPaAAA8AOp.jpg,,in,Indonesia,0,0,2,https://x.com/infoBMKG/status/1780071259348643854,108543358,infoBMKG
1780051021806600556,Tue Apr 16 01:50:10 +0000 2024,54,#Gempa Mag:3.1 16-Apr-2024 08:45:48WIB Lok:8.56LS 114.95BT (19 km BaratDaya TABANAN-BALI) Kedlmn:107 Km #BMKG Disclaimer:Informasi ini mengutamakan kecepatan sehingga hasil pengolahan data belum stabil dan bisa berubah seiring kelengkapan data https://t.co/zd32JepEGm,1780051021806600556,https://pbs.twimg.com/tweet_video_thumb/GLQC-FnagAAYOZM.jpg,,in,Indonesia,0,3,8,https://x.com/infoBMKG/status/1780051021806600556,108543358,infoBMKG
1780027120477184413,Tue Apr 16 00:15:11 +0000 2024,10,#Gempa Mag:4.0 16-Apr-2024 07:11:19WIB Lok:1.11LS 129.61BT (140 km BaratDaya RAJAAMPAT-PAPUABRT) Kedlmn:10 Km #BMKG Disclaimer:Informasi ini mengutamakan kecepatan sehingga hasil pengolahan data belum stabil dan bisa berubah seiring kelengkapan data https://t.co/4wACc3s2h0,1780027120477184413,https://pbs.twimg.com/tweet_video_thumb/GLPtO0gbEAAm0nY.jpg,,in,Indonesia,0,1,1,https://x.com/infoBMKG/status/1780027120477184413,108543358,infoBMKG
1780012771037638776,Mon Apr 15 23:18:10 +0000 2024,10,#Gempa Mag:3.1 16-Apr-2024 06:12:13WIB Lok:0.08LS 122.88BT (74 km BaratDaya BONEBOLANGO-GORONTALO) Kedlmn:111 Km #BMKG Disclaimer:Informasi ini mengutamakan kecepatan sehingga hasil pengolahan data belum stabil dan bisa berubah seiring kelengkapan data https://t.co/KHTGEEAkty,1780012771037638776,https://pbs.twimg.com/tweet_video_thumb/GLPgLoiaMAA2yep.jpg,,in,Indonesia,0,1,1,https://x.com/infoBMKG/status/1780012771037638776,108543358,infoBMKG
1779940545013698584,Mon Apr 15 18:31:10 +0000 2024,19,#Gempa Mag:4.2 16-Apr-2024 01:27:15WIB Lok:6.77LS 128.79BT (189 km TimurLaut MALUKUBRTDAYA) Kedlmn:10 Km #BMKG Disclaimer:Informasi ini mengutamakan kecepatan sehingga hasil pengolahan data belum stabil dan bisa berubah seiring kelengkapan data https://t.co/tPxTynteRZ,1779940545013698584,https://pbs.twimg.com/tweet_video_thumb/GLOefhSaMAAO-6u.jpg,,in,Indonesia,0,0,3,https://x.com/infoBMKG/status/1779940545013698584,108543358,infoBMKG
1779844159261774170,Mon Apr 15 12:08:10 +0000 2024,133,#Gempa Mag:3.5 15-Apr-2024 19:03:33WIB Lok:9.89LS 110.54BT (200 km BaratDaya PACITAN-JATIM) Kedlmn:10 Km #BMKG Disclaimer:Informasi ini mengutamakan kecepatan sehingga hasil pengolahan data belum stabil dan bisa berubah seiring kelengkapan data https://t.co/NzOXVo0nEK,1779844159261774170,https://pbs.twimg.com/tweet_video_thumb/GLNG1FzaAAA11aN.jpg,,in,Indonesia,2,4,23,https://x.com/infoBMKG/status/1779844159261774170,108543358,infoBMKG
1779831075461795964,Mon Apr 15 11:16:10 +0000 2024,37,#Gempa Mag:4.4 15-Apr-2024 18:11:43WIB Lok:5.38LU 124.13BT (248 km BaratLaut TAHUNA-KEP.SANGIHE-SULUT) Kedlmn:490 Km #BMKG Disclaimer:Informasi ini mengutamakan kecepatan sehingga hasil pengolahan data belum stabil dan bisa berubah seiring kelengkapan data https://t.co/TXf3jQ7aTC,1779831075461795964,https://pbs.twimg.com/tweet_video_thumb/GLM67hQasAAp25Q.jpg,,in,Indonesia,0,1,2,https://x.com/infoBMKG/status/1779831075461795964,108543358,infoBMKG
1779794080610042300,Mon Apr 15 08:49:10 +0000 2024,12,#Gempa Mag:3.2 15-Apr-2024 15:45:23WIB Lok:2.94LS 101.94BT (36 km BaratLaut LEBONG-BENGKULU) Kedlmn:91 Km #BMKG Disclaimer:Informasi ini mengutamakan kecepatan sehingga hasil pengolahan data belum stabil dan bisa berubah seiring kelengkapan data https://t.co/QEXWbXzKzZ,1779794080610042300,https://pbs.twimg.com/tweet_video_thumb/GLMZSH7asAAKlkV.jpg,,in,Indonesia,0,0,0,https://x.com/infoBMKG/status/1779794080610042300,108543358,infoBMKG
1779188699772895401,Sat Apr 13 16:43:36 +0000 2024,54,#Gempa Mag:5.0 13-Apr-24 23:40:55 WIB Lok:2.18 LU 126.72 BT (118 km BaratDaya PULAUDOI-MALUT) Kedlmn:10 Km tdk berpotensi tsunami #BMKG https://t.co/Bo9jeaUNSs,1779188699772895401,https://pbs.twimg.com/tweet_video_thumb/GLDysWVbkAA-HoV.jpg,,in,Indonesia,0,2,7,https://x.com/infoBMKG/status/1779188699772895401,108543358,infoBMKG
1779188593145369064,Sat Apr 13 16:43:10 +0000 2024,24,#Gempa Mag:5.0 13-Apr-2024 23:40:55WIB Lok:2.18LU 126.72BT (133 km BaratLaut HALMAHERABARAT-MALUT) Kedlmn:10 Km #BMKG Disclaimer:Informasi ini mengutamakan kecepatan sehingga hasil pengolahan data belum stabil dan bisa berubah seiring kelengkapan data https://t.co/IHXvzWkypC,1779188593145369064,https://pbs.twimg.com/tweet_video_thumb/GLDymGRbQAAChcn.jpg,,in,Indonesia,0,1,4,https://x.com/infoBMKG/status/1779188593145369064,108543358,infoBMKG
1779179786948231510,Sat Apr 13 16:08:11 +0000 2024,21,#Gempa Mag:3.5 13-Apr-2024 23:01:32WIB Lok:1.49LU 126.40BT (127 km BaratLaut JAILOLO-MALUT) Kedlmn:10 Km #BMKG Disclaimer:Informasi ini mengutamakan kecepatan sehingga hasil pengolahan data belum stabil dan bisa berubah seiring kelengkapan data https://t.co/TZMN2D3J81,1779179786948231510,https://pbs.twimg.com/tweet_video_thumb/GLDqldpbEAAoQlr.jpg,,in,Indonesia,0,1,3,https://x.com/infoBMKG/status/1779179786948231510,108543358,infoBMKG
1779175766414258549,Sat Apr 13 15:52:12 +0000 2024,26,#Gempa Mag:4.3 13-Apr-2024 22:50:16WIB Lok:1.24LU 126.17BT (118 km Tenggara BITUNG-SULUT) Kedlmn:10 Km #BMKG Disclaimer:Informasi ini mengutamakan kecepatan sehingga hasil pengolahan data belum stabil dan bisa berubah seiring kelengkapan data https://t.co/2V9LJzhlwz,1779175766414258549,https://pbs.twimg.com/tweet_video_thumb/GLDm7fpW4AAvfA4.jpg,,in,Indonesia,1,0,4,https://x.com/infoBMKG/status/1779175766414258549,108543358,infoBMKG
1779167200743686386,Sat Apr 13 15:18:10 +0000 2024,9,#Gempa Mag:3.6 13-Apr-2024 22:13:40WIB Lok:9.61LS 118.88BT (11 km BaratDaya KODI-SUMBABARATDAYA-NTT) Kedlmn:29 Km #BMKG Disclaimer:Informasi ini mengutamakan kecepatan sehingga hasil pengolahan data belum stabil dan bisa berubah seiring kelengkapan data https://t.co/EMUcKaVRio,1779167200743686386,https://pbs.twimg.com/tweet_video_thumb/GLDfI6sW4AExqrR.jpg,,in,Indonesia,0,0,0,https://x.com/infoBMKG/status/1779167200743686386,108543358,infoBMKG
1779166194567975213,Sat Apr 13 15:14:10 +0000 2024,17,#Gempa Mag:3.3 13-Apr-2024 22:10:10WIB Lok:8.22LS 116.79BT (27 km BaratLaut PULAUPANJANG-NTB) Kedlmn:10 Km #BMKG Disclaimer:Informasi ini mengutamakan kecepatan sehingga hasil pengolahan data belum stabil dan bisa berubah seiring kelengkapan data https://t.co/MyNf28Ijd3,1779166194567975213,https://pbs.twimg.com/tweet_video_thumb/GLDeOWNW4AAS0E8.jpg,,in,Indonesia,0,0,1,https://x.com/infoBMKG/status/1779166194567975213,108543358,infoBMKG
1779098000692007212,Sat Apr 13 10:43:12 +0000 2024,24,#Gempa Mag:3.6 13-Apr-2024 17:39:57WIB Lok:7.75LS 119.51BT (93 km BaratLaut LABUANBAJO-NTT) Kedlmn:247 Km #BMKG Disclaimer:Informasi ini mengutamakan kecepatan sehingga hasil pengolahan data belum stabil dan bisa berubah seiring kelengkapan data https://t.co/mGJsXSlrZi,1779098000692007212,https://pbs.twimg.com/tweet_video_thumb/GLCgM8pXwAACRuX.jpg,,in,Indonesia,0,2,6,https://x.com/infoBMKG/status/1779098000692007212,108543358,infoBMKG
1779076350705578135,Sat Apr 13 09:17:10 +0000 2024,7,#Gempa Mag:4.7 13-Apr-2024 16:10:39WIB Lok:13.15LU 126.20BT (1018 km BaratLaut MELONGUANE-SULUT) Kedlmn:51 Km #BMKG Disclaimer:Informasi ini mengutamakan kecepatan sehingga hasil pengolahan data belum stabil dan bisa berubah seiring kelengkapan data https://t.co/lxct8Mg3bG,1779076350705578135,https://pbs.twimg.com/tweet_video_thumb/GLCMgwAaQAAmCfX.jpg,,in,Indonesia,0,0,0,https://x.com/infoBMKG/status/1779076350705578135,108543358,infoBMKG
1779043126184939685,Sat Apr 13 07:05:08 +0000 2024,15,#Gempa Mag:3.5 13-Apr-2024 14:02:07WIB Lok:2.31LS 140.06BT (78 km TimurLaut KAB-JAYAPURA-PAPUA) Kedlmn:22 Km #BMKG Disclaimer:Informasi ini mengutamakan kecepatan sehingga hasil pengolahan data belum stabil dan bisa berubah seiring kelengkapan data https://t.co/EdQXD8moW7,1779043126184939685,https://pbs.twimg.com/tweet_video_thumb/GLBuS3EaUAAZxJ0.jpg,,in,Indonesia,0,3,2,https://x.com/infoBMKG/status/1779043126184939685,108543358,infoBMKG
1779034073853513732,Sat Apr 13 06:29:10 +0000 2024,13,#Gempa Mag:4.9 13-Apr-2024 13:26:34WIB Lok:2.28LU 126.78BT (136 km BaratLaut HALMAHERABARAT-MALUT) Kedlmn:10 Km #BMKG Disclaimer:Informasi ini mengutamakan kecepatan sehingga hasil pengolahan data belum stabil dan bisa berubah seiring kelengkapan data https://t.co/djvfUkHfdN,1779034073853513732,https://pbs.twimg.com/tweet_video_thumb/GLBmD6AasAAejca.jpg,,in,Indonesia,0,0,1,https://x.com/infoBMKG/status/1779034073853513732,108543358,infoBMKG
1778981723440927083,Sat Apr 13 03:01:09 +0000 2024,163,#Gempa Mag:3.6 13-Apr-2024 09:57:46WIB Lok:8.15LS 110.31BT (27 km BaratDaya BANTUL-DIY) Kedlmn:63 Km #BMKG Disclaimer:Informasi ini mengutamakan kecepatan sehingga hasil pengolahan data belum stabil dan bisa berubah seiring kelengkapan data https://t.co/u1Dzdtrwj6,1778981723440927083,https://pbs.twimg.com/tweet_video_thumb/GLA2cvtbMAAMcAI.jpg,,in,Indonesia,6,10,20,https://x.com/infoBMKG/status/1778981723440927083,108543358,infoBMKG
1778979963162841578,Sat Apr 13 02:54:09 +0000 2024,242,#Gempa Mag:3.4 13-Apr-2024 09:49:14WIB Lok:5.71LS 112.39BT (137 km TimurLaut TUBAN-JATIM) Kedlmn:10 Km #BMKG Disclaimer:Informasi ini mengutamakan kecepatan sehingga hasil pengolahan data belum stabil dan bisa berubah seiring kelengkapan data https://t.co/CLae2QHhRJ,1778979963162841578,https://pbs.twimg.com/tweet_video_thumb/GLA02SFbkAAa2IR.jpg,,in,Indonesia,3,10,21,https://x.com/infoBMKG/status/1778979963162841578,108543358,infoBMKG
1778972671109403070,Sat Apr 13 02:25:11 +0000 2024,9,#Gempa Mag:3.2 13-Apr-2024 09:20:42WIB Lok:2.83LS 129.45BT (75 km TimurLaut MALUKUTENGAH) Kedlmn:11 Km #BMKG Disclaimer:Informasi ini mengutamakan kecepatan sehingga hasil pengolahan data belum stabil dan bisa berubah seiring kelengkapan data https://t.co/eKprAiJSza,1778972671109403070,https://pbs.twimg.com/tweet_video_thumb/GLAuN16akAAoIqn.jpg,,in,Indonesia,0,1,1,https://x.com/infoBMKG/status/1778972671109403070,108543358,infoBMKG
1778965121316078050,Sat Apr 13 01:55:11 +0000 2024,9,#Gempa Mag:3.5 13-Apr-2024 08:51:12WIB Lok:2.80LS 129.45BT (77 km TimurLaut MALUKUTENGAH) Kedlmn:10 Km #BMKG Disclaimer:Informasi ini mengutamakan kecepatan sehingga hasil pengolahan data belum stabil dan bisa berubah seiring kelengkapan data https://t.co/TpPPURYYCj,1778965121316078050,https://pbs.twimg.com/tweet_video_thumb/GLAnWYCaQAAa-pB.jpg,,in,Indonesia,0,0,2,https://x.com/infoBMKG/status/1778965121316078050,108543358,infoBMKG
1778964365406048517,Sat Apr 13 01:52:10 +0000 2024,1,#Gempa Mag:3.7 13-Apr-2024 08:49:31WIB Lok:2.80LS 129.47BT (79 km TimurLaut MALUKUTENGAH) Kedlmn:10 Km #BMKG Disclaimer:Informasi ini mengutamakan kecepatan sehingga hasil pengolahan data belum stabil dan bisa berubah seiring kelengkapan data https://t.co/JIJPchoM1w,1778964365406048517,https://pbs.twimg.com/tweet_video_thumb/GLAmqZpbkAAr_Hu.jpg,,in,Indonesia,0,0,0,https://x.com/infoBMKG/status/1778964365406048517,108543358,infoBMKG
1778962352173670576,Sat Apr 13 01:44:10 +0000 2024,4,#Gempa Mag:3.0 13-Apr-2024 08:37:18WIB Lok:2.82LS 129.44BT (75 km TimurLaut MALUKUTENGAH) Kedlmn:10 Km #BMKG Disclaimer:Informasi ini mengutamakan kecepatan sehingga hasil pengolahan data belum stabil dan bisa berubah seiring kelengkapan data https://t.co/YBfNPvFLVw,1778962352173670576,https://pbs.twimg.com/tweet_video_thumb/GLAk1MjaQAA37Bs.jpg,,in,Indonesia,0,3,0,https://x.com/infoBMKG/status/1778962352173670576,108543358,infoBMKG
1778942975990738958,Sat Apr 13 00:27:11 +0000 2024,13,#Gempa Mag:4.1 13-Apr-2024 07:24:30WIB Lok:2.74LS 129.39BT (78 km TimurLaut MALUKUTENGAH) Kedlmn:11 Km #BMKG Disclaimer:Informasi ini mengutamakan kecepatan sehingga hasil pengolahan data belum stabil dan bisa berubah seiring kelengkapan data https://t.co/9Vzrsyi0Ef,1778942975990738958,https://pbs.twimg.com/tweet_video_thumb/GLATNXHaMAAHhOD.jpg,,in,Indonesia,0,1,1,https://x.com/infoBMKG/status/1778942975990738958,108543358,infoBMKG
1778927613740019837,Fri Apr 12 23:26:08 +0000 2024,102,#Gempa Mag:3.9 13-Apr-2024 06:21:30WIB Lok:9.37LS 107.00BT (248 km BaratDaya KAB-PANGANDARAN-JABAR) Kedlmn:10 Km #BMKG Disclaimer:Informasi ini mengutamakan kecepatan sehingga hasil pengolahan data belum stabil dan bisa berubah seiring kelengkapan data https://t.co/VQwwxzHkEa,1778927613740019837,https://pbs.twimg.com/tweet_video_thumb/GLAFPKDaEAAgXRO.jpg,,in,Indonesia,1,4,11,https://x.com/infoBMKG/status/1778927613740019837,108543358,infoBMKG
1778906734419148928,Fri Apr 12 22:03:10 +0000 2024,9,#Gempa Mag:3.2 13-Apr-2024 04:58:43WIB Lok:2.79LU 127.28BT (139 km BaratLaut DARUBA-MALUT) Kedlmn:10 Km #BMKG Disclaimer:Informasi ini mengutamakan kecepatan sehingga hasil pengolahan data belum stabil dan bisa berubah seiring kelengkapan data https://t.co/ebH1QqNFME,1778906734419148928,https://pbs.twimg.com/tweet_video_thumb/GK_yPzia8AAW-Zm.jpg,,in,Indonesia,0,3,1,https://x.com/infoBMKG/status/1778906734419148928,108543358,infoBMKG
1778504834418946413,Thu Apr 11 19:26:10 +0000 2024,11,#Gempa Mag:2.3 12-Apr-2024 02:20:15WIB Lok:9.55LS 119.08BT (11 km TimurLaut KODI-SUMBABARATDAYA-NTT) Kedlmn:11 Km #BMKG Disclaimer:Informasi ini mengutamakan kecepatan sehingga hasil pengolahan data belum stabil dan bisa berubah seiring kelengkapan data https://t.co/hED1jtds8E,1778504834418946413,https://pbs.twimg.com/tweet_video_thumb/GK6EuLnaQAAprdc.jpg,,in,Indonesia,0,2,1,https://x.com/infoBMKG/status/1778504834418946413,108543358,infoBMKG
1778503571912470862,Thu Apr 11 19:21:09 +0000 2024,56,#Gempa Mag:4.3 12-Apr-2024 02:18:07WIB Lok:10.19LS 106.49BT (354 km BaratDaya KAB-PANGANDARAN-JABAR) Kedlmn:10 Km #BMKG Disclaimer:Informasi ini mengutamakan kecepatan sehingga hasil pengolahan data belum stabil dan bisa berubah seiring kelengkapan data https://t.co/K2vZlS66H8,1778503571912470862,https://pbs.twimg.com/tweet_video_thumb/GK6Dkrya4AAGaqq.jpg,,in,Indonesia,0,1,16,https://x.com/infoBMKG/status/1778503571912470862,108543358,infoBMKG
1778487727337652538,Thu Apr 11 18:18:11 +0000 2024,16,#Gempa Mag:1.7 12-Apr-2024 01:15:41WIB Lok:8.93LS 121.94BT (32 km Tenggara ENDE-NTT) Kedlmn:69 Km #BMKG Disclaimer:Informasi ini mengutamakan kecepatan sehingga hasil pengolahan data belum stabil dan bisa berubah seiring kelengkapan data https://t.co/mFmOXU7Noa,1778487727337652538,https://pbs.twimg.com/tweet_video_thumb/GK51KZRaQBEP2de.jpg,,in,Indonesia,0,1,2,https://x.com/infoBMKG/status/1778487727337652538,108543358,infoBMKG
1778487473464819869,Thu Apr 11 18:17:11 +0000 2024,12,#Gempa Mag:2.2 12-Apr-2024 01:14:14WIB Lok:3.17LS 118.60BT (37 km BaratDaya MAJENE-SULBAR) Kedlmn:20 Km #BMKG Disclaimer:Informasi ini mengutamakan kecepatan sehingga hasil pengolahan data belum stabil dan bisa berubah seiring kelengkapan data https://t.co/eB0L8FUSN9,1778487473464819869,https://pbs.twimg.com/tweet_video_thumb/GK507nCbMAEEpV2.jpg,,in,Indonesia,0,0,2,https://x.com/infoBMKG/status/1778487473464819869,108543358,infoBMKG
1778487220770648076,Thu Apr 11 18:16:10 +0000 2024,17,#Gempa Mag:2.9 12-Apr-2024 01:12:53WIB Lok:8.91LS 115.15BT (15 km BaratDaya KUTASELATAN-BALI) Kedlmn:102 Km #BMKG Disclaimer:Informasi ini mengutamakan kecepatan sehingga hasil pengolahan data belum stabil dan bisa berubah seiring kelengkapan data https://t.co/VbFS1Oi2Z2,1778487220770648076,https://pbs.twimg.com/tweet_video_thumb/GK50s3-bMAgWzJx.jpg,,in,Indonesia,1,2,2,https://x.com/infoBMKG/status/1778487220770648076,108543358,infoBMKG
1778486212686397613,Thu Apr 11 18:12:10 +0000 2024,9,#Gempa Mag:2.7 12-Apr-2024 01:08:09WIB Lok:2.76LS 139.27BT (33 km Tenggara SARMI-PAPUA) Kedlmn:25 Km #BMKG Disclaimer:Informasi ini mengutamakan kecepatan sehingga hasil pengolahan data belum stabil dan bisa berubah seiring kelengkapan data https://t.co/WvQewDjcai,1778486212686397613,https://pbs.twimg.com/tweet_video_thumb/GK5zyOFbMAAJ5gb.jpg,,in,Indonesia,0,0,2,https://x.com/infoBMKG/status/1778486212686397613,108543358,infoBMKG
1778485713857884647,Thu Apr 11 18:10:11 +0000 2024,2,#Gempa Mag:2.4 12-Apr-2024 01:05:43WIB Lok:0.59LS 100.39BT (12 km TimurLaut PADANGPARIAMAN-SUMBAR) Kedlmn:10 Km #BMKG Disclaimer:Informasi ini mengutamakan kecepatan sehingga hasil pengolahan data belum stabil dan bisa berubah seiring kelengkapan data https://t.co/MnaI4VR6fN,1778485713857884647,https://pbs.twimg.com/tweet_video_thumb/GK5zVLsbMAUj9Fg.jpg,,in,Indonesia,0,0,0,https://x.com/infoBMKG/status/1778485713857884647,108543358,infoBMKG
1778477405046456381,Thu Apr 11 17:37:10 +0000 2024,30,#Gempa Mag:4.7 12-Apr-2024 00:34:05WIB Lok:3.72LU 126.83BT (35 km Tenggara MELONGUANE-SULUT) Kedlmn:13 Km #BMKG Disclaimer:Informasi ini mengutamakan kecepatan sehingga hasil pengolahan data belum stabil dan bisa berubah seiring kelengkapan data https://t.co/V6x6Oar78T,1778477405046456381,https://pbs.twimg.com/tweet_video_thumb/GK5rxiAbMAEaSby.jpg,,in,Indonesia,0,4,2,https://x.com/infoBMKG/status/1778477405046456381,108543358,infoBMKG
1778470866311131323,Thu Apr 11 17:11:11 +0000 2024,8,#Gempa Mag:3.3 12-Apr-2024 00:08:09WIB Lok:2.76LS 129.45BT (81 km TimurLaut MALUKUTENGAH) Kedlmn:10 Km #BMKG Disclaimer:Informasi ini mengutamakan kecepatan sehingga hasil pengolahan data belum stabil dan bisa berubah seiring kelengkapan data https://t.co/nf4f0Dyi4Y,1778470866311131323,https://pbs.twimg.com/tweet_video_thumb/GK5l086aQAAjkZE.jpg,,in,Indonesia,0,4,0,https://x.com/infoBMKG/status/1778470866311131323,108543358,infoBMKG
1778470112305332299,Thu Apr 11 17:08:11 +0000 2024,6,#Gempa Mag:3.5 12-Apr-2024 00:04:50WIB Lok:2.76LS 129.43BT (79 km TimurLaut MALUKUTENGAH) Kedlmn:10 Km #BMKG Disclaimer:Informasi ini mengutamakan kecepatan sehingga hasil pengolahan data belum stabil dan bisa berubah seiring kelengkapan data https://t.co/8DL7FwCBaU,1778470112305332299,https://pbs.twimg.com/tweet_video_thumb/GK5lJDKbQAAOb0l.jpg,,in,Indonesia,1,1,1,https://x.com/infoBMKG/status/1778470112305332299,108543358,infoBMKG
1778469860751913342,Thu Apr 11 17:07:11 +0000 2024,9,#Gempa Mag:3.1 12-Apr-2024 00:01:33WIB Lok:1.22LU 126.78BT (78 km BaratLaut JAILOLO-MALUT) Kedlmn:14 Km #BMKG Disclaimer:Informasi ini mengutamakan kecepatan sehingga hasil pengolahan data belum stabil dan bisa berubah seiring kelengkapan data https://t.co/ESe7lUARSH,1778469860751913342,https://pbs.twimg.com/tweet_video_thumb/GK5k6UdbMAIDC1a.jpg,,in,Indonesia,0,0,0,https://x.com/infoBMKG/status/1778469860751913342,108543358,infoBMKG
1778465332484845715,Thu Apr 11 16:49:12 +0000 2024,9,#Gempa Mag:3.9 11-Apr-2024 23:46:20WIB Lok:2.88LS 129.49BT (75 km TimurLaut MALUKUTENGAH) Kedlmn:15 Km #BMKG Disclaimer:Informasi ini mengutamakan kecepatan sehingga hasil pengolahan data belum stabil dan bisa berubah seiring kelengkapan data https://t.co/Z1MJqAoM6t,1778465332484845715,https://pbs.twimg.com/tweet_video_thumb/GK5gy07bMAMskZT.jpg,,in,Indonesia,0,0,1,https://x.com/infoBMKG/status/1778465332484845715,108543358,infoBMKG
1778463816231399694,Thu Apr 11 16:43:10 +0000 2024,90,#Gempa Mag:3.6 11-Apr-2024 23:40:10WIB Lok:9.51LS 113.16BT (153 km BaratDaya LUMAJANG-JATIM) Kedlmn:10 Km #BMKG Disclaimer:Informasi ini mengutamakan kecepatan sehingga hasil pengolahan data belum stabil dan bisa berubah seiring kelengkapan data https://t.co/FREtBo11aX,1778463816231399694,https://pbs.twimg.com/tweet_video_thumb/GK5fahabMAEwfBg.jpg,,in,Indonesia,2,7,20,https://x.com/infoBMKG/status/1778463816231399694,108543358,infoBMKG
1778461303813849433,Thu Apr 11 16:33:11 +0000 2024,11,#Gempa Mag:2.8 11-Apr-2024 23:29:30WIB Lok:0.05LS 123.38BT (70 km Tenggara BONEBOLANGO-GORONTALO) Kedlmn:146 Km #BMKG Disclaimer:Informasi ini mengutamakan kecepatan sehingga hasil pengolahan data belum stabil dan bisa berubah seiring kelengkapan data https://t.co/rjgUmwRhes,1778461303813849433,https://pbs.twimg.com/tweet_video_thumb/GK5dIU4aQAAmY5f.jpg,,in,Indonesia,0,2,1,https://x.com/infoBMKG/status/1778461303813849433,108543358,infoBMKG
1778460549048840210,Thu Apr 11 16:30:11 +0000 2024,5,#Gempa Mag:2.8 11-Apr-2024 23:26:24WIB Lok:2.80LS 129.40BT (74 km TimurLaut MALUKUTENGAH) Kedlmn:10 Km #BMKG Disclaimer:Informasi ini mengutamakan kecepatan sehingga hasil pengolahan data belum stabil dan bisa berubah seiring kelengkapan data https://t.co/rtOo7IcZGp,1778460549048840210,https://pbs.twimg.com/tweet_video_thumb/GK5ccXzaQAIkELi.jpg,,in,Indonesia,1,0,0,https://x.com/infoBMKG/status/1778460549048840210,108543358,infoBMKG
1778451239090733286,Thu Apr 11 15:53:12 +0000 2024,29,#Gempa Mag:4.8 11-Apr-2024 22:50:23WIB Lok:2.78LS 129.43BT (78 km TimurLaut MALUKUTENGAH) Kedlmn:10 Km #BMKG Disclaimer:Informasi ini mengutamakan kecepatan sehingga hasil pengolahan data belum stabil dan bisa berubah seiring kelengkapan data https://t.co/2tkfIXqNJN,1778451239090733286,https://pbs.twimg.com/tweet_video_thumb/GK5T-eTbgAARdf9.jpg,,in,Indonesia,0,1,3,https://x.com/infoBMKG/status/1778451239090733286,108543358,infoBMKG
1778434881766436865,Thu Apr 11 14:48:12 +0000 2024,149,#Gempa Mag:3.0 11-Apr-2024 21:42:56WIB Lok:8.09LS 115.26BT (18 km TimurLaut BULELENG-BALI) Kedlmn:10 Km #BMKG Disclaimer:Informasi ini mengutamakan kecepatan sehingga hasil pengolahan data belum stabil dan bisa berubah seiring kelengkapan data https://t.co/XNxw2pxwd2,1778434881766436865,https://pbs.twimg.com/tweet_video_thumb/GK5FGQabsAAs0Ce.jpg,,in,Indonesia,5,15,23,https://x.com/infoBMKG/status/1778434881766436865,108543358,infoBMKG
1778409984025628855,Thu Apr 11 13:09:16 +0000 2024,43,#Gempa Mag:4.4 11-Apr-2024 20:06:17WIB Lok:2.74LU 127.37BT (128 km BaratLaut DARUBA-MALUT) Kedlmn:10 Km #BMKG Disclaimer:Informasi ini mengutamakan kecepatan sehingga hasil pengolahan data belum stabil dan bisa berubah seiring kelengkapan data https://t.co/hV5QE3RFEx,1778409984025628855,https://pbs.twimg.com/tweet_video_thumb/GK4udHCb0AAEJkG.jpg,,in,Indonesia,0,1,5,https://x.com/infoBMKG/status/1778409984025628855,108543358,infoBMKG
1778086842426171769,Wed Apr 10 15:45:13 +0000 2024,21,#Gempa Mag:1.7 10-Apr-2024 22:42:39WIB Lok:8.53LS 121.95BT (30 km BaratLaut MAUMERE-SIKKA-NTT) Kedlmn:21 Km #BMKG Disclaimer:Informasi ini mengutamakan kecepatan sehingga hasil pengolahan data belum stabil dan bisa berubah seiring kelengkapan data https://t.co/uOzBlq4zoQ,1778086842426171769,https://pbs.twimg.com/tweet_video_thumb/GK0IjzGb0AEQj0O.jpg,,in,Indonesia,0,0,1,https://x.com/infoBMKG/status/1778086842426171769,108543358,infoBMKG
1778085075692949849,Wed Apr 10 15:38:11 +0000 2024,9,#Gempa Mag:3.9 10-Apr-2024 22:34:24WIB Lok:0.43LU 124.85BT (44 km Tenggara TUTUYAN-BOLTIM-SULUT) Kedlmn:24 Km #BMKG Disclaimer:Informasi ini mengutamakan kecepatan sehingga hasil pengolahan data belum stabil dan bisa berubah seiring kelengkapan data https://t.co/glkNqHhYgk,1778085075692949849,https://pbs.twimg.com/tweet_video_thumb/GK0G89db0AE8yv7.jpg,,in,Indonesia,0,1,0,https://x.com/infoBMKG/status/1778085075692949849,108543358,infoBMKG
1778075759363678483,Wed Apr 10 15:01:10 +0000 2024,83,#Gempa Mag:3.2 10-Apr-2024 21:55:19WIB Lok:2.60LU 97.75BT (29 km BaratLaut KAB-ACEHSINGKIL) Kedlmn:30 Km #BMKG Disclaimer:Informasi ini mengutamakan kecepatan sehingga hasil pengolahan data belum stabil dan bisa berubah seiring kelengkapan data https://t.co/0T0PHuHbB0,1778075759363678483,https://pbs.twimg.com/tweet_video_thumb/GKz-eqYawAAPhQ1.jpg,,in,Indonesia,0,2,17,https://x.com/infoBMKG/status/1778075759363678483,108543358,infoBMKG
1778062683226726646,Wed Apr 10 14:09:13 +0000 2024,26,#Gempa Mag:4.6 10-Apr-2024 21:06:11WIB Lok:4.31LU 126.87BT (40 km TimurLaut MELONGUANE-SULUT) Kedlmn:34 Km #BMKG Disclaimer:Informasi ini mengutamakan kecepatan sehingga hasil pengolahan data belum stabil dan bisa berubah seiring kelengkapan data https://t.co/EVGuhvdrZ7,1778062683226726646,https://pbs.twimg.com/tweet_video_thumb/GKzylaiacAAfUmB.jpg,,in,Indonesia,0,4,2,https://x.com/infoBMKG/status/1778062683226726646,108543358,infoBMKG
1778050094115504142,Wed Apr 10 13:19:11 +0000 2024,19,#Gempa Mag:3.2 10-Apr-2024 20:15:05WIB Lok:0.83LU 126.10BT (128 km Tenggara BITUNG-SULUT) Kedlmn:10 Km #BMKG Disclaimer:Informasi ini mengutamakan kecepatan sehingga hasil pengolahan data belum stabil dan bisa berubah seiring kelengkapan data https://t.co/6lMtWo62ov,1778050094115504142,https://pbs.twimg.com/tweet_video_thumb/GKznIspbcAAoPpK.jpg,,in,Indonesia,0,0,2,https://x.com/infoBMKG/status/1778050094115504142,108543358,infoBMKG
1778049590199304291,Wed Apr 10 13:17:11 +0000 2024,17,#Gempa Mag:3.2 10-Apr-2024 20:13:44WIB Lok:1.27LS 134.79BT (96 km Tenggara MANOKWARISEL-PAPUABRT) Kedlmn:10 Km #BMKG Disclaimer:Informasi ini mengutamakan kecepatan sehingga hasil pengolahan data belum stabil dan bisa berubah seiring kelengkapan data https://t.co/7j4rWJJX0s,1778049590199304291,https://pbs.twimg.com/tweet_video_thumb/GKzmrSObEAAxWzL.jpg,,in,Indonesia,0,0,2,https://x.com/infoBMKG/status/1778049590199304291,108543358,infoBMKG
1778047071381303459,Wed Apr 10 13:07:10 +0000 2024,128,#Gempa Mag:3.5 10-Apr-2024 20:01:10WIB Lok:8.19LS 106.97BT (141 km Tenggara KAB-SUKABUMI-JABAR) Kedlmn:10 Km #BMKG Disclaimer:Informasi ini mengutamakan kecepatan sehingga hasil pengolahan data belum stabil dan bisa berubah seiring kelengkapan data https://t.co/EIedClFbQQ,1778047071381303459,https://pbs.twimg.com/tweet_video_thumb/GKzkYwJaIAAl8gD.jpg,,in,Indonesia,1,6,23,https://x.com/infoBMKG/status/1778047071381303459,108543358,infoBMKG
1778041531687190566,Wed Apr 10 12:45:10 +0000 2024,47,#Gempa Mag:3.6 10-Apr-2024 19:38:40WIB Lok:3.39LU 96.51BT (70 km BaratDaya BLANGPIDIE-ACEHBARATDAYA) Kedlmn:25 Km #BMKG Disclaimer:Informasi ini mengutamakan kecepatan sehingga hasil pengolahan data belum stabil dan bisa berubah seiring kelengkapan data https://t.co/fUigExMx5C,1778041531687190566,https://pbs.twimg.com/tweet_video_thumb/GKzfWW4aEAAnIN5.jpg,,in,Indonesia,0,1,5,https://x.com/infoBMKG/status/1778041531687190566,108543358,infoBMKG
1778023161986203972,Wed Apr 10 11:32:10 +0000 2024,12,#Gempa Mag:3.4 10-Apr-2024 18:27:20WIB Lok:9.37LS 119.13BT (6 km BaratLaut TAMBOLAKA-NTT) Kedlmn:44 Km #BMKG Disclaimer:Informasi ini mengutamakan kecepatan sehingga hasil pengolahan data belum stabil dan bisa berubah seiring kelengkapan data https://t.co/Idn0RWfE9w,1778023161986203972,https://pbs.twimg.com/tweet_video_thumb/GKzOpI9a4AECItx.jpg,,in,Indonesia,0,1,6,https://x.com/infoBMKG/status/1778023161986203972,108543358,infoBMKG
1778015112428929471,Wed Apr 10 11:00:11 +0000 2024,15,#Gempa Mag:3.3 10-Apr-2024 17:53:58WIB Lok:2.52LU 127.36BT (112 km BaratLaut TOBELO-MALUT) Kedlmn:10 Km #BMKG Disclaimer:Informasi ini mengutamakan kecepatan sehingga hasil pengolahan data belum stabil dan bisa berubah seiring kelengkapan data https://t.co/PjZmQHkdQZ,1778015112428929471,https://pbs.twimg.com/tweet_video_thumb/GKzHUkdaoAAHmvp.jpg,,in,Indonesia,0,1,3,https://x.com/infoBMKG/status/1778015112428929471,108543358,infoBMKG
1777984407971979671,Wed Apr 10 08:58:10 +0000 2024,125,#Gempa Mag:3.0 10-Apr-2024 15:52:54WIB Lok:1.56LU 99.56BT (9 km BaratLaut PADANGLAWASUTARA-SUMUT) Kedlmn:151 Km #BMKG Disclaimer:Informasi ini mengutamakan kecepatan sehingga hasil pengolahan data belum stabil dan bisa berubah seiring kelengkapan data https://t.co/It6OomssmX,1777984407971979671,https://pbs.twimg.com/tweet_video_thumb/GKyrZU8akAAvjD4.jpg,,in,Indonesia,0,3,10,https://x.com/infoBMKG/status/1777984407971979671,108543358,infoBMKG
1777984162181554250,Wed Apr 10 08:57:12 +0000 2024,39,#Gempa Mag:3.0 10-Apr-2024 15:52:54WIB Lok:1.56LU 99.56BT (9 km BaratLaut PADANGLAWASUTARA-SUMUT) Kedlmn:151 Km #BMKG Disclaimer:Informasi ini mengutamakan kecepatan sehingga hasil pengolahan data belum stabil dan bisa berubah seiring kelengkapan data https://t.co/R1RWcCHNSs,1777984162181554250,https://pbs.twimg.com/tweet_video_thumb/GKyrLB6aQAAzHU7.jpg,,in,Indonesia,0,1,6,https://x.com/infoBMKG/status/1777984162181554250,108543358,infoBMKG
1777960497717117082,Wed Apr 10 07:23:10 +0000 2024,8,#Gempa Mag:3.5 10-Apr-2024 14:18:14WIB Lok:8.50LS 123.65BT (18 km Tenggara LEMBATA-NTT) Kedlmn:90 Km #BMKG Disclaimer:Informasi ini mengutamakan kecepatan sehingga hasil pengolahan data belum stabil dan bisa berubah seiring kelengkapan data https://t.co/tylAa457J0,1777960497717117082,https://pbs.twimg.com/tweet_video_thumb/GKyVpjcaoAATYDE.jpg,,in,Indonesia,0,2,1,https://x.com/infoBMKG/status/1777960497717117082,108543358,infoBMKG
1777948165372784968,Wed Apr 10 06:34:09 +0000 2024,9,#Gempa Mag:3.6 10-Apr-2024 13:30:40WIB Lok:2.80LU 127.20BT (145 km Tenggara MELONGUANE-SULUT) Kedlmn:10 Km #BMKG Disclaimer:Informasi ini mengutamakan kecepatan sehingga hasil pengolahan data belum stabil dan bisa berubah seiring kelengkapan data https://t.co/WaDP9MO4cr,1777948165372784968,https://pbs.twimg.com/tweet_video_thumb/GKyKbwabQAAyw2O.jpg,,in,Indonesia,0,0,0,https://x.com/infoBMKG/status/1777948165372784968,108543358,infoBMKG
1777938105343070419,Wed Apr 10 05:54:11 +0000 2024,16,#Gempa Mag:2.9 10-Apr-2024 12:50:15WIB Lok:3.53LS 133.40BT (64 km Tenggara FAKFAK-PAPUABRT) Kedlmn:10 Km #BMKG Disclaimer:Informasi ini mengutamakan kecepatan sehingga hasil pengolahan data belum stabil dan bisa berubah seiring kelengkapan data https://t.co/bynrc2qqxP,1777938105343070419,https://pbs.twimg.com/tweet_video_thumb/GKyBSKlaEAA-haa.jpg,,in,Indonesia,0,1,1,https://x.com/infoBMKG/status/1777938105343070419,108543358,infoBMKG
1777929040026046859,Wed Apr 10 05:18:10 +0000 2024,23,#Gempa Mag:3.9 10-Apr-2024 12:11:24WIB Lok:3.65LU 128.05BT (157 km Tenggara MELONGUANE-SULUT) Kedlmn:13 Km #BMKG Disclaimer:Informasi ini mengutamakan kecepatan sehingga hasil pengolahan data belum stabil dan bisa berubah seiring kelengkapan data https://t.co/TOb7H8wv7T,1777929040026046859,https://pbs.twimg.com/tweet_video_thumb/GKx5CeFbgAAhGYD.jpg,,in,Indonesia,0,0,4,https://x.com/infoBMKG/status/1777929040026046859,108543358,infoBMKG
1777903622606774546,Wed Apr 10 03:37:10 +0000 2024,14,#Gempa Mag:2.5 10-Apr-2024 10:34:44WIB Lok:0.88LU 127.66BT (14 km TimurLaut SOFIFI-MALUT) Kedlmn:10 Km #BMKG Disclaimer:Informasi ini mengutamakan kecepatan sehingga hasil pengolahan data belum stabil dan bisa berubah seiring kelengkapan data https://t.co/IQrckDCOyB,1777903622606774546,https://pbs.twimg.com/tweet_video_thumb/GKxh7CCagAAL-jC.jpg,,in,Indonesia,0,1,1,https://x.com/infoBMKG/status/1777903622606774546,108543358,infoBMKG
1777901866065805458,Wed Apr 10 03:30:11 +0000 2024,18,#Gempa Mag:3.6 10-Apr-2024 10:25:39WIB Lok:1.51LS 134.54BT (89 km Tenggara MANOKWARISEL-PAPUABRT) Kedlmn:10 Km #BMKG Disclaimer:Informasi ini mengutamakan kecepatan sehingga hasil pengolahan data belum stabil dan bisa berubah seiring kelengkapan data https://t.co/pZTvxa8bLy,1777901866065805458,https://pbs.twimg.com/tweet_video_thumb/GKxgUxYaAAA8Yh6.jpg,,in,Indonesia,0,1,1,https://x.com/infoBMKG/status/1777901866065805458,108543358,infoBMKG
1777890793858179206,Wed Apr 10 02:46:11 +0000 2024,16,#Gempa Mag:2.6 10-Apr-2024 09:40:23WIB Lok:7.86LS 120.11BT (74 km TimurLaut LABUANBAJO-NTT) Kedlmn:18 Km #BMKG Disclaimer:Informasi ini mengutamakan kecepatan sehingga hasil pengolahan data belum stabil dan bisa berubah seiring kelengkapan data https://t.co/x9qi58ZHLe,1777890793858179206,https://pbs.twimg.com/tweet_video_thumb/GKxWQUVbcAAgH5p.jpg,,in,Indonesia,0,0,0,https://x.com/infoBMKG/status/1777890793858179206,108543358,infoBMKG
1777889033936675169,Wed Apr 10 02:39:11 +0000 2024,8,#Gempa Mag:2.4 10-Apr-2024 09:33:20WIB Lok:1.69LS 120.12BT (42 km Tenggara SIGI-SULTENG) Kedlmn:10 Km #BMKG Disclaimer:Informasi ini mengutamakan kecepatan sehingga hasil pengolahan data belum stabil dan bisa berubah seiring kelengkapan data https://t.co/LGaGLuA7J6,1777889033936675169,https://pbs.twimg.com/tweet_video_thumb/GKxUp2eaYAAyA1G.jpg,,in,Indonesia,0,0,0,https://x.com/infoBMKG/status/1777889033936675169,108543358,infoBMKG
1777848257278066837,Tue Apr 09 23:57:10 +0000 2024,21,#Gempa Mag:2.5 10-Apr-2024 06:53:30WIB Lok:8.06LS 117.63BT (53 km TimurLaut SUMBAWA-NTB) Kedlmn:17 Km #BMKG Disclaimer:Informasi ini mengutamakan kecepatan sehingga hasil pengolahan data belum stabil dan bisa berubah seiring kelengkapan data https://t.co/qq6Ne5nRHY,1777848257278066837,https://pbs.twimg.com/tweet_video_thumb/GKwvkV7aAAAxzcp.jpg,,in,Indonesia,0,1,1,https://x.com/infoBMKG/status/1777848257278066837,108543358,infoBMKG
1777841465017946427,Tue Apr 09 23:30:10 +0000 2024,38,#Gempa Mag:3.1 10-Apr-2024 06:26:39WIB Lok:1.41LS 134.38BT (69 km Tenggara MANOKWARISEL-PAPUABRT) Kedlmn:14 Km #BMKG Disclaimer:Informasi ini mengutamakan kecepatan sehingga hasil pengolahan data belum stabil dan bisa berubah seiring kelengkapan data https://t.co/tgY6fCkVa4,1777841465017946427,https://pbs.twimg.com/tweet_video_thumb/GKwpY_YaEAAa1Z9.jpg,,in,Indonesia,0,5,3,https://x.com/infoBMKG/status/1777841465017946427,108543358,infoBMKG
1777836938323763525,Tue Apr 09 23:12:11 +0000 2024,18,#Gempa Mag:3.7 10-Apr-2024 06:08:41WIB Lok:2.46LS 120.97BT (26 km BaratLaut LUWUTIMUR-SULSEL) Kedlmn:10 Km #BMKG Disclaimer:Informasi ini mengutamakan kecepatan sehingga hasil pengolahan data belum stabil dan bisa berubah seiring kelengkapan data https://t.co/ANtPxdiHAz,1777836938323763525,https://pbs.twimg.com/tweet_video_thumb/GKwlReJbsAAw8sS.jpg,,in,Indonesia,0,0,1,https://x.com/infoBMKG/status/1777836938323763525,108543358,infoBMKG
1777826117380104651,Tue Apr 09 22:29:11 +0000 2024,15,#Gempa Mag:3.6 10-Apr-2024 05:25:09WIB Lok:1.51LS 134.32BT (75 km Tenggara MANOKWARISEL-PAPUABRT) Kedlmn:33 Km #BMKG Disclaimer:Informasi ini mengutamakan kecepatan sehingga hasil pengolahan data belum stabil dan bisa berubah seiring kelengkapan data https://t.co/I3hZDOfsp1,1777826117380104651,https://pbs.twimg.com/tweet_video_thumb/GKwbbpibsAA17y9.jpg,,in,Indonesia,0,0,2,https://x.com/infoBMKG/status/1777826117380104651,108543358,infoBMKG
1777825865369518300,Tue Apr 09 22:28:11 +0000 2024,12,#Gempa Mag:4.0 10-Apr-2024 05:22:31WIB Lok:1.48LS 134.57BT (89 km Tenggara MANOKWARISEL-PAPUABRT) Kedlmn:10 Km #BMKG Disclaimer:Informasi ini mengutamakan kecepatan sehingga hasil pengolahan data belum stabil dan bisa berubah seiring kelengkapan data https://t.co/fVZiJAuvtF,1777825865369518300,https://pbs.twimg.com/tweet_video_thumb/GKwbM-bbgAAMA8t.jpg,,in,Indonesia,0,1,3,https://x.com/infoBMKG/status/1777825865369518300,108543358,infoBMKG
1777821582439940420,Tue Apr 09 22:11:10 +0000 2024,29,#Gempa Mag:3.2 10-Apr-2024 05:05:13WIB Lok:8.48LS 117.04BT (1 km Selatan PERNANG-NTB) Kedlmn:15 Km #BMKG Disclaimer:Informasi ini mengutamakan kecepatan sehingga hasil pengolahan data belum stabil dan bisa berubah seiring kelengkapan data https://t.co/fBaf8vQW2s,1777821582439940420,https://pbs.twimg.com/tweet_video_thumb/GKwXTpnbYAEgVtJ.jpg,,in,Indonesia,1,1,3,https://x.com/infoBMKG/status/1777821582439940420,108543358,infoBMKG
1777814033103745139,Tue Apr 09 21:41:10 +0000 2024,214,#Gempa Mag:3.3 10-Apr-2024 04:37:47WIB Lok:5.71LS 112.55BT (143 km TimurLaut TUBAN-JATIM) Kedlmn:10 Km #BMKG Disclaimer:Informasi ini mengutamakan kecepatan sehingga hasil pengolahan data belum stabil dan bisa berubah seiring kelengkapan data https://t.co/lOqKlo7RwB,1777814033103745139,https://pbs.twimg.com/tweet_video_thumb/GKwQcPCbcAAfECq.jpg,,in,Indonesia,0,6,23,https://x.com/infoBMKG/status/1777814033103745139,108543358,infoBMKG
1777788619228602789,Tue Apr 09 20:00:11 +0000 2024,9,#Gempa Mag:2.7 10-Apr-2024 02:56:55WIB Lok:2.83LS 129.42BT (73 km TimurLaut MALUKUTENGAH) Kedlmn:10 Km #BMKG Disclaimer:Informasi ini mengutamakan kecepatan sehingga hasil pengolahan data belum stabil dan bisa berubah seiring kelengkapan data https://t.co/7ySxFN1D8G,1777788619228602789,https://pbs.twimg.com/tweet_video_thumb/GKv5U9hagAAG-EE.jpg,,in,Indonesia,0,2,1,https://x.com/infoBMKG/status/1777788619228602789,108543358,infoBMKG
1777785350150381942,Tue Apr 09 19:47:11 +0000 2024,8,#Gempa Mag:4.6 10-Apr-2024 02:44:57WIB Lok:2.79LS 129.40BT (74 km TimurLaut MALUKUTENGAH) Kedlmn:13 Km #BMKG Disclaimer:Informasi ini mengutamakan kecepatan sehingga hasil pengolahan data belum stabil dan bisa berubah seiring kelengkapan data https://t.co/ngdxpK8f50,1777785350150381942,https://pbs.twimg.com/tweet_video_thumb/GKv2WpFaAAED5vT.jpg,,in,Indonesia,0,1,4,https://x.com/infoBMKG/status/1777785350150381942,108543358,infoBMKG
1777779562803519969,Tue Apr 09 19:24:11 +0000 2024,13,#Gempa Mag:2.3 10-Apr-2024 02:19:55WIB Lok:1.97LS 120.55BT (67 km BaratDaya POSO-SULTENG) Kedlmn:10 Km #BMKG Disclaimer:Informasi ini mengutamakan kecepatan sehingga hasil pengolahan data belum stabil dan bisa berubah seiring kelengkapan data https://t.co/L4INHaZYdY,1777779562803519969,https://pbs.twimg.com/tweet_video_thumb/GKvxFw2bYAA_o1o.jpg,,in,Indonesia,0,0,4,https://x.com/infoBMKG/status/1777779562803519969,108543358,infoBMKG
1777758922939695575,Tue Apr 09 18:02:11 +0000 2024,18,#Gempa Mag:4.0 10-Apr-2024 00:58:13WIB Lok:2.80LU 127.19BT (144 km Tenggara MELONGUANE-SULUT) Kedlmn:10 Km #BMKG Disclaimer:Informasi ini mengutamakan kecepatan sehingga hasil pengolahan data belum stabil dan bisa berubah seiring kelengkapan data https://t.co/zC7CvvrT1G,1777758922939695575,https://pbs.twimg.com/tweet_video_thumb/GKveUYeaAAA95SQ.jpg,,in,Indonesia,0,0,4,https://x.com/infoBMKG/status/1777758922939695575,108543358,infoBMKG
1777755144358330651,Tue Apr 09 17:47:10 +0000 2024,14,#Gempa Mag:2.2 10-Apr-2024 00:43:40WIB Lok:10.04LS 124.30BT (32 km BaratDaya TIMORTENGAHSEL-NTT) Kedlmn:10 Km #BMKG Disclaimer:Informasi ini mengutamakan kecepatan sehingga hasil pengolahan data belum stabil dan bisa berubah seiring kelengkapan data https://t.co/29ZXgg7zH6,1777755144358330651,https://pbs.twimg.com/tweet_video_thumb/GKva4cEbYAIwvdn.jpg,,in,Indonesia,0,1,3,https://x.com/infoBMKG/status/1777755144358330651,108543358,infoBMKG
1777752636344983632,Tue Apr 09 17:37:12 +0000 2024,15,#Gempa Mag:2.2 10-Apr-2024 00:34:00WIB Lok:1.45LS 134.61BT (90 km Tenggara MANOKWARISEL-PAPUABRT) Kedlmn:10 Km #BMKG Disclaimer:Informasi ini mengutamakan kecepatan sehingga hasil pengolahan data belum stabil dan bisa berubah seiring kelengkapan data https://t.co/WASTUq38QD,1777752636344983632,https://pbs.twimg.com/tweet_video_thumb/GKvYmazbYAAQ3hx.jpg,,in,Indonesia,0,0,2,https://x.com/infoBMKG/status/1777752636344983632,108543358,infoBMKG
1777744828937494640,Tue Apr 09 17:06:10 +0000 2024,10,#Gempa Mag:3.6 10-Apr-2024 00:02:32WIB Lok:2.80LU 127.25BT (142 km BaratLaut DARUBA-MALUT) Kedlmn:10 Km #BMKG Disclaimer:Informasi ini mengutamakan kecepatan sehingga hasil pengolahan data belum stabil dan bisa berubah seiring kelengkapan data https://t.co/6opmBuI2J5,1777744828937494640,https://pbs.twimg.com/tweet_video_thumb/GKvRf_gaAAEEiXf.jpg,,in,Indonesia,0,2,1,https://x.com/infoBMKG/status/1777744828937494640,108543358,infoBMKG
1777743826733629855,Tue Apr 09 17:02:11 +0000 2024,11,#Gempa Mag:3.1 09-Apr-2024 23:56:24WIB Lok:0.30LU 125.17BT (80 km Tenggara TUTUYAN-BOLTIM-SULUT) Kedlmn:11 Km #BMKG Disclaimer:Informasi ini mengutamakan kecepatan sehingga hasil pengolahan data belum stabil dan bisa berubah seiring kelengkapan data https://t.co/lKwiLE6QJg,1777743826733629855,https://pbs.twimg.com/tweet_video_thumb/GKvQlpebYAEjf82.jpg,,in,Indonesia,0,0,0,https://x.com/infoBMKG/status/1777743826733629855,108543358,infoBMKG
1777740051436404887,Tue Apr 09 16:47:11 +0000 2024,20,#Gempa Mag:3.9 09-Apr-2024 23:43:56WIB Lok:7.99LS 117.54BT (57 km TimurLaut SUMBAWA-NTB) Kedlmn:10 Km #BMKG Disclaimer:Informasi ini mengutamakan kecepatan sehingga hasil pengolahan data belum stabil dan bisa berubah seiring kelengkapan data https://t.co/QKV3wZ1e6y,1777740051436404887,https://pbs.twimg.com/tweet_video_thumb/GKvNJxIaAAEn6x_.jpg,,in,Indonesia,0,2,7,https://x.com/infoBMKG/status/1777740051436404887,108543358,infoBMKG
1777732753343332493,Tue Apr 09 16:18:11 +0000 2024,13,#Gempa Mag:2.7 09-Apr-2024 23:14:23WIB Lok:4.08LS 128.66BT (92 km BaratDaya MALUKUTENGAH) Kedlmn:10 Km #BMKG Disclaimer:Informasi ini mengutamakan kecepatan sehingga hasil pengolahan data belum stabil dan bisa berubah seiring kelengkapan data https://t.co/rOxsc2ZRrK,1777732753343332493,https://pbs.twimg.com/tweet_video_thumb/GKvGhDObMAAxKbi.jpg,,in,Indonesia,0,0,0,https://x.com/infoBMKG/status/1777732753343332493,108543358,infoBMKG
1777719664665325721,Tue Apr 09 15:26:11 +0000 2024,25,#Gempa Mag:3.9 09-Apr-2024 22:20:54WIB Lok:1.50LS 134.58BT (91 km Tenggara MANOKWARISEL-PAPUABRT) Kedlmn:10 Km #BMKG Disclaimer:Informasi ini mengutamakan kecepatan sehingga hasil pengolahan data belum stabil dan bisa berubah seiring kelengkapan data https://t.co/x91ytRokaf,1777719664665325721,https://pbs.twimg.com/tweet_video_thumb/GKu6nNHbsAAn8_f.jpg,,in,Indonesia,0,0,0,https://x.com/infoBMKG/status/1777719664665325721,108543358,infoBMKG
1777715637294633212,Tue Apr 09 15:10:10 +0000 2024,38,#Gempa Mag:3.6 09-Apr-2024 22:04:40WIB Lok:8.79LS 116.21BT (11 km BaratDaya LOMBOKTENGAH-NTB) Kedlmn:91 Km #BMKG Disclaimer:Informasi ini mengutamakan kecepatan sehingga hasil pengolahan data belum stabil dan bisa berubah seiring kelengkapan data https://t.co/V6bhjR7brY,1777715637294633212,https://pbs.twimg.com/tweet_video_thumb/GKu28z9aEAAVG4e.jpg,,in,Indonesia,0,0,6,https://x.com/infoBMKG/status/1777715637294633212,108543358,infoBMKG
1777655994832880031,Tue Apr 09 11:13:11 +0000 2024,10,#Gempa Mag:4.4 09-Apr-2024 18:10:11WIB Lok:1.49LS 134.54BT (87 km Tenggara MANOKWARISEL-PAPUABRT) Kedlmn:13 Km #BMKG Disclaimer:Informasi ini mengutamakan kecepatan sehingga hasil pengolahan data belum stabil dan bisa berubah seiring kelengkapan data https://t.co/juF0BCLqJn,1777655994832880031,https://pbs.twimg.com/tweet_video_thumb/GKuAtLeawAAUOn-.jpg,,in,Indonesia,0,0,0,https://x.com/infoBMKG/status/1777655994832880031,108543358,infoBMKG
1777655491570856204,Tue Apr 09 11:11:11 +0000 2024,3,#Gempa Mag:3.5 09-Apr-2024 18:05:31WIB Lok:1.49LS 134.61BT (93 km Tenggara MANOKWARISEL-PAPUABRT) Kedlmn:10 Km #BMKG Disclaimer:Informasi ini mengutamakan kecepatan sehingga hasil pengolahan data belum stabil dan bisa berubah seiring kelengkapan data https://t.co/OBlTlUSunS,1777655491570856204,https://pbs.twimg.com/tweet_video_thumb/GKuAP38bEAAcdOh.jpg,,in,Indonesia,0,0,0,https://x.com/infoBMKG/status/1777655491570856204,108543358,infoBMKG
1777648191560888599,Tue Apr 09 10:42:10 +0000 2024,17,#Gempa Mag:3.7 09-Apr-2024 17:37:26WIB Lok:2.80LU 127.19BT (144 km Tenggara MELONGUANE-SULUT) Kedlmn:10 Km #BMKG Disclaimer:Informasi ini mengutamakan kecepatan sehingga hasil pengolahan data belum stabil dan bisa berubah seiring kelengkapan data https://t.co/1X42D7pLtP,1777648191560888599,https://pbs.twimg.com/tweet_video_thumb/GKt5m_IaoAAxPb8.jpg,,in,Indonesia,0,0,2,https://x.com/infoBMKG/status/1777648191560888599,108543358,infoBMKG
1777644918393176398,Tue Apr 09 10:29:10 +0000 2024,188,#Gempa Mag:3.9 09-Apr-2024 17:26:39WIB Lok:5.74LS 112.53BT (139 km TimurLaut TUBAN-JATIM) Kedlmn:10 Km #BMKG Disclaimer:Informasi ini mengutamakan kecepatan sehingga hasil pengolahan data belum stabil dan bisa berubah seiring kelengkapan data https://t.co/ybhqRgNDMW,1777644918393176398,https://pbs.twimg.com/tweet_video_thumb/GKt2odLboAA8qY0.jpg,,in,Indonesia,3,6,28,https://x.com/infoBMKG/status/1777644918393176398,108543358,infoBMKG
1777640890544312537,Tue Apr 09 10:13:09 +0000 2024,20,#Gempa Mag:3.7 09-Apr-2024 17:10:18WIB Lok:2.83LU 127.31BT (139 km BaratLaut DARUBA-MALUT) Kedlmn:10 Km #BMKG Disclaimer:Informasi ini mengutamakan kecepatan sehingga hasil pengolahan data belum stabil dan bisa berubah seiring kelengkapan data https://t.co/ZZPfbkovtq,1777640890544312537,https://pbs.twimg.com/tweet_video_thumb/GKty-BJbEAAtQ0Q.jpg,,in,Indonesia,1,1,1,https://x.com/infoBMKG/status/1777640890544312537,108543358,infoBMKG
1777635357502431431,Tue Apr 09 09:51:10 +0000 2024,298,#Gempa Mag:6.5 09-Apr-2024 16:48:01WIB Lok:2.75LU 127.14BT (147 km BaratLaut TOBELO-MALUT) Kedlmn:10 Km #BMKG Disclaimer:Informasi ini mengutamakan kecepatan sehingga hasil pengolahan data belum stabil dan bisa berubah seiring kelengkapan data https://t.co/NDwTgcy2NW,1777635357502431431,https://pbs.twimg.com/tweet_video_thumb/GKtt76xaEAAgLtU.jpg,,in,Indonesia,12,16,66,https://x.com/infoBMKG/status/1777635357502431431,108543358,infoBMKG
1777635332433088829,Tue Apr 09 09:51:04 +0000 2024,126,#Gempa Mag:6.5 09-Apr-24 16:48:01 WIB Lok:2.75 LU 127.14 BT (87 km BaratLaut PULAUDOI-MALUT) Kedlmn:10 Km tdk berpotensi tsunami #BMKG https://t.co/KQQOCGTjx2,1777635332433088829,https://pbs.twimg.com/tweet_video_thumb/GKtt6dLbAAEnT4z.jpg,,in,Indonesia,12,2,39,https://x.com/infoBMKG/status/1777635332433088829,108543358,infoBMKG
1777566152593657895,Tue Apr 09 05:16:11 +0000 2024,29,#Gempa Mag:4.9 09-Apr-2024 12:14:10WIB Lok:1.47LS 134.65BT (94 km Tenggara MANOKWARISEL-PAPUABRT) Kedlmn:10 Km #BMKG Disclaimer:Informasi ini mengutamakan kecepatan sehingga hasil pengolahan data belum stabil dan bisa berubah seiring kelengkapan data https://t.co/OQ6KuwbHSt,1777566152593657895,https://pbs.twimg.com/tweet_video_thumb/GKsu_rwacAAcsDq.jpg,,in,Indonesia,1,3,1,https://x.com/infoBMKG/status/1777566152593657895,108543358,infoBMKG
1777562882047373586,Tue Apr 09 05:03:11 +0000 2024,5,#Gempa Mag:3.0 09-Apr-2024 11:56:11WIB Lok:1.24LS 121.22BT (38 km BaratDaya TOJOUNA-UNA-SULTENG) Kedlmn:10 Km #BMKG Disclaimer:Informasi ini mengutamakan kecepatan sehingga hasil pengolahan data belum stabil dan bisa berubah seiring kelengkapan data https://t.co/0PCo1DCRun,1777562882047373586,https://pbs.twimg.com/tweet_video_thumb/GKssBS8a4AEKFoc.jpg,,in,Indonesia,0,1,1,https://x.com/infoBMKG/status/1777562882047373586,108543358,infoBMKG
1777555078951621010,Tue Apr 09 04:32:10 +0000 2024,12,#Gempa Mag:4.2 09-Apr-2024 11:29:45WIB Lok:1.42LS 134.66BT (92 km Tenggara MANOKWARISEL-PAPUABRT) Kedlmn:10 Km #BMKG Disclaimer:Informasi ini mengutamakan kecepatan sehingga hasil pengolahan data belum stabil dan bisa berubah seiring kelengkapan data https://t.co/Kqxp2gZLnk,1777555078951621010,https://pbs.twimg.com/tweet_video_thumb/GKsk7HGacAAkBMQ.jpg,,in,Indonesia,0,0,0,https://x.com/infoBMKG/status/1777555078951621010,108543358,infoBMKG
1777543503050146091,Tue Apr 09 03:46:10 +0000 2024,16,#Gempa Mag:3.7 09-Apr-2024 10:43:14WIB Lok:1.48LS 134.53BT (86 km Tenggara MANOKWARISEL-PAPUABRT) Kedlmn:10 Km #BMKG Disclaimer:Informasi ini mengutamakan kecepatan sehingga hasil pengolahan data belum stabil dan bisa berubah seiring kelengkapan data https://t.co/93BHzBLnc2,1777543503050146091,https://pbs.twimg.com/tweet_video_thumb/GKsaZRvbYAAu3X6.jpg,,in,Indonesia,0,1,2,https://x.com/infoBMKG/status/1777543503050146091,108543358,infoBMKG
1777521103101141181,Tue Apr 09 02:17:10 +0000 2024,31,#Gempa Mag:3.6 09-Apr-2024 09:14:14WIB Lok:1.76LU 99.08BT (28 km BaratLaut TAPANULISELATAN-SUMUT) Kedlmn:10 Km #BMKG Disclaimer:Informasi ini mengutamakan kecepatan sehingga hasil pengolahan data belum stabil dan bisa berubah seiring kelengkapan data https://t.co/W3yun6Xssx,1777521103101141181,https://pbs.twimg.com/tweet_video_thumb/GKsGBeAbUAAoWjQ.jpg,,in,Indonesia,1,0,6,https://x.com/infoBMKG/status/1777521103101141181,108543358,infoBMKG
1777502225054781519,Tue Apr 09 01:02:09 +0000 2024,75,#Gempa Mag:4.7 09-Apr-2024 07:58:32WIB Lok:4.84LS 103.01BT (38 km BaratDaya KAUR-BENGKULU) Kedlmn:25 Km #BMKG Disclaimer:Informasi ini mengutamakan kecepatan sehingga hasil pengolahan data belum stabil dan bisa berubah seiring kelengkapan data https://t.co/2rSGukToDQ,1777502225054781519,https://pbs.twimg.com/tweet_video_thumb/GKr02nmaAAE9GLB.jpg,,in,Indonesia,5,1,17,https://x.com/infoBMKG/status/1777502225054781519,108543358,infoBMKG
1777495939051368579,Tue Apr 09 00:37:10 +0000 2024,16,#Gempa Mag:2.7 09-Apr-2024 07:30:02WIB Lok:1.35LS 134.64BT (85 km Tenggara MANOKWARISEL-PAPUABRT) Kedlmn:10 Km #BMKG Disclaimer:Informasi ini mengutamakan kecepatan sehingga hasil pengolahan data belum stabil dan bisa berubah seiring kelengkapan data https://t.co/2m9hmYRsp1,1777495939051368579,https://pbs.twimg.com/tweet_video_thumb/GKrvIutaMAAUpFu.jpg,,in,Indonesia,0,2,2,https://x.com/infoBMKG/status/1777495939051368579,108543358,infoBMKG
1777492163649208603,Tue Apr 09 00:22:10 +0000 2024,10,#Gempa Mag:3.8 09-Apr-2024 07:16:53WIB Lok:1.48LS 134.51BT (84 km Tenggara MANOKWARISEL-PAPUABRT) Kedlmn:10 Km #BMKG Disclaimer:Informasi ini mengutamakan kecepatan sehingga hasil pengolahan data belum stabil dan bisa berubah seiring kelengkapan data https://t.co/KmcZlUVuUH,1777492163649208603,https://pbs.twimg.com/tweet_video_thumb/GKrrs9Ya0AAlX07.jpg,,in,Indonesia,0,1,1,https://x.com/infoBMKG/status/1777492163649208603,108543358,infoBMKG
1777488033262313610,Tue Apr 09 00:05:45 +0000 2024,222,#Gempa Mag:6.1 09-Apr-24 07:02:53 WIB Lok:1.51 LS 134.54 BT (42 km Tenggara RANSIKI-PAPUABRT) Kedlmn:10 Km tdk berpotensi tsunami #BMKG https://t.co/YjDl66zByb,1777488033262313610,https://pbs.twimg.com/tweet_video_thumb/GKrn8iYaMAAZSfT.jpg,,in,Indonesia,8,15,57,https://x.com/infoBMKG/status/1777488033262313610,108543358,infoBMKG
1777487884590936323,Tue Apr 09 00:05:10 +0000 2024,48,#Gempa Mag:6.1 09-Apr-2024 07:02:53WIB Lok:1.51LS 134.54BT (89 km Tenggara MANOKWARISEL-PAPUABRT) Kedlmn:10 Km #BMKG Disclaimer:Informasi ini mengutamakan kecepatan sehingga hasil pengolahan data belum stabil dan bisa berubah seiring kelengkapan data https://t.co/RaM1Ja4ChN,1777487884590936323,https://pbs.twimg.com/tweet_video_thumb/GKrnz6OboAAjKGH.jpg,,in,Indonesia,1,3,8,https://x.com/infoBMKG/status/1777487884590936323,108543358,infoBMKG
1777418178261569815,Mon Apr 08 19:28:11 +0000 2024,10,#Gempa Mag:3.1 09-Apr-2024 02:25:06WIB Lok:1.67LU 125.97BT (97 km TimurLaut BITUNG-SULUT) Kedlmn:12 Km #BMKG Disclaimer:Informasi ini mengutamakan kecepatan sehingga hasil pengolahan data belum stabil dan bisa berubah seiring kelengkapan data https://t.co/QLfMF9JEzX,1777418178261569815,https://pbs.twimg.com/tweet_video_thumb/GKqoadBaUAAusg2.jpg,,in,Indonesia,0,0,0,https://x.com/infoBMKG/status/1777418178261569815,108543358,infoBMKG
1777409117914812697,Mon Apr 08 18:52:11 +0000 2024,34,#Gempa Mag:3.8 09-Apr-2024 01:48:18WIB Lok:4.24LS 103.39BT (28 km Tenggara PAGARALAM-SUMSEL) Kedlmn:156 Km #BMKG Disclaimer:Informasi ini mengutamakan kecepatan sehingga hasil pengolahan data belum stabil dan bisa berubah seiring kelengkapan data https://t.co/XWwoUbbqnc,1777409117914812697,https://pbs.twimg.com/tweet_video_thumb/GKqgLDSboAAF4LR.jpg,,in,Indonesia,1,1,1,https://x.com/infoBMKG/status/1777409117914812697,108543358,infoBMKG
1777399807314907201,Mon Apr 08 18:15:11 +0000 2024,20,#Gempa Mag:3.4 09-Apr-2024 01:10:08WIB Lok:0.79LS 136.26BT (41 km TimurLaut BIAKNUMFOR-PAPUA) Kedlmn:10 Km #BMKG Disclaimer:Informasi ini mengutamakan kecepatan sehingga hasil pengolahan data belum stabil dan bisa berubah seiring kelengkapan data https://t.co/RYPtBrVbh0,1777399807314907201,https://pbs.twimg.com/tweet_video_thumb/GKqXtGla0AA11kU.jpg,,in,Indonesia,0,1,1,https://x.com/infoBMKG/status/1777399807314907201,108543358,infoBMKG
1777386226775146508,Mon Apr 08 17:21:13 +0000 2024,27,#Gempa Mag:4.6 09-Apr-2024 00:17:59WIB Lok:2.83LS 127.90BT (41 km BaratLaut SERAMBAGIANBARAT-MALUKU) Kedlmn:11 Km #BMKG Disclaimer:Informasi ini mengutamakan kecepatan sehingga hasil pengolahan data belum stabil dan bisa berubah seiring kelengkapan data https://t.co/SSUQ8d7Vgj,1777386226775146508,https://pbs.twimg.com/tweet_video_thumb/GKqLWkmaUAIEhma.jpg,,in,Indonesia,0,1,0,https://x.com/infoBMKG/status/1777386226775146508,108543358,infoBMKG
1777337649709388205,Mon Apr 08 14:08:11 +0000 2024,36,#Gempa Mag:4.0 08-Apr-2024 21:02:15WIB Lok:0.25LU 122.32BT (31 km BaratDaya BOALEMO-GORONTALO) Kedlmn:164 Km #BMKG Disclaimer:Informasi ini mengutamakan kecepatan sehingga hasil pengolahan data belum stabil dan bisa berubah seiring kelengkapan data https://t.co/DAgWJhadXM,1777337649709388205,https://pbs.twimg.com/tweet_video_thumb/GKpfK7LaUAA0I1Z.jpg,,in,Indonesia,0,5,1,https://x.com/infoBMKG/status/1777337649709388205,108543358,infoBMKG
1777329086911983726,Mon Apr 08 13:34:10 +0000 2024,97,#Gempa Mag:3.4 08-Apr-2024 20:31:32WIB Lok:7.28LS 106.56BT (32 km Tenggara KAB-SUKABUMI-JABAR) Kedlmn:42 Km #BMKG Disclaimer:Informasi ini mengutamakan kecepatan sehingga hasil pengolahan data belum stabil dan bisa berubah seiring kelengkapan data https://t.co/nwe1IgwQ3o,1777329086911983726,https://pbs.twimg.com/tweet_video_thumb/GKpXYlxbYAE0x-8.jpg,,in,Indonesia,2,0,18,https://x.com/infoBMKG/status/1777329086911983726,108543358,infoBMKG
1777302163590721678,Mon Apr 08 11:47:11 +0000 2024,25,#Gempa Mag:4.1 08-Apr-2024 18:43:53WIB Lok:0.66LU 129.32BT (109 km TimurLaut HALMAHERATENGAH-MALUT) Kedlmn:10 Km #BMKG Disclaimer:Informasi ini mengutamakan kecepatan sehingga hasil pengolahan data belum stabil dan bisa berubah seiring kelengkapan data https://t.co/o98KH6iFqm,1777302163590721678,https://pbs.twimg.com/tweet_video_thumb/GKo-5ejaUAEEqBq.jpg,,in,Indonesia,0,0,1,https://x.com/infoBMKG/status/1777302163590721678,108543358,infoBMKG
1777168024606498968,Mon Apr 08 02:54:09 +0000 2024,34,#Gempa Mag:4.0 08-Apr-2024 09:50:53WIB Lok:8.66LS 118.39BT (16 km BaratDaya DOMPU-NTB) Kedlmn:113 Km #BMKG Disclaimer:Informasi ini mengutamakan kecepatan sehingga hasil pengolahan data belum stabil dan bisa berubah seiring kelengkapan data https://t.co/l6HuHav7yb,1777168024606498968,https://pbs.twimg.com/tweet_video_thumb/GKnE5kdbIAAg6Wd.jpg,,in,Indonesia,0,0,4,https://x.com/infoBMKG/status/1777168024606498968,108543358,infoBMKG
1777147893117534312,Mon Apr 08 01:34:10 +0000 2024,19,#Gempa Mag:3.9 08-Apr-2024 08:30:06WIB Lok:3.33LS 123.45BT (90 km TimurLaut KONAWE-KEP-SULTRA) Kedlmn:10 Km #BMKG Disclaimer:Informasi ini mengutamakan kecepatan sehingga hasil pengolahan data belum stabil dan bisa berubah seiring kelengkapan data https://t.co/uTwCz5bEo0,1777147893117534312,https://pbs.twimg.com/tweet_video_thumb/GKmylzCa0AA8MWO.jpg,,in,Indonesia,0,0,0,https://x.com/infoBMKG/status/1777147893117534312,108543358,infoBMKG
1777141348690510334,Mon Apr 08 01:08:09 +0000 2024,41,#Gempa Mag:4.6 08-Apr-2024 08:02:59WIB Lok:4.40LU 127.55BT (106 km TimurLaut MELONGUANE-SULUT) Kedlmn:62 Km #BMKG Disclaimer:Informasi ini mengutamakan kecepatan sehingga hasil pengolahan data belum stabil dan bisa berubah seiring kelengkapan data https://t.co/ccDyW8vu6r,1777141348690510334,https://pbs.twimg.com/tweet_video_thumb/GKmso2xaoAAmQd4.jpg,,in,Indonesia,1,0,1,https://x.com/infoBMKG/status/1777141348690510334,108543358,infoBMKG
1777111904122798299,Sun Apr 07 23:11:09 +0000 2024,19,#Gempa Mag:3.8 08-Apr-2024 06:07:07WIB Lok:3.30LU 127.28BT (102 km Tenggara MELONGUANE-SULUT) Kedlmn:16 Km #BMKG Disclaimer:Informasi ini mengutamakan kecepatan sehingga hasil pengolahan data belum stabil dan bisa berubah seiring kelengkapan data https://t.co/ofBjQYL8uI,1777111904122798299,https://pbs.twimg.com/tweet_video_thumb/GKmR25ibYAAvp_p.jpg,,in,Indonesia,0,1,0,https://x.com/infoBMKG/status/1777111904122798299,108543358,infoBMKG
1777102595108274412,Sun Apr 07 22:34:10 +0000 2024,77,#Gempa Mag:3.8 08-Apr-2024 05:29:57WIB Lok:9.50LS 108.45BT (199 km BaratDaya KAB-PANGANDARAN-JABAR) Kedlmn:10 Km #BMKG Disclaimer:Informasi ini mengutamakan kecepatan sehingga hasil pengolahan data belum stabil dan bisa berubah seiring kelengkapan data https://t.co/ALoVE4l7Tn,1777102595108274412,https://pbs.twimg.com/tweet_video_thumb/GKmJZGlbwAAapYZ.jpg,,in,Indonesia,0,2,18,https://x.com/infoBMKG/status/1777102595108274412,108543358,infoBMKG
1777100583499166189,Sun Apr 07 22:26:10 +0000 2024,18,#Gempa Mag:4.7 08-Apr-2024 05:19:58WIB Lok:7.76LS 128.25BT (66 km TimurLaut MALUKUBRTDAYA) Kedlmn:155 Km #BMKG Disclaimer:Informasi ini mengutamakan kecepatan sehingga hasil pengolahan data belum stabil dan bisa berubah seiring kelengkapan data https://t.co/7kfpNDCrzJ,1777100583499166189,https://pbs.twimg.com/tweet_video_thumb/GKmHj_WbQAAbL88.jpg,,in,Indonesia,0,0,1,https://x.com/infoBMKG/status/1777100583499166189,108543358,infoBMKG
1777099730176323914,Sun Apr 07 22:22:47 +0000 2024,17,#Gempa Mag:5.3 08-Apr-24 05:19:59 WIB Lok:7.68 LS 128.18 BT (67 km TimurLaut MALUKUBRTDAYA) Kedlmn:141 Km tdk berpotensi tsunami #BMKG https://t.co/iwowLMB0LP,1777099730176323914,https://pbs.twimg.com/tweet_video_thumb/GKmGyUkbsAA13g4.jpg,,in,Indonesia,0,0,1,https://x.com/infoBMKG/status/1777099730176323914,108543358,infoBMKG
1777066105821094148,Sun Apr 07 20:09:10 +0000 2024,45,#Gempa Mag:2.9 08-Apr-2024 03:06:09WIB Lok:6.34LS 104.19BT (109 km BaratDaya TANGGAMUS-LAMPUNG) Kedlmn:14 Km #BMKG Disclaimer:Informasi ini mengutamakan kecepatan sehingga hasil pengolahan data belum stabil dan bisa berubah seiring kelengkapan data https://t.co/6cIfF9ELQT,1777066105821094148,https://pbs.twimg.com/tweet_video_thumb/GKloNDNbsAAhIH-.jpg,,in,Indonesia,1,0,4,https://x.com/infoBMKG/status/1777066105821094148,108543358,infoBMKG
1777065851608567858,Sun Apr 07 20:08:09 +0000 2024,19,#Gempa Mag:2.6 08-Apr-2024 03:03:55WIB Lok:6.58LS 104.08BT (139 km BaratDaya TANGGAMUS-LAMPUNG) Kedlmn:10 Km #BMKG Disclaimer:Informasi ini mengutamakan kecepatan sehingga hasil pengolahan data belum stabil dan bisa berubah seiring kelengkapan data https://t.co/V9jZCxFUQ9,1777065851608567858,https://pbs.twimg.com/tweet_video_thumb/GKln-WQbYAAyg0W.jpg,,in,Indonesia,0,0,1,https://x.com/infoBMKG/status/1777065851608567858,108543358,infoBMKG
1777063335718240289,Sun Apr 07 19:58:10 +0000 2024,84,#Gempa Mag:3.4 08-Apr-2024 02:54:51WIB Lok:5.84LS 112.24BT (119 km TimurLaut TUBAN-JATIM) Kedlmn:10 Km #BMKG Disclaimer:Informasi ini mengutamakan kecepatan sehingga hasil pengolahan data belum stabil dan bisa berubah seiring kelengkapan data https://t.co/xerf0bY6Kw,1777063335718240289,https://pbs.twimg.com/tweet_video_thumb/GKllr6SboAATBib.jpg,,in,Indonesia,2,2,14,https://x.com/infoBMKG/status/1777063335718240289,108543358,infoBMKG
1777061823893885303,Sun Apr 07 19:52:09 +0000 2024,44,#Gempa Mag:2.2 08-Apr-2024 02:47:47WIB Lok:8.23LS 111.04BT (9 km BaratDaya PACITAN-JATIM) Kedlmn:47 Km #BMKG Disclaimer:Informasi ini mengutamakan kecepatan sehingga hasil pengolahan data belum stabil dan bisa berubah seiring kelengkapan data https://t.co/BJHih53GoO,1777061823893885303,https://pbs.twimg.com/tweet_video_thumb/GKlkT6BbQAAaH6f.jpg,,in,Indonesia,0,0,6,https://x.com/infoBMKG/status/1777061823893885303,108543358,infoBMKG
1777057303260536900,Sun Apr 07 19:34:11 +0000 2024,18,#Gempa Mag:3.3 08-Apr-2024 02:30:27WIB Lok:2.51LS 119.09BT (51 km BaratLaut MAMASA-SULBAR) Kedlmn:10 Km #BMKG Disclaimer:Informasi ini mengutamakan kecepatan sehingga hasil pengolahan data belum stabil dan bisa berubah seiring kelengkapan data https://t.co/HPNWdAuaPN,1777057303260536900,https://pbs.twimg.com/tweet_video_thumb/GKlgMxWakAAvoRn.jpg,,in,Indonesia,0,0,1,https://x.com/infoBMKG/status/1777057303260536900,108543358,infoBMKG
1776820737757884716,Sun Apr 07 03:54:10 +0000 2024,301,#Gempa Mag:3.2 07-Apr-2024 10:50:39WIB Lok:8.22LS 114.41BT (4 km TimurLaut BANYUWANGI-JATIM) Kedlmn:161 Km #BMKG Disclaimer:Informasi ini mengutamakan kecepatan sehingga hasil pengolahan data belum stabil dan bisa berubah seiring kelengkapan data https://t.co/6BuH14cRGb,1776820737757884716,https://pbs.twimg.com/tweet_video_thumb/GKiJCt8bIAAME0p.jpg,,in,Indonesia,3,17,42,https://x.com/infoBMKG/status/1776820737757884716,108543358,infoBMKG
1776819231713263707,Sun Apr 07 03:48:11 +0000 2024,23,#Gempa Mag:3.7 07-Apr-2024 10:45:32WIB Lok:1.09LU 120.29BT (57 km BaratLaut TOLI-TOLI-SULTENG) Kedlmn:10 Km #BMKG Disclaimer:Informasi ini mengutamakan kecepatan sehingga hasil pengolahan data belum stabil dan bisa berubah seiring kelengkapan data https://t.co/1zP6TaAJUa,1776819231713263707,https://pbs.twimg.com/tweet_video_thumb/GKiHrJMaEAA0hgb.jpg,,in,Indonesia,2,0,1,https://x.com/infoBMKG/status/1776819231713263707,108543358,infoBMKG
1776793557699100943,Sun Apr 07 02:06:10 +0000 2024,21,#Gempa Mag:4.1 07-Apr-2024 09:03:22WIB Lok:3.29LS 123.32BT (88 km TimurLaut KONAWE-KEP-SULTRA) Kedlmn:10 Km #BMKG Disclaimer:Informasi ini mengutamakan kecepatan sehingga hasil pengolahan data belum stabil dan bisa berubah seiring kelengkapan data https://t.co/MNnfsR95hW,1776793557699100943,https://pbs.twimg.com/tweet_video_thumb/GKhwUwJbAAARe0u.jpg,,in,Indonesia,0,0,5,https://x.com/infoBMKG/status/1776793557699100943,108543358,infoBMKG
1776786010476830754,Sun Apr 07 01:36:10 +0000 2024,18,#Gempa Mag:3.1 07-Apr-2024 08:30:21WIB Lok:0.82LU 120.48BT (31 km BaratDaya TOLI-TOLI-SULTENG) Kedlmn:10 Km #BMKG Disclaimer:Informasi ini mengutamakan kecepatan sehingga hasil pengolahan data belum stabil dan bisa berubah seiring kelengkapan data https://t.co/2n8efdH7Rs,1776786010476830754,https://pbs.twimg.com/tweet_video_thumb/GKhpdXHaIAA7cGU.jpg,,in,Indonesia,0,0,0,https://x.com/infoBMKG/status/1776786010476830754,108543358,infoBMKG
1776779972511998007,Sun Apr 07 01:12:11 +0000 2024,37,#Gempa Mag:4.0 07-Apr-2024 08:06:36WIB Lok:3.73LS 124.19BT (133 km TimurLaut KONAWE-KEP-SULTRA) Kedlmn:10 Km #BMKG Disclaimer:Informasi ini mengutamakan kecepatan sehingga hasil pengolahan data belum stabil dan bisa berubah seiring kelengkapan data https://t.co/WD1hHFZAw4,1776779972511998007,https://pbs.twimg.com/tweet_video_thumb/GKhj9_OaoAAaVdM.jpg,,in,Indonesia,0,1,8,https://x.com/infoBMKG/status/1776779972511998007,108543358,infoBMKG
1776664716850626812,Sat Apr 06 17:34:11 +0000 2024,5,#Gempa Mag:3.4 07-Apr-2024 00:29:53WIB Lok:1.40LU 126.37BT (127 km BaratLaut JAILOLO-MALUT) Kedlmn:10 Km #BMKG Disclaimer:Informasi ini mengutamakan kecepatan sehingga hasil pengolahan data belum stabil dan bisa berubah seiring kelengkapan data https://t.co/zT873ESLNj,1776664716850626812,https://pbs.twimg.com/tweet_video_thumb/GKf7JAhaIAADPCR.jpg,,in,Indonesia,0,1,0,https://x.com/infoBMKG/status/1776664716850626812,108543358,infoBMKG
1776641806001975756,Sat Apr 06 16:03:09 +0000 2024,116,#Gempa Mag:3.2 06-Apr-2024 23:00:34WIB Lok:8.28LS 107.05BT (149 km BaratDaya KAB-BANDUNG-JABAR) Kedlmn:10 Km #BMKG Disclaimer:Informasi ini mengutamakan kecepatan sehingga hasil pengolahan data belum stabil dan bisa berubah seiring kelengkapan data https://t.co/BnNHU8P8LJ,1776641806001975756,https://pbs.twimg.com/tweet_video_thumb/GKfmTnPbsAABi5Q.jpg,,in,Indonesia,4,4,21,https://x.com/infoBMKG/status/1776641806001975756,108543358,infoBMKG
1776641309190861201,Sat Apr 06 16:01:11 +0000 2024,16,#Gempa Mag:3.6 06-Apr-2024 22:57:09WIB Lok:6.00LS 133.14BT (58 km Tenggara MALUKUTENGGARA) Kedlmn:26 Km #BMKG Disclaimer:Informasi ini mengutamakan kecepatan sehingga hasil pengolahan data belum stabil dan bisa berubah seiring kelengkapan data https://t.co/DjyL1nmDaH,1776641309190861201,https://pbs.twimg.com/tweet_video_thumb/GKfl2rKaAAAaP9t.jpg,,in,Indonesia,0,0,2,https://x.com/infoBMKG/status/1776641309190861201,108543358,infoBMKG
1776552217333620974,Sat Apr 06 10:07:10 +0000 2024,31,#Gempa Mag:4.3 06-Apr-2024 17:03:26WIB Lok:7.47LS 128.77BT (132 km TimurLaut MALUKUBRTDAYA) Kedlmn:165 Km #BMKG Disclaimer:Informasi ini mengutamakan kecepatan sehingga hasil pengolahan data belum stabil dan bisa berubah seiring kelengkapan data https://t.co/uSsIUgahne,1776552217333620974,https://pbs.twimg.com/tweet_video_thumb/GKeU02AboAAFz2d.jpg,,in,Indonesia,0,1,2,https://x.com/infoBMKG/status/1776552217333620974,108543358,infoBMKG
1776527165829623843,Sat Apr 06 08:27:37 +0000 2024,72,#Gempa Mag:5.2 06-Apr-24 15:24:31 WIB Lok:3.06 LS 138.36 BT (48 km BaratLaut TOLIKARA-PAPUAPGNGN) Kedlmn:101 Km tdk berpotensi tsunami #BMKG https://t.co/oI7W11ehSB,1776527165829623843,https://pbs.twimg.com/tweet_video_thumb/GKd-Cq9aAAEtfxM.jpg,,in,Indonesia,2,0,18,https://x.com/infoBMKG/status/1776527165829623843,108543358,infoBMKG
1776492327722193097,Sat Apr 06 06:09:11 +0000 2024,39,#Gempa Mag:4.0 06-Apr-2024 13:03:13WIB Lok:0.12LS 123.71BT (63 km BaratDaya BOLAANGUKI-BOLSEL-SULUT) Kedlmn:34 Km #BMKG Disclaimer:Informasi ini mengutamakan kecepatan sehingga hasil pengolahan data belum stabil dan bisa berubah seiring kelengkapan data https://t.co/QNSY2ovuyK,1776492327722193097,https://pbs.twimg.com/tweet_video_thumb/GKdeWvmaAAAsA9p.jpg,,in,Indonesia,0,0,6,https://x.com/infoBMKG/status/1776492327722193097,108543358,infoBMKG
1776412545886425470,Sat Apr 06 00:52:09 +0000 2024,12,#Gempa Mag:4.4 06-Apr-2024 07:48:08WIB Lok:6.69LS 128.52BT (181 km TimurLaut MALUKUBRTDAYA) Kedlmn:374 Km #BMKG Disclaimer:Informasi ini mengutamakan kecepatan sehingga hasil pengolahan data belum stabil dan bisa berubah seiring kelengkapan data https://t.co/iYWk5HakdH,1776412545886425470,https://pbs.twimg.com/tweet_video_thumb/GKcVy85a4AAN8Z5.jpg,,in,Indonesia,0,1,1,https://x.com/infoBMKG/status/1776412545886425470,108543358,infoBMKG
1776409785010888787,Sat Apr 06 00:41:11 +0000 2024,26,#Gempa Mag:4.3 06-Apr-2024 07:37:28WIB Lok:0.16LS 124.63BT (92 km Tenggara BOLAANGUKI-BOLSEL-SULUT) Kedlmn:10 Km #BMKG Disclaimer:Informasi ini mengutamakan kecepatan sehingga hasil pengolahan data belum stabil dan bisa berubah seiring kelengkapan data https://t.co/YhfJDMUViR,1776409785010888787,https://pbs.twimg.com/tweet_video_thumb/GKcTSMjaIAA2RgD.jpg,,in,Indonesia,0,0,3,https://x.com/infoBMKG/status/1776409785010888787,108543358,infoBMKG
1776380838919512515,Fri Apr 05 22:46:10 +0000 2024,62,#Gempa Mag:3.4 06-Apr-2024 05:43:30WIB Lok:8.30LS 109.02BT (63 km Tenggara CILACAP-JATENG) Kedlmn:29 Km #BMKG Disclaimer:Informasi ini mengutamakan kecepatan sehingga hasil pengolahan data belum stabil dan bisa berubah seiring kelengkapan data https://t.co/h6mf8JZuHB,1776380838919512515,https://pbs.twimg.com/tweet_video_thumb/GKb49UdbgAAXFVJ.jpg,,in,Indonesia,1,0,10,https://x.com/infoBMKG/status/1776380838919512515,108543358,infoBMKG
1776360456237772814,Fri Apr 05 21:25:10 +0000 2024,46,#Gempa Mag:4.4 06-Apr-2024 04:21:37WIB Lok:5.94LU 126.78BT (215 km TimurLaut MELONGUANE-SULUT) Kedlmn:134 Km #BMKG Disclaimer:Informasi ini mengutamakan kecepatan sehingga hasil pengolahan data belum stabil dan bisa berubah seiring kelengkapan data https://t.co/druI2TmcVJ,1776360456237772814,https://pbs.twimg.com/tweet_video_thumb/GKbma8BbgAAdro0.jpg,,in,Indonesia,1,1,7,https://x.com/infoBMKG/status/1776360456237772814,108543358,infoBMKG
1776359958633947212,Fri Apr 05 21:23:11 +0000 2024,7,#Gempa Mag:3.8 06-Apr-2024 04:19:11WIB Lok:0.42LU 125.43BT (98 km Tenggara TUTUYAN-BOLTIM-SULUT) Kedlmn:10 Km #BMKG Disclaimer:Informasi ini mengutamakan kecepatan sehingga hasil pengolahan data belum stabil dan bisa berubah seiring kelengkapan data https://t.co/BUUn8rZ6JE,1776359958633947212,https://pbs.twimg.com/tweet_video_thumb/GKbl987bIAAeMA7.jpg,,in,Indonesia,0,0,1,https://x.com/infoBMKG/status/1776359958633947212,108543358,infoBMKG
1776357944638251487,Fri Apr 05 21:15:11 +0000 2024,22,#Gempa Mag:2.3 06-Apr-2024 04:11:26WIB Lok:1.25LS 120.62BT (21 km BaratLaut POSO-SULTENG) Kedlmn:10 Km #BMKG Disclaimer:Informasi ini mengutamakan kecepatan sehingga hasil pengolahan data belum stabil dan bisa berubah seiring kelengkapan data https://t.co/hBZQC3u0Og,1776357944638251487,https://pbs.twimg.com/tweet_video_thumb/GKbkIvHacAAUYD1.jpg,,in,Indonesia,0,1,1,https://x.com/infoBMKG/status/1776357944638251487,108543358,infoBMKG
1776339066537259233,Fri Apr 05 20:00:10 +0000 2024,19,#Gempa Mag:2.5 06-Apr-2024 02:56:09WIB Lok:8.61LS 118.38BT (12 km BaratDaya DOMPU-NTB) Kedlmn:106 Km #BMKG Disclaimer:Informasi ini mengutamakan kecepatan sehingga hasil pengolahan data belum stabil dan bisa berubah seiring kelengkapan data https://t.co/BqadKjDoI0,1776339066537259233,https://pbs.twimg.com/tweet_video_thumb/GKbS94ybUAA-IbC.jpg,,in,Indonesia,0,0,0,https://x.com/infoBMKG/status/1776339066537259233,108543358,infoBMKG
1776306106408878365,Fri Apr 05 17:49:12 +0000 2024,25,#Gempa Mag:3.9 06-Apr-2024 00:43:53WIB Lok:3.99LS 133.82BT (79 km BaratDaya KAIMANA-PAPUABRT) Kedlmn:12 Km #BMKG Disclaimer:Informasi ini mengutamakan kecepatan sehingga hasil pengolahan data belum stabil dan bisa berubah seiring kelengkapan data https://t.co/hY6SrIBTHm,1776306106408878365,https://pbs.twimg.com/tweet_video_thumb/GKa0_V9bwAABbp3.jpg,,in,Indonesia,2,0,4,https://x.com/infoBMKG/status/1776306106408878365,108543358,infoBMKG
1776304592453878075,Fri Apr 05 17:43:11 +0000 2024,13,#Gempa Mag:3.6 06-Apr-2024 00:40:46WIB Lok:0.17LS 122.99BT (80 km BaratDaya BONEBOLANGO-GORONTALO) Kedlmn:86 Km #BMKG Disclaimer:Informasi ini mengutamakan kecepatan sehingga hasil pengolahan data belum stabil dan bisa berubah seiring kelengkapan data https://t.co/wuWuysKuIq,1776304592453878075,https://pbs.twimg.com/tweet_video_thumb/GKaznLobwAUinJZ.jpg,,in,Indonesia,1,0,1,https://x.com/infoBMKG/status/1776304592453878075,108543358,infoBMKG
1776301063794204912,Fri Apr 05 17:29:10 +0000 2024,25,#Gempa Mag:4.4 06-Apr-2024 00:25:22WIB Lok:7.77LS 127.89BT (43 km TimurLaut MALUKUBRTDAYA) Kedlmn:180 Km #BMKG Disclaimer:Informasi ini mengutamakan kecepatan sehingga hasil pengolahan data belum stabil dan bisa berubah seiring kelengkapan data https://t.co/ou1mDwvzN0,1776301063794204912,https://pbs.twimg.com/tweet_video_thumb/GKawZ1NaIAAHAdH.jpg,,in,Indonesia,0,0,3,https://x.com/infoBMKG/status/1776301063794204912,108543358,infoBMKG
1776297797484265943,Fri Apr 05 17:16:11 +0000 2024,12,#Gempa Mag:3.7 06-Apr-2024 00:12:24WIB Lok:3.09LS 123.48BT (115 km TimurLaut KONAWE-KEP-SULTRA) Kedlmn:10 Km #BMKG Disclaimer:Informasi ini mengutamakan kecepatan sehingga hasil pengolahan data belum stabil dan bisa berubah seiring kelengkapan data https://t.co/VrX12dxBpu,1776297797484265943,https://pbs.twimg.com/tweet_video_thumb/GKatbrKbwAMq8fb.jpg,,in,Indonesia,0,0,0,https://x.com/infoBMKG/status/1776297797484265943,108543358,infoBMKG
1776286471848354084,Fri Apr 05 16:31:11 +0000 2024,7,#Gempa Mag:2.1 05-Apr-2024 23:25:26WIB Lok:1.24LS 120.62BT (22 km BaratLaut POSO-SULTENG) Kedlmn:10 Km #BMKG Disclaimer:Informasi ini mengutamakan kecepatan sehingga hasil pengolahan data belum stabil dan bisa berubah seiring kelengkapan data https://t.co/aXwp4vtLKf,1776286471848354084,https://pbs.twimg.com/tweet_video_thumb/GKajIcDbAAAKJ8w.jpg,,in,Indonesia,0,0,0,https://x.com/infoBMKG/status/1776286471848354084,108543358,infoBMKG
1776282700003127716,Fri Apr 05 16:16:12 +0000 2024,130,#Gempa Mag:4.6 05-Apr-2024 23:13:19WIB Lok:0.55LU 98.55BT (81 km Tenggara NIASSELATAN-SUMUT) Kedlmn:14 Km #BMKG Disclaimer:Informasi ini mengutamakan kecepatan sehingga hasil pengolahan data belum stabil dan bisa berubah seiring kelengkapan data https://t.co/ESwCBwKkp7,1776282700003127716,https://pbs.twimg.com/tweet_video_thumb/GKafsoYasAAC0AR.jpg,,in,Indonesia,8,16,20,https://x.com/infoBMKG/status/1776282700003127716,108543358,infoBMKG
1776280686418444424,Fri Apr 05 16:08:11 +0000 2024,31,#Gempa Mag:3.4 05-Apr-2024 23:01:55WIB Lok:1.19LU 120.27BT (64 km BaratLaut TOLI-TOLI-SULTENG) Kedlmn:10 Km #BMKG Disclaimer:Informasi ini mengutamakan kecepatan sehingga hasil pengolahan data belum stabil dan bisa berubah seiring kelengkapan data https://t.co/BJRUCc5bDQ,1776280686418444424,https://pbs.twimg.com/tweet_video_thumb/GKad3q3acAErICC.jpg,,in,Indonesia,0,0,1,https://x.com/infoBMKG/status/1776280686418444424,108543358,infoBMKG
1776257026982842387,Fri Apr 05 14:34:11 +0000 2024,57,#Gempa Mag:3.6 05-Apr-2024 21:30:47WIB Lok:3.01LU 96.38BT (59 km TimurLaut SINABANG-ACEH) Kedlmn:10 Km #BMKG Disclaimer:Informasi ini mengutamakan kecepatan sehingga hasil pengolahan data belum stabil dan bisa berubah seiring kelengkapan data https://t.co/uyPogbaWQ6,1776257026982842387,https://pbs.twimg.com/tweet_video_thumb/GKaIWVha8AAz4zK.jpg,,in,Indonesia,0,0,5,https://x.com/infoBMKG/status/1776257026982842387,108543358,infoBMKG
1776163909583749341,Fri Apr 05 08:24:10 +0000 2024,27,#Gempa Mag:3.8 05-Apr-2024 15:18:46WIB Lok:3.43LU 125.81BT (40 km Tenggara TAHUNA-KEP.SANGIHE-SULUT) Kedlmn:147 Km #BMKG Disclaimer:Informasi ini mengutamakan kecepatan sehingga hasil pengolahan data belum stabil dan bisa berubah seiring kelengkapan data https://t.co/whzhIDueUU,1776163909583749341,https://pbs.twimg.com/tweet_video_thumb/GKYzqaIagAA7HW-.jpg,,in,Indonesia,0,3,0,https://x.com/infoBMKG/status/1776163909583749341,108543358,infoBMKG
1776124900572606570,Fri Apr 05 05:49:09 +0000 2024,62,#Gempa Mag:2.1 05-Apr-2024 12:44:26WIB Lok:7.25LS 106.57BT (29 km Tenggara KAB-SUKABUMI-JABAR) Kedlmn:41 Km #BMKG Disclaimer:Informasi ini mengutamakan kecepatan sehingga hasil pengolahan data belum stabil dan bisa berubah seiring kelengkapan data https://t.co/gyIqRpNDO9,1776124900572606570,https://pbs.twimg.com/tweet_video_thumb/GKYQLw_bQAA3v6d.jpg,,in,Indonesia,0,0,14,https://x.com/infoBMKG/status/1776124900572606570,108543358,infoBMKG
1776095704345370873,Fri Apr 05 03:53:08 +0000 2024,74,#Gempa Mag:3.2 05-Apr-2024 10:47:34WIB Lok:8.08LS 107.30BT (116 km BaratDaya KAB-GARUT-JABAR) Kedlmn:10 Km #BMKG Disclaimer:Informasi ini mengutamakan kecepatan sehingga hasil pengolahan data belum stabil dan bisa berubah seiring kelengkapan data https://t.co/bAvwgcCQtx,1776095704345370873,https://pbs.twimg.com/tweet_video_thumb/GKX1oUobgAAiGHC.jpg,,in,Indonesia,1,1,19,https://x.com/infoBMKG/status/1776095704345370873,108543358,infoBMKG
1776071801124290710,Fri Apr 05 02:18:09 +0000 2024,42,#Gempa Mag:4.3 05-Apr-2024 09:13:41WIB Lok:2.32LU 126.89BT (132 km BaratLaut HALMAHERABARAT-MALUT) Kedlmn:10 Km #BMKG Disclaimer:Informasi ini mengutamakan kecepatan sehingga hasil pengolahan data belum stabil dan bisa berubah seiring kelengkapan data https://t.co/uV69Oio9nD,1776071801124290710,https://pbs.twimg.com/tweet_video_thumb/GKXf4_EbEAAfduN.jpg,,in,Indonesia,1,0,4,https://x.com/infoBMKG/status/1776071801124290710,108543358,infoBMKG
1776056201308234022,Fri Apr 05 01:16:10 +0000 2024,52,#Gempa Mag:3.7 05-Apr-2024 08:12:20WIB Lok:7.67LS 119.03BT (92 km TimurLaut BIMA-NTB) Kedlmn:20 Km #BMKG Disclaimer:Informasi ini mengutamakan kecepatan sehingga hasil pengolahan data belum stabil dan bisa berubah seiring kelengkapan data https://t.co/5lbMlPQsTK,1776056201308234022,https://pbs.twimg.com/tweet_video_thumb/GKXRs7Ya0AA9cDA.jpg,,in,Indonesia,0,0,5,https://x.com/infoBMKG/status/1776056201308234022,108543358,infoBMKG
1776004610945364049,Thu Apr 04 21:51:10 +0000 2024,245,#Gempa Mag:3.1 05-Apr-2024 04:45:46WIB Lok:5.68LS 112.30BT (138 km TimurLaut TUBAN-JATIM) Kedlmn:10 Km #BMKG Disclaimer:Informasi ini mengutamakan kecepatan sehingga hasil pengolahan data belum stabil dan bisa berubah seiring kelengkapan data https://t.co/VvUo5w49Iw,1776004610945364049,https://pbs.twimg.com/tweet_video_thumb/GKWiyAfbcAAB5SA.jpg,,in,Indonesia,5,10,30,https://x.com/infoBMKG/status/1776004610945364049,108543358,infoBMKG
1775978183512449179,Thu Apr 04 20:06:09 +0000 2024,217,#Gempa Mag:3.0 05-Apr-2024 03:02:37WIB Lok:8.33LS 110.93BT (25 km BaratDaya PACITAN-JATIM) Kedlmn:50 Km #BMKG Disclaimer:Informasi ini mengutamakan kecepatan sehingga hasil pengolahan data belum stabil dan bisa berubah seiring kelengkapan data https://t.co/iF61y7KPKG,1775978183512449179,https://pbs.twimg.com/tweet_video_thumb/GKWKvs1acAAzBMS.jpg,,in,Indonesia,2,10,37,https://x.com/infoBMKG/status/1775978183512449179,108543358,infoBMKG
1775954531165392905,Thu Apr 04 18:32:10 +0000 2024,34,#Gempa Mag:4.5 05-Apr-2024 01:29:27WIB Lok:1.50LU 126.33BT (134 km TimurLaut BITUNG-SULUT) Kedlmn:10 Km #BMKG Disclaimer:Informasi ini mengutamakan kecepatan sehingga hasil pengolahan data belum stabil dan bisa berubah seiring kelengkapan data https://t.co/WPqNGa2OPg,1775954531165392905,https://pbs.twimg.com/tweet_video_thumb/GKV1O-_agAAnp_O.jpg,,in,Indonesia,0,0,1,https://x.com/infoBMKG/status/1775954531165392905,108543358,infoBMKG
1775951260417654987,Thu Apr 04 18:19:10 +0000 2024,21,#Gempa Mag:3.4 05-Apr-2024 01:15:11WIB Lok:9.15LS 118.20BT (74 km BaratDaya DOMPU-NTB) Kedlmn:54 Km #BMKG Disclaimer:Informasi ini mengutamakan kecepatan sehingga hasil pengolahan data belum stabil dan bisa berubah seiring kelengkapan data https://t.co/yMwiJe1QEb,1775951260417654987,https://pbs.twimg.com/tweet_video_thumb/GKVyQk3aUAAMs9e.jpg,,in,Indonesia,0,0,1,https://x.com/infoBMKG/status/1775951260417654987,108543358,infoBMKG
1775904957335818309,Thu Apr 04 15:15:11 +0000 2024,27,#Gempa Mag:4.7 04-Apr-2024 22:10:46WIB Lok:5.64LU 125.48BT (225 km BaratLaut MELONGUANE-SULUT) Kedlmn:13 Km #BMKG Disclaimer:Informasi ini mengutamakan kecepatan sehingga hasil pengolahan data belum stabil dan bisa berubah seiring kelengkapan data https://t.co/WoZ7tGyoKJ,1775904957335818309,https://pbs.twimg.com/tweet_video_thumb/GKVIJVbbcAA6Cse.jpg,,in,Indonesia,0,0,2,https://x.com/infoBMKG/status/1775904957335818309,108543358,infoBMKG
1775899674874085488,Thu Apr 04 14:54:11 +0000 2024,35,#Gempa Mag:3.0 04-Apr-2024 21:48:50WIB Lok:4.72LS 102.63BT (43 km BaratDaya BENGKULUSELATAN) Kedlmn:36 Km #BMKG Disclaimer:Informasi ini mengutamakan kecepatan sehingga hasil pengolahan data belum stabil dan bisa berubah seiring kelengkapan data https://t.co/1oS1EVqfdp,1775899674874085488,https://pbs.twimg.com/tweet_video_thumb/GKVDVkha4AAutpF.jpg,,in,Indonesia,0,0,2,https://x.com/infoBMKG/status/1775899674874085488,108543358,infoBMKG
1775878284301283514,Thu Apr 04 13:29:11 +0000 2024,23,#Gempa Mag:3.2 04-Apr-2024 20:24:31WIB Lok:10.69LS 123.72BT (66 km TimurLaut ROTENDAO-NTT) Kedlmn:21 Km #BMKG Disclaimer:Informasi ini mengutamakan kecepatan sehingga hasil pengolahan data belum stabil dan bisa berubah seiring kelengkapan data https://t.co/Zx4M8ZjI9f,1775878284301283514,https://pbs.twimg.com/tweet_video_thumb/GKUv4xJaIAACigX.jpg,,in,Indonesia,0,0,0,https://x.com/infoBMKG/status/1775878284301283514,108543358,infoBMKG
1775209375805968452,Tue Apr 02 17:11:11 +0000 2024,10,#Gempa Mag:2.5 03-Apr-2024 00:05:25WIB Lok:2.93LS 127.84BT (42 km BaratLaut SERAMBAGIANBARAT-MALUKU) Kedlmn:10 Km #BMKG Disclaimer:Informasi ini mengutamakan kecepatan sehingga hasil pengolahan data belum stabil dan bisa berubah seiring kelengkapan data https://t.co/V2KhGGWR0g,1775209375805968452,https://pbs.twimg.com/tweet_video_thumb/GKLPhLGaEAEdX28.jpg,,in,Indonesia,0,1,1,https://x.com/infoBMKG/status/1775209375805968452,108543358,infoBMKG
1775197047844716712,Tue Apr 02 16:22:12 +0000 2024,38,#Gempa Mag:4.7 02-Apr-2024 23:17:10WIB Lok:3.32LS 123.30BT (84 km TimurLaut KONAWE-KEP-SULTRA) Kedlmn:10 Km #BMKG Disclaimer:Informasi ini mengutamakan kecepatan sehingga hasil pengolahan data belum stabil dan bisa berubah seiring kelengkapan data https://t.co/h51s6smddy,1775197047844716712,https://pbs.twimg.com/tweet_video_thumb/GKLETYJa8AAohFp.jpg,,in,Indonesia,0,2,4,https://x.com/infoBMKG/status/1775197047844716712,108543358,infoBMKG
1775191757573267709,Tue Apr 02 16:01:11 +0000 2024,28,#Gempa Mag:4.8 02-Apr-2024 22:55:34WIB Lok:3.27LS 123.30BT (89 km TimurLaut KONAWE-KEP-SULTRA) Kedlmn:10 Km #BMKG Disclaimer:Informasi ini mengutamakan kecepatan sehingga hasil pengolahan data belum stabil dan bisa berubah seiring kelengkapan data https://t.co/uYai74YDSK,1775191757573267709,https://pbs.twimg.com/tweet_video_thumb/GKK_fpna8AAkMp4.jpg,,in,Indonesia,1,0,3,https://x.com/infoBMKG/status/1775191757573267709,108543358,infoBMKG
1775170869175992441,Tue Apr 02 14:38:10 +0000 2024,174,#Gempa Mag:3.7 02-Apr-2024 21:32:27WIB Lok:9.58LS 112.87BT (163 km Tenggara KAB-MALANG-JATIM) Kedlmn:10 Km #BMKG Disclaimer:Informasi ini mengutamakan kecepatan sehingga hasil pengolahan data belum stabil dan bisa berubah seiring kelengkapan data https://t.co/PRveJZ51Uw,1775170869175992441,https://pbs.twimg.com/tweet_video_thumb/GKKsfwbbYAAVYp8.jpg,,in,Indonesia,10,10,27,https://x.com/infoBMKG/status/1775170869175992441,108543358,infoBMKG
1775152244205518977,Tue Apr 02 13:24:10 +0000 2024,36,#Gempa Mag:3.6 02-Apr-2024 20:18:15WIB Lok:10.69LS 114.96BT (212 km BaratDaya KUTASELATAN-BALI) Kedlmn:10 Km #BMKG Disclaimer:Informasi ini mengutamakan kecepatan sehingga hasil pengolahan data belum stabil dan bisa berubah seiring kelengkapan data https://t.co/qISRMvj9Ns,1775152244205518977,https://pbs.twimg.com/tweet_video_thumb/GKKbjswagAAJjr5.jpg,,in,Indonesia,2,0,3,https://x.com/infoBMKG/status/1775152244205518977,108543358,infoBMKG
1775143189739147502,Tue Apr 02 12:48:11 +0000 2024,18,#Gempa Mag:3.6 02-Apr-2024 19:43:04WIB Lok:0.43LU 122.02BT (8 km Tenggara POHUWATO-GORONTALO) Kedlmn:114 Km #BMKG Disclaimer:Informasi ini mengutamakan kecepatan sehingga hasil pengolahan data belum stabil dan bisa berubah seiring kelengkapan data https://t.co/mMjoPzHBvT,1775143189739147502,https://pbs.twimg.com/tweet_video_thumb/GKKTUnjaoAAdooq.jpg,,in,Indonesia,1,0,1,https://x.com/infoBMKG/status/1775143189739147502,108543358,infoBMKG
1775110718653874514,Tue Apr 02 10:39:09 +0000 2024,36,#Gempa Mag:2.8 02-Apr-2024 17:34:01WIB Lok:7.30LS 106.52BT (34 km BaratDaya KAB-SUKABUMI-JABAR) Kedlmn:42 Km #BMKG Disclaimer:Informasi ini mengutamakan kecepatan sehingga hasil pengolahan data belum stabil dan bisa berubah seiring kelengkapan data https://t.co/zGsIeWyqmg,1775110718653874514,https://pbs.twimg.com/tweet_video_thumb/GKJ1yoga0AAnrCk.jpg,,in,Indonesia,2,0,4,https://x.com/infoBMKG/status/1775110718653874514,108543358,infoBMKG
1775071968003543381,Tue Apr 02 08:05:11 +0000 2024,16,#Gempa Mag:3.9 02-Apr-2024 15:00:11WIB Lok:3.30LS 123.34BT (87 km TimurLaut KONAWE-KEP-SULTRA) Kedlmn:17 Km #BMKG Disclaimer:Informasi ini mengutamakan kecepatan sehingga hasil pengolahan data belum stabil dan bisa berubah seiring kelengkapan data https://t.co/y7unHvdxvL,1775071968003543381,https://pbs.twimg.com/tweet_video_thumb/GKJSjBqaQAAi2L9.jpg,,in,Indonesia,0,0,2,https://x.com/infoBMKG/status/1775071968003543381,108543358,infoBMKG
1775042269722390736,Tue Apr 02 06:07:10 +0000 2024,328,#Gempa Mag:3.8 02-Apr-2024 13:03:58WIB Lok:7.84LS 114.37BT (42 km TimurLaut BANYUWANGI-JATIM) Kedlmn:10 Km #BMKG Disclaimer:Informasi ini mengutamakan kecepatan sehingga hasil pengolahan data belum stabil dan bisa berubah seiring kelengkapan data https://t.co/om9BGNYkf6,1775042269722390736,https://pbs.twimg.com/tweet_video_thumb/GKI3iVxa8AAk8OJ.jpg,,in,Indonesia,18,9,45,https://x.com/infoBMKG/status/1775042269722390736,108543358,infoBMKG
1775040255047160056,Tue Apr 02 05:59:10 +0000 2024,134,#Gempa Mag:3.7 02-Apr-2024 12:52:52WIB Lok:5.80LS 112.59BT (136 km TimurLaut TUBAN-JATIM) Kedlmn:10 Km #BMKG Disclaimer:Informasi ini mengutamakan kecepatan sehingga hasil pengolahan data belum stabil dan bisa berubah seiring kelengkapan data https://t.co/pZxbB117w9,1775040255047160056,https://pbs.twimg.com/tweet_video_thumb/GKI1tFxbcAE7PnE.jpg,,in,Indonesia,4,7,22,https://x.com/infoBMKG/status/1775040255047160056,108543358,infoBMKG
1775031699816190066,Tue Apr 02 05:25:10 +0000 2024,49,#Gempa Mag:3.6 02-Apr-2024 12:20:11WIB Lok:7.87LS 106.76BT (100 km Tenggara KAB-SUKABUMI-JABAR) Kedlmn:46 Km #BMKG Disclaimer:Informasi ini mengutamakan kecepatan sehingga hasil pengolahan data belum stabil dan bisa berubah seiring kelengkapan data https://t.co/ssGy6qahXx,1775031699816190066,https://pbs.twimg.com/tweet_video_thumb/GKIt7B-aoAAJajt.jpg,,in,Indonesia,2,1,5,https://x.com/infoBMKG/status/1775031699816190066,108543358,infoBMKG
1774995464498409946,Tue Apr 02 03:01:11 +0000 2024,26,#Gempa Mag:3.0 02-Apr-2024 09:57:02WIB Lok:1.10LS 120.73BT (32 km BaratLaut POSO-SULTENG) Kedlmn:10 Km #BMKG Disclaimer:Informasi ini mengutamakan kecepatan sehingga hasil pengolahan data belum stabil dan bisa berubah seiring kelengkapan data https://t.co/nqp9BpEIeX,1774995464498409946,https://pbs.twimg.com/tweet_video_thumb/GKIM98iacAA8z-d.jpg,,in,Indonesia,0,0,4,https://x.com/infoBMKG/status/1774995464498409946,108543358,infoBMKG
1774934563736993876,Mon Apr 01 22:59:11 +0000 2024,17,#Gempa Mag:3.0 02-Apr-2024 05:56:00WIB Lok:7.79LS 119.44BT (93 km BaratLaut LABUANBAJO-NTT) Kedlmn:284 Km #BMKG Disclaimer:Informasi ini mengutamakan kecepatan sehingga hasil pengolahan data belum stabil dan bisa berubah seiring kelengkapan data https://t.co/5dk9s55EGo,1774934563736993876,https://pbs.twimg.com/tweet_video_thumb/GKHVlDnakAAsj6-.jpg,,in,Indonesia,1,2,3,https://x.com/infoBMKG/status/1774934563736993876,108543358,infoBMKG
1774926003430957181,Mon Apr 01 22:25:10 +0000 2024,72,#Gempa Mag:3.2 02-Apr-2024 05:21:10WIB Lok:7.37LS 107.68BT (29 km BaratDaya KAB-GARUT-JABAR) Kedlmn:136 Km #BMKG Disclaimer:Informasi ini mengutamakan kecepatan sehingga hasil pengolahan data belum stabil dan bisa berubah seiring kelengkapan data https://t.co/7DMvhPE8Na,1774926003430957181,https://pbs.twimg.com/tweet_video_thumb/GKHNyx7bMAAo5J3.jpg,,in,Indonesia,4,3,21,https://x.com/infoBMKG/status/1774926003430957181,108543358,infoBMKG
1774865355120500951,Mon Apr 01 18:24:10 +0000 2024,14,#Gempa Mag:4.1 02-Apr-2024 01:20:38WIB Lok:5.72LU 126.41BT (193 km BaratLaut MELONGUANE-SULUT) Kedlmn:10 Km #BMKG Disclaimer:Informasi ini mengutamakan kecepatan sehingga hasil pengolahan data belum stabil dan bisa berubah seiring kelengkapan data https://t.co/f2pafMNM68,1774865355120500951,https://pbs.twimg.com/tweet_video_thumb/GKGWollaUAEGNj0.jpg,,in,Indonesia,0,0,4,https://x.com/infoBMKG/status/1774865355120500951,108543358,infoBMKG
1774841461437293038,Mon Apr 01 16:49:14 +0000 2024,14,#Gempa Mag:3.5 01-Apr-2024 23:42:12WIB Lok:0.05LU 125.37BT (115 km Tenggara TUTUYAN-BOLTIM-SULUT) Kedlmn:10 Km #BMKG Disclaimer:Informasi ini mengutamakan kecepatan sehingga hasil pengolahan data belum stabil dan bisa berubah seiring kelengkapan data https://t.co/Bfs15LAa5S,1774841461437293038,https://pbs.twimg.com/tweet_video_thumb/GKGA5WnbIAAAcJu.jpg,,in,Indonesia,0,0,3,https://x.com/infoBMKG/status/1774841461437293038,108543358,infoBMKG
1774827609781928234,Mon Apr 01 15:54:11 +0000 2024,26,#Gempa Mag:2.9 01-Apr-2024 22:49:48WIB Lok:2.66LS 121.63BT (30 km BaratLaut MOROWALI-SULTENG) Kedlmn:10 Km #BMKG Disclaimer:Informasi ini mengutamakan kecepatan sehingga hasil pengolahan data belum stabil dan bisa berubah seiring kelengkapan data https://t.co/OtXlzNMDol,1774827609781928234,https://pbs.twimg.com/tweet_video_thumb/GKF0TfsaoAA2oHg.jpg,,in,Indonesia,0,0,1,https://x.com/infoBMKG/status/1774827609781928234,108543358,infoBMKG
1774823078117449962,Mon Apr 01 15:36:11 +0000 2024,296,#Gempa Mag:3.7 01-Apr-2024 22:31:37WIB Lok:5.80LS 112.60BT (137 km TimurLaut TUBAN-JATIM) Kedlmn:10 Km #BMKG Disclaimer:Informasi ini mengutamakan kecepatan sehingga hasil pengolahan data belum stabil dan bisa berubah seiring kelengkapan data https://t.co/w6X6VeEOLI,1774823078117449962,https://pbs.twimg.com/tweet_video_thumb/GKFwLrEa8AAEos1.jpg,,in,Indonesia,7,20,40,https://x.com/infoBMKG/status/1774823078117449962,108543358,infoBMKG
1774780798539084116,Mon Apr 01 12:48:10 +0000 2024,73,#Gempa Mag:3.0 01-Apr-2024 19:43:24WIB Lok:3.53LS 120.32BT (26 km Tenggara LUWU-SULSEL) Kedlmn:10 Km #BMKG Disclaimer:Informasi ini mengutamakan kecepatan sehingga hasil pengolahan data belum stabil dan bisa berubah seiring kelengkapan data https://t.co/ob26AIjq65,1774780798539084116,https://pbs.twimg.com/tweet_video_thumb/GKFJur6asAAlCkz.jpg,,in,Indonesia,3,6,15,https://x.com/infoBMKG/status/1774780798539084116,108543358,infoBMKG
1774766701411971347,Mon Apr 01 11:52:09 +0000 2024,190,#Gempa Mag:3.6 01-Apr-2024 18:45:51WIB Lok:5.96LS 112.49BT (115 km TimurLaut TUBAN-JATIM) Kedlmn:10 Km #BMKG Disclaimer:Informasi ini mengutamakan kecepatan sehingga hasil pengolahan data belum stabil dan bisa berubah seiring kelengkapan data https://t.co/kHmnP5O4lX,1774766701411971347,https://pbs.twimg.com/tweet_video_thumb/GKE86JLbwAAajbT.jpg,,in,Indonesia,1,10,24,https://x.com/infoBMKG/status/1774766701411971347,108543358,infoBMKG
1774747828474241404,Mon Apr 01 10:37:10 +0000 2024,50,#Gempa Mag:4.1 01-Apr-2024 17:32:54WIB Lok:5.28LS 102.57BT (34 km TimurLaut ENGGANO-BENGKULU) Kedlmn:12 Km #BMKG Disclaimer:Informasi ini mengutamakan kecepatan sehingga hasil pengolahan data belum stabil dan bisa berubah seiring kelengkapan data https://t.co/YgfsQWnVzM,1774747828474241404,https://pbs.twimg.com/tweet_video_thumb/GKErvlja8AAiuK8.jpg,,in,Indonesia,0,0,13,https://x.com/infoBMKG/status/1774747828474241404,108543358,infoBMKG
