created_at;id_str;full_text;quote_count;reply_count;retweet_count;favorite_count;lang;user_id_str;conversation_id_str;username;tweet_url,,,,,,,,,,,,,,,,,,,,,,,,,,
"Thu Nov 30 18:26:10 +0000 2023;1730292150531977704;""#Gempa Mag:2.5", 01-Dec-2023 01:20:59WIB, Lok:2.77LS, 127.97BT (41 km BaratLaut SERAMBAGIANBARAT-MALUKU), Kedlmn:10 Km #BMKG  Disclaimer:Informasi ini mengutamakan kecepatan," sehingga hasil pengolahan data belum stabil dan bisa berubah seiring kelengkapan data https://t.co/Fo3yrVw1FN"";0;3;22;48;in;108543358;1730292150531977704;infoBMKG;https://twitter.com/infoBMKG/status/1730292150531977704",0,0,0,0,0,0,0,0,0,0,0,0,0,0,0,0,0,0,0,0,0
"Thu Nov 30 18:24:10 +0000 2023;1730291647693648040;""#Gempa Mag:3.1", 01-Dec-2023 01:18:16WIB, Lok:2.75LS, 128.03BT (39 km BaratLaut SERAMBAGIANBARAT-MALUKU), Kedlmn:10 Km #BMKG  Disclaimer:Informasi ini mengutamakan kecepatan," sehingga hasil pengolahan data belum stabil dan bisa berubah seiring kelengkapan data https://t.co/0aqIm4ee9u"";0;0;2;10;in;108543358;1730291647693648040;infoBMKG;https://twitter.com/infoBMKG/status/1730291647693648040",0,0,0,0,0,0,0,0,0,0,0,0,0,0,0,0,0,0,0,0,0
"Thu Nov 30 17:46:09 +0000 2023;1730282081237004487;""#Gempa Mag:4.7", 01-Dec-2023 00:39:13WIB, Lok:4.04LS, 146.03BT (590 km Tenggara KEEROM-PAPUA), Kedlmn:51 Km #BMKG  Disclaimer:Informasi ini mengutamakan kecepatan," sehingga hasil pengolahan data belum stabil dan bisa berubah seiring kelengkapan data https://t.co/jyc7Kb6t7N"";0;0;2;10;in;108543358;1730282081237004487;infoBMKG;https://twitter.com/infoBMKG/status/1730282081237004487",0,0,0,0,0,0,0,0,0,0,0,0,0,0,0,0,0,0,0,0,0
"Thu Nov 30 17:11:09 +0000 2023;1730273272284246274;""#Gempa Mag:3.0", 01-Dec-2023 00:09:03WIB, Lok:1.28LU, 126.18BT (118 km Tenggara BITUNG-SULUT), Kedlmn:26 Km #BMKG  Disclaimer:Informasi ini mengutamakan kecepatan," sehingga hasil pengolahan data belum stabil dan bisa berubah seiring kelengkapan data https://t.co/NsNwn65i6Y"";1;0;1;8;in;108543358;1730273272284246274;infoBMKG;https://twitter.com/infoBMKG/status/1730273272284246274",0,0,0,0,0,0,0,0,0,0,0,0,0,0,0,0,0,0,0,0,0
"Thu Nov 30 16:51:11 +0000 2023;1730268247348670615;""#Gempa Mag:3.8", 30-Nov-2023 23:48:19WIB, Lok:6.10LU, 126.33BT (236 km BaratLaut MELONGUANE-SULUT), Kedlmn:132 Km #BMKG  Disclaimer:Informasi ini mengutamakan kecepatan," sehingga hasil pengolahan data belum stabil dan bisa berubah seiring kelengkapan data https://t.co/NlQD8xDF9n"";0;2;2;13;in;108543358;1730268247348670615;infoBMKG;https://twitter.com/infoBMKG/status/1730268247348670615",0,0,0,0,0,0,0,0,0,0,0,0,0,0,0,0,0,0,0,0,0
"Thu Nov 30 15:19:10 +0000 2023;1730245091497849316;""#Gempa Mag:2.6", 30-Nov-2023 22:16:18WIB, Lok:8.15LS, 119.81BT (39 km BaratLaut LABUANBAJO-NTT), Kedlmn:188 Km #BMKG  Disclaimer:Informasi ini mengutamakan kecepatan," sehingga hasil pengolahan data belum stabil dan bisa berubah seiring kelengkapan data https://t.co/OYjHlmV4gB"";0;0;3;12;in;108543358;1730245091497849316;infoBMKG;https://twitter.com/infoBMKG/status/1730245091497849316",0,0,0,0,0,0,0,0,0,0,0,0,0,0,0,0,0,0,0,0,0
"Thu Nov 30 14:43:11 +0000 2023;1730236033726304743;""#Gempa Mag:3.6", 30-Nov-2023 21:39:36WIB, Lok:2.76LS, 129.91BT (74 km BaratLaut SERAMBAGIANTIMUR-MALUKU), Kedlmn:10 Km #BMKG  Disclaimer:Informasi ini mengutamakan kecepatan," sehingga hasil pengolahan data belum stabil dan bisa berubah seiring kelengkapan data https://t.co/xaM9Xy2Yfo"";0;0;3;13;in;108543358;1730236033726304743;infoBMKG;https://twitter.com/infoBMKG/status/1730236033726304743",0,0,0,0,0,0,0,0,0,0,0,0,0,0,0,0,0,0,0,0,0
"Thu Nov 30 12:07:09 +0000 2023;1730196766161850769;""#Gempa Mag:4.6", 30-Nov-2023 19:03:19WIB, Lok:2.02LU, 129.01BT (79 km Tenggara DARUBA-MALUT), Kedlmn:10 Km #BMKG  Disclaimer:Informasi ini mengutamakan kecepatan," sehingga hasil pengolahan data belum stabil dan bisa berubah seiring kelengkapan data https://t.co/yQ1p6cYJVy"";0;0;5;19;in;108543358;1730196766161850769;infoBMKG;https://twitter.com/infoBMKG/status/1730196766161850769",0,0,0,0,0,0,0,0,0,0,0,0,0,0,0,0,0,0,0,0,0
"Thu Nov 30 11:02:10 +0000 2023;1730180415481426417;""#Gempa Mag:3.8", 30-Nov-2023 17:56:13WIB, Lok:2.41LS, 120.89BT (36 km BaratLaut LUWUTIMUR-SULSEL), Kedlmn:10 Km #BMKG  Disclaimer:Informasi ini mengutamakan kecepatan," sehingga hasil pengolahan data belum stabil dan bisa berubah seiring kelengkapan data https://t.co/Nkdp43F46z"";0;1;12;17;in;108543358;1730180415481426417;infoBMKG;https://twitter.com/infoBMKG/status/1730180415481426417",0,0,0,0,0,0,0,0,0,0,0,0,0,0,0,0,0,0,0,0,0
"Thu Nov 30 10:31:10 +0000 2023;1730172611139871144;""#Gempa Mag:3.2", 30-Nov-2023 17:26:59WIB, Lok:4.04LU, 126.63BT (6 km BaratLaut MELONGUANE-SULUT), Kedlmn:42 Km #BMKG  Disclaimer:Informasi ini mengutamakan kecepatan," sehingga hasil pengolahan data belum stabil dan bisa berubah seiring kelengkapan data https://t.co/I1VoQvhYox"";0;0;2;22;in;108543358;1730172611139871144;infoBMKG;https://twitter.com/infoBMKG/status/1730172611139871144",0,0,0,0,0,0,0,0,0,0,0,0,0,0,0,0,0,0,0,0,0
"Thu Nov 30 09:11:12 +0000 2023;1730152486621925459;""#Gempa Mag:3.9", 30-Nov-2023 16:08:45WIB, Lok:8.27LS, 119.90BT (25 km TimurLaut LABUANBAJO-NTT), Kedlmn:143 Km #BMKG  Disclaimer:Informasi ini mengutamakan kecepatan," sehingga hasil pengolahan data belum stabil dan bisa berubah seiring kelengkapan data https://t.co/kPRPSHtl2H"";0;2;11;34;in;108543358;1730152486621925459;infoBMKG;https://twitter.com/infoBMKG/status/1730152486621925459",0,0,0,0,0,0,0,0,0,0,0,0,0,0,0,0,0,0,0,0,0
"Thu Nov 30 07:43:09 +0000 2023;1730130330466853200;""#Gempa Mag:2.6", 30-Nov-2023 14:38:39WIB, Lok:0.29LS, 122.02BT (83 km Tenggara POHUWATO-GORONTALO), Kedlmn:10 Km #BMKG  Disclaimer:Informasi ini mengutamakan kecepatan," sehingga hasil pengolahan data belum stabil dan bisa berubah seiring kelengkapan data https://t.co/KzJa23vqn4"";0;0;1;10;in;108543358;1730130330466853200;infoBMKG;https://twitter.com/infoBMKG/status/1730130330466853200",0,0,0,0,0,0,0,0,0,0,0,0,0,0,0,0,0,0,0,0,0
"Thu Nov 30 06:59:10 +0000 2023;1730119261170061742;""#Gempa Mag:2.6", 30-Nov-2023 13:55:45WIB, Lok:0.61LU, 122.25BT (14 km BaratLaut BOALEMO-GORONTALO), Kedlmn:81 Km #BMKG  Disclaimer:Informasi ini mengutamakan kecepatan," sehingga hasil pengolahan data belum stabil dan bisa berubah seiring kelengkapan data https://t.co/DSnEpYqiDv"";0;0;1;5;in;108543358;1730119261170061742;infoBMKG;https://twitter.com/infoBMKG/status/1730119261170061742",0,0,0,0,0,0,0,0,0,0,0,0,0,0,0,0,0,0,0,0,0
"Thu Nov 30 05:45:09 +0000 2023;1730100633766854998;""#Gempa Mag:2.4", 30-Nov-2023 12:39:54WIB, Lok:4.86LU, 96.12BT (23 km BaratDaya KAB-PIDIEJAYA-ACEH), Kedlmn:13 Km #BMKG  Disclaimer:Informasi ini mengutamakan kecepatan," sehingga hasil pengolahan data belum stabil dan bisa berubah seiring kelengkapan data https://t.co/Qn38W948Ok"";0;0;16;65;in;108543358;1730100633766854998;infoBMKG;https://twitter.com/infoBMKG/status/1730100633766854998",0,0,0,0,0,0,0,0,0,0,0,0,0,0,0,0,0,0,0,0,0
"Thu Nov 30 05:28:09 +0000 2023;1730096355174179166;""#Gempa Mag:2.7", 30-Nov-2023 12:25:39WIB, Lok:0.77LU, 99.83BT (31 km Tenggara MANDAILINGNATAL-SUMUT), Kedlmn:11 Km #BMKG  Disclaimer:Informasi ini mengutamakan kecepatan," sehingga hasil pengolahan data belum stabil dan bisa berubah seiring kelengkapan data https://t.co/rhKhOx7Uvv"";0;0;2;7;in;108543358;1730096355174179166;infoBMKG;https://twitter.com/infoBMKG/status/1730096355174179166",0,0,0,0,0,0,0,0,0,0,0,0,0,0,0,0,0,0,0,0,0
"Thu Nov 30 04:43:08 +0000 2023;1730085025646080484;""#Gempa Mag:3.9", 30-Nov-2023 11:38:09WIB, Lok:6.26LS, 103.30BT (138 km BaratDaya PESISIRBARAT-LAMPUNG), Kedlmn:19 Km #BMKG  Disclaimer:Informasi ini mengutamakan kecepatan," sehingga hasil pengolahan data belum stabil dan bisa berubah seiring kelengkapan data https://t.co/ivTHmHf9le"";0;0;9;37;in;108543358;1730085025646080484;infoBMKG;https://twitter.com/infoBMKG/status/1730085025646080484",0,0,0,0,0,0,0,0,0,0,0,0,0,0,0,0,0,0,0,0,0
"Thu Nov 30 03:24:10 +0000 2023;1730065152777781421;""#Gempa Mag:5.1", 30-Nov-2023 10:18:14WIB, Lok:6.31LS, 145.65BT (592 km Tenggara BOVENDIGOEL-PAPUA), Kedlmn:61 Km #BMKG  Disclaimer:Informasi ini mengutamakan kecepatan," sehingga hasil pengolahan data belum stabil dan bisa berubah seiring kelengkapan data https://t.co/gxk8zXczUx"";0;2;45;135;in;108543358;1730065152777781421;infoBMKG;https://twitter.com/infoBMKG/status/1730065152777781421",0,0,0,0,0,0,0,0,0,0,0,0,0,0,0,0,0,0,0,0,0
"Thu Nov 30 02:59:10 +0000 2023;1730058863481929938;""#Gempa Mag:2.4", 30-Nov-2023 09:55:37WIB, Lok:2.12LS, 119.07BT (46 km BaratDaya MAMUJUTENGAH-SULBAR), Kedlmn:10 Km #BMKG  Disclaimer:Informasi ini mengutamakan kecepatan," sehingga hasil pengolahan data belum stabil dan bisa berubah seiring kelengkapan data https://t.co/DntgIcwdv6"";0;0;2;10;in;108543358;1730058863481929938;infoBMKG;https://twitter.com/infoBMKG/status/1730058863481929938",0,0,0,0,0,0,0,0,0,0,0,0,0,0,0,0,0,0,0,0,0
"Wed Nov 29 23:25:09 +0000 2023;1730005005346931027;""#Gempa Mag:2.4", 30-Nov-2023 06:18:24WIB, Lok:0.44LU, 120.89BT (18 km Tenggara PARIGIMOUTONG-SULTENG), Kedlmn:85 Km #BMKG  Disclaimer:Informasi ini mengutamakan kecepatan," sehingga hasil pengolahan data belum stabil dan bisa berubah seiring kelengkapan data https://t.co/Nn37ZALadM"";0;0;3;15;in;108543358;1730005005346931027;infoBMKG;https://twitter.com/infoBMKG/status/1730005005346931027",0,0,0,0,0,0,0,0,0,0,0,0,0,0,0,0,0,0,0,0,0
"Wed Nov 29 22:15:38 +0000 2023;1729987507604099280;""#Gempa Mag:3.2", 30-Nov-2023 04:59:07WIB, Lok:0.10LU, 124.12BT (33 km Tenggara BOLAANGUKI-BOLSEL-SULUT), Kedlmn:89 Km #BMKG  Disclaimer:Informasi ini mengutamakan kecepatan," sehingga hasil pengolahan data belum stabil dan bisa berubah seiring kelengkapan data https://t.co/o63xUGDIA6"";0;0;0;9;in;108543358;1729987507604099280;infoBMKG;https://twitter.com/infoBMKG/status/1729987507604099280",0,0,0,0,0,0,0,0,0,0,0,0,0,0,0,0,0,0,0,0,0
"Wed Nov 29 20:43:36 +0000 2023;1729964348397998550;""#Gempa Mag:3.7", 30-Nov-2023 03:27:43WIB, Lok:4.54LU, 96.46BT (37 km TimurLaut KAB-NAGANRAYA-ACEH), Kedlmn:10 Km #BMKG  Disclaimer:Informasi ini mengutamakan kecepatan," sehingga hasil pengolahan data belum stabil dan bisa berubah seiring kelengkapan data https://t.co/3I6nvLenfN"";0;0;3;20;in;108543358;1729964348397998550;infoBMKG;https://twitter.com/infoBMKG/status/1729964348397998550",0,0,0,0,0,0,0,0,0,0,0,0,0,0,0,0,0,0,0,0,0
"Wed Nov 29 19:59:36 +0000 2023;1729953273417969769;""#Gempa Mag:2.7", 30-Nov-2023 02:43:48WIB, Lok:8.26LS, 108.15BT (72 km BaratDaya KAB-PANGANDARAN-JABAR), Kedlmn:21 Km #BMKG  Disclaimer:Informasi ini mengutamakan kecepatan," sehingga hasil pengolahan data belum stabil dan bisa berubah seiring kelengkapan data https://t.co/hSmx7993Zd"";0;2;5;44;in;108543358;1729953273417969769;infoBMKG;https://twitter.com/infoBMKG/status/1729953273417969769",0,0,0,0,0,0,0,0,0,0,0,0,0,0,0,0,0,0,0,0,0
"Wed Nov 29 19:47:36 +0000 2023;1729950256459370823;""#Gempa Mag:2.9", 30-Nov-2023 02:31:03WIB, Lok:8.14LS, 116.67BT (42 km BaratLaut PULAUPANJANG-NTB), Kedlmn:12 Km #BMKG  Disclaimer:Informasi ini mengutamakan kecepatan," sehingga hasil pengolahan data belum stabil dan bisa berubah seiring kelengkapan data https://t.co/L3IBOn9czC"";0;0;0;14;in;108543358;1729950256459370823;infoBMKG;https://twitter.com/infoBMKG/status/1729950256459370823",0,0,0,0,0,0,0,0,0,0,0,0,0,0,0,0,0,0,0,0,0
"Wed Nov 29 19:15:37 +0000 2023;1729942205564121175;""#Gempa Mag:3.0", 30-Nov-2023 01:59:11WIB, Lok:2.94LS, 130.42BT (19 km BaratLaut SERAMBAGIANTIMUR-MALUKU), Kedlmn:10 Km #BMKG  Disclaimer:Informasi ini mengutamakan kecepatan," sehingga hasil pengolahan data belum stabil dan bisa berubah seiring kelengkapan data https://t.co/ItoXo9AL0k"";0;0;1;6;in;108543358;1729942205564121175;infoBMKG;https://twitter.com/infoBMKG/status/1729942205564121175",0,0,0,0,0,0,0,0,0,0,0,0,0,0,0,0,0,0,0,0,0
"Wed Nov 29 18:44:36 +0000 2023;1729934400518025250;""#Gempa Mag:2.3", 30-Nov-2023 01:28:40WIB, Lok:8.71LS, 119.49BT (50 km BaratDaya LABUANBAJO-NTT), Kedlmn:104 Km #BMKG  Disclaimer:Informasi ini mengutamakan kecepatan," sehingga hasil pengolahan data belum stabil dan bisa berubah seiring kelengkapan data https://t.co/Gm6pVK2RIb"";0;0;1;5;in;108543358;1729934400518025250;infoBMKG;https://twitter.com/infoBMKG/status/1729934400518025250",0,0,0,0,0,0,0,0,0,0,0,0,0,0,0,0,0,0,0,0,0
"Wed Nov 29 18:12:37 +0000 2023;1729926350319088066;""#Gempa Mag:2.5", 30-Nov-2023 00:56:33WIB, Lok:1.78LU, 126.36BT (142 km TimurLaut BITUNG-SULUT), Kedlmn:26 Km #BMKG  Disclaimer:Informasi ini mengutamakan kecepatan," sehingga hasil pengolahan data belum stabil dan bisa berubah seiring kelengkapan data https://t.co/3fv0Z05j7Q"";0;0;13;32;in;108543358;1729926350319088066;infoBMKG;https://twitter.com/infoBMKG/status/1729926350319088066",0,0,0,0,0,0,0,0,0,0,0,0,0,0,0,0,0,0,0,0,0
"Wed Nov 29 16:08:37 +0000 2023;1729895144722464963;""#Gempa Mag:3.2", 29-Nov-2023 22:52:39WIB, Lok:1.99LU, 128.28BT (6 km BaratDaya DARUBA-MALUT), Kedlmn:119 Km #BMKG  Disclaimer:Informasi ini mengutamakan kecepatan," sehingga hasil pengolahan data belum stabil dan bisa berubah seiring kelengkapan data https://t.co/WJZRd67dTR"";0;0;2;11;in;108543358;1729895144722464963;infoBMKG;https://twitter.com/infoBMKG/status/1729895144722464963",0,0,0,0,0,0,0,0,0,0,0,0,0,0,0,0,0,0,0,0,0
"Wed Nov 29 15:50:36 +0000 2023;1729890611724238915;""#Gempa Mag:3.9", 29-Nov-2023 22:34:18WIB, Lok:8.16LS, 123.93BT (60 km TimurLaut LEMBATA-NTT), Kedlmn:144 Km #BMKG  Disclaimer:Informasi ini mengutamakan kecepatan," sehingga hasil pengolahan data belum stabil dan bisa berubah seiring kelengkapan data https://t.co/0I3oCxN2Ro"";0;0;1;6;in;108543358;1729890611724238915;infoBMKG;https://twitter.com/infoBMKG/status/1729890611724238915",0,0,0,0,0,0,0,0,0,0,0,0,0,0,0,0,0,0,0,0,0
"Wed Nov 29 15:38:36 +0000 2023;1729887592324456618;""#Gempa Mag:4.3", 29-Nov-2023 22:22:58WIB, Lok:7.61LS, 128.68BT (115 km TimurLaut MALUKUBRTDAYA), Kedlmn:209 Km #BMKG  Disclaimer:Informasi ini mengutamakan kecepatan," sehingga hasil pengolahan data belum stabil dan bisa berubah seiring kelengkapan data https://t.co/KzWwQAuhM9"";0;0;2;7;in;108543358;1729887592324456618;infoBMKG;https://twitter.com/infoBMKG/status/1729887592324456618",0,0,0,0,0,0,0,0,0,0,0,0,0,0,0,0,0,0,0,0,0
"Wed Nov 29 14:56:37 +0000 2023;1729877029166997606;""#Gempa Mag:3.1", 29-Nov-2023 21:40:34WIB, Lok:0.03LS, 125.28BT (114 km Tenggara TUTUYAN-BOLTIM-SULUT), Kedlmn:10 Km #BMKG  Disclaimer:Informasi ini mengutamakan kecepatan," sehingga hasil pengolahan data belum stabil dan bisa berubah seiring kelengkapan data https://t.co/nVq757YlBA"";0;0;2;7;in;108543358;1729877029166997606;infoBMKG;https://twitter.com/infoBMKG/status/1729877029166997606",0,0,0,0,0,0,0,0,0,0,0,0,0,0,0,0,0,0,0,0,0
"Wed Nov 29 14:43:38 +0000 2023;1729873761581879746;""#Gempa Mag:3.2", 29-Nov-2023 21:25:48WIB, Lok:2.95LS, 130.44BT (17 km BaratLaut SERAMBAGIANTIMUR-MALUKU), Kedlmn:10 Km #BMKG  Disclaimer:Informasi ini mengutamakan kecepatan," sehingga hasil pengolahan data belum stabil dan bisa berubah seiring kelengkapan data https://t.co/Fq2QVj3VAZ"";0;0;3;12;in;108543358;1729873761581879746;infoBMKG;https://twitter.com/infoBMKG/status/1729873761581879746",0,0,0,0,0,0,0,0,0,0,0,0,0,0,0,0,0,0,0,0,0
"Wed Nov 29 13:51:37 +0000 2023;1729860669858795575;""#Gempa Mag:4.0", 29-Nov-2023 20:35:12WIB, Lok:3.13LS, 130.52BT (4 km Tenggara SERAMBAGIANTIMUR-MALUKU), Kedlmn:10 Km #BMKG  Disclaimer:Informasi ini mengutamakan kecepatan," sehingga hasil pengolahan data belum stabil dan bisa berubah seiring kelengkapan data https://t.co/HqSjgfz1s2"";0;0;5;20;in;108543358;1729860669858795575;infoBMKG;https://twitter.com/infoBMKG/status/1729860669858795575",0,0,0,0,0,0,0,0,0,0,0,0,0,0,0,0,0,0,0,0,0
"Wed Nov 29 12:38:36 +0000 2023;1729842295871308160;""#Gempa Mag:4.1", 29-Nov-2023 19:22:15WIB, Lok:2.11LU, 128.95BT (73 km TimurLaut DARUBA-MALUT), Kedlmn:10 Km #BMKG  Disclaimer:Informasi ini mengutamakan kecepatan," sehingga hasil pengolahan data belum stabil dan bisa berubah seiring kelengkapan data https://t.co/y8Td4oQHeY"";0;0;3;6;in;108543358;1729842295871308160;infoBMKG;https://twitter.com/infoBMKG/status/1729842295871308160",0,0,0,0,0,0,0,0,0,0,0,0,0,0,0,0,0,0,0,0,0
"Tue Nov 28 16:35:10 +0000 2023;1729539440358625420;""#Gempa Mag:4.4", 28-Nov-2023 23:31:01WIB, Lok:8.34LS, 119.59BT (37 km BaratLaut LABUANBAJO-NTT), Kedlmn:163 Km #BMKG  Disclaimer:Informasi ini mengutamakan kecepatan,,,,,,,,,,,,,,,,,,,,,,
"Tue Nov 28 15:18:40 +0000 2023;1729520187609866244;""#Gempa (UPDATE) Mag:2.2", 28-Nov-23 21:42:13 WIB, Lok:6.85 LS, 107.07 BT (Pusat gempa berada di darat 8 km BaratDaya Kabupaten Cianjur)," Kedlmn:9 Km Dirasakan (MMI) II Cianjur #BMKG https://t.co/VLEqjR5fri"";0;0;5;24;in;108543358;1729520187609866244;infoBMKG;https://twitter.com/infoBMKG/status/1729520187609866244",,,,,,,,,,,,,,,,,,,,,,
"Tue Nov 28 15:18:32 +0000 2023;1729520153820631292;""#Gempa Dirasakan Magnitudo: 2.2", Kedalaman: 9 km, 28 Nov 2023 21:42:13 WIB," Koordinat: 6.85 LS-107.07 BT (Pusat gempa berada di darat 8 km BaratDaya Kabupaten Cianjur) #BMKG https://t.co/OiHiTwvX8x"";0;0;1;4;in;108543358;1729520153820631292;infoBMKG;https://twitter.com/infoBMKG/status/1729520153820631292",,,,,,,,,,,,,,,,,,,,,,,
"Tue Nov 28 14:44:10 +0000 2023;1729511506344063016;""#Gempa Mag:2.3", 28-Nov-2023 21:42:13WIB, Lok:6.83LS, 107.04BT (11 km BaratDaya KAB-CIANJUR-JABAR), Kedlmn:14 Km #BMKG  Disclaimer:Informasi ini mengutamakan kecepatan,,,,,,,,,,,,,,,,,,,,,,
"Tue Nov 28 14:06:11 +0000 2023;1729501949320388755;""#Gempa Mag:2.2", 28-Nov-2023 21:03:51WIB, Lok:3.00LS, 127.85BT (38 km BaratLaut SERAMBAGIANBARAT-MALUKU), Kedlmn:10 Km #BMKG  Disclaimer:Informasi ini mengutamakan kecepatan,,,,,,,,,,,,,,,,,,,,,,
"Tue Nov 28 13:28:04 +0000 2023;1729492355055821139;""#Gempa (UPDATE) Mag:2.1", 28-Nov-23 19:54:31 WIB, Lok:6.81 LS, 107.07 BT (Pusat gempa berada di darat 7 km BaratLaut Kabupaten Cianjur)," Kedlmn:7 Km Dirasakan (MMI) II Cianjur #BMKG https://t.co/ImspmBwjVH"";1;0;15;61;in;108543358;1729492355055821139;infoBMKG;https://twitter.com/infoBMKG/status/1729492355055821139",,,,,,,,,,,,,,,,,,,,,,
"Tue Nov 28 13:27:56 +0000 2023;1729492320339513394;""#Gempa Dirasakan Magnitudo: 2.1", Kedalaman: 7 km, 28 Nov 2023 19:54:31 WIB," Koordinat: 6.81 LS-107.07 BT (Pusat gempa berada di darat 7 km BaratLaut Kabupaten Cianjur) #BMKG https://t.co/OiHiTwvX8x"";0;0;0;11;in;108543358;1729492320339513394;infoBMKG;https://twitter.com/infoBMKG/status/1729492320339513394",,,,,,,,,,,,,,,,,,,,,,,
"Tue Nov 28 12:43:10 +0000 2023;1729481055906972070;""#Gempa Mag:3.3", 28-Nov-2023 19:38:22WIB, Lok:1.46LU, 128.22BT (33 km BaratLaut HALMAHERATIMUR-MALUT), Kedlmn:10 Km #BMKG  Disclaimer:Informasi ini mengutamakan kecepatan,,,,,,,,,,,,,,,,,,,,,,
"Tue Nov 28 12:28:12 +0000 2023;1729477288755073271;""#Gempa Mag:3.4", 28-Nov-2023 19:24:52WIB, Lok:0.03LU, 121.99BT (47 km Tenggara POHUWATO-GORONTALO), Kedlmn:299 Km #BMKG  Disclaimer:Informasi ini mengutamakan kecepatan,,,,,,,,,,,,,,,,,,,,,,
"Tue Nov 28 12:16:38 +0000 2023;1729474378906452007;""#Gempa (UPDATE) Mag:3.4", 28-Nov-23 18:40:19 WIB, Lok:2.38 LS, 120.89 BT (Pusat gempa berada di darat 38 km BaratLaut Luwu Timur)," Kedlmn:2 Km Dirasakan (MMI) III Angkona #BMKG https://t.co/9iIhZSSqQb"";0;0;3;12;in;108543358;1729474378906452007;infoBMKG;https://twitter.com/infoBMKG/status/1729474378906452007",,,,,,,,,,,,,,,,,,,,,,
"Tue Nov 28 12:16:30 +0000 2023;1729474343733010808;""#Gempa Dirasakan Magnitudo: 3.4", Kedalaman: 2 km, 28 Nov 2023 18:40:19 WIB," Koordinat: 2.38 LS-120.89 BT (Pusat gempa berada di darat 38 km BaratLaut Luwu Timur) #BMKG https://t.co/OiHiTwvX8x"";0;0;2;10;in;108543358;1729474343733010808;infoBMKG;https://twitter.com/infoBMKG/status/1729474343733010808",,,,,,,,,,,,,,,,,,,,,,,
"Tue Nov 28 11:46:10 +0000 2023;1729466711240478923;""#Gempa Mag:3.5", 28-Nov-2023 18:40:19WIB, Lok:2.39LS, 120.91BT (36 km BaratLaut LUWUTIMUR-SULSEL), Kedlmn:10 Km #BMKG  Disclaimer:Informasi ini mengutamakan kecepatan,,,,,,,,,,,,,,,,,,,,,,
"Tue Nov 28 11:26:42 +0000 2023;1729461812389937174;""#Gempa (UPDATE) Mag:5.0", 28-Nov-23 18:03:05 WIB, Lok:2.04 LU, 129.00 BT (Pusat gempa berada di laut 78 Km Tenggara Daruba)," Kedlmn:10 Km Dirasakan (MMI) II Morotai Selatan #BMKG https://t.co/Zs1PcB4rGd"";0;0;7;11;in;108543358;1729461812389937174;infoBMKG;https://twitter.com/infoBMKG/status/1729461812389937174",,,,,,,,,,,,,,,,,,,,,,
"Tue Nov 28 11:26:34 +0000 2023;1729461777157812412;""#Gempa Dirasakan Magnitudo: 5.0", Kedalaman: 10 km, 28 Nov 2023 18:03:05 WIB," Koordinat: 2.04 LU-129.00 BT (Pusat gempa berada di laut 78 Km Tenggara Daruba) #BMKG https://t.co/OiHiTwvX8x"";0;0;1;4;in;108543358;1729461777157812412;infoBMKG;https://twitter.com/infoBMKG/status/1729461777157812412",,,,,,,,,,,,,,,,,,,,,,,
"Tue Nov 28 11:17:09 +0000 2023;1729459409695449273;""#Gempa Mag:4.6", 28-Nov-2023 18:14:05WIB, Lok:2.09LU, 129.01BT (79 km TimurLaut DARUBA-MALUT), Kedlmn:10 Km #BMKG  Disclaimer:Informasi ini mengutamakan kecepatan,,,,,,,,,,,,,,,,,,,,,,
"Tue Nov 28 11:06:18 +0000 2023;1729456677618159762;""#Gempa Magnitudo: 5.0", Kedalaman: 10 km, 28 Nov 2023 18:03:05 WIB, Koordinat: 2.04 LU-129.00 BT (78 km Tenggara DARUBA-MALUT)," Tidak berpotensi tsunami #BMKG https://t.co/OiHiTwvX8x"";0;0;4;6;in;108543358;1729456677618159762;infoBMKG;https://twitter.com/infoBMKG/status/1729456677618159762",,,,,,,,,,,,,,,,,,,,,,
"Tue Nov 28 11:06:17 +0000 2023;1729456672366800934;""#Gempa Mag:5.0", 28-Nov-23 18:03:05 WIB, Lok:2.04 LU,129.00 BT (78 km Tenggara DARUBA-MALUT), Kedlmn:10 Km,,,,,,,,,,,,,,,,,,,,,,
"Tue Nov 28 11:06:10 +0000 2023;1729456644617289947;""#Gempa Mag:4.9", 28-Nov-2023 18:03:05WIB, Lok:2.04LU, 129.00BT (78 km Tenggara DARUBA-MALUT), Kedlmn:10 Km #BMKG  Disclaimer:Informasi ini mengutamakan kecepatan,,,,,,,,,,,,,,,,,,,,,,
"Tue Nov 28 09:16:09 +0000 2023;1729428960176668953;""#Gempa Mag:4.7", 28-Nov-2023 16:11:55WIB, Lok:5.51LS, 142.26BT (213 km TimurLaut BOVENDIGOEL-PAPUA), Kedlmn:175 Km #BMKG  Disclaimer:Informasi ini mengutamakan kecepatan,,,,,,,,,,,,,,,,,,,,,,
"Tue Nov 28 07:13:10 +0000 2023;1729398006980677681;""#Gempa Mag:3.4", 28-Nov-2023 14:10:10WIB, Lok:0.74LS, 126.92BT (64 km BaratDaya LABUHA-MALUT), Kedlmn:66 Km #BMKG  Disclaimer:Informasi ini mengutamakan kecepatan,,,,,,,,,,,,,,,,,,,,,,
"Tue Nov 28 07:01:10 +0000 2023;1729394990189838528;""#Gempa Mag:2.5", 28-Nov-2023 13:55:17WIB, Lok:2.42LS, 120.51BT (61 km Tenggara LUWUUTARA-SULSEL), Kedlmn:10 Km #BMKG  Disclaimer:Informasi ini mengutamakan kecepatan,,,,,,,,,,,,,,,,,,,,,,
"Tue Nov 28 05:24:08 +0000 2023;1729370570326966486;""#Gempa Mag:3.4", 28-Nov-2023 12:22:20WIB, Lok:4.81LU, 96.13BT (26 km BaratDaya KAB-PIDIEJAYA-ACEH), Kedlmn:10 Km #BMKG  Disclaimer:Informasi ini mengutamakan kecepatan,,,,,,,,,,,,,,,,,,,,,,
"Tue Nov 28 04:29:10 +0000 2023;1729356736568655882;""#Gempa Mag:3.4", 28-Nov-2023 11:25:24WIB, Lok:2.83LS, 127.73BT (57 km BaratLaut SERAMBAGIANBARAT-MALUKU), Kedlmn:10 Km #BMKG  Disclaimer:Informasi ini mengutamakan kecepatan,,,,,,,,,,,,,,,,,,,,,,
"Tue Nov 28 03:15:14 +0000 2023;1729338129071644731;""#Gempa Mag:2.6", 28-Nov-2023 10:12:13WIB, Lok:3.12LS, 130.77BT (31 km Tenggara SERAMBAGIANTIMUR-MALUKU), Kedlmn:16 Km #BMKG  Disclaimer:Informasi ini mengutamakan kecepatan,,,,,,,,,,,,,,,,,,,,,,
"Tue Nov 28 02:54:09 +0000 2023;1729332825835672025;""#Gempa Mag:2.4", 28-Nov-2023 09:50:50WIB, Lok:8.28LS, 121.48BT (47 km TimurLaut MBAY-NAGEKEO-NTT), Kedlmn:10 Km #BMKG  Disclaimer:Informasi ini mengutamakan kecepatan,,,,,,,,,,,,,,,,,,,,,,
"Tue Nov 28 02:25:10 +0000 2023;1729325530053509452;""#Gempa Mag:2.8", 28-Nov-2023 09:22:11WIB, Lok:2.92LS, 127.86BT (40 km BaratLaut SERAMBAGIANBARAT-MALUKU), Kedlmn:10 Km #BMKG  Disclaimer:Informasi ini mengutamakan kecepatan,,,,,,,,,,,,,,,,,,,,,,
"Tue Nov 28 00:44:09 +0000 2023;1729300110398693647;""#Gempa Mag:3.2", 28-Nov-2023 07:40:50WIB, Lok:2.38LU, 127.22BT (112 km BaratLaut TOBELO-MALUT), Kedlmn:10 Km #BMKG  Disclaimer:Informasi ini mengutamakan kecepatan,,,,,,,,,,,,,,,,,,,,,,
"Tue Nov 28 00:22:08 +0000 2023;1729294569756651745;""#Gempa Mag:4.5", 28-Nov-2023 07:19:28WIB, Lok:2.75LU, 128.49BT (81 km TimurLaut DARUBA-MALUT), Kedlmn:207 Km #BMKG  Disclaimer:Informasi ini mengutamakan kecepatan,,,,,,,,,,,,,,,,,,,,,,
"Mon Nov 27 03:03:10 +0000 2023;1728972706400686170;""#Gempa Mag:3.4", 27-Nov-2023 09:59:11WIB, Lok:10.51LS, 120.52BT (31 km BaratDaya WULA-WAIJELU-NTT), Kedlmn:16 Km #BMKG  Disclaimer:Informasi ini mengutamakan kecepatan,,,,,,,,,,,,,,,,,,,,,,
"Mon Nov 27 02:44:09 +0000 2023;1728967920351588786;""#Gempa Mag:3.3", 27-Nov-2023 09:40:14WIB, Lok:10.73LS, 120.55BT (55 km BaratDaya WULA-WAIJELU-NTT), Kedlmn:10 Km #BMKG  Disclaimer:Informasi ini mengutamakan kecepatan,,,,,,,,,,,,,,,,,,,,,,
"Mon Nov 27 01:47:10 +0000 2023;1728953580680626513;""#Gempa Mag:4.3", 27-Nov-2023 08:44:36WIB, Lok:4.09LS, 135.10BT (95 km BaratDaya DOGIYAI-PAPUA), Kedlmn:10 Km #BMKG  Disclaimer:Informasi ini mengutamakan kecepatan,,,,,,,,,,,,,,,,,,,,,,
"Mon Nov 27 01:32:51 +0000 2023;1728949977437843534;""#Gempa (UPDATE) Mag:2.9", 27-Nov-23 08:13:25 WIB, Lok:4.66 LS, 129.56 BT (Pusat gempa berada di laut 40 km Barat Banda)," Kedlmn:10 Km Dirasakan (MMI) II Banda #BMKG https://t.co/Wo9k1rAbDW"";0;1;1;8;in;108543358;1728949977437843534;infoBMKG;https://twitter.com/infoBMKG/status/1728949977437843534",,,,,,,,,,,,,,,,,,,,,,
"Mon Nov 27 01:32:41 +0000 2023;1728949933699727651;""#Gempa Dirasakan Magnitudo: 2.9", Kedalaman: 10 km, 27 Nov 2023 08:13:25 WIB," Koordinat: 4.66 LS-129.56 BT (Pusat gempa berada di laut 40 km Barat Banda) #BMKG https://t.co/OiHiTwvX8x"";0;1;0;7;in;108543358;1728949933699727651;infoBMKG;https://twitter.com/infoBMKG/status/1728949933699727651",,,,,,,,,,,,,,,,,,,,,,,
"Mon Nov 27 01:16:10 +0000 2023;1728945779807785221;""#Gempa Mag:2.5", 27-Nov-2023 08:12:40WIB, Lok:0.16LS, 122.93BT (80 km BaratDaya BONEBOLANGO-GORONTALO), Kedlmn:31 Km #BMKG  Disclaimer:Informasi ini mengutamakan kecepatan,,,,,,,,,,,,,,,,,,,,,,
"Sun Nov 26 23:32:12 +0000 2023;1728919612883108072;""#Gempa Mag:3.2", 27-Nov-2023 06:28:10WIB, Lok:10.63LS, 121.81BT (8 km BaratDaya SABURAIJUA-NTT), Kedlmn:41 Km #BMKG  Disclaimer:Informasi ini mengutamakan kecepatan,,,,,,,,,,,,,,,,,,,,,,
"Sun Nov 26 22:00:10 +0000 2023;1728896451672182832;""#Gempa Mag:3.5", 27-Nov-2023 04:57:15WIB, Lok:10.46LS, 120.51BT (26 km BaratDaya WULA-WAIJELU-NTT), Kedlmn:22 Km #BMKG  Disclaimer:Informasi ini mengutamakan kecepatan,,,,,,,,,,,,,,,,,,,,,,
"Sun Nov 26 21:58:09 +0000 2023;1728895947051352280;""#Gempa Mag:3.0", 27-Nov-2023 04:54:48WIB, Lok:10.48LS, 120.51BT (28 km BaratDaya WULA-WAIJELU-NTT), Kedlmn:21 Km #BMKG  Disclaimer:Informasi ini mengutamakan kecepatan,,,,,,,,,,,,,,,,,,,,,,
"Sun Nov 26 21:28:09 +0000 2023;1728888396196831516;""#Gempa Mag:2.9", 27-Nov-2023 04:24:49WIB, Lok:2.76LS, 139.16BT (32 km BaratDaya SARMI-PAPUA), Kedlmn:10 Km #BMKG  Disclaimer:Informasi ini mengutamakan kecepatan,,,,,,,,,,,,,,,,,,,,,,
"Sun Nov 26 20:09:09 +0000 2023;1728868514910666891;""#Gempa Mag:4.3", 27-Nov-2023 03:06:32WIB, Lok:2.03LS, 139.18BT (48 km BaratLaut SARMI-PAPUA), Kedlmn:14 Km #BMKG  Disclaimer:Informasi ini mengutamakan kecepatan,,,,,,,,,,,,,,,,,,,,,,
"Sun Nov 26 19:11:11 +0000 2023;1728853928505422314;""#Gempa Mag:2.8", 27-Nov-2023 02:06:18WIB, Lok:1.04LU, 121.30BT (9 km BaratLaut BUOL-SULTENG), Kedlmn:41 Km #BMKG  Disclaimer:Informasi ini mengutamakan kecepatan,,,,,,,,,,,,,,,,,,,,,,
"Sun Nov 26 16:58:04 +0000 2023;1728820428888797569;""#Gempa (UPDATE) Mag:4.2", 26-Nov-23 23:18:55 WIB, Lok:0.83 LU, 120.40 BT (Pusat gempa berada di Laut 40 Km Barat Daya Toli-Toli)," Kedlmn:13 Km Dirasakan (MMI) III Toli-Toli #BMKG https://t.co/WB85v444jK"";0;5;53;125;in;108543358;1728820428888797569;infoBMKG;https://twitter.com/infoBMKG/status/1728820428888797569",,,,,,,,,,,,,,,,,,,,,,
"Sun Nov 26 16:57:55 +0000 2023;1728820387692298578;""#Gempa Dirasakan Magnitudo: 4.2", Kedalaman: 13 km, 26 Nov 2023 23:18:55 WIB," Koordinat: 0.83 LU-120.40 BT (Pusat gempa berada di Laut 40 Km Barat Daya Toli-Toli) #BMKG https://t.co/OiHiTwvX8x"";0;0;2;5;in;108543358;1728820387692298578;infoBMKG;https://twitter.com/infoBMKG/status/1728820387692298578",,,,,,,,,,,,,,,,,,,,,,,
"Sun Nov 26 16:23:11 +0000 2023;1728811650432811361;""#Gempa Mag:3.9", 26-Nov-2023 23:18:59WIB, Lok:0.59LU, 120.40BT (44 km BaratLaut PARIGIMOUTONG-SULTENG), Kedlmn:22 Km #BMKG  Disclaimer:Informasi ini mengutamakan kecepatan,,,,,,,,,,,,,,,,,,,,,,
"Sun Nov 26 15:39:11 +0000 2023;1728800576039985405;""#Gempa Mag:2.3", 26-Nov-2023 22:36:50WIB, Lok:8.32LS, 119.55BT (42 km BaratLaut LABUANBAJO-NTT), Kedlmn:163 Km #BMKG  Disclaimer:Informasi ini mengutamakan kecepatan,,,,,,,,,,,,,,,,,,,,,,
"Sun Nov 26 15:36:09 +0000 2023;1728799814132146503;""#Gempa Mag:3.1", 26-Nov-2023 22:31:54WIB, Lok:9.24LS, 123.48BT (85 km BaratDaya LEMBATA-NTT), Kedlmn:23 Km #BMKG  Disclaimer:Informasi ini mengutamakan kecepatan,,,,,,,,,,,,,,,,,,,,,,
"Sun Nov 26 13:56:10 +0000 2023;1728774650359058543;""#Gempa Mag:3.4", 26-Nov-2023 20:54:03WIB, Lok:1.67LU, 127.48BT (36 km BaratLaut HALMAHERABARAT-MALUT), Kedlmn:121 Km #BMKG  Disclaimer:Informasi ini mengutamakan kecepatan,,,,,,,,,,,,,,,,,,,,,,
"Sun Nov 26 12:51:11 +0000 2023;1728758295660560672;""#Gempa Mag:3.1", 26-Nov-2023 19:47:40WIB, Lok:2.67LS, 119.30BT (27 km BaratLaut MAMASA-SULBAR), Kedlmn:10 Km #BMKG  Disclaimer:Informasi ini mengutamakan kecepatan,,,,,,,,,,,,,,,,,,,,,,
"Sun Nov 26 12:48:11 +0000 2023;1728757540643868739;""#Gempa Mag:3.9", 26-Nov-2023 19:46:03WIB, Lok:7.95LS, 117.50BT (60 km TimurLaut SUMBAWA-NTB), Kedlmn:13 Km #BMKG  Disclaimer:Informasi ini mengutamakan kecepatan,,,,,,,,,,,,,,,,,,,,,,
"Sun Nov 26 12:42:10 +0000 2023;1728756026307129529;""#Gempa Mag:3.1", 26-Nov-2023 19:38:53WIB, Lok:8.89LS, 124.38BT (65 km BaratLaut BELU-NTT), Kedlmn:51 Km #BMKG  Disclaimer:Informasi ini mengutamakan kecepatan,,,,,,,,,,,,,,,,,,,,,,
"Sun Nov 26 12:41:11 +0000 2023;1728755781078839371;""#Gempa Mag:3.6", 26-Nov-2023 19:35:46WIB, Lok:5.22LS, 129.16BT (214 km Tenggara MALUKUTENGAH), Kedlmn:272 Km #BMKG  Disclaimer:Informasi ini mengutamakan kecepatan,,,,,,,,,,,,,,,,,,,,,,
"Sun Nov 26 10:13:10 +0000 2023;1728718529732755763;""#Gempa Mag:3.0", 26-Nov-2023 17:09:56WIB, Lok:3.69LS, 119.09BT (39 km BaratDaya POLEWALIMANDAR-SULBAR), Kedlmn:14 Km #BMKG  Disclaimer:Informasi ini mengutamakan kecepatan,,,,,,,,,,,,,,,,,,,,,,
"Sun Nov 26 09:43:09 +0000 2023;1728710975594057911;""#Gempa Mag:2.8", 26-Nov-2023 16:40:15WIB, Lok:9.90LS, 119.16BT (27 km BaratDaya WANOKAKA-NTT), Kedlmn:21 Km #BMKG  Disclaimer:Informasi ini mengutamakan kecepatan,,,,,,,,,,,,,,,,,,,,,,
"Sun Nov 26 09:18:09 +0000 2023;1728704683949326738;""#Gempa Mag:2.5", 26-Nov-2023 16:15:35WIB, Lok:6.82LS, 106.33BT (14 km TimurLaut BAYAH-BANTEN), Kedlmn:12 Km #BMKG  Disclaimer:Informasi ini mengutamakan kecepatan,,,,,,,,,,,,,,,,,,,,,,
"Sun Nov 26 08:51:10 +0000 2023;1728697895011205355;""#Gempa Mag:3.7", 26-Nov-2023 15:47:19WIB, Lok:1.27LU, 126.17BT (117 km Tenggara BITUNG-SULUT), Kedlmn:10 Km #BMKG  Disclaimer:Informasi ini mengutamakan kecepatan,,,,,,,,,,,,,,,,,,,,,,
"Sun Nov 26 08:48:35 +0000 2023;1728697246492119456;""#Gempa (UPDATE) Mag:5.2", 26-Nov-23 15:21:48 WIB, Lok:1.32 LU, 128.01 BT (Pusat gempa berada di laut 24 km tenggara Halmahera Utara)," Kedlmn:132 Km Dirasakan (MMI) II Halmahera Timur #BMKG https://t.co/3mcx9N5lZL"";0;0;3;10;in;108543358;1728697246492119456;infoBMKG;https://twitter.com/infoBMKG/status/1728697246492119456",,,,,,,,,,,,,,,,,,,,,,
"Sun Nov 26 08:48:27 +0000 2023;1728697212203589794;""#Gempa Dirasakan Magnitudo: 5.2", Kedalaman: 132 km, 26 Nov 2023 15:21:48 WIB," Koordinat: 1.32 LU-128.01 BT (Pusat gempa berada di laut 24 km tenggara Halmahera Utara) #BMKG https://t.co/OiHiTwvX8x"";0;0;1;6;in;108543358;1728697212203589794;infoBMKG;https://twitter.com/infoBMKG/status/1728697212203589794",,,,,,,,,,,,,,,,,,,,,,,
"Sun Nov 26 08:40:09 +0000 2023;1728695123352162335;""#Gempa Mag:4.3", 26-Nov-2023 15:36:05WIB, Lok:6.23LS, 130.11BT (234 km BaratLaut MALUKUTENGGARABRT), Kedlmn:175 Km #BMKG  Disclaimer:Informasi ini mengutamakan kecepatan,,,,,,,,,,,,,,,,,,,,,,
"Sun Nov 26 08:35:09 +0000 2023;1728693865564209321;""#Gempa Mag:3.5", 26-Nov-2023 15:32:51WIB, Lok:2.36LU, 127.31BT (103 km BaratLaut TOBELO-MALUT), Kedlmn:21 Km #BMKG  Disclaimer:Informasi ini mengutamakan kecepatan,,,,,,,,,,,,,,,,,,,,,,
"Sun Nov 26 08:25:20 +0000 2023;1728691394552996110;""#Gempa Mag:5.2", 26-Nov-23 15:21:48 WIB, Lok:1.32 LU,128.01 BT (24 km Tenggara HALMAHERAUTARA-MALUT), Kedlmn:132 Km,,,,,,,,,,,,,,,,,,,,,,
"Sun Nov 26 08:25:16 +0000 2023;1728691378027446540;""#Gempa Magnitudo: 5.2", Kedalaman: 132 km, 26 Nov 2023 15:21:48 WIB, Koordinat: 1.32 LU-128.01 BT (24 km Tenggara HALMAHERAUTARA-MALUT)," Tidak berpotensi tsunami #BMKG https://t.co/OiHiTwvX8x"";0;0;1;7;in;108543358;1728691378027446540;infoBMKG;https://twitter.com/infoBMKG/status/1728691378027446540",,,,,,,,,,,,,,,,,,,,,,
"Sun Nov 26 08:24:10 +0000 2023;1728691100247044606;""#Gempa Mag:4.7", 26-Nov-2023 15:21:47WIB, Lok:1.40LU, 128.08BT (23 km Tenggara HALMAHERAUTARA-MALUT), Kedlmn:132 Km #BMKG  Disclaimer:Informasi ini mengutamakan kecepatan,,,,,,,,,,,,,,,,,,,,,,
"Sun Nov 26 08:18:09 +0000 2023;1728689587684585535;""#Gempa Mag:3.1", 26-Nov-2023 15:14:33WIB, Lok:9.70LS, 119.18BT (23 km BaratLaut WANOKAKA-NTT), Kedlmn:21 Km #BMKG  Disclaimer:Informasi ini mengutamakan kecepatan,,,,,,,,,,,,,,,,,,,,,,
"Sun Nov 26 07:19:08 +0000 2023;1728674735238864910;""#Gempa Mag:3.6", 26-Nov-2023 14:15:43WIB, Lok:7.83LS, 106.81BT (97 km Tenggara KAB-SUKABUMI-JABAR), Kedlmn:10 Km #BMKG  Disclaimer:Informasi ini mengutamakan kecepatan,,,,,,,,,,,,,,,,,,,,,,
"Sun Nov 26 07:04:12 +0000 2023;1728670975594762545;""#Gempa Mag:3.0", 26-Nov-2023 13:59:47WIB, Lok:9.39LS, 120.15BT (32 km BaratLaut WAINGAPU-NTT), Kedlmn:50 Km #BMKG  Disclaimer:Informasi ini mengutamakan kecepatan,,,,,,,,,,,,,,,,,,,,,,
"Sun Nov 26 05:48:08 +0000 2023;1728651832057315772;""#Gempa Mag:1.8", 26-Nov-2023 12:43:56WIB, Lok:7.94LS, 110.50BT (13 km BaratLaut GUNUNGKIDUL-DIY), Kedlmn:104 Km #BMKG  Disclaimer:Informasi ini mengutamakan kecepatan,,,,,,,,,,,,,,,,,,,,,,
"Sun Nov 26 05:27:10 +0000 2023;1728646556801519935;""#Gempa Mag:3.2", 26-Nov-2023 12:24:02WIB, Lok:2.60LS, 136.23BT (56 km BaratLaut WAROPEN-PAPUA), Kedlmn:12 Km #BMKG  Disclaimer:Informasi ini mengutamakan kecepatan,,,,,,,,,,,,,,,,,,,,,,
"Sun Nov 26 01:43:08 +0000 2023;1728590177264869478;""#Gempa Mag:3.2", 26-Nov-2023 08:41:06WIB, Lok:6.79LS, 105.62BT (15 km Tenggara SUMUR-BANTEN), Kedlmn:16 Km #BMKG  Disclaimer:Informasi ini mengutamakan kecepatan,,,,,,,,,,,,,,,,,,,,,,
"Sun Nov 26 01:04:11 +0000 2023;1728580373809184986;""#Gempa Mag:3.6", 26-Nov-2023 08:01:09WIB, Lok:0.41LU, 120.57BT (32 km BaratDaya PARIGIMOUTONG-SULTENG), Kedlmn:69 Km #BMKG  Disclaimer:Informasi ini mengutamakan kecepatan,,,,,,,,,,,,,,,,,,,,,,
"Sat Nov 25 22:29:10 +0000 2023;1728541365590733040;""#Gempa Mag:4.4", 26-Nov-2023 05:23:49WIB, Lok:10.00LS, 118.84BT (48 km BaratDaya KODI-SUMBABARATDAYA-NTT), Kedlmn:10 Km #BMKG  Disclaimer:Informasi ini mengutamakan kecepatan,,,,,,,,,,,,,,,,,,,,,,
"Sat Nov 25 22:01:10 +0000 2023;1728534316534394905;""#Gempa Mag:3.5", 26-Nov-2023 04:57:21WIB, Lok:3.71LS, 119.03BT (42 km BaratDaya POLEWALIMANDAR-SULBAR), Kedlmn:10 Km #BMKG  Disclaimer:Informasi ini mengutamakan kecepatan,,,,,,,,,,,,,,,,,,,,,,
"Sat Nov 25 21:34:11 +0000 2023;1728527526094581890;""#Gempa Mag:3.7", 26-Nov-2023 04:30:38WIB, Lok:9.16LS, 118.72BT (56 km BaratLaut KODI-SUMBABARATDAYA-NTT), Kedlmn:45 Km #BMKG  Disclaimer:Informasi ini mengutamakan kecepatan,,,,,,,,,,,,,,,,,,,,,,
"Sat Nov 25 20:25:11 +0000 2023;1728510161281790159;""#Gempa Mag:3.0", 26-Nov-2023 03:19:46WIB, Lok:8.35LS, 119.94BT (16 km TimurLaut LABUANBAJO-NTT), Kedlmn:154 Km #BMKG  Disclaimer:Informasi ini mengutamakan kecepatan,,,,,,,,,,,,,,,,,,,,,,
"Sat Nov 25 19:57:09 +0000 2023;1728503105430733220;""#Gempa Mag:3.1", 26-Nov-2023 02:51:21WIB, Lok:8.08LS, 106.95BT (129 km Tenggara KAB-SUKABUMI-JABAR), Kedlmn:10 Km #BMKG  Disclaimer:Informasi ini mengutamakan kecepatan,,,,,,,,,,,,,,,,,,,,,,
"Sat Nov 25 19:19:08 +0000 2023;1728493540987359619;""#Gempa Mag:2.8", 26-Nov-2023 02:15:21WIB, Lok:2.33LS, 140.35BT (91 km TimurLaut KAB-JAYAPURA-PAPUA), Kedlmn:17 Km #BMKG  Disclaimer:Informasi ini mengutamakan kecepatan,,,,,,,,,,,,,,,,,,,,,,
"Sat Nov 25 19:13:08 +0000 2023;1728492031486677246;""#Gempa Mag:3.3", 26-Nov-2023 02:08:20WIB, Lok:7.09LS, 105.30BT (56 km BaratDaya SUMUR-BANTEN), Kedlmn:10 Km #BMKG  Disclaimer:Informasi ini mengutamakan kecepatan,,,,,,,,,,,,,,,,,,,,,,
"Sat Nov 25 18:59:11 +0000 2023;1728488517855301792;""#Gempa Mag:3.7", 26-Nov-2023 01:53:19WIB, Lok:0.11LS, 123.04BT (72 km BaratDaya BONEBOLANGO-GORONTALO), Kedlmn:153 Km #BMKG  Disclaimer:Informasi ini mengutamakan kecepatan,,,,,,,,,,,,,,,,,,,,,,
"Sat Nov 25 18:02:10 +0000 2023;1728474172333207678;""#Gempa Mag:3.4", 26-Nov-2023 00:59:00WIB, Lok:8.19LS, 117.31BT (35 km BaratLaut SUMBAWA-NTB), Kedlmn:223 Km #BMKG  Disclaimer:Informasi ini mengutamakan kecepatan,,,,,,,,,,,,,,,,,,,,,,
"Sat Nov 25 17:52:11 +0000 2023;1728471658015686958;""#Gempa Mag:4.3", 26-Nov-2023 00:48:46WIB, Lok:6.61LS, 129.41BT (248 km TimurLaut MALUKUBRTDAYA), Kedlmn:10 Km #BMKG  Disclaimer:Informasi ini mengutamakan kecepatan,,,,,,,,,,,,,,,,,,,,,,
"Sat Nov 25 17:49:09 +0000 2023;1728470896044908708;""#Gempa Mag:2.8", 26-Nov-2023 00:45:31WIB, Lok:1.60LS, 139.42BT (99 km TimurLaut SARMI-PAPUA), Kedlmn:10 Km #BMKG  Disclaimer:Informasi ini mengutamakan kecepatan,,,,,,,,,,,,,,,,,,,,,,
"Sat Nov 25 17:36:10 +0000 2023;1728467628216492221;""#Gempa Mag:2.5", 26-Nov-2023 00:32:31WIB, Lok:0.08LU, 122.00BT (42 km Tenggara POHUWATO-GORONTALO), Kedlmn:238 Km #BMKG  Disclaimer:Informasi ini mengutamakan kecepatan,,,,,,,,,,,,,,,,,,,,,,
"Sat Nov 25 17:03:10 +0000 2023;1728459323070935367;""#Gempa Mag:3.8", 25-Nov-2023 23:58:32WIB, Lok:3.32LU, 127.67BT (133 km Tenggara MELONGUANE-SULUT), Kedlmn:31 Km #BMKG  Disclaimer:Informasi ini mengutamakan kecepatan,,,,,,,,,,,,,,,,,,,,,,
"Sat Nov 25 16:25:09 +0000 2023;1728449754370293824;""#Gempa Mag:3.1", 25-Nov-2023 23:21:41WIB, Lok:1.55LS, 139.45BT (105 km TimurLaut SARMI-PAPUA), Kedlmn:10 Km #BMKG  Disclaimer:Informasi ini mengutamakan kecepatan,,,,,,,,,,,,,,,,,,,,,,
"Sat Nov 25 16:15:10 +0000 2023;1728447243840332206;""#Gempa Mag:2.9", 25-Nov-2023 23:12:07WIB, Lok:1.53LU, 126.95BT (74 km BaratLaut HALMAHERABARAT-MALUT), Kedlmn:85 Km #BMKG  Disclaimer:Informasi ini mengutamakan kecepatan,,,,,,,,,,,,,,,,,,,,,,
"Sat Nov 25 16:03:11 +0000 2023;1728444227221377366;""#Gempa Mag:2.4", 25-Nov-2023 22:59:21WIB, Lok:1.04LS, 120.53BT (46 km BaratLaut POSO-SULTENG), Kedlmn:16 Km #BMKG  Disclaimer:Informasi ini mengutamakan kecepatan,,,,,,,,,,,,,,,,,,,,,,
"Sat Nov 25 15:16:10 +0000 2023;1728432394469044418;""#Gempa Mag:4.6", 25-Nov-2023 22:12:32WIB, Lok:3.70LU, 127.89BT (138 km Tenggara MELONGUANE-SULUT), Kedlmn:130 Km #BMKG  Disclaimer:Informasi ini mengutamakan kecepatan,,,,,,,,,,,,,,,,,,,,,,
"Sat Nov 25 14:57:10 +0000 2023;1728427614766076157;""#Gempa Mag:2.3", 25-Nov-2023 21:53:52WIB, Lok:0.25LU, 119.41BT (88 km BaratLaut DONGGALA-SULTENG), Kedlmn:5 Km #BMKG  Disclaimer:Informasi ini mengutamakan kecepatan,,,,,,,,,,,,,,,,,,,,,,
"Sat Nov 25 13:41:10 +0000 2023;1728408488416883167;""#Gempa Mag:3.4", 25-Nov-2023 20:38:28WIB, Lok:1.62LU, 125.92BT (90 km TimurLaut BITUNG-SULUT), Kedlmn:99 Km #BMKG  Disclaimer:Informasi ini mengutamakan kecepatan,,,,,,,,,,,,,,,,,,,,,,
"Sat Nov 25 13:40:11 +0000 2023;1728408238864146447;""#Gempa Mag:2.0", 25-Nov-2023 20:37:16WIB, Lok:1.77LS, 120.55BT (47 km BaratDaya POSO-SULTENG), Kedlmn:5 Km #BMKG  Disclaimer:Informasi ini mengutamakan kecepatan,,,,,,,,,,,,,,,,,,,,,,
"Sat Nov 25 13:36:11 +0000 2023;1728407234022187384;""#Gempa Mag:4.6", 25-Nov-2023 20:30:54WIB, Lok:3.66LS, 134.93BT (92 km BaratDaya NABIRE-PAPUA), Kedlmn:5 Km #BMKG  Disclaimer:Informasi ini mengutamakan kecepatan,,,,,,,,,,,,,,,,,,,,,,
"Sat Nov 25 13:23:10 +0000 2023;1728403959428374913;""#Gempa Mag:3.1", 25-Nov-2023 20:19:51WIB, Lok:1.27LU, 126.13BT (113 km Tenggara BITUNG-SULUT), Kedlmn:27 Km #BMKG  Disclaimer:Informasi ini mengutamakan kecepatan,,,,,,,,,,,,,,,,,,,,,,
"Sat Nov 25 13:09:09 +0000 2023;1728400430747840973;""#Gempa Mag:2.1", 25-Nov-2023 20:03:23WIB, Lok:9.96LS, 119.40BT (20 km Tenggara WANOKAKA-NTT), Kedlmn:5 Km #BMKG  Disclaimer:Informasi ini mengutamakan kecepatan,,,,,,,,,,,,,,,,,,,,,,
"Sat Nov 25 13:01:10 +0000 2023;1728398421420347502;""#Gempa Mag:3.4", 25-Nov-2023 19:57:31WIB, Lok:1.54LU, 127.41BT (28 km BaratLaut HALMAHERABARAT-MALUT), Kedlmn:534 Km #BMKG  Disclaimer:Informasi ini mengutamakan kecepatan,,,,,,,,,,,,,,,,,,,,,,
"Sat Nov 25 11:55:37 +0000 2023;1728381924564197455;""#Gempa (UPDATE) Mag:1.8", 25-Nov-23 18:22:09 WIB, Lok:8.23 LS, 114.81 BT (Pusat gempa berada di darat 27 km Timur laut Jembrana)," Kedlmn:12 Km Dirasakan (MMI) II Gerokgag #BMKG https://t.co/bBdKOlCF4E"";0;0;13;52;in;108543358;1728381924564197455;infoBMKG;https://twitter.com/infoBMKG/status/1728381924564197455",,,,,,,,,,,,,,,,,,,,,,
"Sat Nov 25 11:55:29 +0000 2023;1728381891357847606;""#Gempa Dirasakan Magnitudo: 1.8", Kedalaman: 12 km, 25 Nov 2023 18:22:09 WIB," Koordinat: 8.23 LS-114.81 BT (Pusat gempa berada di darat 27 km Timur laut Jembrana) #BMKG https://t.co/OiHiTwvX8x"";0;0;0;8;in;108543358;1728381891357847606;infoBMKG;https://twitter.com/infoBMKG/status/1728381891357847606",,,,,,,,,,,,,,,,,,,,,,,
"Sat Nov 25 10:09:11 +0000 2023;1728355140867137918;""#Gempa Mag:3.0", 25-Nov-2023 17:05:21WIB, Lok:1.75LS, 133.51BT (26 km TimurLaut TELUKBINTUNI-PAPUABRT), Kedlmn:5 Km #BMKG  Disclaimer:Informasi ini mengutamakan kecepatan,,,,,,,,,,,,,,,,,,,,,,
"Sat Nov 25 08:06:10 +0000 2023;1728324184449921359;""#Gempa Mag:2.4", 25-Nov-2023 15:02:26WIB, Lok:8.43LS, 118.84BT (10 km TimurLaut KOTA-BIMA-NTB), Kedlmn:153 Km #BMKG  Disclaimer:Informasi ini mengutamakan kecepatan,,,,,,,,,,,,,,,,,,,,,,
"Sat Nov 25 07:26:10 +0000 2023;1728314117352783896;""#Gempa Mag:2.5", 25-Nov-2023 14:21:39WIB, Lok:0.29LS, 122.32BT (91 km BaratDaya BOALEMO-GORONTALO), Kedlmn:18 Km #BMKG  Disclaimer:Informasi ini mengutamakan kecepatan,,,,,,,,,,,,,,,,,,,,,,
"Sat Nov 25 04:54:10 +0000 2023;1728275862779465825;""#Gempa Mag:4.8", 25-Nov-2023 11:48:01WIB, Lok:4.85LS, 145.41BT (542 km Tenggara KEEROM-PAPUA), Kedlmn:148 Km #BMKG  Disclaimer:Informasi ini mengutamakan kecepatan,,,,,,,,,,,,,,,,,,,,,,
"Sat Nov 25 04:14:10 +0000 2023;1728265796328333479;""#Gempa Mag:2.8", 25-Nov-2023 11:10:32WIB, Lok:1.34LU, 97.03BT (38 km BaratDaya NIASUTARA-SUMUT), Kedlmn:15 Km #BMKG  Disclaimer:Informasi ini mengutamakan kecepatan,,,,,,,,,,,,,,,,,,,,,,
"Sat Nov 25 03:45:09 +0000 2023;1728258494250569765;""#Gempa Mag:3.3", 25-Nov-2023 10:41:05WIB, Lok:0.38LS, 135.74BT (40 km TimurLaut SUPIORI-PAPUA), Kedlmn:19 Km #BMKG  Disclaimer:Informasi ini mengutamakan kecepatan,,,,,,,,,,,,,,,,,,,,,,
"Sat Nov 25 03:08:11 +0000 2023;1728249191124840579;""#Gempa Mag:3.3", 25-Nov-2023 10:01:34WIB, Lok:3.25LS, 131.36BT (98 km Tenggara SERAMBAGIANTIMUR-MALUKU), Kedlmn:10 Km #BMKG  Disclaimer:Informasi ini mengutamakan kecepatan,,,,,,,,,,,,,,,,,,,,,,
"Sat Nov 25 02:17:10 +0000 2023;1728236354189058447;""#Gempa Mag:2.6", 25-Nov-2023 09:12:42WIB, Lok:0.54LS, 133.46BT (61 km BaratLaut PEGUNUNGANARFAK-PAPUABRT), Kedlmn:5 Km #BMKG  Disclaimer:Informasi ini mengutamakan kecepatan,,,,,,,,,,,,,,,,,,,,,,
"Sat Nov 25 02:08:10 +0000 2023;1728234089390772242;""#Gempa Mag:2.6", 25-Nov-2023 09:04:11WIB, Lok:0.10LU, 119.90BT (58 km TimurLaut DONGGALA-SULTENG), Kedlmn:5 Km #BMKG  Disclaimer:Informasi ini mengutamakan kecepatan,,,,,,,,,,,,,,,,,,,,,,
"Sat Nov 25 01:34:10 +0000 2023;1728225532515672410;""#Gempa Mag:3.8", 25-Nov-2023 08:29:54WIB, Lok:0.05LS, 123.18BT (65 km Tenggara BONEBOLANGO-GORONTALO), Kedlmn:142 Km #BMKG  Disclaimer:Informasi ini mengutamakan kecepatan,,,,,,,,,,,,,,,,,,,,,,
"Sat Nov 25 01:30:09 +0000 2023;1728224519880626262;""#Gempa Mag:3.3", 25-Nov-2023 08:27:17WIB, Lok:2.89LU, 128.57BT (98 km TimurLaut DARUBA-MALUT), Kedlmn:205 Km #BMKG  Disclaimer:Informasi ini mengutamakan kecepatan,,,,,,,,,,,,,,,,,,,,,,
"Sat Nov 25 00:19:10 +0000 2023;1728206659955347723;""#Gempa Mag:2.8", 25-Nov-2023 07:12:18WIB, Lok:2.56LS, 121.41BT (26 km TimurLaut LUWUTIMUR-SULSEL), Kedlmn:10 Km #BMKG  Disclaimer:Informasi ini mengutamakan kecepatan,,,,,,,,,,,,,,,,,,,,,,
"Sat Nov 25 00:06:09 +0000 2023;1728203383138631722;""#Gempa Mag:2.8", 25-Nov-2023 07:01:24WIB, Lok:0.04LU, 123.21BT (55 km Tenggara BONEBOLANGO-GORONTALO), Kedlmn:102 Km #BMKG  Disclaimer:Informasi ini mengutamakan kecepatan,,,,,,,,,,,,,,,,,,,,,,
"Fri Nov 24 23:55:44 +0000 2023;1728200759253348357;""#Gempa (UPDATE) Mag:3.5", 25-Nov-23 06:36:59 WIB, Lok:7.03 LS, 106.65 BT (Pusat gempa berada di darat 12 km Tenggara Kab. Sukabumi)," Kedlmn:12 Km Dirasakan (MMI) II-III Sukabumi #BMKG https://t.co/Ej2ayPo386"";1;6;64;220;in;108543358;1728200759253348357;infoBMKG;https://twitter.com/infoBMKG/status/1728200759253348357",,,,,,,,,,,,,,,,,,,,,,
"Fri Nov 24 23:55:33 +0000 2023;1728200716244946981;""#Gempa Dirasakan Magnitudo: 3.5", Kedalaman: 12 km, 25 Nov 2023 06:36:59 WIB," Koordinat: 7.03 LS-106.65 BT (Pusat gempa berada di darat 12 km Tenggara Kab. Sukabumi) #BMKG https://t.co/OiHiTwvX8x"";0;0;2;11;in;108543358;1728200716244946981;infoBMKG;https://twitter.com/infoBMKG/status/1728200716244946981",,,,,,,,,,,,,,,,,,,,,,,
"Fri Nov 24 23:39:08 +0000 2023;1728196583811072451;""#Gempa Mag:3.6", 25-Nov-2023 06:36:58WIB, Lok:7.01LS, 106.66BT (12 km Tenggara KAB-SUKABUMI-JABAR), Kedlmn:19 Km #BMKG  Disclaimer:Informasi ini mengutamakan kecepatan,,,,,,,,,,,,,,,,,,,,,,
"Fri Nov 24 23:25:10 +0000 2023;1728193069596684544;""#Gempa Mag:3.7", 25-Nov-2023 06:19:24WIB, Lok:3.37LS, 131.40BT (105 km Tenggara SERAMBAGIANTIMUR-MALUKU), Kedlmn:73 Km #BMKG  Disclaimer:Informasi ini mengutamakan kecepatan,,,,,,,,,,,,,,,,,,,,,,
"Fri Nov 24 22:16:12 +0000 2023;1728175713021514077;""#Gempa Mag:3.4", 25-Nov-2023 05:12:19WIB, Lok:3.35LS, 131.33BT (97 km Tenggara SERAMBAGIANTIMUR-MALUKU), Kedlmn:21 Km #BMKG  Disclaimer:Informasi ini mengutamakan kecepatan,,,,,,,,,,,,,,,,,,,,,,
"Fri Nov 24 21:13:11 +0000 2023;1728159855670886725;""#Gempa Mag:3.7", 25-Nov-2023 04:09:54WIB, Lok:3.42LS, 131.32BT (98 km Tenggara SERAMBAGIANTIMUR-MALUKU), Kedlmn:32 Km #BMKG  Disclaimer:Informasi ini mengutamakan kecepatan,,,,,,,,,,,,,,,,,,,,,,
"Fri Nov 24 20:38:12 +0000 2023;1728151049209606270;""#Gempa Mag:3.2", 25-Nov-2023 03:31:22WIB, Lok:4.20LS, 131.15BT (142 km Tenggara SERAMBAGIANTIMUR-MALUKU), Kedlmn:10 Km #BMKG  Disclaimer:Informasi ini mengutamakan kecepatan,,,,,,,,,,,,,,,,,,,,,,
"Fri Nov 24 19:43:09 +0000 2023;1728137195352158212;""#Gempa Mag:3.9", 25-Nov-2023 02:40:26WIB, Lok:1.59LS, 97.59BT (224 km BaratLaut KEP-MENTAWAI-SUMBAR), Kedlmn:10 Km #BMKG  Disclaimer:Informasi ini mengutamakan kecepatan,,,,,,,,,,,,,,,,,,,,,,
"Fri Nov 24 18:18:09 +0000 2023;1728115806666649941;""#Gempa Mag:2.3", 25-Nov-2023 01:14:37WIB, Lok:9.00LS, 124.19BT (67 km BaratLaut TIMORTENGAHUT-NTT), Kedlmn:52 Km #BMKG  Disclaimer:Informasi ini mengutamakan kecepatan,,,,,,,,,,,,,,,,,,,,,,
"Fri Nov 24 17:41:10 +0000 2023;1728106498327474676;""#Gempa Mag:2.8", 25-Nov-2023 00:37:09WIB, Lok:4.65LS, 130.11BT (176 km BaratDaya SERAMBAGIANTIMUR-MALUKU), Kedlmn:150 Km #BMKG  Disclaimer:Informasi ini mengutamakan kecepatan,,,,,,,,,,,,,,,,,,,,,,
"Fri Nov 24 17:26:10 +0000 2023;1728102722443022815;""#Gempa Mag:3.9", 25-Nov-2023 00:21:53WIB, Lok:6.24LS, 129.79BT (255 km BaratLaut MALUKUTENGGARABRT), Kedlmn:10 Km #BMKG  Disclaimer:Informasi ini mengutamakan kecepatan,,,,,,,,,,,,,,,,,,,,,,
"Fri Nov 24 16:57:11 +0000 2023;1728095429647298775;""#Gempa Mag:2.6", 24-Nov-2023 23:51:00WIB, Lok:0.16LS, 122.95BT (80 km BaratDaya BONEBOLANGO-GORONTALO), Kedlmn:102 Km #BMKG  Disclaimer:Informasi ini mengutamakan kecepatan,,,,,,,,,,,,,,,,,,,,,,
"Fri Nov 24 16:47:09 +0000 2023;1728092904139420111;""#Gempa Mag:3.3", 24-Nov-2023 23:42:32WIB, Lok:3.60LS, 141.03BT (41 km Tenggara KEEROM-PAPUA), Kedlmn:111 Km #BMKG  Disclaimer:Informasi ini mengutamakan kecepatan,,,,,,,,,,,,,,,,,,,,,,
"Fri Nov 24 16:14:10 +0000 2023;1728084602101878810;""#Gempa Mag:4.2", 24-Nov-2023 23:09:48WIB, Lok:7.69LS, 127.53BT (59 km BaratLaut MALUKUBRTDAYA), Kedlmn:127 Km #BMKG  Disclaimer:Informasi ini mengutamakan kecepatan,,,,,,,,,,,,,,,,,,,,,,
"Fri Nov 24 15:12:09 +0000 2023;1728068995587485931;""#Gempa Mag:3.6", 24-Nov-2023 22:06:38WIB, Lok:7.40LS, 129.37BT (194 km TimurLaut MALUKUBRTDAYA), Kedlmn:138 Km #BMKG  Disclaimer:Informasi ini mengutamakan kecepatan,,,,,,,,,,,,,,,,,,,,,,
"Fri Nov 24 13:07:11 +0000 2023;1728037549053239362;""#Gempa Mag:4.6", 24-Nov-2023 20:03:53WIB, Lok:0.22LS, 125.05BT (119 km Tenggara TUTUYAN-BOLTIM-SULUT), Kedlmn:10 Km #BMKG  Disclaimer:Informasi ini mengutamakan kecepatan,,,,,,,,,,,,,,,,,,,,,,
"Fri Nov 24 12:47:09 +0000 2023;1728032507768262966;""#Gempa Mag:3.5", 24-Nov-2023 19:44:59WIB, Lok:10.55LS, 120.51BT (36 km BaratDaya WULA-WAIJELU-NTT), Kedlmn:16 Km #BMKG  Disclaimer:Informasi ini mengutamakan kecepatan,,,,,,,,,,,,,,,,,,,,,,
"Fri Nov 24 12:38:10 +0000 2023;1728030246736367819;""#Gempa Mag:3.0", 24-Nov-2023 19:32:41WIB, Lok:0.52LU, 125.79BT (124 km Tenggara RATAHAN-MITRA-SULUT), Kedlmn:11 Km #BMKG  Disclaimer:Informasi ini mengutamakan kecepatan,,,,,,,,,,,,,,,,,,,,,,
"Fri Nov 24 11:35:10 +0000 2023;1728014389788447086;""#Gempa Mag:4.2", 24-Nov-2023 18:31:17WIB, Lok:6.08LS, 130.42BT (231 km BaratLaut MALUKUTENGGARABRT), Kedlmn:148 Km #BMKG  Disclaimer:Informasi ini mengutamakan kecepatan,,,,,,,,,,,,,,,,,,,,,,
"Fri Nov 24 11:18:13 +0000 2023;1728010127259881481;""#Gempa Mag:2.7", 24-Nov-2023 18:14:43WIB, Lok:0.85LU, 126.99BT (42 km BaratLaut TERNATE-MALUT), Kedlmn:10 Km #BMKG  Disclaimer:Informasi ini mengutamakan kecepatan,,,,,,,,,,,,,,,,,,,,,,
"Fri Nov 24 11:16:09 +0000 2023;1728009605840863718;""#Gempa Mag:3.3", 24-Nov-2023 18:12:04WIB, Lok:10.70LS, 120.52BT (52 km BaratDaya WULA-WAIJELU-NTT), Kedlmn:11 Km #BMKG  Disclaimer:Informasi ini mengutamakan kecepatan,,,,,,,,,,,,,,,,,,,,,,
"Fri Nov 24 10:08:46 +0000 2023;1727992647728652532;""#Gempa (UPDATE) Mag:3.4", 24-Nov-23 16:48:34 WIB, Lok:1.00 LS, 100.29 BT (Pusat gempa berada di darat 10 km BaratDaya Padang)," Kedlmn:2 Km Dirasakan (MMI) III Padang #BMKG https://t.co/YakAaFOU2H"";26;22;126;415;in;108543358;1727992647728652532;infoBMKG;https://twitter.com/infoBMKG/status/1727992647728652532",,,,,,,,,,,,,,,,,,,,,,
"Fri Nov 24 10:08:37 +0000 2023;1727992609430515739;""#Gempa Dirasakan Magnitudo: 3.4", Kedalaman: 2 km, 24 Nov 2023 16:48:34 WIB," Koordinat: 1.00 LS-100.29 BT (Pusat gempa berada di darat 10 km BaratDaya Padang) #BMKG https://t.co/OiHiTwvX8x"";0;0;2;6;in;108543358;1727992609430515739;infoBMKG;https://twitter.com/infoBMKG/status/1727992609430515739",,,,,,,,,,,,,,,,,,,,,,,
"Fri Nov 24 09:07:12 +0000 2023;1727977152417821130;""#Gempa Mag:3.7", 24-Nov-2023 16:04:32WIB, Lok:10.81LS, 120.58BT (64 km Tenggara WULA-WAIJELU-NTT), Kedlmn:10 Km #BMKG  Disclaimer:Informasi ini mengutamakan kecepatan,,,,,,,,,,,,,,,,,,,,,,
"Fri Nov 24 09:00:10 +0000 2023;1727975386171219975;""#Gempa Mag:4.8", 24-Nov-2023 15:56:56WIB, Lok:5.14LS, 131.62BT (136 km BaratLaut MALUKUTENGGARA), Kedlmn:77 Km #BMKG  Disclaimer:Informasi ini mengutamakan kecepatan,,,,,,,,,,,,,,,,,,,,,,
"Fri Nov 24 07:51:10 +0000 2023;1727958019156381903;""#Gempa Mag:2.3", 24-Nov-2023 14:47:46WIB, Lok:8.77LS, 118.89BT (37 km Tenggara KOTA-BIMA-NTB), Kedlmn:12 Km #BMKG  Disclaimer:Informasi ini mengutamakan kecepatan,,,,,,,,,,,,,,,,,,,,,,
"Fri Nov 24 07:05:10 +0000 2023;1727946442722160979;""#Gempa Mag:2.5", 24-Nov-2023 14:03:09WIB, Lok:0.71LU, 122.43BT (22 km TimurLaut BOALEMO-GORONTALO), Kedlmn:69 Km #BMKG  Disclaimer:Informasi ini mengutamakan kecepatan,,,,,,,,,,,,,,,,,,,,,,
"Fri Nov 24 06:32:10 +0000 2023;1727938137266221147;""#Gempa Mag:2.5", 24-Nov-2023 13:29:07WIB, Lok:8.36LS, 123.98BT (56 km TimurLaut LEMBATA-NTT), Kedlmn:10 Km #BMKG  Disclaimer:Informasi ini mengutamakan kecepatan,,,,,,,,,,,,,,,,,,,,,,
"Fri Nov 24 06:11:11 +0000 2023;1727932859837743603;""#Gempa Mag:2.2", 24-Nov-2023 13:07:28WIB, Lok:10.12LS, 120.59BT (12 km TimurLaut WULA-WAIJELU-NTT), Kedlmn:27 Km #BMKG  Disclaimer:Informasi ini mengutamakan kecepatan,,,,,,,,,,,,,,,,,,,,,,
"Fri Nov 24 05:33:08 +0000 2023;1727923284367523911;""#Gempa Mag:2.4", 24-Nov-2023 12:30:46WIB, Lok:9.70LS, 118.77BT (26 km BaratDaya KODI-SUMBABARATDAYA-NTT), Kedlmn:45 Km #BMKG  Disclaimer:Informasi ini mengutamakan kecepatan,,,,,,,,,,,,,,,,,,,,,,
"Fri Nov 24 05:27:09 +0000 2023;1727921777618120776;""#Gempa Mag:2.5", 24-Nov-2023 12:23:38WIB, Lok:8.04LS, 116.88BT (43 km BaratLaut PULAUSARINGI-NTB), Kedlmn:13 Km #BMKG  Disclaimer:Informasi ini mengutamakan kecepatan,,,,,,,,,,,,,,,,,,,,,,
"Fri Nov 24 05:11:10 +0000 2023;1727917754823725273;""#Gempa Mag:2.7", 24-Nov-2023 12:04:11WIB, Lok:7.49LS, 120.63BT (126 km TimurLaut RUTENG-MANGGARAI-NTT), Kedlmn:504 Km #BMKG  Disclaimer:Informasi ini mengutamakan kecepatan,,,,,,,,,,,,,,,,,,,,,,
"Fri Nov 24 04:58:08 +0000 2023;1727914476304044373;""#Gempa Mag:2.6", 24-Nov-2023 11:53:45WIB, Lok:3.67LU, 96.29BT (55 km Tenggara MEULABOH-ACEHBARAT), Kedlmn:55 Km #BMKG  Disclaimer:Informasi ini mengutamakan kecepatan,,,,,,,,,,,,,,,,,,,,,,
"Fri Nov 24 04:36:10 +0000 2023;1727908946311254039;""#Gempa Mag:2.7", 24-Nov-2023 11:33:54WIB, Lok:10.15LS, 120.50BT (10 km BaratLaut WULA-WAIJELU-NTT), Kedlmn:19 Km #BMKG  Disclaimer:Informasi ini mengutamakan kecepatan,,,,,,,,,,,,,,,,,,,,,,
"Fri Nov 24 04:29:10 +0000 2023;1727907184066134352;""#Gempa Mag:4.2", 24-Nov-2023 11:25:54WIB, Lok:0.23LS, 122.86BT (90 km BaratDaya BONEBOLANGO-GORONTALO), Kedlmn:69 Km #BMKG  Disclaimer:Informasi ini mengutamakan kecepatan,,,,,,,,,,,,,,,,,,,,,,
"Fri Nov 24 04:25:01 +0000 2023;1727906139315335317;""#Gempa Dirasakan Magnitudo: 4.0", Kedalaman: 30 km, 24 Nov 2023 11:08:15 WIB," Koordinat: 8.14 LS-107.90 BT (Pusat gempa berada di Laut 82 km BaratDaya Kabupaten Pangandaran) #BMKG https://t.co/OiHiTwvX8x"";0;0;4;6;in;108543358;1727906139315335317;infoBMKG;https://twitter.com/infoBMKG/status/1727906139315335317",,,,,,,,,,,,,,,,,,,,,,,
"Fri Nov 24 04:11:08 +0000 2023;1727902646156358101;""#Gempa Mag:4.1", 24-Nov-2023 11:08:13WIB, Lok:8.21LS, 107.90BT (86 km BaratDaya KAB-PANGANDARAN-JABAR), Kedlmn:18 Km #BMKG  Disclaimer:Informasi ini mengutamakan kecepatan,,,,,,,,,,,,,,,,,,,,,,
"Fri Nov 24 03:22:09 +0000 2023;1727890320573280690;""#Gempa Mag:2.9", 24-Nov-2023 10:19:18WIB, Lok:10.61LS, 120.58BT (42 km Tenggara WULA-WAIJELU-NTT), Kedlmn:17 Km #BMKG  Disclaimer:Informasi ini mengutamakan kecepatan,,,,,,,,,,,,,,,,,,,,,,
"Fri Nov 24 02:57:09 +0000 2023;1727884029113069610;""#Gempa Mag:3.8", 24-Nov-2023 09:53:44WIB, Lok:10.48LS, 120.49BT (29 km BaratDaya WULA-WAIJELU-NTT), Kedlmn:20 Km #BMKG  Disclaimer:Informasi ini mengutamakan kecepatan,,,,,,,,,,,,,,,,,,,,,,
"Fri Nov 24 02:52:09 +0000 2023;1727882768351408198;""#Gempa Mag:3.3", 24-Nov-2023 09:48:23WIB, Lok:10.95LS, 120.71BT (82 km Tenggara WULA-WAIJELU-NTT), Kedlmn:10 Km #BMKG  Disclaimer:Informasi ini mengutamakan kecepatan,,,,,,,,,,,,,,,,,,,,,,
"Fri Nov 24 01:27:09 +0000 2023;1727861380525777382;""#Gempa Mag:3.9", 24-Nov-2023 08:23:37WIB, Lok:6.08LS, 130.36BT (234 km BaratLaut MALUKUTENGGARABRT), Kedlmn:197 Km #BMKG  Disclaimer:Informasi ini mengutamakan kecepatan,,,,,,,,,,,,,,,,,,,,,,
"Fri Nov 24 00:06:09 +0000 2023;1727840993700114909;""#Gempa Mag:4.2", 24-Nov-2023 07:02:34WIB, Lok:10.63LS, 120.51BT (45 km BaratDaya WULA-WAIJELU-NTT), Kedlmn:15 Km #BMKG  Disclaimer:Informasi ini mengutamakan kecepatan,,,,,,,,,,,,,,,,,,,,,,
"Thu Nov 23 23:53:09 +0000 2023;1727837722214375535;""#Gempa Mag:2.9", 24-Nov-2023 06:48:17WIB, Lok:10.04LS, 123.98BT (11 km Tenggara KAB-KUPANG-NTT), Kedlmn:90 Km #BMKG  Disclaimer:Informasi ini mengutamakan kecepatan,,,,,,,,,,,,,,,,,,,,,,
"Thu Nov 23 23:11:08 +0000 2023;1727827150634668122;""#Gempa Mag:3.6", 24-Nov-2023 06:08:39WIB, Lok:10.67LS, 120.49BT (49 km BaratDaya WULA-WAIJELU-NTT), Kedlmn:10 Km #BMKG  Disclaimer:Informasi ini mengutamakan kecepatan,,,,,,,,,,,,,,,,,,,,,,
"Thu Nov 23 22:59:10 +0000 2023;1727824136062566872;""#Gempa Mag:2.9", 24-Nov-2023 05:55:45WIB, Lok:10.73LS, 120.49BT (55 km Tenggara KARERA-SUMBATIMUR-NTT), Kedlmn:10 Km #BMKG  Disclaimer:Informasi ini mengutamakan kecepatan,,,,,,,,,,,,,,,,,,,,,,
"Thu Nov 23 22:47:09 +0000 2023;1727821115232522439;""#Gempa Mag:3.9", 24-Nov-2023 05:44:48WIB, Lok:10.53LS, 120.50BT (34 km BaratDaya WULA-WAIJELU-NTT), Kedlmn:15 Km #BMKG  Disclaimer:Informasi ini mengutamakan kecepatan,,,,,,,,,,,,,,,,,,,,,,
"Thu Nov 23 19:58:12 +0000 2023;1727778593999290511;""#Gempa Mag:4.0", 24-Nov-2023 02:55:34WIB, Lok:1.75LS, 139.16BT (79 km BaratLaut SARMI-PAPUA), Kedlmn:14 Km #BMKG  Disclaimer:Informasi ini mengutamakan kecepatan,,,,,,,,,,,,,,,,,,,,,,
"Thu Nov 23 18:28:11 +0000 2023;1727755943507857569;""#Gempa Mag:3.7", 24-Nov-2023 01:24:19WIB, Lok:5.69LU, 125.12BT (234 km BaratLaut TAHUNA-KEP.SANGIHE-SULUT), Kedlmn:10 Km #BMKG  Disclaimer:Informasi ini mengutamakan kecepatan,,,,,,,,,,,,,,,,,,,,,,
"Thu Nov 23 18:14:12 +0000 2023;1727752424390365654;""#Gempa Mag:2.7", 24-Nov-2023 01:12:29WIB, Lok:8.17LS, 114.76BT (26 km TimurLaut JEMBRANA-BALI), Kedlmn:10 Km #BMKG  Disclaimer:Informasi ini mengutamakan kecepatan,,,,,,,,,,,,,,,,,,,,,,
"Thu Nov 23 18:02:10 +0000 2023;1727749395054268857;""#Gempa Mag:3.0", 24-Nov-2023 00:59:52WIB, Lok:10.01LS, 123.75BT (15 km BaratDaya KAB-KUPANG-NTT), Kedlmn:25 Km #BMKG  Disclaimer:Informasi ini mengutamakan kecepatan,,,,,,,,,,,,,,,,,,,,,,
"Thu Nov 23 17:22:13 +0000 2023;1727739339436920923;""#Gempa Mag:3.5", 24-Nov-2023 00:19:59WIB, Lok:0.07LS, 124.24BT (56 km Tenggara BOLAANGUKI-BOLSEL-SULUT), Kedlmn:31 Km #BMKG  Disclaimer:Informasi ini mengutamakan kecepatan,,,,,,,,,,,,,,,,,,,,,,
"Thu Nov 23 17:02:08 +0000 2023;1727734289234858317;""#Gempa Mag:2.2", 23-Nov-2023 23:58:53WIB, Lok:2.18LS, 140.25BT (99 km TimurLaut KAB-JAYAPURA-PAPUA), Kedlmn:10 Km #BMKG  Disclaimer:Informasi ini mengutamakan kecepatan,,,,,,,,,,,,,,,,,,,,,,
"Thu Nov 23 16:33:09 +0000 2023;1727726995499557079;""#Gempa Mag:2.2", 23-Nov-2023 23:30:06WIB, Lok:9.78LS, 119.04BT (21 km Tenggara KODI-SUMBABARATDAYA-NTT), Kedlmn:26 Km #BMKG  Disclaimer:Informasi ini mengutamakan kecepatan,,,,,,,,,,,,,,,,,,,,,,
"Thu Nov 23 16:19:10 +0000 2023;1727723474318426248;""#Gempa Mag:4.2", 23-Nov-2023 23:15:34WIB, Lok:0.86LU, 125.16BT (45 km Tenggara RATAHAN-MITRA-SULUT), Kedlmn:10 Km #BMKG  Disclaimer:Informasi ini mengutamakan kecepatan,,,,,,,,,,,,,,,,,,,,,,
"Thu Nov 23 16:04:11 +0000 2023;1727719705312727042;""#Gempa Mag:1.8", 23-Nov-2023 23:00:48WIB, Lok:8.35LS, 121.24BT (36 km BaratLaut MBAY-NAGEKEO-NTT), Kedlmn:16 Km #BMKG  Disclaimer:Informasi ini mengutamakan kecepatan,,,,,,,,,,,,,,,,,,,,,,
"Thu Nov 23 15:39:08 +0000 2023;1727713399906476339;""#Gempa Mag:3.6", 23-Nov-2023 22:36:34WIB, Lok:3.63LS, 99.67BT (177 km Tenggara TUAPEJAT-SUMBAR), Kedlmn:31 Km #BMKG  Disclaimer:Informasi ini mengutamakan kecepatan,,,,,,,,,,,,,,,,,,,,,,
"Thu Nov 23 15:31:10 +0000 2023;1727711396404875725;""#Gempa Mag:2.6", 23-Nov-2023 22:27:24WIB, Lok:2.62LS, 128.50BT (60 km TimurLaut SERAMBAGIANBARAT-MALUKU), Kedlmn:10 Km #BMKG  Disclaimer:Informasi ini mengutamakan kecepatan,,,,,,,,,,,,,,,,,,,,,,
"Thu Nov 23 15:28:11 +0000 2023;1727710645989282083;""#Gempa Mag:2.7", 23-Nov-2023 22:25:24WIB, Lok:3.02LS, 130.86BT (42 km TimurLaut SERAMBAGIANTIMUR-MALUKU), Kedlmn:10 Km #BMKG  Disclaimer:Informasi ini mengutamakan kecepatan,,,,,,,,,,,,,,,,,,,,,,
"Thu Nov 23 15:12:09 +0000 2023;1727706607969353931;""#Gempa Mag:3.2", 23-Nov-2023 22:08:10WIB, Lok:3.94LS, 140.48BT (68 km BaratLaut PEG-BINTANG-PAPUA), Kedlmn:13 Km #BMKG  Disclaimer:Informasi ini mengutamakan kecepatan,,,,,,,,,,,,,,,,,,,,,,
"Thu Nov 23 15:08:10 +0000 2023;1727705605505446243;""#Gempa Mag:2.9", 23-Nov-2023 22:05:31WIB, Lok:3.77LS, 123.32BT (43 km TimurLaut KONAWE-KEP-SULTRA), Kedlmn:21 Km #BMKG  Disclaimer:Informasi ini mengutamakan kecepatan,,,,,,,,,,,,,,,,,,,,,,
"Thu Nov 23 15:03:09 +0000 2023;1727704344492208408;""#Gempa Mag:3.2", 23-Nov-2023 22:01:15WIB, Lok:3.80LU, 97.51BT (28 km Tenggara KAB-GAYOLUES-ACEH), Kedlmn:10 Km #BMKG  Disclaimer:Informasi ini mengutamakan kecepatan,,,,,,,,,,,,,,,,,,,,,,
"Thu Nov 23 14:51:09 +0000 2023;1727701325872546018;""#Gempa Mag:3.8", 23-Nov-2023 21:46:38WIB, Lok:7.67LS, 128.47BT (92 km TimurLaut MALUKUBRTDAYA), Kedlmn:59 Km #BMKG  Disclaimer:Informasi ini mengutamakan kecepatan,,,,,,,,,,,,,,,,,,,,,,
"Thu Nov 23 14:16:10 +0000 2023;1727692521831285037;""#Gempa Mag:4.4", 23-Nov-2023 21:13:10WIB, Lok:5.89LU, 126.51BT (210 km BaratLaut MELONGUANE-SULUT), Kedlmn:69 Km #BMKG  Disclaimer:Informasi ini mengutamakan kecepatan,,,,,,,,,,,,,,,,,,,,,,
"Thu Nov 23 13:49:10 +0000 2023;1727685725540569503;""#Gempa Mag:2.1", 23-Nov-2023 20:42:48WIB, Lok:4.09LS, 122.41BT (36 km TimurLaut KONAWESELATAN-SULTRA), Kedlmn:5 Km #BMKG  Disclaimer:Informasi ini mengutamakan kecepatan,,,,,,,,,,,,,,,,,,,,,,
"Thu Nov 23 13:39:10 +0000 2023;1727683210388377816;""#Gempa Mag:4.8", 23-Nov-2023 20:36:00WIB, Lok:6.60LU, 126.06BT (297 km BaratLaut MELONGUANE-SULUT), Kedlmn:156 Km #BMKG  Disclaimer:Informasi ini mengutamakan kecepatan,,,,,,,,,,,,,,,,,,,,,,
"Thu Nov 23 13:25:10 +0000 2023;1727679685260447936;""#Gempa Mag:2.8", 23-Nov-2023 20:19:20WIB, Lok:1.59LU, 122.43BT (101 km BaratLaut GORONTALOUTARA-GORONTALO), Kedlmn:14 Km #BMKG  Disclaimer:Informasi ini mengutamakan kecepatan,,,,,,,,,,,,,,,,,,,,,,
"Thu Nov 23 12:57:13 +0000 2023;1727672650347270600;""#Gempa Mag:3.1", 23-Nov-2023 19:53:38WIB, Lok:7.87LS, 117.71BT (76 km TimurLaut SUMBAWA-NTB), Kedlmn:24 Km #BMKG  Disclaimer:Informasi ini mengutamakan kecepatan,,,,,,,,,,,,,,,,,,,,,,
"Thu Nov 23 12:55:10 +0000 2023;1727672135869694082;""#Gempa Mag:2.3", 23-Nov-2023 19:52:16WIB, Lok:0.60LS, 135.64BT (14 km TimurLaut SUPIORI-PAPUA), Kedlmn:23 Km #BMKG  Disclaimer:Informasi ini mengutamakan kecepatan,,,,,,,,,,,,,,,,,,,,,,
"Thu Nov 23 12:04:12 +0000 2023;1727659308790546613;""#Gempa Mag:3.8", 23-Nov-2023 18:59:29WIB, Lok:0.04LU, 126.61BT (116 km BaratDaya TIDORE-MALUT), Kedlmn:11 Km #BMKG  Disclaimer:Informasi ini mengutamakan kecepatan,,,,,,,,,,,,,,,,,,,,,,
"Thu Nov 23 11:42:09 +0000 2023;1727653759784976423;""#Gempa Mag:2.1", 23-Nov-2023 18:38:51WIB, Lok:2.57LS, 140.75BT (86 km BaratLaut KEEROM-PAPUA), Kedlmn:13 Km #BMKG  Disclaimer:Informasi ini mengutamakan kecepatan,,,,,,,,,,,,,,,,,,,,,,
"Thu Nov 23 10:53:10 +0000 2023;1727641434713735536;""#Gempa Mag:4.2", 23-Nov-2023 17:49:36WIB, Lok:0.16LS, 122.98BT (79 km BaratDaya BONEBOLANGO-GORONTALO), Kedlmn:10 Km #BMKG  Disclaimer:Informasi ini mengutamakan kecepatan,,,,,,,,,,,,,,,,,,,,,,
"Thu Nov 23 10:33:11 +0000 2023;1727636402870038659;""#Gempa Mag:2.4", 23-Nov-2023 17:27:13WIB, Lok:3.43LS, 129.26BT (36 km Tenggara MALUKUTENGAH), Kedlmn:222 Km #BMKG  Disclaimer:Informasi ini mengutamakan kecepatan,,,,,,,,,,,,,,,,,,,,,,
"Thu Nov 23 10:29:10 +0000 2023;1727635392290328863;""#Gempa Mag:3.9", 23-Nov-2023 17:24:03WIB, Lok:6.30LS, 129.47BT (275 km BaratLaut MALUKUTENGGARABRT), Kedlmn:10 Km #BMKG  Disclaimer:Informasi ini mengutamakan kecepatan,,,,,,,,,,,,,,,,,,,,,,
"Thu Nov 23 10:03:10 +0000 2023;1727628849251487904;""#Gempa Mag:2.8", 23-Nov-2023 16:58:31WIB, Lok:0.57LU, 122.21BT (15 km BaratLaut BOALEMO-GORONTALO), Kedlmn:90 Km #BMKG  Disclaimer:Informasi ini mengutamakan kecepatan,,,,,,,,,,,,,,,,,,,,,,
"Thu Nov 23 09:10:10 +0000 2023;1727615512136540296;""#Gempa Mag:4.4", 23-Nov-2023 16:04:02WIB, Lok:5.79LS, 129.89BT (288 km BaratLaut MALUKUTENGGARABRT), Kedlmn:195 Km #BMKG  Disclaimer:Informasi ini mengutamakan kecepatan,,,,,,,,,,,,,,,,,,,,,,
"Thu Nov 23 08:32:48 +0000 2023;1727606110004400546;""#Gempa (UPDATE) Mag:3.2", 23-Nov-23 15:06:13 WIB, Lok:8.51 LS, 116.09 BT (Pusat gempa berada di laut 18 Km BaratDaya Lombok Utara), Kedlmn:11 Km Dirasakan (MMI) II - III Lombok Barat,," II - III Lombok Tengah #BMKG https://t.co/SNslexRHFI"";0;0;2;8;in;108543358;1727606110004400546;infoBMKG;https://twitter.com/infoBMKG/status/1727606110004400546",,,,,,,,,,,,,,,,,,,,
"Thu Nov 23 08:32:28 +0000 2023;1727606026718028151;""#Gempa Dirasakan Magnitudo: 3.2", Kedalaman: 11 km, 23 Nov 2023 15:06:13 WIB," Koordinat: 8.51 LS-116.09 BT (Pusat gempa berada di laut 18 Km BaratDaya Lombok Utara) #BMKG https://t.co/OiHiTwvX8x"";0;0;1;3;in;108543358;1727606026718028151;infoBMKG;https://twitter.com/infoBMKG/status/1727606026718028151",,,,,,,,,,,,,,,,,,,,,,,
"Thu Nov 23 08:10:09 +0000 2023;1727600409953644639;""#Gempa Mag:3.1", 23-Nov-2023 15:06:12WIB, Lok:8.53LS, 116.09BT (17 km BaratLaut LOMBOKBARAT-NTB), Kedlmn:13 Km #BMKG  Disclaimer:Informasi ini mengutamakan kecepatan,,,,,,,,,,,,,,,,,,,,,,
"Thu Nov 23 07:06:09 +0000 2023;1727584303746527601;""#Gempa Mag:2.6", 23-Nov-2023 14:02:25WIB, Lok:6.74LS, 106.57BT (27 km TimurLaut KAB-SUKABUMI-JABAR), Kedlmn:10 Km #BMKG  Disclaimer:Informasi ini mengutamakan kecepatan,,,,,,,,,,,,,,,,,,,,,,
"Thu Nov 23 06:21:28 +0000 2023;1727573058033156381;""#Gempa (UPDATE) Mag:3.2", 23-Nov-23 12:58:05 WIB, Lok:8.56 LS, 116.03 BT (Pusat gempa berada di laut 18 km barat laut Lombok Barat), Kedlmn:11 Km Dirasakan (MMI) II - III Lombok Barat,," II - III Lombok Utara #BMKG https://t.co/IOSciqC2ac"";1;2;10;27;in;108543358;1727573058033156381;infoBMKG;https://twitter.com/infoBMKG/status/1727573058033156381",,,,,,,,,,,,,,,,,,,,
"Thu Nov 23 06:21:07 +0000 2023;1727572971299197081;""#Gempa Dirasakan Magnitudo: 3.2", Kedalaman: 11 km, 23 Nov 2023 12:58:05 WIB," Koordinat: 8.56 LS-116.03 BT (Pusat gempa berada di laut 18 km barat laut Lombok Barat) #BMKG https://t.co/OiHiTwvX8x"";0;0;0;4;in;108543358;1727572971299197081;infoBMKG;https://twitter.com/infoBMKG/status/1727572971299197081",,,,,,,,,,,,,,,,,,,,,,,
"Thu Nov 23 06:05:09 +0000 2023;1727568953080492458;""#Gempa Mag:3.1", 23-Nov-2023 12:58:04WIB, Lok:8.54LS, 116.03BT (19 km BaratLaut LOMBOKBARAT-NTB), Kedlmn:12 Km #BMKG  Disclaimer:Informasi ini mengutamakan kecepatan,,,,,,,,,,,,,,,,,,,,,,
"Thu Nov 23 04:54:10 +0000 2023;1727551089661354076;""#Gempa Mag:3.9", 23-Nov-2023 11:51:04WIB, Lok:0.68LU, 126.67BT (78 km BaratDaya TERNATE-MALUT), Kedlmn:10 Km #BMKG  Disclaimer:Informasi ini mengutamakan kecepatan,,,,,,,,,,,,,,,,,,,,,,
"Thu Nov 23 04:34:09 +0000 2023;1727546051975078064;""#Gempa Mag:3.1", 23-Nov-2023 11:28:10WIB, Lok:3.09LS, 127.75BT (49 km BaratDaya SERAMBAGIANBARAT-MALUKU), Kedlmn:10 Km #BMKG  Disclaimer:Informasi ini mengutamakan kecepatan,,,,,,,,,,,,,,,,,,,,,,
"Thu Nov 23 04:29:13 +0000 2023;1727544808905056471;""#Gempa Mag:2.8", 23-Nov-2023 11:24:40WIB, Lok:9.89LS, 121.18BT (78 km TimurLaut WULA-WAIJELU-NTT), Kedlmn:22 Km #BMKG  Disclaimer:Informasi ini mengutamakan kecepatan,,,,,,,,,,,,,,,,,,,,,,
"Thu Nov 23 03:29:00 +0000 2023;1727529653538357324;""#Gempa Mag:5.0", 23-Nov-23 10:24:31 WIB, Lok:5.53 LU,125.18 BT (216 km BaratLaut TAHUNA-KEP.SANGIHE-SULUT), Kedlmn:17 Km,,,,,,,,,,,,,,,,,,,,,,
"Thu Nov 23 03:28:56 +0000 2023;1727529639000834492;""#Gempa Magnitudo: 5.0", Kedalaman: 17 km, 23 Nov 2023 10:24:31 WIB, Koordinat: 5.53 LU-125.18 BT (216 km BaratLaut TAHUNA-KEP.SANGIHE-SULUT)," Tidak berpotensi tsunami #BMKG https://t.co/OiHiTwvX8x"";0;0;2;14;in;108543358;1727529639000834492;infoBMKG;https://twitter.com/infoBMKG/status/1727529639000834492",,,,,,,,,,,,,,,,,,,,,,
"Thu Nov 23 03:27:09 +0000 2023;1727529192030642368;""#Gempa Mag:4.9", 23-Nov-2023 10:24:32WIB, Lok:5.53LU, 125.22BT (215 km BaratLaut TAHUNA-KEP.SANGIHE-SULUT), Kedlmn:28 Km #BMKG  Disclaimer:Informasi ini mengutamakan kecepatan,,,,,,,,,,,,,,,,,,,,,,
"Thu Nov 23 03:01:09 +0000 2023;1727522646391472437;""#Gempa Mag:2.2", 23-Nov-2023 09:58:30WIB, Lok:4.49LU, 96.41BT (30 km TimurLaut KAB-NAGANRAYA-ACEH), Kedlmn:10 Km #BMKG  Disclaimer:Informasi ini mengutamakan kecepatan,,,,,,,,,,,,,,,,,,,,,,
"Thu Nov 23 02:04:13 +0000 2023;1727508319768867284;""#Gempa Mag:3.2", 23-Nov-2023 09:00:11WIB, Lok:9.48LS, 117.30BT (94 km Tenggara SUMBAWABARAT-NTB), Kedlmn:15 Km #BMKG  Disclaimer:Informasi ini mengutamakan kecepatan,,,,,,,,,,,,,,,,,,,,,,
"Thu Nov 23 01:03:10 +0000 2023;1727492955106394411;""#Gempa Mag:3.1", 23-Nov-2023 07:59:58WIB, Lok:2.83LS, 129.42BT (73 km TimurLaut MALUKUTENGAH), Kedlmn:10 Km #BMKG  Disclaimer:Informasi ini mengutamakan kecepatan,,,,,,,,,,,,,,,,,,,,,,
"Thu Nov 23 00:18:10 +0000 2023;1727481630754042002;""#Gempa Mag:3.7", 23-Nov-2023 07:12:14WIB, Lok:7.92LS, 117.57BT (65 km TimurLaut SUMBAWA-NTB), Kedlmn:18 Km #BMKG  Disclaimer:Informasi ini mengutamakan kecepatan,,,,,,,,,,,,,,,,,,,,,,
"Wed Nov 22 08:36:09 +0000 2023;1727244565319766233;""#Gempa Mag:4.1", 22-Nov-2023 15:32:42WIB, Lok:6.51LS, 129.34BT (250 km TimurLaut MALUKUBRTDAYA), Kedlmn:10 Km #BMKG  Disclaimer:Informasi ini mengutamakan kecepatan,,,,,,,,,,,,,,,,,,,,,,
"Wed Nov 22 08:01:09 +0000 2023;1727235755230286188;""#Gempa Mag:3.4", 22-Nov-2023 14:57:10WIB, Lok:6.68LS, 105.14BT (48 km BaratDaya SUMUR-BANTEN), Kedlmn:22 Km #BMKG  Disclaimer:Informasi ini mengutamakan kecepatan,,,,,,,,,,,,,,,,,,,,,,
"Wed Nov 22 07:32:10 +0000 2023;1727228463596319026;""#Gempa Mag:3.1", 22-Nov-2023 14:29:27WIB, Lok:0.27LU, 122.12BT (28 km Tenggara POHUWATO-GORONTALO), Kedlmn:10 Km #BMKG  Disclaimer:Informasi ini mengutamakan kecepatan,,,,,,,,,,,,,,,,,,,,,,
"Wed Nov 22 04:53:09 +0000 2023;1727188446756954592;""#Gempa Mag:3.8", 22-Nov-2023 11:49:13WIB, Lok:6.30LS, 129.48BT (275 km BaratLaut MALUKUTENGGARABRT), Kedlmn:10 Km #BMKG  Disclaimer:Informasi ini mengutamakan kecepatan,,,,,,,,,,,,,,,,,,,,,,
"Wed Nov 22 04:32:09 +0000 2023;1727183161539584062;""#Gempa Mag:4.2", 22-Nov-2023 11:25:18WIB, Lok:6.41LS, 129.49BT (266 km BaratLaut MALUKUTENGGARABRT), Kedlmn:10 Km #BMKG  Disclaimer:Informasi ini mengutamakan kecepatan,,,,,,,,,,,,,,,,,,,,,,
"Wed Nov 22 04:19:12 +0000 2023;1727179900002639988;""#Gempa Mag:3.2", 22-Nov-2023 11:15:29WIB, Lok:1.82LU, 127.15BT (71 km BaratLaut HALMAHERABARAT-MALUT), Kedlmn:89 Km #BMKG  Disclaimer:Informasi ini mengutamakan kecepatan,,,,,,,,,,,,,,,,,,,,,,
"Wed Nov 22 04:03:21 +0000 2023;1727175912905687481;""#Gempa Dirasakan Magnitudo: 6.6", Kedalaman: 109 km, 22 Nov 2023 09:48:54 WIB," Koordinat: 1.77 LU-127.14 BT (Pusat gempa berada di laut 68 Km Barat Laut Halmahera Barat) #BMKG https://t.co/OiHiTwvX8x"";0;0;3;18;in;108543358;1727175912905687481;infoBMKG;https://twitter.com/infoBMKG/status/1727175912905687481",,,,,,,,,,,,,,,,,,,,,,,
"Wed Nov 22 03:30:11 +0000 2023;1727167565229953057;""#Gempa Mag:3.3", 22-Nov-2023 10:26:47WIB, Lok:1.35LU, 126.35BT (128 km BaratLaut JAILOLO-MALUT), Kedlmn:26 Km #BMKG  Disclaimer:Informasi ini mengutamakan kecepatan,,,,,,,,,,,,,,,,,,,,,,
"Wed Nov 22 03:27:19 +0000 2023;1727166845172789253;""#Gempa Dirasakan Magnitudo: 6.6", Kedalaman: 109 km, 22 Nov 2023 09:48:54 WIB," Koordinat: 1.77 LU-127.14 BT (Pusat gempa berada di laut 68 km barat laut Halmahera Barat) #BMKG https://t.co/OiHiTwvX8x"";0;0;2;14;in;108543358;1727166845172789253;infoBMKG;https://twitter.com/infoBMKG/status/1727166845172789253",,,,,,,,,,,,,,,,,,,,,,,
"Wed Nov 22 03:06:09 +0000 2023;1727161518276710457;""#Gempa Mag:3.1", 22-Nov-2023 10:02:49WIB, Lok:1.66LU, 127.16BT (58 km BaratLaut HALMAHERABARAT-MALUT), Kedlmn:104 Km #BMKG  Disclaimer:Informasi ini mengutamakan kecepatan,,,,,,,,,,,,,,,,,,,,,,
"Wed Nov 22 03:04:03 +0000 2023;1727160988926181565;""#Gempa Dirasakan Magnitudo: 6.6", Kedalaman: 109 km, 22 Nov 2023 09:48:54 WIB," Koordinat: 1.77 LU-124.14 BT (Pusat gempa berada di laut 68 km barat laut Halmahera Barat) #BMKG https://t.co/OiHiTwvX8x"";1;0;6;20;in;108543358;1727160988926181565;infoBMKG;https://twitter.com/infoBMKG/status/1727160988926181565",,,,,,,,,,,,,,,,,,,,,,,
"Wed Nov 22 02:52:39 +0000 2023;1727158118491304433;""#Gempa Mag:6.6", 22-Nov-23 09:48:54 WIB, Lok:1.77 LU,127.14 BT (68 km BaratLaut HALMAHERABARAT-MALUT), Kedlmn:109 Km,,,,,,,,,,,,,,,,,,,,,,
"Wed Nov 22 02:52:37 +0000 2023;1727158112631812499;""#Gempa Magnitudo: 6.6", Kedalaman: 109 km, 22 Nov 2023 09:48:54 WIB, Koordinat: 1.77 LU-127.14 BT (68 km BaratLaut HALMAHERABARAT-MALUT)," Tidak berpotensi tsunami #BMKG https://t.co/OiHiTwvX8x"";1;1;9;24;in;108543358;1727158112631812499;infoBMKG;https://twitter.com/infoBMKG/status/1727158112631812499",,,,,,,,,,,,,,,,,,,,,,
"Wed Nov 22 02:51:10 +0000 2023;1727157746792005816;""#Gempa Mag:6.1", 22-Nov-2023 09:48:54WIB, Lok:1.76LU, 127.16BT (65 km BaratLaut HALMAHERABARAT-MALUT), Kedlmn:116 Km #BMKG  Disclaimer:Informasi ini mengutamakan kecepatan,,,,,,,,,,,,,,,,,,,,,,
"Tue Nov 21 23:54:41 +0000 2023;1727113331679572234;""#Gempa (UPDATE) Mag:2.7", 22-Nov-23 05:01:24 WIB, Lok:4.79 LS, 122.64 BT (Pusat gempa berada di darat 7.2 km BaratLaut Kab. Muna)," Kedlmn:7 Km Dirasakan (MMI) II - III Muna #BMKG https://t.co/maP2hjpxyN"";0;0;3;31;in;108543358;1727113331679572234;infoBMKG;https://twitter.com/infoBMKG/status/1727113331679572234",,,,,,,,,,,,,,,,,,,,,,
"Tue Nov 21 23:54:31 +0000 2023;1727113291754086638;""#Gempa Dirasakan Magnitudo: 2.7", Kedalaman: 7 km, 22 Nov 2023 05:01:24 WIB," Koordinat: 4.79 LS-122.64 BT (Pusat gempa berada di darat 7.2 km BaratLaut Kab. Muna) #BMKG https://t.co/OiHiTwvX8x"";0;0;1;7;in;108543358;1727113291754086638;infoBMKG;https://twitter.com/infoBMKG/status/1727113291754086638",,,,,,,,,,,,,,,,,,,,,,,
"Tue Nov 21 19:50:10 +0000 2023;1727051799335719407;""#Gempa Mag:5.0", 22-Nov-2023 02:44:16WIB, Lok:5.70LS, 146.05BT (628 km Tenggara PEG-BINTANG-PAPUA), Kedlmn:61 Km #BMKG  Disclaimer:Informasi ini mengutamakan kecepatan,,,,,,,,,,,,,,,,,,,,,,
"Tue Nov 21 18:54:09 +0000 2023;1727037702103863343;""#Gempa Mag:4.0", 22-Nov-2023 01:51:11WIB, Lok:9.18LS, 125.96BT (117 km Tenggara BELU-NTT), Kedlmn:16 Km #BMKG  Disclaimer:Informasi ini mengutamakan kecepatan,,,,,,,,,,,,,,,,,,,,,,
"Tue Nov 21 18:25:10 +0000 2023;1727030409266119153;""#Gempa Mag:3.6", 22-Nov-2023 01:22:27WIB, Lok:9.13LS, 113.11BT (111 km BaratDaya LUMAJANG-JATIM), Kedlmn:10 Km #BMKG  Disclaimer:Informasi ini mengutamakan kecepatan,,,,,,,,,,,,,,,,,,,,,,
"Tue Nov 21 18:01:09 +0000 2023;1727024365076898146;""#Gempa Mag:3.6", 22-Nov-2023 00:57:25WIB, Lok:2.31LU, 95.52BT (95 km BaratDaya SINABANG-ACEH), Kedlmn:25 Km #BMKG  Disclaimer:Informasi ini mengutamakan kecepatan,,,,,,,,,,,,,,,,,,,,,,
"Tue Nov 21 17:34:11 +0000 2023;1727017578575564975;""#Gempa Mag:2.1", 22-Nov-2023 00:30:30WIB, Lok:1.59LS, 120.07BT (30 km Tenggara SIGI-SULTENG), Kedlmn:10 Km #BMKG  Disclaimer:Informasi ini mengutamakan kecepatan,,,,,,,,,,,,,,,,,,,,,,
"Tue Nov 21 17:02:11 +0000 2023;1727009522793984284;""#Gempa Mag:3.2", 21-Nov-2023 23:56:35WIB, Lok:4.32LS, 130.81BT (139 km Tenggara SERAMBAGIANTIMUR-MALUKU), Kedlmn:10 Km #BMKG  Disclaimer:Informasi ini mengutamakan kecepatan,,,,,,,,,,,,,,,,,,,,,,
"Tue Nov 21 16:09:11 +0000 2023;1726996186438177058;""#Gempa Mag:3.2", 21-Nov-2023 23:05:07WIB, Lok:0.53LU, 125.95BT (136 km Tenggara BITUNG-SULUT), Kedlmn:14 Km #BMKG  Disclaimer:Informasi ini mengutamakan kecepatan,,,,,,,,,,,,,,,,,,,,,,
"Tue Nov 21 15:27:10 +0000 2023;1726985610718794172;""#Gempa Mag:2.4", 21-Nov-2023 22:22:55WIB, Lok:3.20LU, 97.29BT (11 km Tenggara KAB-ACEHSELATAN), Kedlmn:22 Km #BMKG  Disclaimer:Informasi ini mengutamakan kecepatan,,,,,,,,,,,,,,,,,,,,,,
"Tue Nov 21 14:42:10 +0000 2023;1726974288077730040;""#Gempa Mag:3.5", 21-Nov-2023 21:39:14WIB, Lok:5.59LU, 125.32BT (220 km BaratLaut TAHUNA-KEP.SANGIHE-SULUT), Kedlmn:26 Km #BMKG  Disclaimer:Informasi ini mengutamakan kecepatan,,,,,,,,,,,,,,,,,,,,,,
"Tue Nov 21 14:18:45 +0000 2023;1726968395390980442;""#Gempa (UPDATE) Mag:2.8", 21-Nov-23 20:58:29 WIB, Lok:3.47 LS, 135.53 BT (Pusat gempa berada di darat 12 km tenggara Nabire)," Kedlmn:10 Km Dirasakan (MMI) II-III Nabire #BMKG https://t.co/8aF4OmR0M6"";0;0;2;11;in;108543358;1726968395390980442;infoBMKG;https://twitter.com/infoBMKG/status/1726968395390980442",,,,,,,,,,,,,,,,,,,,,,
"Tue Nov 21 14:18:37 +0000 2023;1726968360888578276;""#Gempa Dirasakan Magnitudo: 2.8", Kedalaman: 10 km, 21 Nov 2023 20:58:29 WIB," Koordinat: 3.47 LS-135.53 BT (Pusat gempa berada di darat 12 km tenggara Nabire) #BMKG https://t.co/OiHiTwvX8x"";0;0;0;4;in;108543358;1726968360888578276;infoBMKG;https://twitter.com/infoBMKG/status/1726968360888578276",,,,,,,,,,,,,,,,,,,,,,,
"Tue Nov 21 10:44:10 +0000 2023;1726914392078569846;""#Gempa Mag:3.4", 21-Nov-2023 17:41:05WIB, Lok:1.23LU, 98.83BT (51 km BaratDaya PADANGSIDEMPUAN-SUMUT), Kedlmn:52 Km #BMKG  Disclaimer:Informasi ini mengutamakan kecepatan,,,,,,,,,,,,,,,,,,,,,,
"Tue Nov 21 09:54:10 +0000 2023;1726901809116270625;""#Gempa Mag:2.6", 21-Nov-2023 16:48:31WIB, Lok:2.31LS, 101.12BT (29 km TimurLaut MUKOMUKO-BENGKULU), Kedlmn:49 Km #BMKG  Disclaimer:Informasi ini mengutamakan kecepatan,,,,,,,,,,,,,,,,,,,,,,
"Tue Nov 21 07:25:16 +0000 2023;1726864339557327309;""#Gempa (UPDATE) Mag:5.5", 21-Nov-23 14:12:16 WIB, Lok:0.51 LS, 135.64 BT (Pusat gempa berada di laut 27 km BaratLaut Supiori), Kedlmn:10 Km Dirasakan (MMI) III - IV Supiori,,,,,,,,,,,,,,,,,,,,,,
"Tue Nov 21 07:25:06 +0000 2023;1726864294917423417;""#Gempa Dirasakan Magnitudo: 5.5", Kedalaman: 10 km, 21 Nov 2023 14:12:16 WIB," Koordinat: 0.51 LS-135.64 BT (Pusat gempa berada di laut 27 km BaratLaut Supiori) #BMKG https://t.co/OiHiTwvX8x"";0;0;2;6;in;108543358;1726864294917423417;infoBMKG;https://twitter.com/infoBMKG/status/1726864294917423417",,,,,,,,,,,,,,,,,,,,,,,
"Tue Nov 21 07:15:27 +0000 2023;1726861867342344586;""#Gempa Mag:5.5", 21-Nov-23 14:12:16 WIB, Lok:0.51 LS,135.64 BT (24 km TimurLaut SUPIORI-PAPUA), Kedlmn:10 Km,,,,,,,,,,,,,,,,,,,,,,
"Tue Nov 21 07:15:25 +0000 2023;1726861859238887445;""#Gempa Magnitudo: 5.5", Kedalaman: 10 km, 21 Nov 2023 14:12:16 WIB, Koordinat: 0.51 LS-135.64 BT (24 km TimurLaut SUPIORI-PAPUA)," Tidak berpotensi tsunami #BMKG https://t.co/OiHiTwvX8x"";0;0;1;7;in;108543358;1726861859238887445;infoBMKG;https://twitter.com/infoBMKG/status/1726861859238887445",,,,,,,,,,,,,,,,,,,,,,
"Tue Nov 21 07:15:09 +0000 2023;1726861793631609015;""#Gempa Mag:5.5", 21-Nov-2023 14:12:16WIB, Lok:0.51LS, 135.64BT (24 km TimurLaut SUPIORI-PAPUA), Kedlmn:10 Km #BMKG  Disclaimer:Informasi ini mengutamakan kecepatan,,,,,,,,,,,,,,,,,,,,,,
"Tue Nov 21 05:47:08 +0000 2023;1726839642727837915;""#Gempa Mag:2.8", 21-Nov-2023 12:44:22WIB, Lok:2.64LS, 140.38BT (69 km TimurLaut KAB-JAYAPURA-PAPUA), Kedlmn:10 Km #BMKG  Disclaimer:Informasi ini mengutamakan kecepatan,,,,,,,,,,,,,,,,,,,,,,
"Tue Nov 21 04:58:34 +0000 2023;1726827419137679611;""#Gempa (UPDATE) Mag:3.5", 21-Nov-23 11:41:17 WIB, Lok:2.42 LS, 140.38 BT (Pusat gempa berada di darat 18 Km Barat laut Kab. Jayapura)," Kedlmn:16 Km Dirasakan (MMI) II - III Sentani #BMKG https://t.co/sd2U87IVvf"";0;0;3;13;in;108543358;1726827419137679611;infoBMKG;https://twitter.com/infoBMKG/status/1726827419137679611",,,,,,,,,,,,,,,,,,,,,,
"Tue Nov 21 04:58:19 +0000 2023;1726827356629688597;""#Gempa Dirasakan Magnitudo: 3.5", Kedalaman: 16 km, 21 Nov 2023 11:41:17 WIB," Koordinat: 2.42 LS-140.38 BT (Pusat gempa berada di darat 18 Km Barat laut Kab. Jayapura) #BMKG https://t.co/OiHiTwvpiZ"";0;0;1;7;in;108543358;1726827356629688597;infoBMKG;https://twitter.com/infoBMKG/status/1726827356629688597",,,,,,,,,,,,,,,,,,,,,,,
"Tue Nov 21 04:47:09 +0000 2023;1726824548447007076;""#Gempa Mag:3.3", 21-Nov-2023 11:41:20WIB, Lok:2.51LS, 140.43BT (83 km TimurLaut KAB-JAYAPURA-PAPUA), Kedlmn:13 Km #BMKG  Disclaimer:Informasi ini mengutamakan kecepatan,,,,,,,,,,,,,,,,,,,,,,
"Tue Nov 21 04:33:10 +0000 2023;1726821026716373078;""#Gempa Mag:3.7", 21-Nov-2023 11:29:53WIB, Lok:2.05LU, 121.29BT (120 km BaratLaut BUOL-SULTENG), Kedlmn:48 Km #BMKG  Disclaimer:Informasi ini mengutamakan kecepatan,,,,,,,,,,,,,,,,,,,,,,
"Tue Nov 21 04:16:10 +0000 2023;1726816749214208211;""#Gempa Mag:3.3", 21-Nov-2023 11:11:49WIB, Lok:3.04LS, 101.26BT (53 km Tenggara MUKOMUKO-BENGKULU), Kedlmn:19 Km #BMKG  Disclaimer:Informasi ini mengutamakan kecepatan,,,,,,,,,,,,,,,,,,,,,,
"Tue Nov 21 03:55:09 +0000 2023;1726811460284899454;""#Gempa Mag:3.1", 21-Nov-2023 10:48:44WIB, Lok:2.36LU, 97.09BT (79 km BaratLaut KAB-ACEHSINGKIL), Kedlmn:20 Km #BMKG  Disclaimer:Informasi ini mengutamakan kecepatan,,,,,,,,,,,,,,,,,,,,,,
"Tue Nov 21 03:17:12 +0000 2023;1726801908642542034;""#Gempa Mag:2.9", 21-Nov-2023 10:12:51WIB, Lok:1.21LU, 120.72BT (37 km BaratLaut TOLI-TOLI-SULTENG), Kedlmn:16 Km #BMKG  Disclaimer:Informasi ini mengutamakan kecepatan,,,,,,,,,,,,,,,,,,,,,,
"Tue Nov 21 01:04:10 +0000 2023;1726768431482200528;""#Gempa Mag:2.6", 21-Nov-2023 08:01:00WIB, Lok:0.92LU, 122.89BT (14 km TimurLaut GORONTALOUTARA-GORONTALO), Kedlmn:21 Km #BMKG  Disclaimer:Informasi ini mengutamakan kecepatan,,,,,,,,,,,,,,,,,,,,,,
"Mon Nov 20 23:29:10 +0000 2023;1726744522548519187;""#Gempa Mag:4.1", 21-Nov-2023 06:23:55WIB, Lok:2.83LS, 126.32BT (99 km BaratLaut BURU-MALUKU), Kedlmn:10 Km #BMKG  Disclaimer:Informasi ini mengutamakan kecepatan,,,,,,,,,,,,,,,,,,,,,,
"Mon Nov 20 22:25:10 +0000 2023;1726728417369022664;""#Gempa Mag:4.5", 21-Nov-2023 05:20:37WIB, Lok:5.70LU, 125.51BT (229 km BaratLaut MELONGUANE-SULUT), Kedlmn:218 Km #BMKG  Disclaimer:Informasi ini mengutamakan kecepatan,,,,,,,,,,,,,,,,,,,,,,
"Mon Nov 20 19:31:59 +0000 2023;1726684833227874660;""#Gempa Mag:5.3", 21-Nov-23 02:28:22 WIB, Lok:5.76 LU,125.15 BT (241 km BaratLaut PULAUKARATUNG-SULUT), Kedlmn:21 Km,,,,,,,,,,,,,,,,,,,,,,
"Mon Nov 20 19:31:57 +0000 2023;1726684828173762920;""#Gempa Magnitudo: 5.3", Kedalaman: 21 km, 21 Nov 2023 02:28:22 WIB, Koordinat: 5.76 LU-125.15 BT (241 km BaratLaut PULAUKARATUNG-SULUT)," Tidak berpotensi tsunami #BMKG https://t.co/OiHiTwvX8x"";0;0;0;5;in;108543358;1726684828173762920;infoBMKG;https://twitter.com/infoBMKG/status/1726684828173762920",,,,,,,,,,,,,,,,,,,,,,
"Mon Nov 20 19:31:11 +0000 2023;1726684632106897658;""#Gempa Mag:5.2", 21-Nov-2023 02:28:22WIB, Lok:5.79LU, 125.14BT (245 km BaratLaut TAHUNA-KEP.SANGIHE-SULUT), Kedlmn:18 Km #BMKG  Disclaimer:Informasi ini mengutamakan kecepatan,,,,,,,,,,,,,,,,,,,,,,
"Mon Nov 20 17:33:11 +0000 2023;1726654935943794927;""#Gempa Mag:2.2", 21-Nov-2023 00:26:55WIB, Lok:8.50LS, 121.58BT (35 km TimurLaut MBAY-NAGEKEO-NTT), Kedlmn:10 Km #BMKG  Disclaimer:Informasi ini mengutamakan kecepatan,,,,,,,,,,,,,,,,,,,,,,
"Mon Nov 20 16:44:10 +0000 2023;1726642604018921861;""#Gempa Mag:2.2", 20-Nov-2023 23:41:15WIB, Lok:1.12LU, 127.61BT (17 km TimurLaut JAILOLO-MALUT), Kedlmn:10 Km #BMKG  Disclaimer:Informasi ini mengutamakan kecepatan,,,,,,,,,,,,,,,,,,,,,,
"Mon Nov 20 14:42:10 +0000 2023;1726611901600465338;""#Gempa Mag:3.4", 20-Nov-2023 21:38:42WIB, Lok:0.16LS, 123.05BT (78 km BaratDaya BONEBOLANGO-GORONTALO), Kedlmn:29 Km #BMKG  Disclaimer:Informasi ini mengutamakan kecepatan,,,,,,,,,,,,,,,,,,,,,,
"Mon Nov 20 14:23:09 +0000 2023;1726607114536444037;""#Gempa Mag:2.9", 20-Nov-2023 21:19:31WIB, Lok:6.97LS, 106.03BT (22 km Tenggara MUARABINUANGEUN-BANTEN), Kedlmn:45 Km #BMKG  Disclaimer:Informasi ini mengutamakan kecepatan,,,,,,,,,,,,,,,,,,,,,,
"Mon Nov 20 14:09:09 +0000 2023;1726603592831025211;""#Gempa Mag:4.4", 20-Nov-2023 21:04:57WIB, Lok:6.26LS, 129.58BT (270 km BaratLaut MALUKUTENGGARABRT), Kedlmn:10 Km #BMKG  Disclaimer:Informasi ini mengutamakan kecepatan,,,,,,,,,,,,,,,,,,,,,,
"Mon Nov 20 13:57:12 +0000 2023;1726600584537804905;""#Gempa Mag:3.2", 20-Nov-2023 20:53:41WIB, Lok:2.53LU, 126.90BT (150 km BaratLaut TOBELO-MALUT), Kedlmn:10 Km #BMKG  Disclaimer:Informasi ini mengutamakan kecepatan,,,,,,,,,,,,,,,,,,,,,,
"Mon Nov 20 13:37:10 +0000 2023;1726595542535504148;""#Gempa Mag:3.2", 20-Nov-2023 20:32:44WIB, Lok:9.59LS, 118.44BT (60 km BaratLaut KODI-SUMBABARATDAYA-NTT), Kedlmn:28 Km #BMKG  Disclaimer:Informasi ini mengutamakan kecepatan,,,,,,,,,,,,,,,,,,,,,,
"Mon Nov 20 12:52:11 +0000 2023;1726584221828088319;""#Gempa Mag:3.8", 20-Nov-2023 19:47:58WIB, Lok:4.80LS, 129.83BT (192 km Tenggara MALUKUTENGAH), Kedlmn:214 Km #BMKG  Disclaimer:Informasi ini mengutamakan kecepatan,,,,,,,,,,,,,,,,,,,,,,
"Mon Nov 20 09:54:10 +0000 2023;1726539420575449231;""#Gempa Mag:3.2", 20-Nov-2023 16:51:07WIB, Lok:2.51LS, 100.76BT (40 km BaratLaut MUKOMUKO-BENGKULU), Kedlmn:33 Km #BMKG  Disclaimer:Informasi ini mengutamakan kecepatan,,,,,,,,,,,,,,,,,,,,,,
"Mon Nov 20 06:55:10 +0000 2023;1726494376392814905;""#Gempa Mag:2.3", 20-Nov-2023 13:51:56WIB, Lok:8.17LS, 120.46BT (49 km BaratLaut RUTENG-MANGGARAI-NTT), Kedlmn:10 Km #BMKG  Disclaimer:Informasi ini mengutamakan kecepatan,,,,,,,,,,,,,,,,,,,,,,
"Mon Nov 20 06:17:11 +0000 2023;1726484816168910980;""#Gempa Mag:3.8", 20-Nov-2023 13:14:13WIB, Lok:3.18LS, 131.00BT (57 km Tenggara SERAMBAGIANTIMUR-MALUKU), Kedlmn:10 Km #BMKG  Disclaimer:Informasi ini mengutamakan kecepatan,,,,,,,,,,,,,,,,,,,,,,
"Mon Nov 20 05:53:08 +0000 2023;1726478764337762557;""#Gempa Mag:2.6", 20-Nov-2023 12:50:04WIB, Lok:6.73LS, 106.60BT (26 km BaratDaya KOTA-BOGOR-JABAR), Kedlmn:11 Km #BMKG  Disclaimer:Informasi ini mengutamakan kecepatan,,,,,,,,,,,,,,,,,,,,,,
"Mon Nov 20 05:09:09 +0000 2023;1726467696358035656;""#Gempa Mag:2.4", 20-Nov-2023 12:05:39WIB, Lok:0.23LU, 121.67BT (40 km BaratDaya POHUWATO-GORONTALO), Kedlmn:179 Km #BMKG  Disclaimer:Informasi ini mengutamakan kecepatan,,,,,,,,,,,,,,,,,,,,,,
"Mon Nov 20 05:03:11 +0000 2023;1726466194222530964;""#Gempa Mag:5.3", 20-Nov-2023 11:57:46WIB, Lok:11.25LU, 125.10BT (824 km BaratLaut MELONGUANE-SULUT), Kedlmn:10 Km #BMKG  Disclaimer:Informasi ini mengutamakan kecepatan,,,,,,,,,,,,,,,,,,,,,,
"Mon Nov 20 04:55:36 +0000 2023;1726464285654884811;""#Gempa (UPDATE) Mag:3.8", 20-Nov-23 11:30:51 WIB, Lok:0.67 LS, 135.46 BT (Pusat gempa berada di darat 31 km BaratLaut SUPIORI)," Kedlmn:6 Km Dirasakan (MMI) II-III Supiori #BMKG https://t.co/fmh4LNu9Zl"";0;0;8;13;in;108543358;1726464285654884811;infoBMKG;https://twitter.com/infoBMKG/status/1726464285654884811",,,,,,,,,,,,,,,,,,,,,,
"Mon Nov 20 04:55:22 +0000 2023;1726464227391799337;""#Gempa Dirasakan Magnitudo: 3.8", Kedalaman: 6 km, 20 Nov 2023 11:30:51 WIB," Koordinat: 0.67 LS-135.46 BT (Pusat gempa berada di darat 31 km BaratLaut SUPIORI) #BMKG https://t.co/OiHiTwvX8x"";0;0;2;6;in;108543358;1726464227391799337;infoBMKG;https://twitter.com/infoBMKG/status/1726464227391799337",,,,,,,,,,,,,,,,,,,,,,,
"Mon Nov 20 04:35:09 +0000 2023;1726459139524894890;""#Gempa Mag:3.8", 20-Nov-2023 11:30:50WIB, Lok:0.49LS, 135.61BT (26 km BaratLaut SUPIORI-PAPUA), Kedlmn:15 Km #BMKG  Disclaimer:Informasi ini mengutamakan kecepatan,,,,,,,,,,,,,,,,,,,,,,
"Mon Nov 20 01:12:10 +0000 2023;1726408057943736689;""#Gempa Mag:3.1", 20-Nov-2023 08:08:21WIB, Lok:0.07LS, 123.64BT (62 km BaratDaya BOLAANGUKI-BOLSEL-SULUT), Kedlmn:102 Km #BMKG  Disclaimer:Informasi ini mengutamakan kecepatan,,,,,,,,,,,,,,,,,,,,,,
"Mon Nov 20 00:07:47 +0000 2023;1726391856203002046;""#Gempa (UPDATE) Mag:3.4", 20-Nov-23 06:33:16 WIB, Lok:3.32 LS, 128.35 BT (Pusat gempa berada di darat 3 km utara Kairatu)," Kedlmn:5 Km Dirasakan (MMI) III Kairatu #BMKG https://t.co/4kDvlJpmBU"";0;0;2;12;in;108543358;1726391856203002046;infoBMKG;https://twitter.com/infoBMKG/status/1726391856203002046",,,,,,,,,,,,,,,,,,,,,,
"Mon Nov 20 00:07:36 +0000 2023;1726391808207503858;""#Gempa Dirasakan Magnitudo: 3.4", Kedalaman: 5 km, 20 Nov 2023 06:33:16 WIB," Koordinat: 3.32 LS-128.35 BT (Pusat gempa berada di darat 3 km utara Kairatu) #BMKG https://t.co/OiHiTwvX8x"";0;0;0;9;in;108543358;1726391808207503858;infoBMKG;https://twitter.com/infoBMKG/status/1726391808207503858",,,,,,,,,,,,,,,,,,,,,,,
"Sun Nov 19 22:08:10 +0000 2023;1726361752449978466;""#Gempa Mag:4.4", 20-Nov-2023 05:04:18WIB, Lok:5.30LU, 126.04BT (160 km BaratLaut MELONGUANE-SULUT), Kedlmn:81 Km #BMKG  Disclaimer:Informasi ini mengutamakan kecepatan,,,,,,,,,,,,,,,,,,,,,,
"Sun Nov 19 22:03:11 +0000 2023;1726360497057071566;""#Gempa Mag:2.2", 20-Nov-2023 05:01:01WIB, Lok:1.34LS, 120.40BT (39 km BaratLaut POSO-SULTENG), Kedlmn:30 Km #BMKG  Disclaimer:Informasi ini mengutamakan kecepatan,,,,,,,,,,,,,,,,,,,,,,
"Sun Nov 19 20:14:11 +0000 2023;1726333065612423560;""#Gempa Mag:4.1", 20-Nov-2023 03:09:39WIB, Lok:7.54LS, 125.14BT (106 km TimurLaut ALOR-NTT), Kedlmn:388 Km #BMKG  Disclaimer:Informasi ini mengutamakan kecepatan,,,,,,,,,,,,,,,,,,,,,,
"Sun Nov 19 19:41:09 +0000 2023;1726324754360221720;""#Gempa Mag:3.0", 20-Nov-2023 02:36:55WIB, Lok:8.90LS, 112.06BT (86 km BaratDaya KAB-BLITAR-JATIM), Kedlmn:19 Km #BMKG  Disclaimer:Informasi ini mengutamakan kecepatan,,,,,,,,,,,,,,,,,,,,,,
"Sun Nov 19 17:33:10 +0000 2023;1726292547012788543;""#Gempa Mag:4.4", 20-Nov-2023 00:30:55WIB, Lok:9.55LS, 112.83BT (159 km Tenggara KAB-MALANG-JATIM), Kedlmn:10 Km #BMKG  Disclaimer:Informasi ini mengutamakan kecepatan,,,,,,,,,,,,,,,,,,,,,,
"Sun Nov 19 16:06:11 +0000 2023;1726270656755671218;""#Gempa Mag:3.6", 19-Nov-2023 23:03:26WIB, Lok:3.23LS, 131.01BT (59 km Tenggara SERAMBAGIANTIMUR-MALUKU), Kedlmn:13 Km #BMKG  Disclaimer:Informasi ini mengutamakan kecepatan,,,,,,,,,,,,,,,,,,,,,,
"Sun Nov 19 15:57:10 +0000 2023;1726268385229680962;""#Gempa Mag:4.6", 19-Nov-2023 22:53:49WIB, Lok:5.62LS, 130.13BT (282 km BaratDaya SERAMBAGIANTIMUR-MALUKU), Kedlmn:10 Km #BMKG  Disclaimer:Informasi ini mengutamakan kecepatan,,,,,,,,,,,,,,,,,,,,,,
"Sun Nov 19 14:44:10 +0000 2023;1726250015172296820;""#Gempa Mag:2.5", 19-Nov-2023 21:39:54WIB, Lok:3.59LS, 127.46BT (41 km BaratLaut BURUSELATAN-MALUKU), Kedlmn:90 Km #BMKG  Disclaimer:Informasi ini mengutamakan kecepatan,,,,,,,,,,,,,,,,,,,,,,
"Sun Nov 19 13:33:09 +0000 2023;1726232141892407758;""#Gempa Mag:3.3", 19-Nov-2023 20:30:37WIB, Lok:7.96LS, 107.30BT (105 km BaratDaya KAB-GARUT-JABAR), Kedlmn:19 Km #BMKG  Disclaimer:Informasi ini mengutamakan kecepatan,,,,,,,,,,,,,,,,,,,,,,
"Sun Nov 19 13:29:11 +0000 2023;1726231143685751275;""#Gempa Mag:2.9", 19-Nov-2023 20:22:25WIB, Lok:0.14LS, 123.01BT (76 km BaratDaya BONEBOLANGO-GORONTALO), Kedlmn:32 Km #BMKG  Disclaimer:Informasi ini mengutamakan kecepatan,,,,,,,,,,,,,,,,,,,,,,
"Sun Nov 19 11:28:09 +0000 2023;1726200688034902303;""#Gempa Mag:3.6", 19-Nov-2023 18:25:04WIB, Lok:10.00LS, 123.75BT (15 km BaratDaya KAB-KUPANG-NTT), Kedlmn:31 Km #BMKG  Disclaimer:Informasi ini mengutamakan kecepatan,,,,,,,,,,,,,,,,,,,,,,
"Sun Nov 19 08:57:11 +0000 2023;1726162694997524876;""#Gempa Mag:3.6", 19-Nov-2023 15:51:07WIB, Lok:1.96LS, 122.55BT (90 km BaratDaya BANGGAIKEP-SULTENG), Kedlmn:10 Km #BMKG  Disclaimer:Informasi ini mengutamakan kecepatan,,,,,,,,,,,,,,,,,,,,,,
"Sun Nov 19 08:08:10 +0000 2023;1726150357863354794;""#Gempa Mag:3.2", 19-Nov-2023 15:03:58WIB, Lok:2.46LU, 99.27BT (37 km TimurLaut TOBASAMOSIR-SUMUT), Kedlmn:155 Km #BMKG  Disclaimer:Informasi ini mengutamakan kecepatan,,,,,,,,,,,,,,,,,,,,,,
"Sun Nov 19 06:20:11 +0000 2023;1726123181881364916;""#Gempa Mag:3.0", 19-Nov-2023 13:17:28WIB, Lok:4.68LS, 121.69BT (36 km BaratLaut BOMBANA-SULTRA), Kedlmn:11 Km #BMKG  Disclaimer:Informasi ini mengutamakan kecepatan,,,,,,,,,,,,,,,,,,,,,,
"Sun Nov 19 02:31:08 +0000 2023;1726065543239864512;""#Gempa Mag:3.8", 19-Nov-2023 09:27:40WIB, Lok:7.56LS, 127.84BT (65 km TimurLaut MALUKUBRTDAYA), Kedlmn:158 Km #BMKG  Disclaimer:Informasi ini mengutamakan kecepatan,,,,,,,,,,,,,,,,,,,,,,
"Sun Nov 19 01:42:12 +0000 2023;1726053225055551595;""#Gempa Mag:5.1", 19-Nov-2023 08:38:01WIB, Lok:10.23LU, 125.48BT (704 km BaratLaut MELONGUANE-SULUT), Kedlmn:214 Km #BMKG  Disclaimer:Informasi ini mengutamakan kecepatan,,,,,,,,,,,,,,,,,,,,,,
"Sun Nov 19 01:07:09 +0000 2023;1726044406728610233;""#Gempa Mag:3.5", 19-Nov-2023 08:01:45WIB, Lok:0.44LS, 135.92BT (44 km TimurLaut SUPIORI-PAPUA), Kedlmn:10 Km #BMKG  Disclaimer:Informasi ini mengutamakan kecepatan,,,,,,,,,,,,,,,,,,,,,,
"Sat Nov 18 22:57:10 +0000 2023;1726011695183876455;""#Gempa Mag:4.0", 19-Nov-2023 05:53:03WIB, Lok:0.41LU, 122.30BT (14 km BaratDaya BOALEMO-GORONTALO), Kedlmn:112 Km #BMKG  Disclaimer:Informasi ini mengutamakan kecepatan,,,,,,,,,,,,,,,,,,,,,,
"Sat Nov 18 21:56:12 +0000 2023;1725996351601926336;""#Gempa Mag:3.5", 19-Nov-2023 04:52:14WIB, Lok:8.04LS, 107.01BT (125 km Tenggara KOTA-SUKABUMI-JABAR), Kedlmn:10 Km #BMKG  Disclaimer:Informasi ini mengutamakan kecepatan,,,,,,,,,,,,,,,,,,,,,,
"Sat Nov 18 20:09:11 +0000 2023;1725969418562552317;""#Gempa Mag:4.7", 19-Nov-2023 03:05:19WIB, Lok:5.57LU, 125.19BT (220 km BaratLaut TAHUNA-KEP.SANGIHE-SULUT), Kedlmn:15 Km #BMKG  Disclaimer:Informasi ini mengutamakan kecepatan,,,,,,,,,,,,,,,,,,,,,,
"Sat Nov 18 19:36:11 +0000 2023;1725961115061088696;""#Gempa Mag:4.0", 19-Nov-2023 02:32:29WIB, Lok:6.27LS, 129.66BT (262 km BaratLaut MALUKUTENGGARABRT), Kedlmn:10 Km #BMKG  Disclaimer:Informasi ini mengutamakan kecepatan,,,,,,,,,,,,,,,,,,,,,,
"Sat Nov 18 18:45:11 +0000 2023;1725948281434648768;""#Gempa Mag:4.4", 19-Nov-2023 01:42:17WIB, Lok:0.87LU, 119.30BT (155 km BaratLaut DONGGALA-SULTENG), Kedlmn:10 Km #BMKG  Disclaimer:Informasi ini mengutamakan kecepatan,,,,,,,,,,,,,,,,,,,,,,
"Sat Nov 18 17:54:12 +0000 2023;1725935450823762031;""#Gempa Mag:2.1", 19-Nov-2023 00:49:52WIB, Lok:6.92LS, 106.29BT (4 km TimurLaut BAYAH-BANTEN), Kedlmn:38 Km #BMKG  Disclaimer:Informasi ini mengutamakan kecepatan,,,,,,,,,,,,,,,,,,,,,,
"Sat Nov 18 17:12:11 +0000 2023;1725924875125280787;""#Gempa Mag:3.9", 19-Nov-2023 00:07:18WIB, Lok:6.22LS, 130.11BT (235 km BaratLaut MALUKUTENGGARABRT), Kedlmn:163 Km #BMKG  Disclaimer:Informasi ini mengutamakan kecepatan,,,,,,,,,,,,,,,,,,,,,,
"Sat Nov 18 17:06:09 +0000 2023;1725923360713113986;""#Gempa Mag:3.5", 19-Nov-2023 00:02:26WIB, Lok:6.21LS, 129.72BT (263 km BaratLaut MALUKUTENGGARABRT), Kedlmn:10 Km #BMKG  Disclaimer:Informasi ini mengutamakan kecepatan,,,,,,,,,,,,,,,,,,,,,,
"Sat Nov 18 16:34:09 +0000 2023;1725915306881950041;""#Gempa Mag:2.9", 18-Nov-2023 23:29:55WIB, Lok:9.54LS, 124.25BT (32 km BaratLaut TIMORTENGAHSEL-NTT), Kedlmn:10 Km #BMKG  Disclaimer:Informasi ini mengutamakan kecepatan,,,,,,,,,,,,,,,,,,,,,,
"Sat Nov 18 15:06:10 +0000 2023;1725893163691491379;""#Gempa Mag:2.5", 18-Nov-2023 22:04:10WIB, Lok:3.36LS, 128.37BT (38 km Tenggara SERAMBAGIANBARAT-MALUKU), Kedlmn:10 Km #BMKG  Disclaimer:Informasi ini mengutamakan kecepatan,,,,,,,,,,,,,,,,,,,,,,
"Sat Nov 18 14:54:09 +0000 2023;1725890140684566631;""#Gempa Mag:3.4", 18-Nov-2023 21:51:29WIB, Lok:8.56LS, 108.79BT (95 km BaratDaya CILACAP-JATENG), Kedlmn:49 Km #BMKG  Disclaimer:Informasi ini mengutamakan kecepatan,,,,,,,,,,,,,,,,,,,,,,
"Sat Nov 18 13:30:10 +0000 2023;1725869005968388230;""#Gempa Mag:2.7", 18-Nov-2023 20:26:56WIB, Lok:4.56LS, 127.85BT (80 km Tenggara BURUSELATAN-MALUKU), Kedlmn:10 Km #BMKG  Disclaimer:Informasi ini mengutamakan kecepatan,,,,,,,,,,,,,,,,,,,,,,
"Sat Nov 18 12:14:11 +0000 2023;1725849881456369857;""#Gempa Mag:3.6", 18-Nov-2023 19:11:46WIB, Lok:1.12LS, 120.38BT (51 km BaratLaut POSO-SULTENG), Kedlmn:10 Km #BMKG  Disclaimer:Informasi ini mengutamakan kecepatan,,,,,,,,,,,,,,,,,,,,,,
"Sat Nov 18 12:05:12 +0000 2023;1725847620810326246;""#Gempa Mag:3.7", 18-Nov-2023 19:00:46WIB, Lok:5.00LS, 129.71BT (206 km Tenggara MALUKUTENGAH), Kedlmn:214 Km #BMKG  Disclaimer:Informasi ini mengutamakan kecepatan,,,,,,,,,,,,,,,,,,,,,,
"Sat Nov 18 11:57:10 +0000 2023;1725845599432667336;""#Gempa Mag:4.7", 18-Nov-2023 18:53:30WIB, Lok:5.53LS, 129.94BT (270 km Tenggara MALUKUTENGAH), Kedlmn:175 Km #BMKG  Disclaimer:Informasi ini mengutamakan kecepatan,,,,,,,,,,,,,,,,,,,,,,
"Sat Nov 18 11:25:09 +0000 2023;1725837545232384431;""#Gempa Mag:4.4", 18-Nov-2023 18:20:02WIB, Lok:5.96LU, 126.03BT (229 km BaratLaut MELONGUANE-SULUT), Kedlmn:147 Km #BMKG  Disclaimer:Informasi ini mengutamakan kecepatan,,,,,,,,,,,,,,,,,,,,,,
"Sat Nov 18 10:34:08 +0000 2023;1725824706614587502;""#Gempa Mag:2.1", 18-Nov-2023 17:29:54WIB, Lok:7.25LS, 107.09BT (41 km Tenggara KOTA-SUKABUMI-JABAR), Kedlmn:75 Km #BMKG  Disclaimer:Informasi ini mengutamakan kecepatan,,,,,,,,,,,,,,,,,,,,,,
"Sat Nov 18 10:25:09 +0000 2023;1725822445062635807;""#Gempa Mag:2.8", 18-Nov-2023 17:22:34WIB, Lok:0.69LU, 122.32BT (18 km BaratLaut BOALEMO-GORONTALO), Kedlmn:76 Km #BMKG  Disclaimer:Informasi ini mengutamakan kecepatan,,,,,,,,,,,,,,,,,,,,,,
"Sat Nov 18 10:05:09 +0000 2023;1725817412103389287;""#Gempa Mag:5.0", 18-Nov-2023 17:01:35WIB, Lok:2.93LS, 100.08BT (113 km Tenggara TUAPEJAT-SUMBAR), Kedlmn:20 Km #BMKG  Disclaimer:Informasi ini mengutamakan kecepatan,,,,,,,,,,,,,,,,,,,,,,
"Sat Nov 18 09:48:10 +0000 2023;1725813135733596191;""#Gempa Mag:2.9", 18-Nov-2023 16:43:28WIB, Lok:0.05LS, 120.78BT (70 km BaratDaya PARIGIMOUTONG-SULTENG), Kedlmn:10 Km #BMKG  Disclaimer:Informasi ini mengutamakan kecepatan,,,,,,,,,,,,,,,,,,,,,,
"Sat Nov 18 08:34:09 +0000 2023;1725794510524072025;""#Gempa Mag:2.2", 18-Nov-2023 15:30:28WIB, Lok:8.06LS, 124.42BT (29 km BaratLaut ALOR-NTT), Kedlmn:179 Km #BMKG  Disclaimer:Informasi ini mengutamakan kecepatan,,,,,,,,,,,,,,,,,,,,,,
"Sat Nov 18 08:22:09 +0000 2023;1725791490318995517;""#Gempa Mag:4.0", 18-Nov-2023 15:16:51WIB, Lok:5.69LU, 125.09BT (235 km BaratLaut TAHUNA-KEP.SANGIHE-SULUT), Kedlmn:10 Km #BMKG  Disclaimer:Informasi ini mengutamakan kecepatan,,,,,,,,,,,,,,,,,,,,,,
"Sat Nov 18 05:58:09 +0000 2023;1725755253130403931;""#Gempa Mag:4.2", 18-Nov-2023 12:55:27WIB, Lok:2.18LS, 136.62BT (69 km Tenggara KEP-YAPEN-PAPUA), Kedlmn:10 Km #BMKG  Disclaimer:Informasi ini mengutamakan kecepatan,,,,,,,,,,,,,,,,,,,,,,
"Sat Nov 18 05:06:09 +0000 2023;1725742166893609216;""#Gempa Mag:4.1", 18-Nov-2023 12:01:38WIB, Lok:7.17LS, 124.76BT (126 km TimurLaut ALOR-NTT), Kedlmn:530 Km #BMKG  Disclaimer:Informasi ini mengutamakan kecepatan,,,,,,,,,,,,,,,,,,,,,,
"Sat Nov 18 04:23:10 +0000 2023;1725731348122579415;""#Gempa Mag:4.6", 18-Nov-2023 11:18:20WIB, Lok:5.48LU, 125.26BT (209 km BaratLaut TAHUNA-KEP.SANGIHE-SULUT), Kedlmn:46 Km #BMKG  Disclaimer:Informasi ini mengutamakan kecepatan,,,,,,,,,,,,,,,,,,,,,,
"Sat Nov 18 02:35:09 +0000 2023;1725704163802464276;""#Gempa Mag:3.8", 18-Nov-2023 09:31:31WIB, Lok:5.52LU, 125.36BT (212 km BaratLaut TAHUNA-KEP.SANGIHE-SULUT), Kedlmn:49 Km #BMKG  Disclaimer:Informasi ini mengutamakan kecepatan,,,,,,,,,,,,,,,,,,,,,,
"Sat Nov 18 02:25:09 +0000 2023;1725701648931315781;""#Gempa Mag:4.2", 18-Nov-2023 09:23:04WIB, Lok:2.78LS, 128.10BT (33 km BaratLaut SERAMBAGIANBARAT-MALUKU), Kedlmn:10 Km #BMKG  Disclaimer:Informasi ini mengutamakan kecepatan,,,,,,,,,,,,,,,,,,,,,,
"Sat Nov 18 00:22:09 +0000 2023;1725670694523175187;""#Gempa Mag:2.8", 18-Nov-2023 07:19:00WIB, Lok:8.48LS, 118.35BT (14 km BaratLaut DOMPU-NTB), Kedlmn:111 Km #BMKG  Disclaimer:Informasi ini mengutamakan kecepatan,,,,,,,,,,,,,,,,,,,,,,
"Fri Nov 17 23:51:11 +0000 2023;1725662899409236270;""#Gempa Mag:3.1", 18-Nov-2023 06:48:23WIB, Lok:2.28LS, 120.85BT (49 km BaratLaut LUWUTIMUR-SULSEL), Kedlmn:5 Km #BMKG  Disclaimer:Informasi ini mengutamakan kecepatan,,,,,,,,,,,,,,,,,,,,,,
"Fri Nov 17 23:47:43 +0000 2023;1725662027199443189;""#Gempa (UPDATE) Mag:5.2", 18-Nov-23 06:34:28 WIB, Lok:7.86 LS, 107.27 BT (Pusat gempa berada di laut 97 km Barat Daya Kab. Bandung), Kedlmn:21 Km Dirasakan (MMI) III Garut ,, III Ciamis, III Pakenjeng," III Bungbulang #BMKG https://t.co/xnXxAe2c7j"";48;33;101;319;in;108543358;1725662027199443189;infoBMKG;https://twitter.com/infoBMKG/status/1725662027199443189",,,,,,,,,,,,,,,,,,
"Fri Nov 17 23:47:26 +0000 2023;1725661955296510380;""#Gempa Dirasakan Magnitudo: 5.2", Kedalaman: 21 km, 18 Nov 2023 06:34:28 WIB," Koordinat: 7.86 LS-107.27 BT (Pusat gempa berada di laut 97 km Barat Daya Kab. Bandung) #BMKG https://t.co/OiHiTwvX8x"";3;0;11;42;in;108543358;1725661955296510380;infoBMKG;https://twitter.com/infoBMKG/status/1725661955296510380",,,,,,,,,,,,,,,,,,,,,,,
"Fri Nov 17 23:37:40 +0000 2023;1725659497778249967;""#Gempa Magnitudo: 5.2", Kedalaman: 21 km, 18 Nov 2023 06:34:28 WIB, Koordinat: 7.86 LS-107.27 BT (97 km BaratDaya KAB-BANDUNG-JABAR)," Tidak berpotensi tsunami #BMKG https://t.co/OiHiTwvX8x"";154;180;149;417;in;108543358;1725659497778249967;infoBMKG;https://twitter.com/infoBMKG/status/1725659497778249967",,,,,,,,,,,,,,,,,,,,,,
"Fri Nov 17 23:37:39 +0000 2023;1725659495379153136;""#Gempa Mag:5.2", 18-Nov-23 06:34:28 WIB, Lok:7.86 LS,107.27 BT (97 km BaratDaya KAB-BANDUNG-JABAR), Kedlmn:21 Km,,,,,,,,,,,,,,,,,,,,,,
"Fri Nov 17 23:37:08 +0000 2023;1725659365213102198;""#Gempa Mag:5.4", 18-Nov-2023 06:34:28WIB, Lok:7.87LS, 107.26BT (98 km BaratDaya KAB-BANDUNG-JABAR), Kedlmn:24 Km #BMKG  Disclaimer:Informasi ini mengutamakan kecepatan,,,,,,,,,,,,,,,,,,,,,,
"Fri Nov 17 21:38:10 +0000 2023;1725629426770346297;""#Gempa Mag:2.5", 18-Nov-2023 04:35:32WIB, Lok:0.99LU, 120.78BT (12 km TimurLaut TOLI-TOLI-SULTENG), Kedlmn:10 Km #BMKG  Disclaimer:Informasi ini mengutamakan kecepatan,,,,,,,,,,,,,,,,,,,,,,
"Fri Nov 17 21:17:10 +0000 2023;1725624142068900005;""#Gempa Mag:4.2", 18-Nov-2023 04:15:09WIB, Lok:5.54LU, 125.25BT (216 km BaratLaut TAHUNA-KEP.SANGIHE-SULUT), Kedlmn:27 Km #BMKG  Disclaimer:Informasi ini mengutamakan kecepatan,,,,,,,,,,,,,,,,,,,,,,
"Fri Nov 17 21:06:11 +0000 2023;1725621375455625251;""#Gempa Mag:3.0", 18-Nov-2023 04:02:32WIB, Lok:0.25LS, 122.88BT (91 km BaratDaya BONEBOLANGO-GORONTALO), Kedlmn:69 Km #BMKG  Disclaimer:Informasi ini mengutamakan kecepatan,,,,,,,,,,,,,,,,,,,,,,
"Fri Nov 17 21:02:10 +0000 2023;1725620364380938251;""#Gempa Mag:3.8", 18-Nov-2023 03:57:49WIB, Lok:5.11LU, 126.16BT (136 km BaratLaut MELONGUANE-SULUT), Kedlmn:72 Km #BMKG  Disclaimer:Informasi ini mengutamakan kecepatan,,,,,,,,,,,,,,,,,,,,,,
"Fri Nov 17 20:55:11 +0000 2023;1725618607995117904;""#Gempa Mag:3.9", 18-Nov-2023 03:51:06WIB, Lok:2.33LS, 120.86BT (44 km BaratLaut LUWUTIMUR-SULSEL), Kedlmn:10 Km #BMKG  Disclaimer:Informasi ini mengutamakan kecepatan,,,,,,,,,,,,,,,,,,,,,,
"Fri Nov 17 19:19:11 +0000 2023;1725594451492643296;""#Gempa Mag:3.0", 18-Nov-2023 02:13:04WIB, Lok:2.95LS, 123.11BT (119 km TimurLaut KONAWE-KEP-SULTRA), Kedlmn:28 Km #BMKG  Disclaimer:Informasi ini mengutamakan kecepatan,,,,,,,,,,,,,,,,,,,,,,
"Fri Nov 17 18:42:09 +0000 2023;1725585131757514949;""#Gempa Mag:3.3", 18-Nov-2023 01:38:25WIB, Lok:3.63LS, 140.43BT (48 km BaratDaya KEEROM-PAPUA), Kedlmn:10 Km #BMKG  Disclaimer:Informasi ini mengutamakan kecepatan,,,,,,,,,,,,,,,,,,,,,,
"Fri Nov 17 17:03:09 +0000 2023;1725560215855341942;""#Gempa Mag:3.1", 18-Nov-2023 00:00:11WIB, Lok:4.55LU, 96.42BT (37 km TimurLaut KAB-NAGANRAYA-ACEH), Kedlmn:10 Km #BMKG  Disclaimer:Informasi ini mengutamakan kecepatan,,,,,,,,,,,,,,,,,,,,,,
"Fri Nov 17 15:55:10 +0000 2023;1725543106379165878;""#Gempa Mag:3.3", 17-Nov-2023 22:50:40WIB, Lok:0.90LU, 98.83BT (71 km BaratDaya PADANGSIDEMPUAN-SUMUT), Kedlmn:73 Km #BMKG  Disclaimer:Informasi ini mengutamakan kecepatan,,,,,,,,,,,,,,,,,,,,,,
"Fri Nov 17 12:17:09 +0000 2023;1725488240134857051;""#Gempa Mag:3.8", 17-Nov-2023 19:13:31WIB, Lok:5.96LS, 128.50BT (250 km Tenggara BURUSELATAN-MALUKU), Kedlmn:349 Km #BMKG  Disclaimer:Informasi ini mengutamakan kecepatan,,,,,,,,,,,,,,,,,,,,,,
"Fri Nov 17 11:45:09 +0000 2023;1725480189516546094;""#Gempa Mag:3.4", 17-Nov-2023 18:42:02WIB, Lok:5.02LU, 126.60BT (113 km BaratLaut MELONGUANE-SULUT), Kedlmn:11 Km #BMKG  Disclaimer:Informasi ini mengutamakan kecepatan,,,,,,,,,,,,,,,,,,,,,,
"Fri Nov 17 10:28:11 +0000 2023;1725460819146871072;""#Gempa Mag:3.3", 17-Nov-2023 17:24:43WIB, Lok:3.09LS, 135.49BT (54 km BaratLaut NABIRE-PAPUA), Kedlmn:14 Km #BMKG  Disclaimer:Informasi ini mengutamakan kecepatan,,,,,,,,,,,,,,,,,,,,,,
"Fri Nov 17 10:22:09 +0000 2023;1725459300796321826;""#Gempa Mag:3.9", 17-Nov-2023 17:16:58WIB, Lok:2.73LU, 128.55BT (81 km TimurLaut DARUBA-MALUT), Kedlmn:228 Km #BMKG  Disclaimer:Informasi ini mengutamakan kecepatan,,,,,,,,,,,,,,,,,,,,,,
"Fri Nov 17 09:41:09 +0000 2023;1725448983567622162;""#Gempa Mag:4.2", 17-Nov-2023 16:38:16WIB, Lok:5.46LU, 125.23BT (207 km BaratLaut TAHUNA-KEP.SANGIHE-SULUT), Kedlmn:46 Km #BMKG  Disclaimer:Informasi ini mengutamakan kecepatan,,,,,,,,,,,,,,,,,,,,,,
"Fri Nov 17 08:49:10 +0000 2023;1725435899578888517;""#Gempa Mag:4.1", 17-Nov-2023 15:43:27WIB, Lok:5.66LU, 125.21BT (229 km BaratLaut TAHUNA-KEP.SANGIHE-SULUT), Kedlmn:50 Km #BMKG  Disclaimer:Informasi ini mengutamakan kecepatan,,,,,,,,,,,,,,,,,,,,,,
"Fri Nov 17 08:42:44 +0000 2023;1725434283303780861;""#Gempa (UPDATE) Mag:6.9", 17-Nov-23 15:14:15 WIB, Lok:5.50 LU, 125.18 BT (Pusat gempa berada di 212 km BaratLaut TAHUNA-KEP.SANGIHE-SULUT), Kedlmn:44 Km Dirasakan (MMI) V Naha,, III Manado, III Bolaang Mongondow," III Minahasa Utara #BMKG https://t.co/fEK3hoJl3v"";4;2;42;92;in;108543358;1725434283303780861;infoBMKG;https://twitter.com/infoBMKG/status/1725434283303780861",,,,,,,,,,,,,,,,,,
"Fri Nov 17 08:42:29 +0000 2023;1725434218828943388;""#Gempa Dirasakan Magnitudo: 6.9", Kedalaman: 44 km, 17 Nov 2023 15:14:15 WIB," Koordinat: 5.50 LU-125.18 BT (Pusat gempa berada di 212 km BaratLaut TAHUNA-KEP.SANGIHE-SULUT) #BMKG https://t.co/OiHiTwvX8x"";0;1;1;4;in;108543358;1725434218828943388;infoBMKG;https://twitter.com/infoBMKG/status/1725434218828943388",,,,,,,,,,,,,,,,,,,,,,,
"Fri Nov 17 08:19:09 +0000 2023;1725428346417496295;""#Gempa Mag:6.9", 17-Nov-2023 15:14:15WIB, Lok:5.50LU, 125.18BT (212 km BaratLaut TAHUNA-KEP.SANGIHE-SULUT), Kedlmn:44 Km #BMKG  Disclaimer:Informasi ini mengutamakan kecepatan,,,,,,,,,,,,,,,,,,,,,,
"Fri Nov 17 08:18:38 +0000 2023;1725428217044185392;""#Gempa Magnitudo: 6.9", Kedalaman: 44 km, 17 Nov 2023 15:14:15 WIB, Koordinat: 5.50 LU-125.18 BT (212 km BaratLaut TAHUNA-KEP.SANGIHE-SULUT)," Tidak berpotensi tsunami #BMKG https://t.co/OiHiTwvX8x"";26;24;36;74;in;108543358;1725428217044185392;infoBMKG;https://twitter.com/infoBMKG/status/1725428217044185392",,,,,,,,,,,,,,,,,,,,,,
"Fri Nov 17 07:41:09 +0000 2023;1725418783253344497;""#Gempa Mag:3.3", 17-Nov-2023 14:38:30WIB, Lok:2.01LS, 99.92BT (36 km TimurLaut TUAPEJAT-SUMBAR), Kedlmn:10 Km #BMKG  Disclaimer:Informasi ini mengutamakan kecepatan,,,,,,,,,,,,,,,,,,,,,,
"Fri Nov 17 07:27:12 +0000 2023;1725415273732473257;""#Gempa Magnitudo: 5.1", Kedalaman: 10 km, 17 Nov 2023 14:24:02 WIB, Koordinat: 5.92 LS-130.32 BT (252 km BaratLaut TANIMBAR)," Tidak berpotensi tsunami #BMKG https://t.co/OiHiTwvX8x"";0;1;0;4;in;108543358;1725415273732473257;infoBMKG;https://twitter.com/infoBMKG/status/1725415273732473257",,,,,,,,,,,,,,,,,,,,,,
"Fri Nov 17 07:27:11 +0000 2023;1725415269550719151;""#Gempa Mag:5.1", 17-Nov-23 14:24:02 WIB, Lok:5.92 LS,130.32 BT (252 km BaratLaut TANIMBAR), Kedlmn:10 Km,,,,,,,,,,,,,,,,,,,,,,
"Fri Nov 17 07:27:10 +0000 2023;1725415265436041562;""#Gempa Mag:5.1", 17-Nov-2023 14:24:02WIB, Lok:5.92LS, 130.32BT (252 km BaratLaut MALUKUTENGGARABRT), Kedlmn:10 Km #BMKG  Disclaimer:Informasi ini mengutamakan kecepatan,,,,,,,,,,,,,,,,,,,,,,
"Fri Nov 17 06:41:09 +0000 2023;1725403685159931928;""#Gempa Mag:2.6", 17-Nov-2023 13:38:09WIB, Lok:8.33LS, 118.05BT (51 km BaratLaut DOMPU-NTB), Kedlmn:10 Km #BMKG  Disclaimer:Informasi ini mengutamakan kecepatan,,,,,,,,,,,,,,,,,,,,,,
"Fri Nov 17 04:47:09 +0000 2023;1725374996581941415;""#Gempa Mag:3.5", 17-Nov-2023 11:44:16WIB, Lok:5.75LU, 126.15BT (203 km BaratLaut MELONGUANE-SULUT), Kedlmn:72 Km #BMKG  Disclaimer:Informasi ini mengutamakan kecepatan,,,,,,,,,,,,,,,,,,,,,,
"Fri Nov 17 04:40:09 +0000 2023;1725373233170677953;""#Gempa Mag:3.4", 17-Nov-2023 11:37:02WIB, Lok:6.06LS, 103.85BT (97 km BaratDaya PESISIRBARAT-LAMPUNG), Kedlmn:10 Km #BMKG  Disclaimer:Informasi ini mengutamakan kecepatan,,,,,,,,,,,,,,,,,,,,,,
"Fri Nov 17 03:29:09 +0000 2023;1725355366517764193;""#Gempa Mag:3.7", 17-Nov-2023 10:25:36WIB, Lok:4.92LU, 127.27BT (121 km TimurLaut MELONGUANE-SULUT), Kedlmn:73 Km #BMKG  Disclaimer:Informasi ini mengutamakan kecepatan,,,,,,,,,,,,,,,,,,,,,,
"Fri Nov 17 03:14:44 +0000 2023;1725351739870810466;""#Gempa (UPDATE) Mag:5.2", 17-Nov-23 10:02:19 WIB, Lok:2.07 LS, 138.93 BT (Pusat gempa berada di darat 29 km Tenggara Sarmi)," Kedlmn:22 Km Dirasakan (MMI) III - IV Sarmi #BMKG https://t.co/oEA9JBvsvX"";0;0;6;19;in;108543358;1725351739870810466;infoBMKG;https://twitter.com/infoBMKG/status/1725351739870810466",,,,,,,,,,,,,,,,,,,,,,
"Fri Nov 17 03:14:31 +0000 2023;1725351683033841962;""#Gempa Dirasakan Magnitudo: 5.2", Kedalaman: 22 km, 17 Nov 2023 10:02:19 WIB," Koordinat: 2.07 LS-138.93 BT (Pusat gempa berada di darat 29 km Tenggara Sarmi) #BMKG https://t.co/OiHiTwvX8x"";0;0;0;3;in;108543358;1725351683033841962;infoBMKG;https://twitter.com/infoBMKG/status/1725351683033841962",,,,,,,,,,,,,,,,,,,,,,,
"Fri Nov 17 03:05:35 +0000 2023;1725349435058909514;""#Gempa Magnitudo: 5.2", Kedalaman: 22 km, 17 Nov 2023 10:02:19 WIB, Koordinat: 2.07 LS-138.93 BT (31 km Tenggara SARMI-PAPUA)," Tidak berpotensi tsunami #BMKG https://t.co/OiHiTwvX8x"";0;0;3;6;in;108543358;1725349435058909514;infoBMKG;https://twitter.com/infoBMKG/status/1725349435058909514",,,,,,,,,,,,,,,,,,,,,,
"Fri Nov 17 03:05:35 +0000 2023;1725349435016904915;""#Gempa Mag:5.2", 17-Nov-23 10:02:19 WIB, Lok:2.07 LS,138.93 BT (31 km Tenggara SARMI-PAPUA), Kedlmn:22 Km,,,,,,,,,,,,,,,,,,,,,,
"Fri Nov 17 03:04:08 +0000 2023;1725349071656017982;""#Gempa Mag:5.2", 17-Nov-2023 10:02:19WIB, Lok:2.07LS, 138.93BT (53 km BaratLaut SARMI-PAPUA), Kedlmn:22 Km #BMKG  Disclaimer:Informasi ini mengutamakan kecepatan,,,,,,,,,,,,,,,,,,,,,,
"Fri Nov 17 00:42:08 +0000 2023;1725313336861200763;""#Gempa Mag:4.4", 17-Nov-2023 07:38:05WIB, Lok:7.84LS, 127.63BT (39 km BaratLaut MALUKUBRTDAYA), Kedlmn:47 Km #BMKG  Disclaimer:Informasi ini mengutamakan kecepatan,,,,,,,,,,,,,,,,,,,,,,
"Thu Nov 16 23:17:09 +0000 2023;1725291946581823497;""#Gempa Mag:3.0", 17-Nov-2023 06:12:36WIB, Lok:0.28LU, 98.60BT (93 km Tenggara NIASSELATAN-SUMUT), Kedlmn:21 Km #BMKG  Disclaimer:Informasi ini mengutamakan kecepatan,,,,,,,,,,,,,,,,,,,,,,
"Thu Nov 16 23:06:09 +0000 2023;1725289180681629877;""#Gempa Mag:2.4", 17-Nov-2023 06:04:00WIB, Lok:8.18LS, 114.62BT (18 km TimurLaut JEMBRANA-BALI), Kedlmn:21 Km #BMKG  Disclaimer:Informasi ini mengutamakan kecepatan,,,,,,,,,,,,,,,,,,,,,,
"Thu Nov 16 22:47:10 +0000 2023;1725284404636127527;""#Gempa Mag:3.3", 17-Nov-2023 05:44:30WIB, Lok:0.54LS, 121.86BT (71 km TimurLaut TOJOUNA-UNA-SULTENG), Kedlmn:10 Km #BMKG  Disclaimer:Informasi ini mengutamakan kecepatan,,,,,,,,,,,,,,,,,,,,,,
"Thu Nov 16 21:03:11 +0000 2023;1725258232850170067;""#Gempa Mag:2.3", 17-Nov-2023 04:00:57WIB, Lok:3.86LS, 102.18BT (30 km BaratDaya BENGKULUTENGAH), Kedlmn:34 Km #BMKG  Disclaimer:Informasi ini mengutamakan kecepatan,,,,,,,,,,,,,,,,,,,,,,
"Thu Nov 16 17:09:09 +0000 2023;1725199337884697061;""#Gempa Mag:3.4", 17-Nov-2023 00:05:39WIB, Lok:3.14LS, 140.17BT (38 km Tenggara KAB-JAYAPURA-PAPUA), Kedlmn:107 Km #BMKG  Disclaimer:Informasi ini mengutamakan kecepatan,,,,,,,,,,,,,,,,,,,,,,
"Thu Nov 16 16:38:11 +0000 2023;1725191545668898944;""#Gempa Mag:2.9", 16-Nov-2023 23:35:20WIB, Lok:0.72LS, 131.70BT (48 km TimurLaut KOTA-SORONG-PAPUABRT), Kedlmn:10 Km #BMKG  Disclaimer:Informasi ini mengutamakan kecepatan,,,,,,,,,,,,,,,,,,,,,,
"Thu Nov 16 15:02:10 +0000 2023;1725167381272559979;""#Gempa Mag:4.3", 16-Nov-2023 21:58:38WIB, Lok:5.09LS, 102.97BT (53 km BaratDaya KAUR-BENGKULU), Kedlmn:22 Km #BMKG  Disclaimer:Informasi ini mengutamakan kecepatan,,,,,,,,,,,,,,,,,,,,,,
"Thu Nov 16 14:41:10 +0000 2023;1725162098005614901;""#Gempa Mag:3.8", 16-Nov-2023 21:37:58WIB, Lok:6.31LS, 131.30BT (174 km BaratDaya MALUKUTENGGARA), Kedlmn:106 Km #BMKG  Disclaimer:Informasi ini mengutamakan kecepatan,,,,,,,,,,,,,,,,,,,,,,
"Thu Nov 16 14:27:11 +0000 2023;1725158578586058971;""#Gempa Mag:3.0", 16-Nov-2023 21:24:38WIB, Lok:0.10LS, 123.20BT (71 km Tenggara BONEBOLANGO-GORONTALO), Kedlmn:113 Km #BMKG  Disclaimer:Informasi ini mengutamakan kecepatan,,,,,,,,,,,,,,,,,,,,,,
"Thu Nov 16 13:43:11 +0000 2023;1725147506206535815;""#Gempa Mag:3.3", 16-Nov-2023 20:39:45WIB, Lok:4.77LU, 96.16BT (27 km BaratDaya KAB-PIDIEJAYA-ACEH), Kedlmn:10 Km #BMKG  Disclaimer:Informasi ini mengutamakan kecepatan,,,,,,,,,,,,,,,,,,,,,,
"Thu Nov 16 12:31:10 +0000 2023;1725129380782067809;""#Gempa Mag:3.6", 16-Nov-2023 19:26:42WIB, Lok:1.85LU, 126.28BT (136 km TimurLaut BITUNG-SULUT), Kedlmn:22 Km #BMKG  Disclaimer:Informasi ini mengutamakan kecepatan,,,,,,,,,,,,,,,,,,,,,,
"Thu Nov 16 12:28:09 +0000 2023;1725128621663412509;""#Gempa Mag:3.5", 16-Nov-2023 19:22:18WIB, Lok:4.83LU, 94.89BT (79 km BaratLaut CALANG-ACEHJAYA), Kedlmn:28 Km #BMKG  Disclaimer:Informasi ini mengutamakan kecepatan,,,,,,,,,,,,,,,,,,,,,,
"Thu Nov 16 11:59:10 +0000 2023;1725121326292271156;""#Gempa Mag:4.0", 16-Nov-2023 18:55:19WIB, Lok:5.97LS, 129.87BT (273 km BaratLaut MALUKUTENGGARABRT), Kedlmn:10 Km #BMKG  Disclaimer:Informasi ini mengutamakan kecepatan,,,,,,,,,,,,,,,,,,,,,,
"Thu Nov 16 11:56:53 +0000 2023;1725120751916011568;""#Gempa (UPDATE) Mag:4.7", 16-Nov-23 18:24:13 WIB, Lok:10.13 LS, 123.81 BT (Pusat gempa berada di darat 17 Km Barat Daya Kupang)," Kedlmn:29 Km Dirasakan (MMI) II-III Kota Kupang #BMKG https://t.co/NeyHns6q61"";2;1;7;20;in;108543358;1725120751916011568;infoBMKG;https://twitter.com/infoBMKG/status/1725120751916011568",,,,,,,,,,,,,,,,,,,,,,
"Thu Nov 16 11:55:48 +0000 2023;1725120479130984849;""#Gempa (UPDATE) Mag:4.7", 16-Nov-23 18:24:13 WIB, Lok:10.13 LS, 123.81 BT (Pusat gempa berada di darat 17 Km Barat Daya Kupang)," Kedlmn:29 Km Dirasakan (MMI) II-III Kota Kupang #BMKG https://t.co/JWMe62VIwT"";1;0;8;42;in;108543358;1725120479130984849;infoBMKG;https://twitter.com/infoBMKG/status/1725120479130984849",,,,,,,,,,,,,,,,,,,,,,
"Thu Nov 16 11:55:36 +0000 2023;1725120431223689335;""#Gempa Dirasakan Magnitudo: 4.7", Kedalaman: 29 km, 16 Nov 2023 18:24:13 WIB," Koordinat: 10.13 LS-123.81 BT (Pusat gempa berada di darat 17 Km Barat Daya Kupang) #BMKG https://t.co/OiHiTwvX8x"";0;0;1;5;in;108543358;1725120431223689335;infoBMKG;https://twitter.com/infoBMKG/status/1725120431223689335",,,,,,,,,,,,,,,,,,,,,,,
"Thu Nov 16 11:52:09 +0000 2023;1725119563136917835;""#Gempa Mag:2.4", 16-Nov-2023 18:49:10WIB, Lok:8.31LS, 118.00BT (57 km BaratLaut DOMPU-NTB), Kedlmn:10 Km #BMKG  Disclaimer:Informasi ini mengutamakan kecepatan,,,,,,,,,,,,,,,,,,,,,,
"Thu Nov 16 11:44:47 +0000 2023;1725117709300728173;""#Gempa (UPDATE) Mag:4.7", 16-Nov-23 18:24:13 WIB, Lok:10.13 LS, -123.81 BT (Pusat gempa berada di darat 17 Km Barat Daya Kupang)," Kedlmn:29 Km Dirasakan (MMI) II-III Kota Kupang #BMKG https://t.co/85lrVxTKIa"";0;0;0;21;in;108543358;1725117709300728173;infoBMKG;https://twitter.com/infoBMKG/status/1725117709300728173",,,,,,,,,,,,,,,,,,,,,,
"Thu Nov 16 11:44:40 +0000 2023;1725117679424639114;""#Gempa Dirasakan Magnitudo: 4.7", Kedalaman: 29 km, 16 Nov 2023 18:24:13 WIB," Koordinat: 10.13 LS--123.81 BT (Pusat gempa berada di darat 17 Km Barat Daya Kupang) #BMKG https://t.co/OiHiTwvX8x"";0;0;0;7;in;108543358;1725117679424639114;infoBMKG;https://twitter.com/infoBMKG/status/1725117679424639114",,,,,,,,,,,,,,,,,,,,,,,
"Thu Nov 16 11:27:10 +0000 2023;1725113273660633163;""#Gempa Mag:4.7", 16-Nov-2023 18:24:14WIB, Lok:10.02LS, 123.77BT (13 km BaratDaya KAB-KUPANG-NTT), Kedlmn:35 Km #BMKG  Disclaimer:Informasi ini mengutamakan kecepatan,,,,,,,,,,,,,,,,,,,,,,
"Thu Nov 16 11:23:10 +0000 2023;1725112267195523455;""#Gempa Mag:3.1", 16-Nov-2023 18:19:02WIB, Lok:8.01LS, 117.62BT (57 km TimurLaut SUMBAWA-NTB), Kedlmn:15 Km #BMKG  Disclaimer:Informasi ini mengutamakan kecepatan,,,,,,,,,,,,,,,,,,,,,,
"Thu Nov 16 11:16:11 +0000 2023;1725110509425619427;""#Gempa Mag:3.2", 16-Nov-2023 18:11:40WIB, Lok:0.09LS, 122.98BT (71 km BaratDaya BONEBOLANGO-GORONTALO), Kedlmn:138 Km #BMKG  Disclaimer:Informasi ini mengutamakan kecepatan,,,,,,,,,,,,,,,,,,,,,,
"Thu Nov 16 08:09:10 +0000 2023;1725063447002632411;""#Gempa Mag:3.8", 16-Nov-2023 15:06:02WIB, Lok:4.95LU, 125.85BT (140 km BaratLaut MELONGUANE-SULUT), Kedlmn:85 Km #BMKG  Disclaimer:Informasi ini mengutamakan kecepatan,,,,,,,,,,,,,,,,,,,,,,
"Thu Nov 16 07:00:09 +0000 2023;1725046079916503094;""#Gempa Mag:3.2", 16-Nov-2023 13:55:00WIB, Lok:2.85LS, 128.10BT (26 km BaratLaut SERAMBAGIANBARAT-MALUKU), Kedlmn:10 Km #BMKG  Disclaimer:Informasi ini mengutamakan kecepatan,,,,,,,,,,,,,,,,,,,,,,
"Thu Nov 16 04:50:09 +0000 2023;1725013362311127480;""#Gempa Mag:2.6", 16-Nov-2023 11:46:04WIB, Lok:8.92LS, 116.88BT (18 km Tenggara SUMBAWABARAT-NTB), Kedlmn:13 Km #BMKG  Disclaimer:Informasi ini mengutamakan kecepatan,,,,,,,,,,,,,,,,,,,,,,
"Thu Nov 16 02:37:16 +0000 2023;1724979921456664816;""#Gempa (UPDATE) Mag:5.1", 16-Nov-23 09:21:47 WIB, Lok:3.71 LS, 138.78 BT (Pusat gempa berada didarat 32Km BaratDaya Kobagma)," Kedlmn:127 Km Dirasakan (MMI) II-III Wamena #BMKG https://t.co/BrgA1Kegsg"";0;1;5;20;in;108543358;1724979921456664816;infoBMKG;https://twitter.com/infoBMKG/status/1724979921456664816",,,,,,,,,,,,,,,,,,,,,,
"Thu Nov 16 02:37:04 +0000 2023;1724979871104028874;""#Gempa Dirasakan Magnitudo: 5.1", Kedalaman: 127 km, 16 Nov 2023 09:21:47 WIB," Koordinat: 3.71 LS-138.78 BT (Pusat gempa berada didarat 32Km BaratDaya Kobagma) #BMKG https://t.co/OiHiTwvX8x"";0;0;2;10;in;108543358;1724979871104028874;infoBMKG;https://twitter.com/infoBMKG/status/1724979871104028874",,,,,,,,,,,,,,,,,,,,,,,
"Thu Nov 16 02:25:15 +0000 2023;1724976896579166388;""#Gempa Mag:5.1", 16-Nov-23 09:21:47 WIB, Lok:3.71 LS,138.78 BT (32 km BaratDaya KOBAGMA-PAPUAPGNGN), Kedlmn:127 Km,,,,,,,,,,,,,,,,,,,,,,
"Thu Nov 16 02:25:13 +0000 2023;1724976888656126016;""#Gempa Magnitudo: 5.1", Kedalaman: 127 km, 16 Nov 2023 09:21:47 WIB, Koordinat: 3.71 LS-138.78 BT (32 km BaratDaya KOBAGMA-PAPUAPGNGN)," Tidak berpotensi tsunami #BMKG https://t.co/OiHiTwvX8x"";0;0;4;8;in;108543358;1724976888656126016;infoBMKG;https://twitter.com/infoBMKG/status/1724976888656126016",,,,,,,,,,,,,,,,,,,,,,
"Thu Nov 16 02:24:09 +0000 2023;1724976618807218226;""#Gempa Mag:5.3", 16-Nov-2023 09:21:47WIB, Lok:3.71LS, 138.77BT (32 km BaratLaut JAYAWIJAYA-PAPUA), Kedlmn:126 Km #BMKG  Disclaimer:Informasi ini mengutamakan kecepatan,,,,,,,,,,,,,,,,,,,,,,
"Thu Nov 16 01:43:09 +0000 2023;1724966303730176188;""#Gempa Mag:4.1", 16-Nov-2023 08:40:11WIB, Lok:6.26LS, 129.53BT (274 km BaratLaut MALUKUTENGGARABRT), Kedlmn:10 Km #BMKG  Disclaimer:Informasi ini mengutamakan kecepatan,,,,,,,,,,,,,,,,,,,,,,
"Thu Nov 16 01:35:12 +0000 2023;1724964301138723209;""#Gempa Mag:3.5", 16-Nov-2023 08:31:15WIB, Lok:2.07LS, 119.26BT (25 km BaratLaut MAMUJUTENGAH-SULBAR), Kedlmn:10 Km #BMKG  Disclaimer:Informasi ini mengutamakan kecepatan,,,,,,,,,,,,,,,,,,,,,,
"Thu Nov 16 00:42:09 +0000 2023;1724950952623612099;""#Gempa Mag:2.8", 16-Nov-2023 07:37:21WIB, Lok:9.75LS, 121.86BT (89 km TimurLaut SABURAIJUA-NTT), Kedlmn:10 Km #BMKG  Disclaimer:Informasi ini mengutamakan kecepatan,,,,,,,,,,,,,,,,,,,,,,
"Thu Nov 16 00:17:11 +0000 2023;1724944666607685700;""#Gempa Mag:3.5", 16-Nov-2023 07:13:20WIB, Lok:0.59LU, 124.88BT (35 km Tenggara TUTUYAN-BOLTIM-SULUT), Kedlmn:27 Km #BMKG  Disclaimer:Informasi ini mengutamakan kecepatan,,,,,,,,,,,,,,,,,,,,,,
"Thu Nov 16 00:04:13 +0000 2023;1724941404827451746;""#Gempa (UPDATE) Mag:6.2", 16-Nov-23 06:26:17 WIB, Lok:1.95 LU, 124.18 BT (Pusat gempa berada di laut 90 km Barat Laut Manado),,, II-III Taliabu, II-III Tidore, II-III Kab. Halmahera Barat," II-III Kotamobago #BMKG https://t.co/B7hwGw0HaO"";2;0;6;24;in;108543358;1724941404827451746;infoBMKG;https://twitter.com/infoBMKG/status/1724941404827451746",,,,,,,,,,,,,,,,,
"Wed Nov 15 23:51:26 +0000 2023;1724938187393630644;""#Gempa (UPDATE) Mag:6.2", 16-Nov-23 06:26:17 WIB, Lok:1.95 LU, 124.18 BT (Pusat gempa berada di laut 90 km Barat Laut Manado), 90 km Barat Laut Manado),, II-III Taliabu, II-III Tidore," II-III Kab. Halmahera Barat #BMKG https://t.co/cWVrgtOjKY"";2;3;39;144;in;108543358;1724938187393630644;infoBMKG;https://twitter.com/infoBMKG/status/1724938187393630644",,,,,,,,,,,,,,,,,,
"Wed Nov 15 23:45:13 +0000 2023;1724936623446696353;""#Gempa (UPDATE) Mag:6.2", 16-Nov-23 06:26:17 WIB, Lok:1.95 LU, 124.18 BT (Pusat gempa berada di laut 90 km Barat Laut Manado), 90 km Barat Laut Manado),," II-III Taliabu #BMKG https://t.co/PIgKcFPnoR"";0;0;5;23;in;108543358;1724936623446696353;infoBMKG;https://twitter.com/infoBMKG/status/1724936623446696353",,,,,,,,,,,,,,,,,,,,
"Wed Nov 15 23:45:02 +0000 2023;1724936576491475086;""#Gempa Dirasakan Magnitudo: 6.2", Kedalaman: 294 km, 16 Nov 2023 06:26:17 WIB, Koordinat: 1.95 LU-124.18 BT (Pusat gempa berada di laut," 90 km Barat Laut Manado) #BMKG https://t.co/OiHiTwvX8x"";0;0;1;5;in;108543358;1724936576491475086;infoBMKG;https://twitter.com/infoBMKG/status/1724936576491475086",,,,,,,,,,,,,,,,,,,,,,
"Wed Nov 15 23:31:10 +0000 2023;1724933087493263554;""#Gempa Mag:6.2", 16-Nov-2023 06:26:17WIB, Lok:1.74LU, 124.21BT (72 km BaratLaut AMURANG-MINSEL-SULUT), Kedlmn:307 Km #BMKG  Disclaimer:Informasi ini mengutamakan kecepatan,,,,,,,,,,,,,,,,,,,,,,
"Wed Nov 15 23:29:46 +0000 2023;1724932735754764322;""#Gempa Mag:6.2", 16-Nov-23 06:26:17 WIB, Lok:1.95 LU,124.18 BT (90 km BaratLaut MANADO-SULUT), Kedlmn:294 Km,,,,,,,,,,,,,,,,,,,,,,
"Wed Nov 15 23:29:43 +0000 2023;1724932722672751063;""#Gempa Magnitudo: 6.2", Kedalaman: 294 km, 16 Nov 2023 06:26:17 WIB, Koordinat: 1.95 LU-124.18 BT (90 km BaratLaut MANADO-SULUT)," Tidak berpotensi tsunami #BMKG https://t.co/OiHiTwvX8x"";0;0;2;5;in;108543358;1724932722672751063;infoBMKG;https://twitter.com/infoBMKG/status/1724932722672751063",,,,,,,,,,,,,,,,,,,,,,
"Wed Nov 15 20:59:09 +0000 2023;1724894832810922311;""#Gempa Mag:3.5", 16-Nov-2023 03:54:50WIB, Lok:9.09LS, 112.90BT (112 km BaratDaya LUMAJANG-JATIM), Kedlmn:10 Km #BMKG  Disclaimer:Informasi ini mengutamakan kecepatan,,,,,,,,,,,,,,,,,,,,,,
"Wed Nov 15 19:31:10 +0000 2023;1724872689326989788;""#Gempa Mag:2.4", 16-Nov-2023 02:28:02WIB, Lok:2.33LU, 98.83BT (12 km TimurLaut HUMBANGHASUNDUTAN-SUMUT), Kedlmn:148 Km #BMKG  Disclaimer:Informasi ini mengutamakan kecepatan,,,,,,,,,,,,,,,,,,,,,,
"Wed Nov 15 19:25:11 +0000 2023;1724871183508890010;""#Gempa Mag:3.0", 16-Nov-2023 02:20:51WIB, Lok:4.46LS, 130.51BT (150 km Tenggara SERAMBAGIANTIMUR-MALUKU), Kedlmn:750 Km #BMKG  Disclaimer:Informasi ini mengutamakan kecepatan,,,,,,,,,,,,,,,,,,,,,,
"Wed Nov 15 18:08:09 +0000 2023;1724851799268700350;""#Gempa Mag:3.4", 16-Nov-2023 01:04:54WIB, Lok:4.49LU, 127.53BT (109 km TimurLaut MELONGUANE-SULUT), Kedlmn:10 Km #BMKG  Disclaimer:Informasi ini mengutamakan kecepatan,,,,,,,,,,,,,,,,,,,,,,
"Wed Nov 15 17:41:10 +0000 2023;1724845009185444199;""#Gempa Mag:3.7", 16-Nov-2023 00:36:56WIB, Lok:0.95LS, 134.57BT (63 km Tenggara MANOKWARISEL-PAPUABRT), Kedlmn:10 Km #BMKG  Disclaimer:Informasi ini mengutamakan kecepatan,,,,,,,,,,,,,,,,,,,,,,
"Wed Nov 15 17:32:10 +0000 2023;1724842743636373539;""#Gempa Mag:3.1", 16-Nov-2023 00:29:05WIB, Lok:1.76LU, 126.93BT (86 km BaratLaut HALMAHERABARAT-MALUT), Kedlmn:10 Km #BMKG  Disclaimer:Informasi ini mengutamakan kecepatan,,,,,,,,,,,,,,,,,,,,,,
"Wed Nov 15 14:43:10 +0000 2023;1724800210562589009;""#Gempa Mag:4.3", 15-Nov-2023 21:39:48WIB, Lok:7.35LS, 129.63BT (198 km BaratLaut MALUKUTENGGARABRT), Kedlmn:112 Km #BMKG  Disclaimer:Informasi ini mengutamakan kecepatan,,,,,,,,,,,,,,,,,,,,,,
"Wed Nov 15 14:28:14 +0000 2023;1724796452864750066;""#Gempa Mag:3.1", 15-Nov-2023 21:26:00WIB, Lok:2.14LS, 126.50BT (61 km Tenggara SANANA-MALUT), Kedlmn:69 Km #BMKG  Disclaimer:Informasi ini mengutamakan kecepatan,,,,,,,,,,,,,,,,,,,,,,
"Wed Nov 15 14:26:10 +0000 2023;1724795933815410975;""#Gempa Mag:4.2", 15-Nov-2023 21:23:37WIB, Lok:8.88LS, 124.13BT (80 km BaratDaya ALOR-NTT), Kedlmn:70 Km #BMKG  Disclaimer:Informasi ini mengutamakan kecepatan,,,,,,,,,,,,,,,,,,,,,,
"Wed Nov 15 14:17:10 +0000 2023;1724793670858399930;""#Gempa Mag:3.1", 15-Nov-2023 21:14:33WIB, Lok:0.14LS, 122.71BT (84 km Tenggara BOALEMO-GORONTALO), Kedlmn:16 Km #BMKG  Disclaimer:Informasi ini mengutamakan kecepatan,,,,,,,,,,,,,,,,,,,,,,
"Wed Nov 15 13:44:12 +0000 2023;1724785370804699624;""#Gempa Mag:3.6", 15-Nov-2023 20:40:58WIB, Lok:1.36LS, 126.37BT (84 km TimurLaut SANANA-MALUT), Kedlmn:10 Km #BMKG  Disclaimer:Informasi ini mengutamakan kecepatan,,,,,,,,,,,,,,,,,,,,,,
"Wed Nov 15 08:53:10 +0000 2023;1724712132045086870;""#Gempa Mag:3.4", 15-Nov-2023 15:51:08WIB, Lok:2.93LS, 128.37BT (24 km TimurLaut SERAMBAGIANBARAT-MALUKU), Kedlmn:10 Km #BMKG  Disclaimer:Informasi ini mengutamakan kecepatan,,,,,,,,,,,,,,,,,,,,,,
"Wed Nov 15 08:25:09 +0000 2023;1724705082531561509;""#Gempa Mag:3.0", 15-Nov-2023 15:19:03WIB, Lok:9.21LS, 117.19BT (62 km Tenggara SUMBAWABARAT-NTB), Kedlmn:35 Km #BMKG  Disclaimer:Informasi ini mengutamakan kecepatan,,,,,,,,,,,,,,,,,,,,,,
"Wed Nov 15 08:09:11 +0000 2023;1724701061041320026;""#Gempa Mag:3.9", 15-Nov-2023 15:06:25WIB, Lok:0.66LU, 119.57BT (123 km BaratLaut DONGGALA-SULTENG), Kedlmn:10 Km #BMKG  Disclaimer:Informasi ini mengutamakan kecepatan,,,,,,,,,,,,,,,,,,,,,,
"Wed Nov 15 05:29:20 +0000 2023;1724660834188804183;""#Gempa (UPDATE) Mag:4.7", 15-Nov-23 12:11:05 WIB, Lok:3.47 LS, 101.59 BT (Pusat gempa berada di laut 67 km Barat Daya Bengkulu Utara)," Kedlmn:25 Km Dirasakan (MMI) II-III Bengkulu Utara #BMKG https://t.co/5UKaHezEyD"";0;0;12;50;in;108543358;1724660834188804183;infoBMKG;https://twitter.com/infoBMKG/status/1724660834188804183",,,,,,,,,,,,,,,,,,,,,,
"Wed Nov 15 05:29:11 +0000 2023;1724660798440821108;""#Gempa Dirasakan Magnitudo: 4.7", Kedalaman: 25 km, 15 Nov 2023 12:11:05 WIB," Koordinat: 3.47 LS-101.59 BT (Pusat gempa berada di laut 67 km Barat Daya Bengkulu Utara) #BMKG https://t.co/OiHiTwvX8x"";0;0;2;9;in;108543358;1724660798440821108;infoBMKG;https://twitter.com/infoBMKG/status/1724660798440821108",,,,,,,,,,,,,,,,,,,,,,,
"Wed Nov 15 05:13:09 +0000 2023;1724656763654508770;""#Gempa Mag:4.7", 15-Nov-2023 12:11:06WIB, Lok:3.45LS, 101.61BT (65 km BaratDaya BENGKULUUTARA), Kedlmn:26 Km #BMKG  Disclaimer:Informasi ini mengutamakan kecepatan,,,,,,,,,,,,,,,,,,,,,,
"Wed Nov 15 05:09:10 +0000 2023;1724655758443487302;""#Gempa Mag:3.0", 15-Nov-2023 12:07:05WIB, Lok:8.17LS, 124.97BT (48 km TimurLaut ALOR-NTT), Kedlmn:10 Km #BMKG  Disclaimer:Informasi ini mengutamakan kecepatan,,,,,,,,,,,,,,,,,,,,,,
"Wed Nov 15 04:05:08 +0000 2023;1724639647983354036;""#Gempa Mag:3.2", 15-Nov-2023 11:01:32WIB, Lok:9.29LS, 113.98BT (125 km BaratDaya JEMBRANA-BALI), Kedlmn:23 Km #BMKG  Disclaimer:Informasi ini mengutamakan kecepatan,,,,,,,,,,,,,,,,,,,,,,
"Wed Nov 15 02:45:09 +0000 2023;1724619519283638768;""#Gempa Mag:4.9", 15-Nov-2023 09:41:51WIB, Lok:5.90LS, 129.95BT (275 km BaratLaut MALUKUTENGGARABRT), Kedlmn:10 Km #BMKG  Disclaimer:Informasi ini mengutamakan kecepatan,,,,,,,,,,,,,,,,,,,,,,
"Wed Nov 15 02:28:09 +0000 2023;1724615238388215832;""#Gempa Mag:3.2", 15-Nov-2023 09:25:01WIB, Lok:7.87LS, 107.83BT (64 km BaratDaya KAB-TASIKMALAYA-JABAR), Kedlmn:57 Km #BMKG  Disclaimer:Informasi ini mengutamakan kecepatan,,,,,,,,,,,,,,,,,,,,,,
"Wed Nov 15 00:54:08 +0000 2023;1724591579762229278;""#Gempa Mag:2.8", 15-Nov-2023 07:50:56WIB, Lok:8.51LS, 114.14BT (40 km BaratDaya BANYUWANGI-JATIM), Kedlmn:10 Km #BMKG  Disclaimer:Informasi ini mengutamakan kecepatan,,,,,,,,,,,,,,,,,,,,,,
"Tue Nov 14 23:36:49 +0000 2023;1724572122734002651;""#Gempa (UPDATE) Mag:2.9", 15-Nov-23 04:15:46 WIB, Lok:7.24 LS, 107.67 BT (Pusat gempa berada di darat 25 km BaratDaya Kab. Garut)," Kedlmn:10 Km Dirasakan (MMI) II-III Cikembang #BMKG https://t.co/VN9Ic49yNq"";0;0;7;38;in;108543358;1724572122734002651;infoBMKG;https://twitter.com/infoBMKG/status/1724572122734002651",,,,,,,,,,,,,,,,,,,,,,
"Tue Nov 14 23:36:42 +0000 2023;1724572093520789988;""#Gempa Dirasakan Magnitudo: 2.9", Kedalaman: 10 km, 15 Nov 2023 04:15:46 WIB," Koordinat: 7.24 LS-107.67 BT (Pusat gempa berada di darat 25 km BaratDaya Kab. Garut) #BMKG https://t.co/OiHiTwvX8x"";0;0;2;6;in;108543358;1724572093520789988;infoBMKG;https://twitter.com/infoBMKG/status/1724572093520789988",,,,,,,,,,,,,,,,,,,,,,,
"Tue Nov 14 22:45:11 +0000 2023;1724559127933067267;""#Gempa Mag:3.0", 15-Nov-2023 05:42:13WIB, Lok:0.21LU, 119.49BT (80 km BaratLaut DONGGALA-SULTENG), Kedlmn:15 Km #BMKG  Disclaimer:Informasi ini mengutamakan kecepatan,,,,,,,,,,,,,,,,,,,,,,
"Tue Nov 14 21:26:10 +0000 2023;1724539240724475956;""#Gempa Mag:4.0", 15-Nov-2023 04:23:19WIB, Lok:9.57LS, 114.01BT (150 km BaratDaya JEMBRANA-BALI), Kedlmn:10 Km #BMKG  Disclaimer:Informasi ini mengutamakan kecepatan,,,,,,,,,,,,,,,,,,,,,,
"Tue Nov 14 21:19:09 +0000 2023;1724537476025631122;""#Gempa Mag:3.1", 15-Nov-2023 04:15:46WIB, Lok:7.26LS, 107.64BT (28 km BaratDaya KAB-GARUT-JABAR), Kedlmn:10 Km #BMKG  Disclaimer:Informasi ini mengutamakan kecepatan,,,,,,,,,,,,,,,,,,,,,,
"Tue Nov 14 21:12:09 +0000 2023;1724535717278396738;""#Gempa Mag:2.8", 15-Nov-2023 04:07:39WIB, Lok:10.12LS, 121.16BT (67 km TimurLaut WULA-WAIJELU-NTT), Kedlmn:23 Km #BMKG  Disclaimer:Informasi ini mengutamakan kecepatan,,,,,,,,,,,,,,,,,,,,,,
"Tue Nov 14 20:19:32 +0000 2023;1724522474946383995;""#Gempa Mag:2.6", 15-Nov-2023 03:15:46WIB, Lok:8.00LS, 120.37BT (68 km BaratLaut RUTENG-MANGGARAI-NTT), Kedlmn:10 Km #BMKG  Disclaimer:Informasi ini mengutamakan kecepatan,,,,,,,,,,,,,,,,,,,,,,
"Tue Nov 14 19:38:10 +0000 2023;1724512064847389159;""#Gempa Mag:3.6", 15-Nov-2023 02:36:10WIB, Lok:3.47LU, 126.65BT (58 km BaratDaya MELONGUANE-SULUT), Kedlmn:27 Km #BMKG  Disclaimer:Informasi ini mengutamakan kecepatan,,,,,,,,,,,,,,,,,,,,,,
"Tue Nov 14 19:27:10 +0000 2023;1724509293746286700;""#Gempa Mag:2.9", 15-Nov-2023 02:24:36WIB, Lok:8.24LS, 117.77BT (47 km TimurLaut SUMBAWA-NTB), Kedlmn:10 Km #BMKG  Disclaimer:Informasi ini mengutamakan kecepatan,,,,,,,,,,,,,,,,,,,,,,
"Tue Nov 14 19:22:10 +0000 2023;1724508038999245140;""#Gempa Mag:3.8", 15-Nov-2023 02:19:57WIB, Lok:1.40LU, 125.62BT (55 km Tenggara BITUNG-SULUT), Kedlmn:10 Km #BMKG  Disclaimer:Informasi ini mengutamakan kecepatan,,,,,,,,,,,,,,,,,,,,,,
"Tue Nov 14 19:11:09 +0000 2023;1724505264043479444;""#Gempa Mag:3.9", 15-Nov-2023 02:08:03WIB, Lok:9.63LS, 113.96BT (159 km BaratDaya JEMBRANA-BALI), Kedlmn:10 Km #BMKG  Disclaimer:Informasi ini mengutamakan kecepatan,,,,,,,,,,,,,,,,,,,,,,
"Tue Nov 14 19:04:10 +0000 2023;1724503507133464734;""#Gempa Mag:2.8", 15-Nov-2023 02:00:44WIB, Lok:8.13LS, 120.46BT (53 km BaratLaut RUTENG-MANGGARAI-NTT), Kedlmn:10 Km #BMKG  Disclaimer:Informasi ini mengutamakan kecepatan,,,,,,,,,,,,,,,,,,,,,,
"Tue Nov 14 19:00:11 +0000 2023;1724502503142953112;""#Gempa Mag:3.1", 15-Nov-2023 01:57:05WIB, Lok:8.91LS, 118.91BT (52 km Tenggara KOTA-BIMA-NTB), Kedlmn:88 Km #BMKG  Disclaimer:Informasi ini mengutamakan kecepatan,,,,,,,,,,,,,,,,,,,,,,
"Tue Nov 14 18:46:10 +0000 2023;1724498975284466095;""#Gempa Mag:5.9", 15-Nov-2023 01:41:45WIB, Lok:4.36LS, 144.17BT (395 km Tenggara KEEROM-PAPUA), Kedlmn:17 Km #BMKG  Disclaimer:Informasi ini mengutamakan kecepatan,,,,,,,,,,,,,,,,,,,,,,
"Tue Nov 14 18:25:10 +0000 2023;1724493691056976042;""#Gempa Mag:4.3", 15-Nov-2023 01:21:48WIB, Lok:4.78LU, 126.44BT (90 km BaratLaut MELONGUANE-SULUT), Kedlmn:15 Km #BMKG  Disclaimer:Informasi ini mengutamakan kecepatan,,,,,,,,,,,,,,,,,,,,,,
"Tue Nov 14 17:21:10 +0000 2023;1724477585076433304;""#Gempa Mag:4.7", 15-Nov-2023 00:15:32WIB, Lok:5.61LU, 125.62BT (214 km BaratLaut MELONGUANE-SULUT), Kedlmn:229 Km #BMKG  Disclaimer:Informasi ini mengutamakan kecepatan,,,,,,,,,,,,,,,,,,,,,,
"Tue Nov 14 16:52:10 +0000 2023;1724470286333141467;""#Gempa Mag:4.5", 14-Nov-2023 23:45:27WIB, Lok:9.50LS, 114.01BT (143 km BaratDaya JEMBRANA-BALI), Kedlmn:10 Km #BMKG  Disclaimer:Informasi ini mengutamakan kecepatan,,,,,,,,,,,,,,,,,,,,,,
"Tue Nov 14 15:34:10 +0000 2023;1724450660249477251;""#Gempa Mag:4.2", 14-Nov-2023 22:30:41WIB, Lok:4.39LS, 126.10BT (167 km BaratDaya BURU-MALUKU), Kedlmn:384 Km #BMKG  Disclaimer:Informasi ini mengutamakan kecepatan,,,,,,,,,,,,,,,,,,,,,,
"Tue Nov 14 14:32:12 +0000 2023;1724435065327743463;""#Gempa Mag:3.3", 14-Nov-2023 21:28:57WIB, Lok:0.25LS, 123.62BT (80 km BaratDaya BOLAANGUKI-BOLSEL-SULUT), Kedlmn:73 Km #BMKG  Disclaimer:Informasi ini mengutamakan kecepatan,,,,,,,,,,,,,,,,,,,,,,
"Tue Nov 14 12:58:11 +0000 2023;1724411403002585104;""#Gempa Mag:5.9", 14-Nov-2023 19:52:01WIB, Lok:6.57LS, 150.18BT (1090 km TimurLaut MERAUKE-PAPUA), Kedlmn:10 Km #BMKG  Disclaimer:Informasi ini mengutamakan kecepatan,,,,,,,,,,,,,,,,,,,,,,
"Tue Nov 14 12:56:11 +0000 2023;1724410902093713588;""#Gempa Mag:3.6", 14-Nov-2023 19:50:25WIB, Lok:6.27LS, 129.38BT (273 km TimurLaut MALUKUBRTDAYA), Kedlmn:10 Km #BMKG  Disclaimer:Informasi ini mengutamakan kecepatan,,,,,,,,,,,,,,,,,,,,,,
"Tue Nov 14 11:30:09 +0000 2023;1724389249754235054;""#Gempa Mag:4.2", 14-Nov-2023 18:28:28WIB, Lok:5.16LS, 103.30BT (41 km BaratDaya KAUR-BENGKULU), Kedlmn:20 Km #BMKG  Disclaimer:Informasi ini mengutamakan kecepatan,,,,,,,,,,,,,,,,,,,,,,
"Tue Nov 14 10:53:09 +0000 2023;1724379940798480594;""#Gempa Mag:2.8", 14-Nov-2023 17:49:25WIB, Lok:8.78LS, 123.98BT (64 km Tenggara LEMBATA-NTT), Kedlmn:10 Km #BMKG  Disclaimer:Informasi ini mengutamakan kecepatan,,,,,,,,,,,,,,,,,,,,,,
"Tue Nov 14 10:45:10 +0000 2023;1724377929705312624;""#Gempa Mag:2.6", 14-Nov-2023 17:39:15WIB, Lok:0.27LS, 122.53BT (91 km Tenggara BOALEMO-GORONTALO), Kedlmn:10 Km #BMKG  Disclaimer:Informasi ini mengutamakan kecepatan,,,,,,,,,,,,,,,,,,,,,,
"Tue Nov 14 10:18:09 +0000 2023;1724371129610170381;""#Gempa Mag:3.5", 14-Nov-2023 17:15:36WIB, Lok:7.27LS, 105.58BT (58 km BaratDaya MUARABINUANGEUN-BANTEN), Kedlmn:19 Km #BMKG  Disclaimer:Informasi ini mengutamakan kecepatan,,,,,,,,,,,,,,,,,,,,,,
"Tue Nov 14 06:26:28 +0000 2023;1724312826842640547;""#Gempa Mag:5.2", 14-Nov-23 13:22:53 WIB, Lok:5.88 LS,130.18 BT (263 km BaratLaut TANIMBAR), Kedlmn:10 Km,,,,,,,,,,,,,,,,,,,,,,
"Tue Nov 14 06:26:25 +0000 2023;1724312811592118615;""#Gempa Magnitudo: 5.2", Kedalaman: 10 km, 14 Nov 2023 13:22:53 WIB, Koordinat: 5.88 LS-130.18 BT (263 km BaratLaut TANIMBAR)," Tidak berpotensi tsunami #BMKG https://t.co/OiHiTwvX8x"";0;1;2;6;in;108543358;1724312811592118615;infoBMKG;https://twitter.com/infoBMKG/status/1724312811592118615",,,,,,,,,,,,,,,,,,,,,,
"Tue Nov 14 06:26:10 +0000 2023;1724312749571027001;""#Gempa Mag:5.3", 14-Nov-2023 13:22:53WIB, Lok:5.88LS, 130.18BT (263 km BaratLaut MALUKUTENGGARABRT), Kedlmn:10 Km #BMKG  Disclaimer:Informasi ini mengutamakan kecepatan,,,,,,,,,,,,,,,,,,,,,,
"Tue Nov 14 06:20:09 +0000 2023;1724311236534579473;""#Gempa Mag:3.5", 14-Nov-2023 13:15:45WIB, Lok:2.35LU, 96.14BT (28 km BaratDaya SINABANG-ACEH), Kedlmn:25 Km #BMKG  Disclaimer:Informasi ini mengutamakan kecepatan,,,,,,,,,,,,,,,,,,,,,,
"Tue Nov 14 06:00:09 +0000 2023;1724306203159990348;""#Gempa Mag:5.4", 14-Nov-2023 12:53:48WIB, Lok:3.83LS, 151.14BT (1154 km Tenggara KEEROM-PAPUA), Kedlmn:53 Km #BMKG  Disclaimer:Informasi ini mengutamakan kecepatan,,,,,,,,,,,,,,,,,,,,,,
"Tue Nov 14 05:37:11 +0000 2023;1724300422192812166;""#Gempa Mag:4.3", 14-Nov-2023 12:34:08WIB, Lok:3.75LS, 135.06BT (81 km BaratDaya NABIRE-PAPUA), Kedlmn:10 Km #BMKG  Disclaimer:Informasi ini mengutamakan kecepatan,,,,,,,,,,,,,,,,,,,,,,
"Tue Nov 14 04:14:10 +0000 2023;1724279530930786576;""#Gempa Mag:3.5", 14-Nov-2023 11:11:14WIB, Lok:8.01LS, 120.54BT (67 km TimurLaut RUTENG-MANGGARAI-NTT), Kedlmn:10 Km #BMKG  Disclaimer:Informasi ini mengutamakan kecepatan,,,,,,,,,,,,,,,,,,,,,,
"Tue Nov 14 04:12:10 +0000 2023;1724279027912077524;""#Gempa Mag:2.8", 14-Nov-2023 11:09:04WIB, Lok:9.28LS, 119.08BT (16 km BaratLaut TAMBOLAKA-NTT), Kedlmn:51 Km #BMKG  Disclaimer:Informasi ini mengutamakan kecepatan,,,,,,,,,,,,,,,,,,,,,,
"Tue Nov 14 03:23:09 +0000 2023;1724266691713274067;""#Gempa Mag:3.1", 14-Nov-2023 10:18:32WIB, Lok:8.94LS, 124.20BT (71 km BaratLaut TIMORTENGAHUT-NTT), Kedlmn:57 Km #BMKG  Disclaimer:Informasi ini mengutamakan kecepatan,,,,,,,,,,,,,,,,,,,,,,
"Tue Nov 14 02:38:09 +0000 2023;1724255368291971419;""#Gempa Mag:4.3", 14-Nov-2023 09:34:36WIB, Lok:3.17LU, 128.24BT (124 km BaratLaut DARUBA-MALUT), Kedlmn:10 Km #BMKG  Disclaimer:Informasi ini mengutamakan kecepatan,,,,,,,,,,,,,,,,,,,,,,
"Tue Nov 14 00:43:08 +0000 2023;1724226424306102283;""#Gempa Mag:2.6", 14-Nov-2023 07:36:40WIB, Lok:9.75LS, 123.52BT (48 km BaratLaut KAB-KUPANG-NTT), Kedlmn:10 Km #BMKG  Disclaimer:Informasi ini mengutamakan kecepatan,,,,,,,,,,,,,,,,,,,,,,
"Tue Nov 14 00:14:09 +0000 2023;1724219131187364084;""#Gempa Mag:5.5", 14-Nov-2023 07:10:15WIB, Lok:5.89LU, 124.44BT (278 km BaratLaut TAHUNA-KEP.SANGIHE-SULUT), Kedlmn:10 Km #BMKG  Disclaimer:Informasi ini mengutamakan kecepatan,,,,,,,,,,,,,,,,,,,,,,
"Tue Nov 14 00:13:51 +0000 2023;1724219053454319994;""#Gempa Mag:5.2", 14-Nov-23 07:10:15 WIB, Lok:5.89 LU,124.44 BT (278 km BaratLaut TAHUNA-KEP.SANGIHE-SULUT), Kedlmn:10 Km,,,,,,,,,,,,,,,,,,,,,,
"Tue Nov 14 00:13:48 +0000 2023;1724219043111113033;""#Gempa Magnitudo: 5.2", Kedalaman: 10 km, 14 Nov 2023 07:10:15 WIB, Koordinat: 5.89 LU-124.44 BT (278 km BaratLaut TAHUNA-KEP.SANGIHE-SULUT)," Tidak berpotensi tsunami #BMKG https://t.co/OiHiTwvX8x"";0;0;2;5;in;108543358;1724219043111113033;infoBMKG;https://twitter.com/infoBMKG/status/1724219043111113033",,,,,,,,,,,,,,,,,,,,,,
"Mon Nov 13 22:08:10 +0000 2023;1724187424929251559;""#Gempa Mag:2.0", 14-Nov-2023 05:01:52WIB, Lok:4.39LU, 95.77BT (34 km Tenggara CALANG-ACEHJAYA), Kedlmn:34 Km #BMKG  Disclaimer:Informasi ini mengutamakan kecepatan,,,,,,,,,,,,,,,,,,,,,,
"Mon Nov 13 21:58:10 +0000 2023;1724184907558330709;""#Gempa Mag:3.7", 14-Nov-2023 04:55:01WIB, Lok:5.85LS, 130.10BT (271 km BaratLaut MALUKUTENGGARABRT), Kedlmn:10 Km #BMKG  Disclaimer:Informasi ini mengutamakan kecepatan,,,,,,,,,,,,,,,,,,,,,,
"Mon Nov 13 21:36:09 +0000 2023;1724179368803758521;""#Gempa Mag:4.3", 14-Nov-2023 04:33:02WIB, Lok:6.71LS, 129.80BT (218 km BaratLaut MALUKUTENGGARABRT), Kedlmn:10 Km #BMKG  Disclaimer:Informasi ini mengutamakan kecepatan,,,,,,,,,,,,,,,,,,,,,,
"Mon Nov 13 21:16:11 +0000 2023;1724174341959811551;""#Gempa Mag:4.3", 14-Nov-2023 04:13:02WIB, Lok:0.43LS, 123.05BT (97 km TimurLaut BANGGAIKEP-SULTENG), Kedlmn:56 Km #BMKG  Disclaimer:Informasi ini mengutamakan kecepatan,,,,,,,,,,,,,,,,,,,,,,
"Mon Nov 13 20:53:09 +0000 2023;1724168543816843721;""#Gempa Mag:4.2", 14-Nov-2023 03:47:54WIB, Lok:0.76LS, 96.99BT (174 km BaratDaya NIASSELATAN-SUMUT), Kedlmn:14 Km #BMKG  Disclaimer:Informasi ini mengutamakan kecepatan,,,,,,,,,,,,,,,,,,,,,,
"Mon Nov 13 20:44:11 +0000 2023;1724166291148460100;""#Gempa Mag:3.7", 14-Nov-2023 03:41:36WIB, Lok:4.40LS, 133.90BT (123 km BaratDaya KAIMANA-PAPUABRT), Kedlmn:10 Km #BMKG  Disclaimer:Informasi ini mengutamakan kecepatan,,,,,,,,,,,,,,,,,,,,,,
"Mon Nov 13 19:49:11 +0000 2023;1724152446828851584;""#Gempa Mag:4.1", 14-Nov-2023 02:46:34WIB, Lok:2.73LS, 136.44BT (28 km BaratLaut WAROPEN-PAPUA), Kedlmn:14 Km #BMKG  Disclaimer:Informasi ini mengutamakan kecepatan,,,,,,,,,,,,,,,,,,,,,,
"Mon Nov 13 19:26:10 +0000 2023;1724146655191273544;""#Gempa Mag:2.4", 14-Nov-2023 02:24:13WIB, Lok:8.19LS, 125.01BT (52 km TimurLaut ALOR-NTT), Kedlmn:16 Km #BMKG  Disclaimer:Informasi ini mengutamakan kecepatan,,,,,,,,,,,,,,,,,,,,,,
"Mon Nov 13 19:16:11 +0000 2023;1724144142371164441;""#Gempa Mag:2.1", 14-Nov-2023 02:13:41WIB, Lok:3.24LS, 128.97BT (6 km TimurLaut MALUKUTENGAH), Kedlmn:10 Km #BMKG  Disclaimer:Informasi ini mengutamakan kecepatan,,,,,,,,,,,,,,,,,,,,,,
"Mon Nov 13 11:58:10 +0000 2023;1724033914782781888;""#Gempa Mag:3.0", 13-Nov-2023 18:54:04WIB, Lok:0.20LS, 122.57BT (84 km Tenggara BOALEMO-GORONTALO), Kedlmn:750 Km #BMKG  Disclaimer:Informasi ini mengutamakan kecepatan,,,,,,,,,,,,,,,,,,,,,,
"Mon Nov 13 11:35:09 +0000 2023;1724028122658652283;""#Gempa Mag:3.3", 13-Nov-2023 18:31:11WIB, Lok:5.19LS, 129.80BT (229 km Tenggara MALUKUTENGAH), Kedlmn:91 Km #BMKG  Disclaimer:Informasi ini mengutamakan kecepatan,,,,,,,,,,,,,,,,,,,,,,
"Mon Nov 13 10:25:11 +0000 2023;1724010513615761698;""#Gempa Mag:3.3", 13-Nov-2023 17:21:36WIB, Lok:3.86LS, 131.82BT (157 km BaratDaya FAKFAK-PAPUABRT), Kedlmn:26 Km #BMKG  Disclaimer:Informasi ini mengutamakan kecepatan,,,,,,,,,,,,,,,,,,,,,,
"Mon Nov 13 09:49:09 +0000 2023;1724001443856990265;""#Gempa Mag:4.2", 13-Nov-2023 16:46:00WIB, Lok:9.11LS, 112.23BT (108 km Tenggara KAB-BLITAR-JATIM), Kedlmn:10 Km #BMKG  Disclaimer:Informasi ini mengutamakan kecepatan,,,,,,,,,,,,,,,,,,,,,,
"Mon Nov 13 05:05:09 +0000 2023;1723929974087025104;""#Gempa Mag:3.5", 13-Nov-2023 12:01:44WIB, Lok:5.05LS, 140.94BT (72 km Tenggara PEG-BINTANG-PAPUA), Kedlmn:134 Km #BMKG  Disclaimer:Informasi ini mengutamakan kecepatan,,,,,,,,,,,,,,,,,,,,,,
"Mon Nov 13 04:27:10 +0000 2023;1723920414542643302;""#Gempa Mag:4.4", 13-Nov-2023 11:24:46WIB, Lok:2.97LS, 136.87BT (26 km Tenggara WAROPEN-PAPUA), Kedlmn:86 Km #BMKG  Disclaimer:Informasi ini mengutamakan kecepatan,,,,,,,,,,,,,,,,,,,,,,
"Mon Nov 13 02:19:58 +0000 2023;1723888405921345898;""#Gempa (UPDATE) Mag:4.7", 13-Nov-23 08:54:17 WIB, Lok:0.64 LS, 135.80 BT (Pusat gempa berada di darat 13 km Timur Laut Supiori)," Kedlmn:14 Km Dirasakan (MMI) III Kab. Supiori #BMKG https://t.co/om8p0mpj4C"";0;0;6;16;in;108543358;1723888405921345898;infoBMKG;https://twitter.com/infoBMKG/status/1723888405921345898",,,,,,,,,,,,,,,,,,,,,,
"Mon Nov 13 02:19:37 +0000 2023;1723888314372223092;""#Gempa Dirasakan Magnitudo: 4.7", Kedalaman: 14 km, 13 Nov 2023 08:54:17 WIB," Koordinat: 0.64 LS-135.80 BT (Pusat gempa berada di darat 13 km Timur Laut Supiori) #BMKG https://t.co/OiHiTwvX8x"";0;0;1;5;in;108543358;1723888314372223092;infoBMKG;https://twitter.com/infoBMKG/status/1723888314372223092",,,,,,,,,,,,,,,,,,,,,,,
"Mon Nov 13 01:58:09 +0000 2023;1723882915015414064;""#Gempa Mag:4.7", 13-Nov-2023 08:54:20WIB, Lok:0.72LS, 135.70BT (6 km TimurLaut SUPIORI-PAPUA), Kedlmn:10 Km #BMKG  Disclaimer:Informasi ini mengutamakan kecepatan,,,,,,,,,,,,,,,,,,,,,,
"Mon Nov 13 01:06:51 +0000 2023;1723870004440178934;""#Gempa (UPDATE) Mag:4.0", 13-Nov-23 07:39:17 WIB, Lok:2.17 LS, 115.59 BT (Pusat gempa berada di darat 20 Km Baratlaut Balangan)," Kedlmn:10 Km Dirasakan (MMI) III Tabalong #BMKG https://t.co/PnaKXvVNHR"";40;22;63;149;in;108543358;1723870004440178934;infoBMKG;https://twitter.com/infoBMKG/status/1723870004440178934",,,,,,,,,,,,,,,,,,,,,,
"Mon Nov 13 01:06:41 +0000 2023;1723869960127353272;""#Gempa Dirasakan Magnitudo: 4.0", Kedalaman: 10 km, 13 Nov 2023 07:39:17 WIB," Koordinat: 2.17 LS-115.59 BT (Pusat gempa berada di darat 20 Km Baratlaut Balangan) #BMKG https://t.co/OiHiTwvX8x"";0;2;4;9;in;108543358;1723869960127353272;infoBMKG;https://twitter.com/infoBMKG/status/1723869960127353272",,,,,,,,,,,,,,,,,,,,,,,
"Mon Nov 13 00:58:09 +0000 2023;1723867813465784567;""#Gempa Mag:3.5", 13-Nov-2023 07:54:40WIB, Lok:2.40LU, 128.42BT (41 km TimurLaut DARUBA-MALUT), Kedlmn:224 Km #BMKG  Disclaimer:Informasi ini mengutamakan kecepatan,,,,,,,,,,,,,,,,,,,,,,
"Mon Nov 13 00:44:08 +0000 2023;1723864287649976423;""#Gempa Mag:4.1", 13-Nov-2023 07:39:17WIB, Lok:2.16LS, 115.52BT (21 km BaratLaut BALANGAN-KALSEL), Kedlmn:10 Km #BMKG  Disclaimer:Informasi ini mengutamakan kecepatan,,,,,,,,,,,,,,,,,,,,,,
"Sun Nov 12 23:49:09 +0000 2023;1723850449521082773;""#Gempa Mag:4.4", 13-Nov-2023 06:44:28WIB, Lok:7.88LS, 125.72BT (137 km TimurLaut ALOR-NTT), Kedlmn:10 Km #BMKG  Disclaimer:Informasi ini mengutamakan kecepatan,,,,,,,,,,,,,,,,,,,,,,
"Sun Nov 12 21:33:11 +0000 2023;1723816234662400313;""#Gempa Mag:3.6", 13-Nov-2023 04:29:11WIB, Lok:4.43LS, 133.98BT (126 km Tenggara KAIMANA-PAPUABRT), Kedlmn:10 Km #BMKG  Disclaimer:Informasi ini mengutamakan kecepatan,,,,,,,,,,,,,,,,,,,,,,
"Sun Nov 12 21:08:09 +0000 2023;1723809933416899042;""#Gempa Mag:4.2", 13-Nov-2023 04:05:46WIB, Lok:5.59LU, 126.94BT (179 km TimurLaut MELONGUANE-SULUT), Kedlmn:104 Km #BMKG  Disclaimer:Informasi ini mengutamakan kecepatan,,,,,,,,,,,,,,,,,,,,,,
"Sun Nov 12 20:58:00 +0000 2023;1723807378293100678;""#Gempa (UPDATE) Mag:5.8", 13-Nov-23 03:38:16 WIB, Lok:3.64 LS, 140.38 BT (Pusat gempa berada di darat 53 km BaratDaya Keerom), Kedlmn:24 Km Dirasakan (MMI) III Keerom,,,,,,,,,,,,,,,,,,,,,,
"Sun Nov 12 20:57:52 +0000 2023;1723807344310866002;""#Gempa Dirasakan Magnitudo: 5.8", Kedalaman: 24 km, 13 Nov 2023 03:38:16 WIB," Koordinat: 3.64 LS-140.38 BT (Pusat gempa berada di darat 53 km BaratDaya Keerom) #BMKG https://t.co/OiHiTwvX8x"";0;0;0;9;in;108543358;1723807344310866002;infoBMKG;https://twitter.com/infoBMKG/status/1723807344310866002",,,,,,,,,,,,,,,,,,,,,,,
"Sun Nov 12 20:41:12 +0000 2023;1723803149587403229;""#Gempa Mag:5.8", 13-Nov-23 03:38:16 WIB, Lok:3.64 LS,140.38 BT (53 km BaratDaya KEEROM-PAPUA), Kedlmn:24 Km,,,,,,,,,,,,,,,,,,,,,,
"Sun Nov 12 20:41:11 +0000 2023;1723803144843653525;""#Gempa Magnitudo: 5.8", Kedalaman: 24 km, 13 Nov 2023 03:38:16 WIB, Koordinat: 3.64 LS-140.38 BT (53 km BaratDaya KEEROM-PAPUA)," Tidak berpotensi tsunami #BMKG https://t.co/OiHiTwvX8x"";1;0;2;11;in;108543358;1723803144843653525;infoBMKG;https://twitter.com/infoBMKG/status/1723803144843653525",,,,,,,,,,,,,,,,,,,,,,
"Sun Nov 12 20:41:09 +0000 2023;1723803138417995795;""#Gempa Mag:5.8", 13-Nov-2023 03:38:16WIB, Lok:3.64LS, 140.38BT (53 km BaratDaya KEEROM-PAPUA), Kedlmn:24 Km #BMKG  Disclaimer:Informasi ini mengutamakan kecepatan,,,,,,,,,,,,,,,,,,,,,,
"Sun Nov 12 19:59:11 +0000 2023;1723792575969304972;""#Gempa Mag:3.0", 13-Nov-2023 02:56:47WIB, Lok:2.45LS, 119.45BT (40 km BaratDaya MAMUJUTENGAH-SULBAR), Kedlmn:10 Km #BMKG  Disclaimer:Informasi ini mengutamakan kecepatan,,,,,,,,,,,,,,,,,,,,,,
"Sun Nov 12 19:45:10 +0000 2023;1723789047678824953;""#Gempa Mag:2.6", 13-Nov-2023 02:40:31WIB, Lok:3.80LS, 121.90BT (18 km BaratLaut KONAWE-SULTRA), Kedlmn:10 Km #BMKG  Disclaimer:Informasi ini mengutamakan kecepatan,,,,,,,,,,,,,,,,,,,,,,
"Sun Nov 12 19:35:10 +0000 2023;1723786531822010600;""#Gempa Mag:3.8", 13-Nov-2023 02:32:36WIB, Lok:4.78LU, 97.70BT (21 km BaratDaya KAB-ACEHTIMUR), Kedlmn:10 Km #BMKG  Disclaimer:Informasi ini mengutamakan kecepatan,,,,,,,,,,,,,,,,,,,,,,
"Sun Nov 12 19:34:09 +0000 2023;1723786277458497701;""#Gempa Mag:3.4", 13-Nov-2023 02:29:43WIB, Lok:2.01LS, 139.52BT (61 km TimurLaut SARMI-PAPUA), Kedlmn:17 Km #BMKG  Disclaimer:Informasi ini mengutamakan kecepatan,,,,,,,,,,,,,,,,,,,,,,
"Sun Nov 12 18:07:11 +0000 2023;1723764389541790029;""#Gempa Mag:3.0", 13-Nov-2023 01:02:43WIB, Lok:0.11LS, 123.19BT (72 km Tenggara BONEBOLANGO-GORONTALO), Kedlmn:92 Km #BMKG  Disclaimer:Informasi ini mengutamakan kecepatan,,,,,,,,,,,,,,,,,,,,,,
"Sun Nov 12 17:27:10 +0000 2023;1723754321043738817;""#Gempa Mag:3.6", 13-Nov-2023 00:23:35WIB, Lok:2.38LU, 98.92BT (7 km BaratLaut TOBASAMOSIR-SUMUT), Kedlmn:132 Km #BMKG  Disclaimer:Informasi ini mengutamakan kecepatan,,,,,,,,,,,,,,,,,,,,,,
"Sun Nov 12 16:41:09 +0000 2023;1723742741690208315;""#Gempa Mag:5.0", 12-Nov-2023 23:36:58WIB, Lok:6.31LS, 129.53BT (270 km BaratLaut MALUKUTENGGARABRT), Kedlmn:10 Km #BMKG  Disclaimer:Informasi ini mengutamakan kecepatan,,,,,,,,,,,,,,,,,,,,,,
"Sun Nov 12 16:29:10 +0000 2023;1723739726010827107;""#Gempa Mag:3.1", 12-Nov-2023 23:24:29WIB, Lok:1.51LU, 126.94BT (74 km BaratLaut HALMAHERABARAT-MALUT), Kedlmn:113 Km #BMKG  Disclaimer:Informasi ini mengutamakan kecepatan,,,,,,,,,,,,,,,,,,,,,,
"Sun Nov 12 15:58:09 +0000 2023;1723731919957860519;""#Gempa Mag:4.9", 12-Nov-2023 22:55:14WIB, Lok:4.20LS, 140.10BT (60 km BaratLaut PEG-BINTANG-PAPUA), Kedlmn:108 Km #BMKG  Disclaimer:Informasi ini mengutamakan kecepatan,,,,,,,,,,,,,,,,,,,,,,
"Sun Nov 12 15:55:09 +0000 2023;1723731162894606488;""#Gempa (UPDATE) Mag:3.8", 12-Nov-23 22:08:51 WIB, Lok:2.46 LS, 140.42 BT (Pusat gempa berada di darat 14 km Timur Laut Kab. Jayapura)," Kedlmn:10 Km Dirasakan (MMI) II-III Kab. Jayapura #BMKG https://t.co/TABm2oYYyV"";0;0;2;16;in;108543358;1723731162894606488;infoBMKG;https://twitter.com/infoBMKG/status/1723731162894606488",,,,,,,,,,,,,,,,,,,,,,
"Sun Nov 12 15:55:00 +0000 2023;1723731124319555630;""#Gempa Dirasakan Magnitudo: 3.8", Kedalaman: 10 km, 12 Nov 2023 22:08:51 WIB," Koordinat: 2.46 LS-140.42 BT (Pusat gempa berada di darat 14 km Timur Laut Kab. Jayapura) #BMKG https://t.co/OiHiTwvX8x"";0;0;0;6;in;108543358;1723731124319555630;infoBMKG;https://twitter.com/infoBMKG/status/1723731124319555630",,,,,,,,,,,,,,,,,,,,,,,
"Sun Nov 12 15:41:08 +0000 2023;1723727638412525836;""#Gempa Mag:3.1", 12-Nov-2023 22:39:07WIB, Lok:2.35LS, 140.45BT (96 km TimurLaut KAB-JAYAPURA-PAPUA), Kedlmn:10 Km #BMKG  Disclaimer:Informasi ini mengutamakan kecepatan,,,,,,,,,,,,,,,,,,,,,,
"Sun Nov 12 15:30:10 +0000 2023;1723724875783954840;""#Gempa Mag:2.9", 12-Nov-2023 22:23:40WIB, Lok:8.38LS, 119.88BT (12 km BaratLaut LABUANBAJO-NTT), Kedlmn:151 Km #BMKG  Disclaimer:Informasi ini mengutamakan kecepatan,,,,,,,,,,,,,,,,,,,,,,
"Sun Nov 12 15:12:08 +0000 2023;1723720338146824408;""#Gempa Mag:3.9", 12-Nov-2023 22:08:52WIB, Lok:2.43LS, 140.44BT (89 km TimurLaut KAB-JAYAPURA-PAPUA), Kedlmn:10 Km #BMKG  Disclaimer:Informasi ini mengutamakan kecepatan,,,,,,,,,,,,,,,,,,,,,,
"Sun Nov 12 14:58:10 +0000 2023;1723716823508758613;""#Gempa Mag:3.5", 12-Nov-2023 21:52:28WIB, Lok:5.87LS, 129.89BT (281 km BaratLaut MALUKUTENGGARABRT), Kedlmn:10 Km #BMKG  Disclaimer:Informasi ini mengutamakan kecepatan,,,,,,,,,,,,,,,,,,,,,,
"Sun Nov 12 14:43:27 +0000 2023;1723713120672288843;""#Gempa (UPDATE) Mag:4.2", 12-Nov-23 20:43:34 WIB, Lok:2.58 LS, 121.11 BT (Pusat gempa berada di darat 6 km Barat Laut Luwu Timur), Kedlmn:5 Km Dirasakan (MMI) III Malili,," III Tomoni Timur #BMKG https://t.co/o9WhswECc0"";0;0;9;31;in;108543358;1723713120672288843;infoBMKG;https://twitter.com/infoBMKG/status/1723713120672288843",,,,,,,,,,,,,,,,,,,,
"Sun Nov 12 14:42:29 +0000 2023;1723712877822132383;""#Gempa (UPDATE) Mag:4.2", 12-Nov-23 20:43:34 WIB, Lok:2.58 LS, 121.11 BT (Pusat gempa berada di darat 6 km Barat Laut Luwu Timur), Kedlmn:5 Km Dirasakan (MMI) III Malili,,,,,,,,,,,,,,,,,,,,,,
"Sun Nov 12 14:42:18 +0000 2023;1723712830359408773;""#Gempa Dirasakan Magnitudo: 4.2", Kedalaman: 5 km, 12 Nov 2023 20:43:34 WIB," Koordinat: 2.58 LS-121.11 BT (Pusat gempa berada di darat 6 km Barat Laut Luwu Timur) #BMKG https://t.co/OiHiTwvX8x"";0;1;1;7;in;108543358;1723712830359408773;infoBMKG;https://twitter.com/infoBMKG/status/1723712830359408773",,,,,,,,,,,,,,,,,,,,,,,
"Sun Nov 12 13:47:11 +0000 2023;1723698961477972089;""#Gempa Mag:4.2", 12-Nov-2023 20:43:35WIB, Lok:2.47LS, 121.19BT (12 km TimurLaut LUWUTIMUR-SULSEL), Kedlmn:10 Km #BMKG  Disclaimer:Informasi ini mengutamakan kecepatan,,,,,,,,,,,,,,,,,,,,,,
"Sun Nov 12 11:23:09 +0000 2023;1723662712688017482;""#Gempa Mag:3.2", 12-Nov-2023 18:16:19WIB, Lok:9.47LS, 115.16BT (75 km BaratDaya KUTASELATAN-BALI), Kedlmn:25 Km #BMKG  Disclaimer:Informasi ini mengutamakan kecepatan,,,,,,,,,,,,,,,,,,,,,,
"Sun Nov 12 11:10:09 +0000 2023;1723659441038671916;""#Gempa Mag:3.6", 12-Nov-2023 18:06:21WIB, Lok:9.38LS, 115.23BT (65 km Tenggara KUTASELATAN-BALI), Kedlmn:18 Km #BMKG  Disclaimer:Informasi ini mengutamakan kecepatan,,,,,,,,,,,,,,,,,,,,,,
"Sun Nov 12 09:41:09 +0000 2023;1723637045523104186;""#Gempa Mag:4.1", 12-Nov-2023 16:36:23WIB, Lok:6.54LS, 129.74BT (235 km BaratLaut MALUKUTENGGARABRT), Kedlmn:10 Km #BMKG  Disclaimer:Informasi ini mengutamakan kecepatan,,,,,,,,,,,,,,,,,,,,,,
"Sun Nov 12 09:15:09 +0000 2023;1723630501054099747;""#Gempa Mag:4.0", 12-Nov-2023 16:12:18WIB, Lok:4.37LS, 102.31BT (44 km BaratDaya SELUMA-BENGKULU), Kedlmn:31 Km #BMKG  Disclaimer:Informasi ini mengutamakan kecepatan,,,,,,,,,,,,,,,,,,,,,,
"Sun Nov 12 07:56:10 +0000 2023;1723610621751722144;""#Gempa Mag:3.3", 12-Nov-2023 14:52:04WIB, Lok:9.21LS, 121.69BT (40 km Tenggara ENDE-NTT), Kedlmn:163 Km #BMKG  Disclaimer:Informasi ini mengutamakan kecepatan,,,,,,,,,,,,,,,,,,,,,,
"Sun Nov 12 07:38:09 +0000 2023;1723606090385125398;""#Gempa Mag:2.9", 12-Nov-2023 14:34:00WIB, Lok:5.03LU, 95.91BT (39 km BaratDaya KAB-PIDIE-ACEH), Kedlmn:10 Km #BMKG  Disclaimer:Informasi ini mengutamakan kecepatan,,,,,,,,,,,,,,,,,,,,,,
"Sun Nov 12 05:17:10 +0000 2023;1723570609760903415;""#Gempa Mag:3.3", 12-Nov-2023 12:11:11WIB, Lok:0.09LS, 123.33BT (72 km Tenggara BONEBOLANGO-GORONTALO), Kedlmn:134 Km #BMKG  Disclaimer:Informasi ini mengutamakan kecepatan,,,,,,,,,,,,,,,,,,,,,,
"Sun Nov 12 04:23:09 +0000 2023;1723557017531687017;""#Gempa Mag:4.1", 12-Nov-2023 11:18:11WIB, Lok:6.10LS, 130.71BT (218 km BaratLaut MALUKUTENGGARABRT), Kedlmn:10 Km #BMKG  Disclaimer:Informasi ini mengutamakan kecepatan,,,,,,,,,,,,,,,,,,,,,,
"Sun Nov 12 03:45:10 +0000 2023;1723547457718820875;""#Gempa Mag:4.1", 12-Nov-2023 10:39:17WIB, Lok:5.88LS, 130.13BT (266 km BaratLaut MALUKUTENGGARABRT), Kedlmn:108 Km #BMKG  Disclaimer:Informasi ini mengutamakan kecepatan,,,,,,,,,,,,,,,,,,,,,,
"Sun Nov 12 03:22:12 +0000 2023;1723541676420169770;""#Gempa Mag:3.4", 12-Nov-2023 10:18:12WIB, Lok:3.96LS, 121.71BT (16 km TimurLaut KOLAKA-SULTRA), Kedlmn:10 Km #BMKG  Disclaimer:Informasi ini mengutamakan kecepatan,,,,,,,,,,,,,,,,,,,,,,
"Sun Nov 12 02:26:49 +0000 2023;1723527742048907296;""#Gempa (UPDATE) Mag:5.4", 12-Nov-23 09:06:17 WIB, Lok:10.04 LS, 123.76 BT (Pusat gempa berada di laut 15 km BaratDaya Kab. Kupang), Kedlmn:34 Km Dirasakan (MMI) III - IV Kota Kupang,," II Kabupaten Rote Ndao #BMKG https://t.co/uwgw5l6BdW"";4;1;25;91;in;108543358;1723527742048907296;infoBMKG;https://twitter.com/infoBMKG/status/1723527742048907296",,,,,,,,,,,,,,,,,,,,
"Sun Nov 12 02:26:29 +0000 2023;1723527656308969683;""#Gempa Dirasakan Magnitudo: 5.4", Kedalaman: 34 km, 12 Nov 2023 09:06:17 WIB," Koordinat: 10.04 LS-123.76 BT (Pusat gempa berada di laut 15 km BaratDaya Kab. Kupang) #BMKG https://t.co/OiHiTwvX8x"";0;0;3;15;in;108543358;1723527656308969683;infoBMKG;https://twitter.com/infoBMKG/status/1723527656308969683",,,,,,,,,,,,,,,,,,,,,,,
"Sun Nov 12 02:09:37 +0000 2023;1723523412004630847;""#Gempa Mag:5.4", 12-Nov-23 09:06:17 WIB, Lok:10.04 LS,123.76 BT (15 km BaratDaya KAB-KUPANG-NTT), Kedlmn:34 Km,,,,,,,,,,,,,,,,,,,,,,
"Sun Nov 12 02:09:33 +0000 2023;1723523395386789938;""#Gempa Magnitudo: 5.4", Kedalaman: 34 km, 12 Nov 2023 09:06:17 WIB, Koordinat: 10.04 LS-123.76 BT (15 km BaratDaya KAB-KUPANG-NTT)," Tidak berpotensi tsunami #BMKG https://t.co/OiHiTwvX8x"";0;0;0;14;in;108543358;1723523395386789938;infoBMKG;https://twitter.com/infoBMKG/status/1723523395386789938",,,,,,,,,,,,,,,,,,,,,,
"Sun Nov 12 02:09:09 +0000 2023;1723523293985251704;""#Gempa Mag:5.5", 12-Nov-2023 09:06:17WIB, Lok:10.17LS, 123.81BT (21 km BaratDaya KAB-KUPANG-NTT), Kedlmn:42 Km #BMKG  Disclaimer:Informasi ini mengutamakan kecepatan,,,,,,,,,,,,,,,,,,,,,,
"Sun Nov 12 01:33:09 +0000 2023;1723514235135885579;""#Gempa Mag:4.4", 12-Nov-2023 08:29:13WIB, Lok:5.94LS, 130.08BT (263 km BaratLaut MALUKUTENGGARABRT), Kedlmn:10 Km #BMKG  Disclaimer:Informasi ini mengutamakan kecepatan,,,,,,,,,,,,,,,,,,,,,,
"Sun Nov 12 00:09:10 +0000 2023;1723493098553319632;""#Gempa Mag:2.3", 12-Nov-2023 07:06:25WIB, Lok:3.44LS, 119.78BT (12 km TimurLaut ENREKANG-SULSEL), Kedlmn:10 Km #BMKG  Disclaimer:Informasi ini mengutamakan kecepatan,,,,,,,,,,,,,,,,,,,,,,
"Sun Nov 12 00:00:09 +0000 2023;1723490829011198371;""#Gempa Mag:3.5", 12-Nov-2023 06:56:03WIB, Lok:5.81LU, 126.08BT (211 km BaratLaut MELONGUANE-SULUT), Kedlmn:86 Km #BMKG  Disclaimer:Informasi ini mengutamakan kecepatan,,,,,,,,,,,,,,,,,,,,,,
"Sat Nov 11 22:18:09 +0000 2023;1723465162987102444;""#Gempa Mag:3.7", 12-Nov-2023 05:14:39WIB, Lok:9.52LS, 117.40BT (104 km Tenggara SUMBAWABARAT-NTB), Kedlmn:90 Km #BMKG  Disclaimer:Informasi ini mengutamakan kecepatan,,,,,,,,,,,,,,,,,,,,,,
"Sat Nov 11 21:22:10 +0000 2023;1723451074483458156;""#Gempa Mag:3.7", 12-Nov-2023 04:17:54WIB, Lok:6.52LS, 130.09BT (210 km BaratLaut MALUKUTENGGARABRT), Kedlmn:10 Km #BMKG  Disclaimer:Informasi ini mengutamakan kecepatan,,,,,,,,,,,,,,,,,,,,,,
"Sat Nov 11 20:30:11 +0000 2023;1723437988729049169;""#Gempa Mag:3.7", 12-Nov-2023 03:24:34WIB, Lok:5.06LS, 128.92BT (188 km Tenggara BURUSELATAN-MALUKU), Kedlmn:305 Km #BMKG  Disclaimer:Informasi ini mengutamakan kecepatan,,,,,,,,,,,,,,,,,,,,,,
"Sat Nov 11 20:16:09 +0000 2023;1723434460715401443;""#Gempa Mag:4.1", 12-Nov-2023 03:13:02WIB, Lok:3.47LS, 101.57BT (69 km BaratDaya BENGKULUUTARA), Kedlmn:10 Km #BMKG  Disclaimer:Informasi ini mengutamakan kecepatan,,,,,,,,,,,,,,,,,,,,,,
"Sat Nov 11 20:10:10 +0000 2023;1723432951109816781;""#Gempa Mag:4.6", 12-Nov-2023 03:07:30WIB, Lok:10.06LS, 123.73BT (18 km BaratDaya KAB-KUPANG-NTT), Kedlmn:10 Km #BMKG  Disclaimer:Informasi ini mengutamakan kecepatan,,,,,,,,,,,,,,,,,,,,,,
"Sat Nov 11 20:07:09 +0000 2023;1723432192813232524;""#Gempa Mag:3.5", 12-Nov-2023 03:03:06WIB, Lok:7.38LS, 129.15BT (173 km TimurLaut MALUKUBRTDAYA), Kedlmn:94 Km #BMKG  Disclaimer:Informasi ini mengutamakan kecepatan,,,,,,,,,,,,,,,,,,,,,,
"Sat Nov 11 19:11:10 +0000 2023;1723418104443941173;""#Gempa Mag:4.6", 12-Nov-2023 02:08:01WIB, Lok:6.03LS, 129.93BT (264 km BaratLaut MALUKUTENGGARABRT), Kedlmn:10 Km #BMKG  Disclaimer:Informasi ini mengutamakan kecepatan,,,,,,,,,,,,,,,,,,,,,,
"Sat Nov 11 18:43:09 +0000 2023;1723411055211323649;""#Gempa Mag:3.1", 12-Nov-2023 01:36:57WIB, Lok:10.12LS, 123.68BT (27 km BaratDaya KAB-KUPANG-NTT), Kedlmn:10 Km #BMKG  Disclaimer:Informasi ini mengutamakan kecepatan,,,,,,,,,,,,,,,,,,,,,,
"Sat Nov 11 18:14:10 +0000 2023;1723403759248900581;""#Gempa Mag:4.3", 12-Nov-2023 01:10:55WIB, Lok:6.10LS, 129.95BT (256 km BaratLaut MALUKUTENGGARABRT), Kedlmn:10 Km #BMKG  Disclaimer:Informasi ini mengutamakan kecepatan,,,,,,,,,,,,,,,,,,,,,,
"Sat Nov 11 18:01:10 +0000 2023;1723400487842861541;""#Gempa Mag:4.2", 12-Nov-2023 00:55:46WIB, Lok:6.10LS, 129.96BT (256 km BaratLaut MALUKUTENGGARABRT), Kedlmn:10 Km #BMKG  Disclaimer:Informasi ini mengutamakan kecepatan,,,,,,,,,,,,,,,,,,,,,,
"Sat Nov 11 17:24:09 +0000 2023;1723391175238062398;""#Gempa Mag:3.3", 12-Nov-2023 00:21:02WIB, Lok:1.21LS, 99.78BT (75 km BaratDaya PARIAMAN-SUMBAR), Kedlmn:31 Km #BMKG  Disclaimer:Informasi ini mengutamakan kecepatan,,,,,,,,,,,,,,,,,,,,,,
"Sat Nov 11 17:19:09 +0000 2023;1723389916359585810;""#Gempa Mag:3.8", 12-Nov-2023 00:13:40WIB, Lok:5.87LS, 129.91BT (280 km BaratLaut MALUKUTENGGARABRT), Kedlmn:77 Km #BMKG  Disclaimer:Informasi ini mengutamakan kecepatan,,,,,,,,,,,,,,,,,,,,,,
"Sat Nov 11 17:03:10 +0000 2023;1723385893078360096;""#Gempa Mag:3.2", 11-Nov-2023 23:59:22WIB, Lok:2.66LU, 126.77BT (149 km Tenggara MELONGUANE-SULUT), Kedlmn:15 Km #BMKG  Disclaimer:Informasi ini mengutamakan kecepatan,,,,,,,,,,,,,,,,,,,,,,
"Sat Nov 11 16:42:11 +0000 2023;1723380610876789147;""#Gempa Mag:3.8", 11-Nov-2023 23:39:47WIB, Lok:3.04LS, 130.79BT (34 km TimurLaut SERAMBAGIANTIMUR-MALUKU), Kedlmn:10 Km #BMKG  Disclaimer:Informasi ini mengutamakan kecepatan,,,,,,,,,,,,,,,,,,,,,,
"Sat Nov 11 16:31:11 +0000 2023;1723377844288643557;""#Gempa Mag:4.1", 11-Nov-2023 23:28:31WIB, Lok:6.27LS, 129.64BT (264 km BaratLaut MALUKUTENGGARABRT), Kedlmn:10 Km #BMKG  Disclaimer:Informasi ini mengutamakan kecepatan,,,,,,,,,,,,,,,,,,,,,,
"Sat Nov 11 15:32:09 +0000 2023;1723362988546253224;""#Gempa Mag:2.9", 11-Nov-2023 22:26:06WIB, Lok:9.57LS, 119.56BT (7 km BaratLaut WAIBAKUL-NTT), Kedlmn:50 Km #BMKG  Disclaimer:Informasi ini mengutamakan kecepatan,,,,,,,,,,,,,,,,,,,,,,
"Sat Nov 11 15:02:10 +0000 2023;1723355441894396262;""#Gempa Mag:3.3", 11-Nov-2023 21:56:55WIB, Lok:2.08LU, 127.74BT (48 km BaratLaut TOBELO-MALUT), Kedlmn:222 Km #BMKG  Disclaimer:Informasi ini mengutamakan kecepatan,,,,,,,,,,,,,,,,,,,,,,
"Sat Nov 11 14:50:09 +0000 2023;1723352416815652974;""#Gempa Mag:2.6", 11-Nov-2023 21:43:52WIB, Lok:6.68LS, 106.61BT (22 km BaratDaya KOTA-BOGOR-JABAR), Kedlmn:12 Km #BMKG  Disclaimer:Informasi ini mengutamakan kecepatan,,,,,,,,,,,,,,,,,,,,,,
"Sat Nov 11 14:22:08 +0000 2023;1723345369587974611;""#Gempa Mag:2.6", 11-Nov-2023 21:19:31WIB, Lok:7.67LS, 106.62BT (76 km Tenggara KAB-SUKABUMI-JABAR), Kedlmn:23 Km #BMKG  Disclaimer:Informasi ini mengutamakan kecepatan,,,,,,,,,,,,,,,,,,,,,,
"Sat Nov 11 13:23:10 +0000 2023;1723330528416510115;""#Gempa Mag:2.9", 11-Nov-2023 20:19:59WIB, Lok:1.97LU, 98.97BT (5 km Tenggara TAPANULIUTARA-SUMUT), Kedlmn:107 Km #BMKG  Disclaimer:Informasi ini mengutamakan kecepatan,,,,,,,,,,,,,,,,,,,,,,
"Sat Nov 11 11:34:09 +0000 2023;1723303092723269870;""#Gempa Mag:4.0", 11-Nov-2023 18:29:55WIB, Lok:5.26LU, 127.36BT (159 km TimurLaut MELONGUANE-SULUT), Kedlmn:10 Km #BMKG  Disclaimer:Informasi ini mengutamakan kecepatan,,,,,,,,,,,,,,,,,,,,,,
"Sat Nov 11 10:59:10 +0000 2023;1723294288539537508;""#Gempa Mag:2.8", 11-Nov-2023 17:54:10WIB, Lok:8.37LS, 120.61BT (31 km TimurLaut RUTENG-MANGGARAI-NTT), Kedlmn:158 Km #BMKG  Disclaimer:Informasi ini mengutamakan kecepatan,,,,,,,,,,,,,,,,,,,,,,
"Sat Nov 11 10:00:10 +0000 2023;1723279442360082823;""#Gempa Mag:4.0", 11-Nov-2023 16:56:08WIB, Lok:5.93LS, 130.08BT (264 km BaratLaut MALUKUTENGGARABRT), Kedlmn:10 Km #BMKG  Disclaimer:Informasi ini mengutamakan kecepatan,,,,,,,,,,,,,,,,,,,,,,
"Sat Nov 11 09:14:10 +0000 2023;1723267866722734139;""#Gempa Mag:3.7", 11-Nov-2023 16:10:59WIB, Lok:2.79LS, 129.90BT (74 km BaratLaut SERAMBAGIANTIMUR-MALUKU), Kedlmn:10 Km #BMKG  Disclaimer:Informasi ini mengutamakan kecepatan,,,,,,,,,,,,,,,,,,,,,,
"Sat Nov 11 08:37:10 +0000 2023;1723258555455922485;""#Gempa Mag:3.3", 11-Nov-2023 15:31:14WIB, Lok:1.55LS, 134.34BT (80 km Tenggara MANOKWARISEL-PAPUABRT), Kedlmn:10 Km #BMKG  Disclaimer:Informasi ini mengutamakan kecepatan,,,,,,,,,,,,,,,,,,,,,,
"Sat Nov 11 08:29:53 +0000 2023;1723256720536072284;""#Gempa (UPDATE) Mag:2.3", 11-Nov-23 14:56:33 WIB, Lok:6.67 LS, 106.61 BT (Pusat gempa berada di darat 22 Km Barat Daya Kota Bogor), Kedlmn:9 Km Dirasakan (MMI) II Leuwiliang,," II Pamijahan #BMKG https://t.co/3CCRKFs4ds"";0;0;6;19;in;108543358;1723256720536072284;infoBMKG;https://twitter.com/infoBMKG/status/1723256720536072284",,,,,,,,,,,,,,,,,,,,
"Sat Nov 11 08:29:43 +0000 2023;1723256677187932461;""#Gempa Dirasakan Magnitudo: 2.3", Kedalaman: 9 km, 11 Nov 2023 14:56:33 WIB," Koordinat: 6.67 LS-106.61 BT (Pusat gempa berada di darat 22 Km Barat Daya Kota Bogor) #BMKG https://t.co/OiHiTwvX8x"";0;0;0;6;in;108543358;1723256677187932461;infoBMKG;https://twitter.com/infoBMKG/status/1723256677187932461",,,,,,,,,,,,,,,,,,,,,,,
"Sat Nov 11 08:21:10 +0000 2023;1723254526545969622;""#Gempa Mag:4.6", 11-Nov-2023 15:17:46WIB, Lok:7.68LS, 119.40BT (105 km BaratLaut LABUANBAJO-NTT), Kedlmn:251 Km #BMKG  Disclaimer:Informasi ini mengutamakan kecepatan,,,,,,,,,,,,,,,,,,,,,,
"Sat Nov 11 07:46:04 +0000 2023;1723245692238655900;""#Gempa (UPDATE) Mag:3.5", 11-Nov-23 13:57:48 WIB, Lok:6.75 LS, 106.57 BT (Pusat gempa berada di darat 26 Km Timur Laut Kabupaten Sukabumi), Kedlmn:7 Km Dirasakan (MMI) III Sukabumi ,, II-III Bogor Barat, II-III Karanghawu ," II-III Bayah #BMKG https://t.co/RSQbuEXyDK"";2;2;13;63;in;108543358;1723245692238655900;infoBMKG;https://twitter.com/infoBMKG/status/1723245692238655900",,,,,,,,,,,,,,,,,,
"Sat Nov 11 07:16:48 +0000 2023;1723238327648981262;""#Gempa (UPDATE) Mag:3.5", 11-Nov-23 13:57:48 WIB, Lok:6.75 LS, 106.57 BT (Pusat gempa berada di darat 26 Km Timur Laut Kabupaten Sukabumi), Kedlmn:7 Km Dirasakan (MMI) III Sukabumi ,, II-III Bogor Barat, II-III Karanghawu ," II-III Bayah #BMKG https://t.co/JPDQyiQTUT"";2;0;25;64;in;108543358;1723238327648981262;infoBMKG;https://twitter.com/infoBMKG/status/1723238327648981262",,,,,,,,,,,,,,,,,,
"Sat Nov 11 07:16:31 +0000 2023;1723238259541885218;""#Gempa Dirasakan Magnitudo: 3.5", Kedalaman: 7 km, 11 Nov 2023 13:57:48 WIB," Koordinat: 6.75 LS-106.57 BT (Pusat gempa berada di darat 26 Km Timur Laut Kabupaten Sukabumi) #BMKG https://t.co/OiHiTwvX8x"";0;0;1;5;in;108543358;1723238259541885218;infoBMKG;https://twitter.com/infoBMKG/status/1723238259541885218",,,,,,,,,,,,,,,,,,,,,,,
"Sat Nov 11 06:45:35 +0000 2023;1723230474964029815;""#Gempa Magnitudo: 5.9", Kedalaman: 127 km, 11 Nov 2023 13:41:53 WIB, Koordinat: 5.70 LS-130.09 BT (286 km BaratLaut TANIMBAR)," Tidak berpotensi tsunami #BMKG https://t.co/OiHiTwvX8x"";0;0;0;6;in;108543358;1723230474964029815;infoBMKG;https://twitter.com/infoBMKG/status/1723230474964029815",,,,,,,,,,,,,,,,,,,,,,
"Sat Nov 11 06:45:35 +0000 2023;1723230472086618322;""#Gempa Mag:5.9", 11-Nov-23 13:41:53 WIB, Lok:5.70 LS,130.09 BT (286 km BaratLaut TANIMBAR), Kedlmn:127 Km,,,,,,,,,,,,,,,,,,,,,,
"Sat Nov 11 06:45:10 +0000 2023;1723230366511804523;""#Gempa Mag:5.8", 11-Nov-2023 13:41:53WIB, Lok:5.70LS, 130.09BT (286 km BaratLaut MALUKUTENGGARABRT), Kedlmn:127 Km #BMKG  Disclaimer:Informasi ini mengutamakan kecepatan,,,,,,,,,,,,,,,,,,,,,,
"Sat Nov 11 01:38:01 +0000 2023;1723153072749515262;""#Gempa (UPDATE) Mag:3.9", 11-Nov-23 08:16:02 WIB, Lok:2.53 LU, 98.71 BT (Pusat gempa berada di darat 10 Km Tenggara Samosir)," Kedlmn:2 Km Dirasakan (MMI) III Samosir #BMKG https://t.co/Z9hRgRt13G"";2;2;7;41;in;108543358;1723153072749515262;infoBMKG;https://twitter.com/infoBMKG/status/1723153072749515262",,,,,,,,,,,,,,,,,,,,,,
"Sat Nov 11 01:37:51 +0000 2023;1723153031062339806;""#Gempa Dirasakan Magnitudo: 3.9", Kedalaman: 2 km, 11 Nov 2023 08:16:02 WIB," Koordinat: 2.53 LU-98.71 BT (Pusat gempa berada di darat 10 Km Tenggara Samosir) #BMKG https://t.co/OiHiTwvX8x"";0;0;1;3;in;108543358;1723153031062339806;infoBMKG;https://twitter.com/infoBMKG/status/1723153031062339806",,,,,,,,,,,,,,,,,,,,,,,
"Sat Nov 11 00:39:09 +0000 2023;1723138257742118966;""#Gempa Mag:3.4", 11-Nov-2023 07:36:13WIB, Lok:2.54LU, 98.72BT (9 km Tenggara SAMOSIR-SUMUT), Kedlmn:10 Km #BMKG  Disclaimer:Informasi ini mengutamakan kecepatan,,,,,,,,,,,,,,,,,,,,,,
"Sat Nov 11 00:33:09 +0000 2023;1723136747603980293;""#Gempa Mag:4.1", 11-Nov-2023 07:26:18WIB, Lok:5.86LS, 130.13BT (268 km BaratLaut MALUKUTENGGARABRT), Kedlmn:10 Km #BMKG  Disclaimer:Informasi ini mengutamakan kecepatan,,,,,,,,,,,,,,,,,,,,,,
"Sat Nov 11 00:14:08 +0000 2023;1723131959856263393;""#Gempa Mag:4.8", 11-Nov-2023 07:11:29WIB, Lok:1.64LS, 139.44BT (95 km TimurLaut SARMI-PAPUA), Kedlmn:10 Km #BMKG  Disclaimer:Informasi ini mengutamakan kecepatan,,,,,,,,,,,,,,,,,,,,,,
"Fri Nov 10 23:52:09 +0000 2023;1723126430186557825;""#Gempa Mag:4.2", 11-Nov-2023 06:48:23WIB, Lok:2.32LS, 100.95BT (33 km BaratLaut MUKOMUKO-BENGKULU), Kedlmn:38 Km #BMKG  Disclaimer:Informasi ini mengutamakan kecepatan,,,,,,,,,,,,,,,,,,,,,,
"Fri Nov 10 23:42:09 +0000 2023;1723123914526937178;""#Gempa Mag:3.8", 11-Nov-2023 06:37:07WIB, Lok:5.73LS, 129.91BT (289 km Tenggara MALUKUTENGAH), Kedlmn:750 Km #BMKG  Disclaimer:Informasi ini mengutamakan kecepatan,,,,,,,,,,,,,,,,,,,,,,
"Fri Nov 10 23:34:09 +0000 2023;1723121898765353155;""#Gempa Mag:4.6", 11-Nov-2023 06:29:59WIB, Lok:6.15LS, 129.86BT (258 km BaratLaut MALUKUTENGGARABRT), Kedlmn:10 Km #BMKG  Disclaimer:Informasi ini mengutamakan kecepatan,,,,,,,,,,,,,,,,,,,,,,
"Fri Nov 10 23:18:10 +0000 2023;1723117875488284766;""#Gempa Mag:4.1", 11-Nov-2023 06:13:33WIB, Lok:5.95LS, 129.92BT (272 km BaratLaut MALUKUTENGGARABRT), Kedlmn:170 Km #BMKG  Disclaimer:Informasi ini mengutamakan kecepatan,,,,,,,,,,,,,,,,,,,,,,
"Fri Nov 10 23:01:10 +0000 2023;1723113599512781200;""#Gempa Mag:3.8", 11-Nov-2023 05:56:57WIB, Lok:0.76LU, 97.96BT (26 km TimurLaut NIASSELATAN-SUMUT), Kedlmn:10 Km #BMKG  Disclaimer:Informasi ini mengutamakan kecepatan,,,,,,,,,,,,,,,,,,,,,,
"Fri Nov 10 22:25:09 +0000 2023;1723104535768609234;""#Gempa Mag:4.7", 11-Nov-2023 05:18:02WIB, Lok:10.05LS, 127.25BT (219 km BaratDaya MALUKUBRTDAYA), Kedlmn:750 Km #BMKG  Disclaimer:Informasi ini mengutamakan kecepatan,,,,,,,,,,,,,,,,,,,,,,
"Fri Nov 10 22:06:10 +0000 2023;1723099758129185104;""#Gempa Mag:3.6", 11-Nov-2023 05:03:51WIB, Lok:3.64LS, 127.31BT (47 km Tenggara BURU-MALUKU), Kedlmn:10 Km #BMKG  Disclaimer:Informasi ini mengutamakan kecepatan,,,,,,,,,,,,,,,,,,,,,,
"Fri Nov 10 22:00:10 +0000 2023;1723098247710040573;""#Gempa Mag:3.4", 11-Nov-2023 04:56:35WIB, Lok:6.12LS, 129.91BT (257 km BaratLaut MALUKUTENGGARABRT), Kedlmn:10 Km #BMKG  Disclaimer:Informasi ini mengutamakan kecepatan,,,,,,,,,,,,,,,,,,,,,,
"Fri Nov 10 21:56:46 +0000 2023;1723097393539997924;""#Gempa (UPDATE) Mag:3.9", 11-Nov-23 01:27:32 WIB, Lok:0.73 LS, 133.50 BT (Pusat gempa berada didarat 50 km TimurLaut KEBAR, Manokwari),,,,,,,,,,,,,,,,,,,,,,
"Fri Nov 10 21:56:37 +0000 2023;1723097355971670372;""#Gempa Dirasakan Magnitudo: 3.9", Kedalaman: 7 km, 11 Nov 2023 01:27:32 WIB, Koordinat: 0.73 LS-133.50 BT (Pusat gempa berada didarat 50 km TimurLaut KEBAR," Manokwari) #BMKG https://t.co/OiHiTwvX8x"";0;0;1;4;in;108543358;1723097355971670372;infoBMKG;https://twitter.com/infoBMKG/status/1723097355971670372",,,,,,,,,,,,,,,,,,,,,,
"Fri Nov 10 21:52:10 +0000 2023;1723096232628040046;""#Gempa Mag:3.7", 11-Nov-2023 04:49:03WIB, Lok:5.96LS, 130.07BT (262 km BaratLaut MALUKUTENGGARABRT), Kedlmn:10 Km #BMKG  Disclaimer:Informasi ini mengutamakan kecepatan,,,,,,,,,,,,,,,,,,,,,,
"Fri Nov 10 21:48:09 +0000 2023;1723095225399386137;""#Gempa Mag:3.6", 11-Nov-2023 04:44:52WIB, Lok:6.07LS, 129.95BT (259 km BaratLaut MALUKUTENGGARABRT), Kedlmn:31 Km #BMKG  Disclaimer:Informasi ini mengutamakan kecepatan,,,,,,,,,,,,,,,,,,,,,,
"Fri Nov 10 21:36:10 +0000 2023;1723092208130437126;""#Gempa Mag:4.9", 11-Nov-2023 04:33:01WIB, Lok:6.12LS, 129.99BT (252 km BaratLaut MALUKUTENGGARABRT), Kedlmn:10 Km #BMKG  Disclaimer:Informasi ini mengutamakan kecepatan,,,,,,,,,,,,,,,,,,,,,,
"Fri Nov 10 21:24:10 +0000 2023;1723089187241615686;""#Gempa Mag:5.5", 11-Nov-2023 04:20:14WIB, Lok:6.06LS, 129.98BT (258 km BaratLaut MALUKUTENGGARABRT), Kedlmn:10 Km #BMKG  Disclaimer:Informasi ini mengutamakan kecepatan,,,,,,,,,,,,,,,,,,,,,,
"Fri Nov 10 21:23:27 +0000 2023;1723089006844600714;""#Gempa Mag:5.3", 11-Nov-23 04:20:13 WIB, Lok:6.11 LS,129.92 BT (257 km BaratLaut TANIMBAR), Kedlmn:10 Km,,,,,,,,,,,,,,,,,,,,,,
"Fri Nov 10 21:23:26 +0000 2023;1723089003904409604;""#Gempa Magnitudo: 5.3", Kedalaman: 10 km, 11 Nov 2023 04:20:13 WIB, Koordinat: 6.11 LS-129.92 BT (257 km BaratLaut TANIMBAR)," Tidak berpotensi tsunami #BMKG https://t.co/OiHiTwvX8x"";0;0;1;2;in;108543358;1723089003904409604;infoBMKG;https://twitter.com/infoBMKG/status/1723089003904409604",,,,,,,,,,,,,,,,,,,,,,
"Fri Nov 10 21:19:10 +0000 2023;1723087930452066665;""#Gempa Mag:5.4", 11-Nov-2023 04:13:39WIB, Lok:6.09LS, 130.11BT (247 km BaratLaut MALUKUTENGGARABRT), Kedlmn:10 Km #BMKG  Disclaimer:Informasi ini mengutamakan kecepatan,,,,,,,,,,,,,,,,,,,,,,
"Fri Nov 10 21:16:59 +0000 2023;1723087378448003451;""#Gempa Mag:5.3", 11-Nov-23 04:13:38 WIB, Lok:6.09 LS,130.03 BT (252 km BaratLaut TANIMBAR), Kedlmn:10 Km,,,,,,,,,,,,,,,,,,,,,,
"Fri Nov 10 21:16:55 +0000 2023;1723087364371935395;""#Gempa Magnitudo: 5.3", Kedalaman: 10 km, 11 Nov 2023 04:13:38 WIB, Koordinat: 6.09 LS-130.03 BT (252 km BaratLaut TANIMBAR)," Tidak berpotensi tsunami #BMKG https://t.co/OiHiTwvX8x"";0;0;1;4;in;108543358;1723087364371935395;infoBMKG;https://twitter.com/infoBMKG/status/1723087364371935395",,,,,,,,,,,,,,,,,,,,,,
"Fri Nov 10 21:14:09 +0000 2023;1723086668780142639;""#Gempa Mag:5.3", 11-Nov-2023 04:08:56WIB, Lok:6.09LS, 130.00BT (254 km BaratLaut MALUKUTENGGARABRT), Kedlmn:10 Km #BMKG  Disclaimer:Informasi ini mengutamakan kecepatan,,,,,,,,,,,,,,,,,,,,,,
"Fri Nov 10 21:13:10 +0000 2023;1723086417579167889;""#Gempa Mag:5.3", 11-Nov-2023 04:06:01WIB, Lok:6.08LS, 129.97BT (257 km BaratLaut MALUKUTENGGARABRT), Kedlmn:10 Km #BMKG  Disclaimer:Informasi ini mengutamakan kecepatan,,,,,,,,,,,,,,,,,,,,,,
"Fri Nov 10 21:12:10 +0000 2023;1723086166512296320;""#Gempa Mag:5.1", 11-Nov-2023 04:08:56WIB, Lok:6.12LS, 129.97BT (253 km BaratLaut MALUKUTENGGARABRT), Kedlmn:10 Km #BMKG  Disclaimer:Informasi ini mengutamakan kecepatan,,,,,,,,,,,,,,,,,,,,,,
"Fri Nov 10 21:09:36 +0000 2023;1723085522401423455;""#Gempa Mag:5.2", 11-Nov-23 04:06:00 WIB, Lok:6.10 LS,129.91 BT (259 km BaratLaut TANIMBAR), Kedlmn:10 Km,,,,,,,,,,,,,,,,,,,,,,
"Fri Nov 10 21:09:34 +0000 2023;1723085515145298247;""#Gempa Magnitudo: 5.2", Kedalaman: 10 km, 11 Nov 2023 04:06:00 WIB, Koordinat: 6.10 LS-129.91 BT (259 km BaratLaut TANIMBAR)," Tidak berpotensi tsunami #BMKG https://t.co/OiHiTwvX8x"";0;0;0;3;in;108543358;1723085515145298247;infoBMKG;https://twitter.com/infoBMKG/status/1723085515145298247",,,,,,,,,,,,,,,,,,,,,,
"Fri Nov 10 21:09:10 +0000 2023;1723085411575324856;""#Gempa Mag:5.3", 11-Nov-2023 04:06:01WIB, Lok:6.08LS, 129.97BT (257 km BaratLaut MALUKUTENGGARABRT), Kedlmn:10 Km #BMKG  Disclaimer:Informasi ini mengutamakan kecepatan,,,,,,,,,,,,,,,,,,,,,,
"Fri Nov 10 21:07:09 +0000 2023;1723084906782466546;""#Gempa Mag:4.8", 11-Nov-2023 04:01:26WIB, Lok:6.17LS, 129.81BT (260 km BaratLaut MALUKUTENGGARABRT), Kedlmn:10 Km #BMKG  Disclaimer:Informasi ini mengutamakan kecepatan,,,,,,,,,,,,,,,,,,,,,,
"Fri Nov 10 20:50:10 +0000 2023;1723080632467927064;""#Gempa Mag:6.0", 11-Nov-2023 03:45:15WIB, Lok:6.05LS, 129.96BT (260 km BaratLaut MALUKUTENGGARABRT), Kedlmn:78 Km #BMKG  Disclaimer:Informasi ini mengutamakan kecepatan,,,,,,,,,,,,,,,,,,,,,,
"Fri Nov 10 20:48:52 +0000 2023;1723080304557187341;""#Gempa Mag:6.2", 11-Nov-23 03:45:13 WIB, Lok:6.10 LS,130.06 BT (249 km BaratLaut TANIMBAR), Kedlmn:10 Km,,,,,,,,,,,,,,,,,,,,,,
"Fri Nov 10 20:48:48 +0000 2023;1723080288069456363;""#Gempa Magnitudo: 6.2", Kedalaman: 10 km, 11 Nov 2023 03:45:13 WIB, Koordinat: 6.10 LS-130.06 BT (249 km BaratLaut TANIMBAR)," Tidak berpotensi tsunami #BMKG https://t.co/OiHiTwvX8x"";0;0;0;4;in;108543358;1723080288069456363;infoBMKG;https://twitter.com/infoBMKG/status/1723080288069456363",,,,,,,,,,,,,,,,,,,,,,
"Fri Nov 10 19:57:11 +0000 2023;1723067298788098118;""#Gempa Mag:4.3", 11-Nov-2023 02:53:52WIB, Lok:6.11LS, 129.95BT (255 km BaratLaut MALUKUTENGGARABRT), Kedlmn:10 Km #BMKG  Disclaimer:Informasi ini mengutamakan kecepatan,,,,,,,,,,,,,,,,,,,,,,
"Fri Nov 10 19:33:11 +0000 2023;1723061260001087976;""#Gempa Mag:2.7", 11-Nov-2023 02:30:13WIB, Lok:0.36LS, 124.43BT (95 km Tenggara BOLAANGUKI-BOLSEL-SULUT), Kedlmn:10 Km #BMKG  Disclaimer:Informasi ini mengutamakan kecepatan,,,,,,,,,,,,,,,,,,,,,,
"Fri Nov 10 19:03:09 +0000 2023;1723053700623868112;""#Gempa Mag:3.8", 11-Nov-2023 01:56:17WIB, Lok:6.06LS, 129.89BT (264 km BaratLaut MALUKUTENGGARABRT), Kedlmn:10 Km #BMKG  Disclaimer:Informasi ini mengutamakan kecepatan,,,,,,,,,,,,,,,,,,,,,,
"Fri Nov 10 18:34:11 +0000 2023;1723046409849774317;""#Gempa Mag:3.9", 11-Nov-2023 01:27:32WIB, Lok:0.74LS, 133.52BT (42 km BaratLaut PEGUNUNGANARFAK-PAPUABRT), Kedlmn:11 Km #BMKG  Disclaimer:Informasi ini mengutamakan kecepatan,,,,,,,,,,,,,,,,,,,,,,
"Fri Nov 10 16:54:49 +0000 2023;1723021404323684667;""#Gempa (UPDATE) Mag:2.3", 10-Nov-23 23:33:15 WIB, Lok:6.84 LS, 107.08 BT (Pusat gempa berada di darat 6 km Barat Daya Kabupaten Cianjur), Kedlmn:5 Km Dirasakan (MMI) II-III Cugenang,, II-III Warungkondang," II-III Cilaku #BMKG https://t.co/5ykFV5yOvG"";1;3;21;41;in;108543358;1723021404323684667;infoBMKG;https://twitter.com/infoBMKG/status/1723021404323684667",,,,,,,,,,,,,,,,,,,
"Fri Nov 10 16:54:42 +0000 2023;1723021376070852769;""#Gempa Dirasakan Magnitudo: 2.3", Kedalaman: 5 km, 10 Nov 2023 23:33:15 WIB," Koordinat: 6.84 LS-107.08 BT (Pusat gempa berada di darat 6 km Barat Daya Kabupaten Cianjur) #BMKG https://t.co/OiHiTwvX8x"";0;0;0;5;in;108543358;1723021376070852769;infoBMKG;https://twitter.com/infoBMKG/status/1723021376070852769",,,,,,,,,,,,,,,,,,,,,,,
"Fri Nov 10 15:41:10 +0000 2023;1723002867135742262;""#Gempa Mag:3.5", 10-Nov-2023 22:34:31WIB, Lok:6.01LS, 103.93BT (91 km BaratDaya PESISIRBARAT-LAMPUNG), Kedlmn:11 Km #BMKG  Disclaimer:Informasi ini mengutamakan kecepatan,,,,,,,,,,,,,,,,,,,,,,
"Fri Nov 10 14:27:09 +0000 2023;1722984241104028064;""#Gempa Mag:4.8", 10-Nov-2023 21:22:58WIB, Lok:7.06LS, 129.96BT (180 km BaratLaut MALUKUTENGGARABRT), Kedlmn:120 Km #BMKG  Disclaimer:Informasi ini mengutamakan kecepatan,,,,,,,,,,,,,,,,,,,,,,
"Fri Nov 10 13:21:10 +0000 2023;1722967636257231003;""#Gempa Mag:3.6", 10-Nov-2023 20:15:39WIB, Lok:5.83LS, 130.12BT (271 km BaratLaut MALUKUTENGGARABRT), Kedlmn:10 Km #BMKG  Disclaimer:Informasi ini mengutamakan kecepatan,,,,,,,,,,,,,,,,,,,,,,
"Fri Nov 10 12:56:10 +0000 2023;1722961345107353935;""#Gempa Mag:4.2", 10-Nov-2023 19:51:45WIB, Lok:5.93LS, 130.08BT (264 km BaratLaut MALUKUTENGGARABRT), Kedlmn:10 Km #BMKG  Disclaimer:Informasi ini mengutamakan kecepatan,,,,,,,,,,,,,,,,,,,,,,
"Fri Nov 10 12:47:09 +0000 2023;1722959077897388294;""#Gempa Mag:4.0", 10-Nov-2023 19:42:59WIB, Lok:5.99LS, 130.10BT (257 km BaratLaut MALUKUTENGGARABRT), Kedlmn:10 Km #BMKG  Disclaimer:Informasi ini mengutamakan kecepatan,,,,,,,,,,,,,,,,,,,,,,
"Fri Nov 10 12:39:09 +0000 2023;1722957063951991280;""#Gempa Mag:3.9", 10-Nov-2023 19:36:07WIB, Lok:4.16LS, 140.30BT (50 km BaratLaut PEG-BINTANG-PAPUA), Kedlmn:88 Km #BMKG  Disclaimer:Informasi ini mengutamakan kecepatan,,,,,,,,,,,,,,,,,,,,,,
"Fri Nov 10 11:19:10 +0000 2023;1722936932798546182;""#Gempa Mag:4.1", 10-Nov-2023 18:12:11WIB, Lok:5.95LS, 130.08BT (262 km BaratLaut MALUKUTENGGARABRT), Kedlmn:10 Km #BMKG  Disclaimer:Informasi ini mengutamakan kecepatan,,,,,,,,,,,,,,,,,,,,,,
"Fri Nov 10 09:57:10 +0000 2023;1722916296768250306;""#Gempa Mag:3.0", 10-Nov-2023 16:52:34WIB, Lok:9.13LS, 123.81BT (81 km Tenggara LEMBATA-NTT), Kedlmn:79 Km #BMKG  Disclaimer:Informasi ini mengutamakan kecepatan,,,,,,,,,,,,,,,,,,,,,,
"Fri Nov 10 08:53:10 +0000 2023;1722900191366549604;""#Gempa Mag:4.9", 10-Nov-2023 15:49:42WIB, Lok:6.11LS, 129.95BT (255 km BaratLaut MALUKUTENGGARABRT), Kedlmn:10 Km #BMKG  Disclaimer:Informasi ini mengutamakan kecepatan,,,,,,,,,,,,,,,,,,,,,,
"Fri Nov 10 08:37:09 +0000 2023;1722896162594922816;""#Gempa Mag:4.7", 10-Nov-2023 15:32:01WIB, Lok:5.99LS, 130.03BT (261 km BaratLaut MALUKUTENGGARABRT), Kedlmn:10 Km #BMKG  Disclaimer:Informasi ini mengutamakan kecepatan,,,,,,,,,,,,,,,,,,,,,,
"Fri Nov 10 08:29:09 +0000 2023;1722894148456652852;""#Gempa Mag:4.5", 10-Nov-2023 15:25:07WIB, Lok:5.97LS, 130.10BT (259 km BaratLaut MALUKUTENGGARABRT), Kedlmn:10 Km #BMKG  Disclaimer:Informasi ini mengutamakan kecepatan,,,,,,,,,,,,,,,,,,,,,,
"Fri Nov 10 08:15:11 +0000 2023;1722890635362132164;""#Gempa Mag:4.4", 10-Nov-2023 15:11:06WIB, Lok:5.78LS, 130.27BT (269 km BaratLaut MALUKUTENGGARABRT), Kedlmn:10 Km #BMKG  Disclaimer:Informasi ini mengutamakan kecepatan,,,,,,,,,,,,,,,,,,,,,,
"Fri Nov 10 08:03:10 +0000 2023;1722887611298329048;""#Gempa Mag:2.5", 10-Nov-2023 14:58:41WIB, Lok:1.23LS, 134.09BT (36 km Tenggara MANOKWARISEL-PAPUABRT), Kedlmn:10 Km #BMKG  Disclaimer:Informasi ini mengutamakan kecepatan,,,,,,,,,,,,,,,,,,,,,,
"Fri Nov 10 07:13:09 +0000 2023;1722875024552661410;""#Gempa Mag:3.3", 10-Nov-2023 14:09:27WIB, Lok:1.11LU, 97.44BT (15 km BaratLaut NIASBARAT-SUMUT), Kedlmn:10 Km #BMKG  Disclaimer:Informasi ini mengutamakan kecepatan,,,,,,,,,,,,,,,,,,,,,,
"Fri Nov 10 06:32:09 +0000 2023;1722864705495355849;""#Gempa Mag:4.4", 10-Nov-2023 13:29:32WIB, Lok:3.44LS, 140.46BT (35 km BaratDaya KEEROM-PAPUA), Kedlmn:28 Km #BMKG  Disclaimer:Informasi ini mengutamakan kecepatan,,,,,,,,,,,,,,,,,,,,,,
"Fri Nov 10 06:01:09 +0000 2023;1722856905104834947;""#Gempa Mag:2.2", 10-Nov-2023 12:59:07WIB, Lok:7.03LS, 106.58BT (5 km Tenggara KAB-SUKABUMI-JABAR), Kedlmn:74 Km #BMKG  Disclaimer:Informasi ini mengutamakan kecepatan,,,,,,,,,,,,,,,,,,,,,,
"Fri Nov 10 05:57:10 +0000 2023;1722855902246789153;""#Gempa Mag:2.7", 10-Nov-2023 12:54:31WIB, Lok:0.61LS, 127.75BT (28 km TimurLaut LABUHA-MALUT), Kedlmn:10 Km #BMKG  Disclaimer:Informasi ini mengutamakan kecepatan,,,,,,,,,,,,,,,,,,,,,,
"Fri Nov 10 05:33:10 +0000 2023;1722849859445944659;""#Gempa Mag:2.9", 10-Nov-2023 12:28:25WIB, Lok:3.58LS, 129.03BT (32 km Tenggara MALUKUTENGAH), Kedlmn:22 Km #BMKG  Disclaimer:Informasi ini mengutamakan kecepatan,,,,,,,,,,,,,,,,,,,,,,
"Fri Nov 10 05:24:10 +0000 2023;1722847594433700109;""#Gempa Mag:3.0", 10-Nov-2023 12:21:23WIB, Lok:8.79LS, 119.47BT (57 km BaratDaya LABUANBAJO-NTT), Kedlmn:105 Km #BMKG  Disclaimer:Informasi ini mengutamakan kecepatan,,,,,,,,,,,,,,,,,,,,,,
"Fri Nov 10 05:17:09 +0000 2023;1722845831924215809;""#Gempa Mag:4.4", 10-Nov-2023 12:11:48WIB, Lok:6.02LS, 129.86BT (269 km BaratLaut MALUKUTENGGARABRT), Kedlmn:10 Km #BMKG  Disclaimer:Informasi ini mengutamakan kecepatan,,,,,,,,,,,,,,,,,,,,,,
"Fri Nov 10 05:10:09 +0000 2023;1722844070333345991;""#Gempa Mag:4.0", 10-Nov-2023 12:06:05WIB, Lok:5.87LS, 130.14BT (266 km BaratLaut MALUKUTENGGARABRT), Kedlmn:10 Km #BMKG  Disclaimer:Informasi ini mengutamakan kecepatan,,,,,,,,,,,,,,,,,,,,,,
"Fri Nov 10 05:04:10 +0000 2023;1722842561151390147;""#Gempa Mag:2.5", 10-Nov-2023 12:01:22WIB, Lok:3.24LS, 129.58BT (69 km TimurLaut MALUKUTENGAH), Kedlmn:23 Km #BMKG  Disclaimer:Informasi ini mengutamakan kecepatan,,,,,,,,,,,,,,,,,,,,,,
"Fri Nov 10 05:03:09 +0000 2023;1722842308067086675;""#Gempa Mag:2.8", 10-Nov-2023 11:58:49WIB, Lok:8.21LS, 123.88BT (52 km TimurLaut LEMBATA-NTT), Kedlmn:159 Km #BMKG  Disclaimer:Informasi ini mengutamakan kecepatan,,,,,,,,,,,,,,,,,,,,,,
"Fri Nov 10 04:53:08 +0000 2023;1722839787240034740;""#Gempa Mag:2.0", 10-Nov-2023 11:47:53WIB, Lok:8.75LS, 116.24BT (5 km BaratDaya LOMBOKTENGAH-NTB), Kedlmn:104 Km #BMKG  Disclaimer:Informasi ini mengutamakan kecepatan,,,,,,,,,,,,,,,,,,,,,,
"Fri Nov 10 04:38:09 +0000 2023;1722836017261240386;""#Gempa Mag:4.5", 10-Nov-2023 11:31:35WIB, Lok:5.50LS, 130.00BT (270 km Tenggara MALUKUTENGAH), Kedlmn:10 Km #BMKG  Disclaimer:Informasi ini mengutamakan kecepatan,,,,,,,,,,,,,,,,,,,,,,
"Fri Nov 10 04:26:09 +0000 2023;1722832996515156148;""#Gempa Mag:3.4", 10-Nov-2023 11:22:30WIB, Lok:10.14LS, 123.35BT (61 km BaratDaya KAB-KUPANG-NTT), Kedlmn:10 Km #BMKG  Disclaimer:Informasi ini mengutamakan kecepatan,,,,,,,,,,,,,,,,,,,,,,
"Fri Nov 10 04:14:09 +0000 2023;1722829974045171764;""#Gempa Mag:4.7", 10-Nov-2023 11:11:19WIB, Lok:5.96LS, 130.09BT (261 km BaratLaut MALUKUTENGGARABRT), Kedlmn:10 Km #BMKG  Disclaimer:Informasi ini mengutamakan kecepatan,,,,,,,,,,,,,,,,,,,,,,
"Fri Nov 10 04:03:59 +0000 2023;1722827416161390830;""#Gempa (UPDATE) Mag:6.0", 10-Nov-23 10:50:38 WIB, Lok:5.97 LS, 130.17 BT (Pusat gempa berada di laut 255 km Tanimbar)," Kedlmn:121 Km Dirasakan (MMI) II Banda #BMKG https://t.co/MgdehBDTiR"";2;3;56;143;in;108543358;1722827416161390830;infoBMKG;https://twitter.com/infoBMKG/status/1722827416161390830",,,,,,,,,,,,,,,,,,,,,,
"Fri Nov 10 04:03:36 +0000 2023;1722827319847600229;""#Gempa Dirasakan Magnitudo: 6.0", Kedalaman: 121 km, 10 Nov 2023 10:50:38 WIB," Koordinat: 5.97 LS-130.17 BT (Pusat gempa berada di laut 255 km Tanimbar) #BMKG https://t.co/OiHiTwvX8x"";0;0;1;6;in;108543358;1722827319847600229;infoBMKG;https://twitter.com/infoBMKG/status/1722827319847600229",,,,,,,,,,,,,,,,,,,,,,,
"Fri Nov 10 03:54:10 +0000 2023;1722824945158496396;""#Gempa Mag:5.8", 10-Nov-2023 10:50:39WIB, Lok:5.91LS, 130.12BT (264 km BaratLaut MALUKUTENGGARABRT), Kedlmn:114 Km #BMKG  Disclaimer:Informasi ini mengutamakan kecepatan,,,,,,,,,,,,,,,,,,,,,,
"Fri Nov 10 03:54:07 +0000 2023;1722824934144303167;""#Gempa Mag:6.0", 10-Nov-23 10:50:38 WIB, Lok:5.97 LS,130.17 BT (255 km BaratLaut TANIMBAR), Kedlmn:121 Km,,,,,,,,,,,,,,,,,,,,,,
"Fri Nov 10 03:54:05 +0000 2023;1722824924321239415;""#Gempa Magnitudo: 6.0", Kedalaman: 121 km, 10 Nov 2023 10:50:38 WIB, Koordinat: 5.97 LS-130.17 BT (255 km BaratLaut TANIMBAR)," Tidak berpotensi tsunami #BMKG https://t.co/OiHiTwvX8x"";0;0;0;5;in;108543358;1722824924321239415;infoBMKG;https://twitter.com/infoBMKG/status/1722824924321239415",,,,,,,,,,,,,,,,,,,,,,
"Fri Nov 10 03:51:09 +0000 2023;1722824188459901222;""#Gempa Mag:4.6", 10-Nov-2023 10:47:30WIB, Lok:5.92LS, 130.04BT (267 km BaratLaut MALUKUTENGGARABRT), Kedlmn:10 Km #BMKG  Disclaimer:Informasi ini mengutamakan kecepatan,,,,,,,,,,,,,,,,,,,,,,
"Fri Nov 10 03:15:09 +0000 2023;1722815128452903155;""#Gempa Mag:4.2", 10-Nov-2023 10:10:11WIB, Lok:7.47LS, 129.03BT (157 km TimurLaut MALUKUBRTDAYA), Kedlmn:534 Km #BMKG  Disclaimer:Informasi ini mengutamakan kecepatan,,,,,,,,,,,,,,,,,,,,,,
"Fri Nov 10 01:34:10 +0000 2023;1722789713311138219;""#Gempa Mag:2.6", 10-Nov-2023 08:31:28WIB, Lok:8.49LS, 123.94BT (50 km Tenggara LEMBATA-NTT), Kedlmn:101 Km #BMKG  Disclaimer:Informasi ini mengutamakan kecepatan,,,,,,,,,,,,,,,,,,,,,,
"Fri Nov 10 01:17:09 +0000 2023;1722785434143699072;""#Gempa Mag:4.3", 10-Nov-2023 08:13:22WIB, Lok:5.39LS, 130.29BT (254 km BaratDaya SERAMBAGIANTIMUR-MALUKU), Kedlmn:10 Km #BMKG  Disclaimer:Informasi ini mengutamakan kecepatan,,,,,,,,,,,,,,,,,,,,,,
"Fri Nov 10 01:00:10 +0000 2023;1722781157140672966;""#Gempa Mag:4.0", 10-Nov-2023 07:56:59WIB, Lok:6.00LS, 130.07BT (258 km BaratLaut MALUKUTENGGARABRT), Kedlmn:10 Km #BMKG  Disclaimer:Informasi ini mengutamakan kecepatan,,,,,,,,,,,,,,,,,,,,,,
"Thu Nov 09 22:09:11 +0000 2023;1722738127398486516;""#Gempa Mag:4.5", 10-Nov-2023 05:05:23WIB, Lok:0.01LU, 127.33BT (69 km BaratDaya WEDA-MALUT), Kedlmn:135 Km #BMKG  Disclaimer:Informasi ini mengutamakan kecepatan,,,,,,,,,,,,,,,,,,,,,,
"Thu Nov 09 21:59:10 +0000 2023;1722735606101676398;""#Gempa Mag:3.5", 10-Nov-2023 04:55:58WIB, Lok:0.33LU, 98.59BT (90 km Tenggara NIASSELATAN-SUMUT), Kedlmn:10 Km #BMKG  Disclaimer:Informasi ini mengutamakan kecepatan,,,,,,,,,,,,,,,,,,,,,,
"Thu Nov 09 21:37:09 +0000 2023;1722730068043276346;""#Gempa Mag:3.6", 10-Nov-2023 04:34:44WIB, Lok:7.32LS, 129.17BT (178 km TimurLaut MALUKUBRTDAYA), Kedlmn:171 Km #BMKG  Disclaimer:Informasi ini mengutamakan kecepatan,,,,,,,,,,,,,,,,,,,,,,
"Thu Nov 09 21:29:10 +0000 2023;1722728057105256791;""#Gempa Mag:4.4", 10-Nov-2023 04:26:11WIB, Lok:6.08LS, 129.87BT (263 km BaratLaut MALUKUTENGGARABRT), Kedlmn:10 Km #BMKG  Disclaimer:Informasi ini mengutamakan kecepatan,,,,,,,,,,,,,,,,,,,,,,
"Thu Nov 09 19:30:11 +0000 2023;1722698113100718546;""#Gempa Mag:3.0", 10-Nov-2023 02:25:12WIB, Lok:1.42LU, 126.32BT (133 km BaratLaut JAILOLO-MALUT), Kedlmn:45 Km #BMKG  Disclaimer:Informasi ini mengutamakan kecepatan,,,,,,,,,,,,,,,,,,,,,,
"Thu Nov 09 18:33:10 +0000 2023;1722683765275971867;""#Gempa Mag:3.2", 10-Nov-2023 01:30:18WIB, Lok:2.91LS, 128.20BT (17 km TimurLaut SERAMBAGIANBARAT-MALUKU), Kedlmn:10 Km #BMKG  Disclaimer:Informasi ini mengutamakan kecepatan,,,,,,,,,,,,,,,,,,,,,,
"Thu Nov 09 18:09:10 +0000 2023;1722677726304477248;""#Gempa Mag:2.6", 10-Nov-2023 01:07:36WIB, Lok:1.10LU, 127.95BT (45 km Tenggara HALMAHERAUTARA-MALUT), Kedlmn:10 Km #BMKG  Disclaimer:Informasi ini mengutamakan kecepatan,,,,,,,,,,,,,,,,,,,,,,
"Thu Nov 09 18:07:11 +0000 2023;1722677227123593245;""#Gempa Mag:2.7", 10-Nov-2023 01:03:08WIB, Lok:2.81LS, 129.98BT (65 km BaratLaut SERAMBAGIANTIMUR-MALUKU), Kedlmn:10 Km #BMKG  Disclaimer:Informasi ini mengutamakan kecepatan,,,,,,,,,,,,,,,,,,,,,,
"Thu Nov 09 16:42:09 +0000 2023;1722655829021823312;""#Gempa Mag:3.6", 09-Nov-2023 23:39:08WIB, Lok:0.53LU, 98.40BT (65 km Tenggara NIASSELATAN-SUMUT), Kedlmn:10 Km #BMKG  Disclaimer:Informasi ini mengutamakan kecepatan,,,,,,,,,,,,,,,,,,,,,,
"Thu Nov 09 16:40:10 +0000 2023;1722655328318394470;""#Gempa Mag:2.7", 09-Nov-2023 23:33:27WIB, Lok:8.35LS, 119.70BT (26 km BaratLaut LABUANBAJO-NTT), Kedlmn:161 Km #BMKG  Disclaimer:Informasi ini mengutamakan kecepatan,,,,,,,,,,,,,,,,,,,,,,
"Thu Nov 09 16:28:24 +0000 2023;1722652367747956752;""#Gempa (UPDATE) Mag:3.3", 09-Nov-23 21:29:47 WIB, Lok:3.92 LS, 122.43 BT (Pusat gempa berada di darat 1,7 km Timur Laut Morosi,, Kedlmn:5 Km Dirasakan (MMI) II - III Kendari," II - III Konawe Utara #BMKG https://t.co/nJBt0QBgYA"";1;1;2;22;in;108543358;1722652367747956752;infoBMKG;https://twitter.com/infoBMKG/status/1722652367747956752",,,,,,,,,,,,,,,,,,,
"Thu Nov 09 15:41:10 +0000 2023;1722640481610535145;""#Gempa Mag:4.7", 09-Nov-2023 22:36:52WIB, Lok:6.18LS, 129.58BT (276 km BaratLaut MALUKUTENGGARABRT), Kedlmn:10 Km #BMKG  Disclaimer:Informasi ini mengutamakan kecepatan,,,,,,,,,,,,,,,,,,,,,,
"Thu Nov 09 15:26:11 +0000 2023;1722636708645368246;""#Gempa Mag:2.2", 09-Nov-2023 22:23:19WIB, Lok:4.99LS, 122.80BT (19 km Tenggara MUNA-SULTRA), Kedlmn:38 Km #BMKG  Disclaimer:Informasi ini mengutamakan kecepatan,,,,,,,,,,,,,,,,,,,,,,
"Thu Nov 09 15:24:09 +0000 2023;1722636199171662214;""#Gempa Mag:3.7", 09-Nov-2023 22:18:10WIB, Lok:6.32LS, 129.60BT (263 km BaratLaut MALUKUTENGGARABRT), Kedlmn:10 Km #BMKG  Disclaimer:Informasi ini mengutamakan kecepatan,,,,,,,,,,,,,,,,,,,,,,
"Thu Nov 09 14:45:28 +0000 2023;1722626464905142619;""#Gempa (UPDATE) Mag:3.3", 09-Nov-23 21:29:47 WIB, Lok:3.92 LS, 122.43 BT (Pusat gempa berada di darat 1,7 km Timur Laut Morosi,," Kedlmn:5 Km Dirasakan (MMI) II - III Kendari #BMKG https://t.co/eCI5sZiFAu"";0;0;6;17;in;108543358;1722626464905142619;infoBMKG;https://twitter.com/infoBMKG/status/1722626464905142619",,,,,,,,,,,,,,,,,,,,
"Thu Nov 09 14:45:18 +0000 2023;1722626420135133220;""#Gempa Dirasakan Magnitudo: 3.3", Kedalaman: 5 km, 09 Nov 2023 21:29:47 WIB, Koordinat: 3.92 LS-122.43 BT (Pusat gempa berada di darat 1,7 km Timur Laut Morosi,,,,,,,,,,,,,,,,,,,,,,
"Thu Nov 09 14:33:11 +0000 2023;1722623373493321761;""#Gempa Mag:3.3", 09-Nov-2023 21:29:47WIB, Lok:3.93LS, 122.40BT (39 km Tenggara KONAWE-SULTRA), Kedlmn:10 Km #BMKG  Disclaimer:Informasi ini mengutamakan kecepatan,,,,,,,,,,,,,,,,,,,,,,
"Thu Nov 09 14:18:10 +0000 2023;1722619594953896140;""#Gempa Mag:4.3", 09-Nov-2023 21:15:02WIB, Lok:5.38LS, 130.31BT (253 km BaratDaya SERAMBAGIANTIMUR-MALUKU), Kedlmn:10 Km #BMKG  Disclaimer:Informasi ini mengutamakan kecepatan,,,,,,,,,,,,,,,,,,,,,,
"Thu Nov 09 13:34:09 +0000 2023;1722608518547865850;""#Gempa Mag:3.6", 09-Nov-2023 20:31:15WIB, Lok:6.06LS, 129.84BT (267 km BaratLaut MALUKUTENGGARABRT), Kedlmn:10 Km #BMKG  Disclaimer:Informasi ini mengutamakan kecepatan,,,,,,,,,,,,,,,,,,,,,,
"Thu Nov 09 13:19:10 +0000 2023;1722604744043311344;""#Gempa Mag:2.3", 09-Nov-2023 20:15:47WIB, Lok:8.40LS, 121.40BT (32 km TimurLaut MBAY-NAGEKEO-NTT), Kedlmn:10 Km #BMKG  Disclaimer:Informasi ini mengutamakan kecepatan,,,,,,,,,,,,,,,,,,,,,,
"Thu Nov 09 12:41:10 +0000 2023;1722595183173464221;""#Gempa Mag:2.4", 09-Nov-2023 19:38:58WIB, Lok:3.33LS, 129.43BT (52 km Tenggara MALUKUTENGAH), Kedlmn:10 Km #BMKG  Disclaimer:Informasi ini mengutamakan kecepatan,,,,,,,,,,,,,,,,,,,,,,
"Thu Nov 09 12:16:09 +0000 2023;1722588888403976285;""#Gempa Mag:2.4", 09-Nov-2023 19:13:19WIB, Lok:8.71LS, 118.44BT (19 km BaratDaya DOMPU-NTB), Kedlmn:100 Km #BMKG  Disclaimer:Informasi ini mengutamakan kecepatan,,,,,,,,,,,,,,,,,,,,,,
"Thu Nov 09 12:11:10 +0000 2023;1722587634663674088;""#Gempa Mag:3.7", 09-Nov-2023 19:08:08WIB, Lok:0.16LU, 126.16BT (150 km BaratDaya TERNATE-MALUT), Kedlmn:17 Km #BMKG  Disclaimer:Informasi ini mengutamakan kecepatan,,,,,,,,,,,,,,,,,,,,,,
"Thu Nov 09 12:08:09 +0000 2023;1722586873200353650;""#Gempa Mag:4.5", 09-Nov-2023 19:04:30WIB, Lok:7.08LS, 129.70BT (204 km BaratLaut MALUKUTENGGARABRT), Kedlmn:118 Km #BMKG  Disclaimer:Informasi ini mengutamakan kecepatan,,,,,,,,,,,,,,,,,,,,,,
"Thu Nov 09 11:08:10 +0000 2023;1722571779405926832;""#Gempa Mag:3.4", 09-Nov-2023 18:06:02WIB, Lok:1.36LU, 98.86BT (37 km Tenggara TAPANULITENGAH-SUMUT), Kedlmn:57 Km #BMKG  Disclaimer:Informasi ini mengutamakan kecepatan,,,,,,,,,,,,,,,,,,,,,,
"Thu Nov 09 10:18:10 +0000 2023;1722559193675411772;""#Gempa Mag:4.5", 09-Nov-2023 17:12:58WIB, Lok:6.34LS, 129.58BT (263 km BaratLaut MALUKUTENGGARABRT), Kedlmn:10 Km #BMKG  Disclaimer:Informasi ini mengutamakan kecepatan,,,,,,,,,,,,,,,,,,,,,,
"Thu Nov 09 10:07:09 +0000 2023;1722556424214225302;""#Gempa Mag:3.5", 09-Nov-2023 17:02:52WIB, Lok:6.00LS, 129.93BT (267 km BaratLaut MALUKUTENGGARABRT), Kedlmn:10 Km #BMKG  Disclaimer:Informasi ini mengutamakan kecepatan,,,,,,,,,,,,,,,,,,,,,,
"Thu Nov 09 09:23:08 +0000 2023;1722545348051386422;""#Gempa Mag:3.6", 09-Nov-2023 16:20:09WIB, Lok:4.55LU, 96.45BT (38 km TimurLaut KAB-NAGANRAYA-ACEH), Kedlmn:10 Km #BMKG  Disclaimer:Informasi ini mengutamakan kecepatan,,,,,,,,,,,,,,,,,,,,,,
"Thu Nov 09 09:18:10 +0000 2023;1722544096810557867;""#Gempa Mag:5.3", 09-Nov-2023 16:14:19WIB, Lok:5.41LS, 130.25BT (257 km BaratDaya SERAMBAGIANTIMUR-MALUKU), Kedlmn:10 Km #BMKG  Disclaimer:Informasi ini mengutamakan kecepatan,,,,,,,,,,,,,,,,,,,,,,
"Thu Nov 09 09:18:07 +0000 2023;1722544082491482561;""#Gempa Mag:5.3", 09-Nov-23 16:14:19 WIB, Lok:5.41 LS,130.25 BT (257 km BaratDaya SERAMBAGIANTIMUR-MALUKU), Kedlmn:10 Km,,,,,,,,,,,,,,,,,,,,,,
"Thu Nov 09 09:18:04 +0000 2023;1722544071842168874;""#Gempa Magnitudo: 5.3", Kedalaman: 10 km, 09 Nov 2023 16:14:19 WIB, Koordinat: 5.41 LS-130.25 BT (257 km BaratDaya SERAMBAGIANTIMUR-MALUKU)," Tidak berpotensi tsunami #BMKG https://t.co/OiHiTwvX8x"";0;0;0;6;in;108543358;1722544071842168874;infoBMKG;https://twitter.com/infoBMKG/status/1722544071842168874",,,,,,,,,,,,,,,,,,,,,,
"Thu Nov 09 08:40:13 +0000 2023;1722534545399144537;""#Gempa Mag:3.8", 09-Nov-2023 15:37:21WIB, Lok:8.98LS, 119.16BT (45 km BaratLaut TAMBOLAKA-NTT), Kedlmn:68 Km #BMKG  Disclaimer:Informasi ini mengutamakan kecepatan,,,,,,,,,,,,,,,,,,,,,,
"Thu Nov 09 08:39:08 +0000 2023;1722534271792132475;""#Gempa Mag:3.6", 09-Nov-2023 15:35:20WIB, Lok:3.19LS, 141.24BT (55 km TimurLaut KEEROM-PAPUA), Kedlmn:10 Km #BMKG  Disclaimer:Informasi ini mengutamakan kecepatan,,,,,,,,,,,,,,,,,,,,,,
"Thu Nov 09 08:32:10 +0000 2023;1722532517813813732;""#Gempa Mag:4.1", 09-Nov-2023 15:28:07WIB, Lok:6.11LS, 130.08BT (247 km BaratLaut MALUKUTENGGARABRT), Kedlmn:10 Km #BMKG  Disclaimer:Informasi ini mengutamakan kecepatan,,,,,,,,,,,,,,,,,,,,,,
"Thu Nov 09 07:50:08 +0000 2023;1722521942807527596;""#Gempa Mag:3.1", 09-Nov-2023 14:47:09WIB, Lok:7.46LS, 106.04BT (63 km BaratDaya BAYAH-BANTEN), Kedlmn:28 Km #BMKG  Disclaimer:Informasi ini mengutamakan kecepatan,,,,,,,,,,,,,,,,,,,,,,
"Thu Nov 09 07:39:09 +0000 2023;1722519177901330483;""#Gempa Mag:3.8", 09-Nov-2023 14:36:09WIB, Lok:6.54LS, 129.35BT (249 km TimurLaut MALUKUBRTDAYA), Kedlmn:10 Km #BMKG  Disclaimer:Informasi ini mengutamakan kecepatan,,,,,,,,,,,,,,,,,,,,,,
"Thu Nov 09 07:28:10 +0000 2023;1722516412248551839;""#Gempa Mag:2.6", 09-Nov-2023 14:24:37WIB, Lok:8.26LS, 118.82BT (22 km TimurLaut BIMA-NTB), Kedlmn:25 Km #BMKG  Disclaimer:Informasi ini mengutamakan kecepatan,,,,,,,,,,,,,,,,,,,,,,
"Thu Nov 09 06:25:11 +0000 2023;1722500565551489535;""#Gempa Mag:3.8", 09-Nov-2023 13:20:32WIB, Lok:5.18LU, 127.33BT (149 km TimurLaut MELONGUANE-SULUT), Kedlmn:131 Km #BMKG  Disclaimer:Informasi ini mengutamakan kecepatan,,,,,,,,,,,,,,,,,,,,,,
"Thu Nov 09 05:32:10 +0000 2023;1722487221134201183;""#Gempa Mag:4.3", 09-Nov-2023 12:26:20WIB, Lok:5.72LS, 130.93BT (200 km BaratDaya MALUKUTENGGARA), Kedlmn:147 Km #BMKG  Disclaimer:Informasi ini mengutamakan kecepatan,,,,,,,,,,,,,,,,,,,,,,
"Thu Nov 09 05:02:11 +0000 2023;1722479676638326830;""#Gempa Mag:3.4", 09-Nov-2023 11:59:18WIB, Lok:2.85LU, 99.10BT (13 km Tenggara PEMATANGSIANTAR-SUMUT), Kedlmn:197 Km #BMKG  Disclaimer:Informasi ini mengutamakan kecepatan,,,,,,,,,,,,,,,,,,,,,,
"Thu Nov 09 04:36:19 +0000 2023;1722473167351128097;""#Gempa (UPDATE) Mag:2.7", 09-Nov-23 11:12:42 WIB, Lok:4.57 LS, 129.74 BT (Pusat gempa berada di laut 18 km Barat Banda)," Kedlmn:10 Km Dirasakan (MMI) II Banda #BMKG https://t.co/ONeHzvgb4Z"";0;0;2;18;in;108543358;1722473167351128097;infoBMKG;https://twitter.com/infoBMKG/status/1722473167351128097",,,,,,,,,,,,,,,,,,,,,,
"Thu Nov 09 04:36:03 +0000 2023;1722473099592184000;""#Gempa Dirasakan Magnitudo: 2.7", Kedalaman: 10 km, 09 Nov 2023 11:12:42 WIB," Koordinat: 4.57 LS-129.74 BT (Pusat gempa berada di laut 18 km Barat Banda) #BMKG https://t.co/OiHiTwvX8x"";0;0;2;8;in;108543358;1722473099592184000;infoBMKG;https://twitter.com/infoBMKG/status/1722473099592184000",,,,,,,,,,,,,,,,,,,,,,,
"Thu Nov 09 03:47:10 +0000 2023;1722460797983658238;""#Gempa Mag:3.0", 09-Nov-2023 10:42:25WIB, Lok:0.19LS, 124.68BT (99 km Tenggara BOLAANGUKI-BOLSEL-SULUT), Kedlmn:10 Km #BMKG  Disclaimer:Informasi ini mengutamakan kecepatan,,,,,,,,,,,,,,,,,,,,,,
"Thu Nov 09 02:07:09 +0000 2023;1722435625717305719;""#Gempa Mag:4.1", 09-Nov-2023 09:03:17WIB, Lok:6.23LS, 129.70BT (263 km BaratLaut MALUKUTENGGARABRT), Kedlmn:10 Km #BMKG  Disclaimer:Informasi ini mengutamakan kecepatan,,,,,,,,,,,,,,,,,,,,,,
"Thu Nov 09 01:50:10 +0000 2023;1722431355324391608;""#Gempa Mag:3.4", 09-Nov-2023 08:46:49WIB, Lok:2.83LS, 129.87BT (75 km BaratLaut SERAMBAGIANTIMUR-MALUKU), Kedlmn:15 Km #BMKG  Disclaimer:Informasi ini mengutamakan kecepatan,,,,,,,,,,,,,,,,,,,,,,
"Thu Nov 09 01:35:09 +0000 2023;1722427574847263151;""#Gempa Mag:2.8", 09-Nov-2023 08:31:48WIB, Lok:8.24LS, 118.08BT (53 km BaratLaut DOMPU-NTB), Kedlmn:15 Km #BMKG  Disclaimer:Informasi ini mengutamakan kecepatan,,,,,,,,,,,,,,,,,,,,,,
"Thu Nov 09 00:27:09 +0000 2023;1722410461914948088;""#Gempa Mag:2.6", 09-Nov-2023 07:22:29WIB, Lok:8.91LS, 124.11BT (80 km BaratLaut TIMORTENGAHUT-NTT), Kedlmn:72 Km #BMKG  Disclaimer:Informasi ini mengutamakan kecepatan,,,,,,,,,,,,,,,,,,,,,,
"Thu Nov 09 00:16:10 +0000 2023;1722407695918182761;""#Gempa Mag:2.6", 09-Nov-2023 07:12:28WIB, Lok:2.84LS, 129.20BT (57 km TimurLaut MALUKUTENGAH), Kedlmn:12 Km #BMKG  Disclaimer:Informasi ini mengutamakan kecepatan,,,,,,,,,,,,,,,,,,,,,,
"Thu Nov 09 00:03:09 +0000 2023;1722404420040995064;""#Gempa Mag:3.6", 09-Nov-2023 06:58:05WIB, Lok:6.25LS, 129.95BT (243 km BaratLaut MALUKUTENGGARABRT), Kedlmn:10 Km #BMKG  Disclaimer:Informasi ini mengutamakan kecepatan,,,,,,,,,,,,,,,,,,,,,,
"Wed Nov 08 21:07:10 +0000 2023;1722360134255685650;""#Gempa Mag:4.0", 09-Nov-2023 04:02:00WIB, Lok:6.14LS, 129.99BT (250 km BaratLaut MALUKUTENGGARABRT), Kedlmn:10 Km #BMKG  Disclaimer:Informasi ini mengutamakan kecepatan,,,,,,,,,,,,,,,,,,,,,,
"Wed Nov 08 20:42:11 +0000 2023;1722353847048479051;""#Gempa Mag:4.2", 09-Nov-2023 03:36:49WIB, Lok:5.31LS, 130.31BT (245 km BaratDaya SERAMBAGIANTIMUR-MALUKU), Kedlmn:10 Km #BMKG  Disclaimer:Informasi ini mengutamakan kecepatan,,,,,,,,,,,,,,,,,,,,,,
"Wed Nov 08 20:08:08 +0000 2023;1722345278152544455;""#Gempa Mag:3.4", 09-Nov-2023 03:04:17WIB, Lok:2.41LS, 140.96BT (106 km TimurLaut KEEROM-PAPUA), Kedlmn:10 Km #BMKG  Disclaimer:Informasi ini mengutamakan kecepatan,,,,,,,,,,,,,,,,,,,,,,
"Wed Nov 08 19:29:10 +0000 2023;1722335471320355316;""#Gempa Mag:4.0", 09-Nov-2023 02:22:45WIB, Lok:5.28LS, 130.25BT (243 km BaratDaya SERAMBAGIANTIMUR-MALUKU), Kedlmn:10 Km #BMKG  Disclaimer:Informasi ini mengutamakan kecepatan,,,,,,,,,,,,,,,,,,,,,,
"Wed Nov 08 19:18:10 +0000 2023;1722332702991597851;""#Gempa Mag:4.2", 09-Nov-2023 02:13:31WIB, Lok:6.07LS, 129.88BT (264 km BaratLaut MALUKUTENGGARABRT), Kedlmn:10 Km #BMKG  Disclaimer:Informasi ini mengutamakan kecepatan,,,,,,,,,,,,,,,,,,,,,,
"Wed Nov 08 18:30:10 +0000 2023;1722320623505129569;""#Gempa Mag:4.3", 09-Nov-2023 01:26:25WIB, Lok:6.18LS, 129.84BT (257 km BaratLaut MALUKUTENGGARABRT), Kedlmn:10 Km #BMKG  Disclaimer:Informasi ini mengutamakan kecepatan,,,,,,,,,,,,,,,,,,,,,,
"Wed Nov 08 18:26:10 +0000 2023;1722319616465371260;""#Gempa Mag:3.8", 09-Nov-2023 01:22:38WIB, Lok:6.06LS, 129.80BT (270 km BaratLaut MALUKUTENGGARABRT), Kedlmn:10 Km #BMKG  Disclaimer:Informasi ini mengutamakan kecepatan,,,,,,,,,,,,,,,,,,,,,,
"Wed Nov 08 18:15:10 +0000 2023;1722316850137321962;""#Gempa Mag:2.7", 09-Nov-2023 01:12:01WIB, Lok:2.64LS, 121.68BT (25 km BaratLaut MOROWALI-SULTENG), Kedlmn:10 Km #BMKG  Disclaimer:Informasi ini mengutamakan kecepatan,,,,,,,,,,,,,,,,,,,,,,
"Wed Nov 08 18:00:12 +0000 2023;1722313081605489097;""#Gempa Mag:2.9", 09-Nov-2023 00:55:42WIB, Lok:3.18LS, 134.05BT (16 km TimurLaut KAIMANA-PAPUABRT), Kedlmn:10 Km #BMKG  Disclaimer:Informasi ini mengutamakan kecepatan,,,,,,,,,,,,,,,,,,,,,,
"Wed Nov 08 17:45:11 +0000 2023;1722309304823550301;""#Gempa Mag:4.8", 09-Nov-2023 00:40:09WIB, Lok:5.49LS, 130.08BT (268 km BaratDaya SERAMBAGIANTIMUR-MALUKU), Kedlmn:10 Km #BMKG  Disclaimer:Informasi ini mengutamakan kecepatan,,,,,,,,,,,,,,,,,,,,,,
"Wed Nov 08 17:28:12 +0000 2023;1722305028097212834;""#Gempa Magnitudo: 5.4", Kedalaman: 10 km, 09 Nov 2023 00:25:05 WIB, Koordinat: 5.40 LS-130.25 BT (256 km BaratDaya SERAMBAGIANTIMUR-MALUKU)," Tidak berpotensi tsunami #BMKG https://t.co/OiHiTwvX8x"";0;0;1;3;in;108543358;1722305028097212834;infoBMKG;https://twitter.com/infoBMKG/status/1722305028097212834",,,,,,,,,,,,,,,,,,,,,,
"Wed Nov 08 17:28:12 +0000 2023;1722305027287691713;""#Gempa Mag:5.4", 09-Nov-23 00:25:05 WIB, Lok:5.40 LS,130.25 BT (256 km BaratDaya SERAMBAGIANTIMUR-MALUKU), Kedlmn:10 Km,,,,,,,,,,,,,,,,,,,,,,
"Wed Nov 08 17:27:10 +0000 2023;1722304769229017226;""#Gempa Mag:5.6", 09-Nov-2023 00:25:06WIB, Lok:5.39LS, 130.21BT (255 km BaratDaya SERAMBAGIANTIMUR-MALUKU), Kedlmn:10 Km #BMKG  Disclaimer:Informasi ini mengutamakan kecepatan,,,,,,,,,,,,,,,,,,,,,,
"Wed Nov 08 17:24:09 +0000 2023;1722304011905495245;""#Gempa Mag:3.3", 09-Nov-2023 00:20:12WIB, Lok:2.59LU, 96.07BT (35 km BaratLaut SINABANG-ACEH), Kedlmn:11 Km #BMKG  Disclaimer:Informasi ini mengutamakan kecepatan,,,,,,,,,,,,,,,,,,,,,,
"Wed Nov 08 17:22:12 +0000 2023;1722303518684692580;""#Gempa Mag:4.6", 09-Nov-2023 00:19:51WIB, Lok:6.20LS, 129.90BT (251 km BaratLaut MALUKUTENGGARABRT), Kedlmn:10 Km #BMKG  Disclaimer:Informasi ini mengutamakan kecepatan,,,,,,,,,,,,,,,,,,,,,,
"Wed Nov 08 17:13:11 +0000 2023;1722301248131723581;""#Gempa Mag:3.9", 09-Nov-2023 00:08:27WIB, Lok:5.40LS, 130.11BT (258 km BaratDaya SERAMBAGIANTIMUR-MALUKU), Kedlmn:59 Km #BMKG  Disclaimer:Informasi ini mengutamakan kecepatan,,,,,,,,,,,,,,,,,,,,,,
"Wed Nov 08 16:59:10 +0000 2023;1722297722777337912;""#Gempa Mag:4.1", 08-Nov-2023 23:55:23WIB, Lok:6.05LS, 130.02BT (256 km BaratLaut MALUKUTENGGARABRT), Kedlmn:10 Km #BMKG  Disclaimer:Informasi ini mengutamakan kecepatan,,,,,,,,,,,,,,,,,,,,,,
"Wed Nov 08 16:51:10 +0000 2023;1722295707615498350;""#Gempa Mag:4.7", 08-Nov-2023 23:47:55WIB, Lok:6.12LS, 129.95BT (254 km BaratLaut MALUKUTENGGARABRT), Kedlmn:10 Km #BMKG  Disclaimer:Informasi ini mengutamakan kecepatan,,,,,,,,,,,,,,,,,,,,,,
"Wed Nov 08 16:38:10 +0000 2023;1722292437442543699;""#Gempa Mag:4.4", 08-Nov-2023 23:35:13WIB, Lok:6.10LS, 129.98BT (254 km BaratLaut MALUKUTENGGARABRT), Kedlmn:10 Km #BMKG  Disclaimer:Informasi ini mengutamakan kecepatan,,,,,,,,,,,,,,,,,,,,,,
"Wed Nov 08 16:18:10 +0000 2023;1722287404521062889;""#Gempa Mag:3.4", 08-Nov-2023 23:13:10WIB, Lok:8.06LS, 122.60BT (49 km BaratLaut LARANTUKA-NTT), Kedlmn:13 Km #BMKG  Disclaimer:Informasi ini mengutamakan kecepatan,,,,,,,,,,,,,,,,,,,,,,
"Wed Nov 08 16:16:10 +0000 2023;1722286899983987159;""#Gempa Mag:3.8", 08-Nov-2023 23:12:31WIB, Lok:5.65LS, 129.76BT (275 km Tenggara MALUKUTENGAH), Kedlmn:10 Km #BMKG  Disclaimer:Informasi ini mengutamakan kecepatan,,,,,,,,,,,,,,,,,,,,,,
"Wed Nov 08 15:58:10 +0000 2023;1722282371893064063;""#Gempa Mag:3.9", 08-Nov-2023 22:52:48WIB, Lok:5.95LS, 129.71BT (286 km BaratLaut MALUKUTENGGARABRT), Kedlmn:176 Km #BMKG  Disclaimer:Informasi ini mengutamakan kecepatan,,,,,,,,,,,,,,,,,,,,,,
"Wed Nov 08 15:53:10 +0000 2023;1722281112045813884;""#Gempa Mag:4.0", 08-Nov-2023 22:50:32WIB, Lok:6.20LS, 129.89BT (251 km BaratLaut MALUKUTENGGARABRT), Kedlmn:10 Km #BMKG  Disclaimer:Informasi ini mengutamakan kecepatan,,,,,,,,,,,,,,,,,,,,,,
"Wed Nov 08 15:52:11 +0000 2023;1722280865143947431;""#Gempa Mag:2.8", 08-Nov-2023 22:49:45WIB, Lok:2.76LS, 140.27BT (52 km TimurLaut KAB-JAYAPURA-PAPUA), Kedlmn:49 Km #BMKG  Disclaimer:Informasi ini mengutamakan kecepatan,,,,,,,,,,,,,,,,,,,,,,
"Wed Nov 08 15:40:10 +0000 2023;1722277840714949042;""#Gempa Mag:3.6", 08-Nov-2023 22:35:51WIB, Lok:6.15LS, 129.82BT (261 km BaratLaut MALUKUTENGGARABRT), Kedlmn:10 Km #BMKG  Disclaimer:Informasi ini mengutamakan kecepatan,,,,,,,,,,,,,,,,,,,,,,
"Wed Nov 08 15:26:12 +0000 2023;1722274327528088013;""#Gempa Mag:4.5", 08-Nov-2023 22:21:54WIB, Lok:5.97LS, 130.07BT (261 km BaratLaut MALUKUTENGGARABRT), Kedlmn:10 Km #BMKG  Disclaimer:Informasi ini mengutamakan kecepatan,,,,,,,,,,,,,,,,,,,,,,
"Wed Nov 08 15:09:10 +0000 2023;1722270042224488943;""#Gempa Mag:4.2", 08-Nov-2023 22:05:47WIB, Lok:6.23LS, 129.72BT (261 km BaratLaut MALUKUTENGGARABRT), Kedlmn:10 Km #BMKG  Disclaimer:Informasi ini mengutamakan kecepatan,,,,,,,,,,,,,,,,,,,,,,
"Wed Nov 08 15:03:12 +0000 2023;1722268538818457744;""#Gempa Mag:4.6", 08-Nov-2023 21:59:02WIB, Lok:6.14LS, 130.03BT (247 km BaratLaut MALUKUTENGGARABRT), Kedlmn:10 Km #BMKG  Disclaimer:Informasi ini mengutamakan kecepatan,,,,,,,,,,,,,,,,,,,,,,
"Wed Nov 08 14:50:39 +0000 2023;1722265379861582135;""#Gempa Mag:5.1", 08-Nov-23 21:47:38 WIB, Lok:6.00 LS,129.97 BT (264 km BaratLaut TANIMBAR), Kedlmn:10 Km,,,,,,,,,,,,,,,,,,,,,,
"Wed Nov 08 14:50:39 +0000 2023;1722265378867544361;""#Gempa Magnitudo: 5.1", Kedalaman: 10 km, 08 Nov 2023 21:47:38 WIB, Koordinat: 6.00 LS-129.97 BT (264 km BaratLaut TANIMBAR)," Tidak berpotensi tsunami #BMKG https://t.co/OiHiTwvX8x"";0;0;1;4;in;108543358;1722265378867544361;infoBMKG;https://twitter.com/infoBMKG/status/1722265378867544361",,,,,,,,,,,,,,,,,,,,,,
"Wed Nov 08 14:50:11 +0000 2023;1722265261183774751;""#Gempa Mag:5.2", 08-Nov-2023 21:47:38WIB, Lok:6.00LS, 129.97BT (264 km BaratLaut MALUKUTENGGARABRT), Kedlmn:10 Km #BMKG  Disclaimer:Informasi ini mengutamakan kecepatan,,,,,,,,,,,,,,,,,,,,,,
"Wed Nov 08 14:47:11 +0000 2023;1722264506225827876;""#Gempa Mag:3.6", 08-Nov-2023 21:43:19WIB, Lok:1.79LS, 135.39BT (86 km BaratDaya KEP-YAPEN-PAPUA), Kedlmn:10 Km #BMKG  Disclaimer:Informasi ini mengutamakan kecepatan,,,,,,,,,,,,,,,,,,,,,,
"Wed Nov 08 14:44:10 +0000 2023;1722263750445765029;""#Gempa Mag:4.5", 08-Nov-2023 21:41:10WIB, Lok:6.14LS, 129.87BT (258 km BaratLaut MALUKUTENGGARABRT), Kedlmn:10 Km #BMKG  Disclaimer:Informasi ini mengutamakan kecepatan,,,,,,,,,,,,,,,,,,,,,,
"Wed Nov 08 14:36:10 +0000 2023;1722261737431539911;""#Gempa Mag:4.4", 08-Nov-2023 21:32:53WIB, Lok:6.11LS, 129.91BT (258 km BaratLaut MALUKUTENGGARABRT), Kedlmn:10 Km #BMKG  Disclaimer:Informasi ini mengutamakan kecepatan,,,,,,,,,,,,,,,,,,,,,,
"Wed Nov 08 14:26:10 +0000 2023;1722259218454217083;""#Gempa Mag:4.9", 08-Nov-2023 21:19:01WIB, Lok:6.04LS, 130.04BT (256 km BaratLaut MALUKUTENGGARABRT), Kedlmn:10 Km #BMKG  Disclaimer:Informasi ini mengutamakan kecepatan,,,,,,,,,,,,,,,,,,,,,,
"Wed Nov 08 14:21:10 +0000 2023;1722257958887968952;""#Gempa Mag:4.8", 08-Nov-2023 21:15:19WIB, Lok:6.08LS, 130.06BT (251 km BaratLaut MALUKUTENGGARABRT), Kedlmn:10 Km #BMKG  Disclaimer:Informasi ini mengutamakan kecepatan,,,,,,,,,,,,,,,,,,,,,,
"Wed Nov 08 14:02:10 +0000 2023;1722253179755377082;""#Gempa Mag:4.5", 08-Nov-2023 20:58:34WIB, Lok:6.37LS, 129.78BT (245 km BaratLaut MALUKUTENGGARABRT), Kedlmn:10 Km #BMKG  Disclaimer:Informasi ini mengutamakan kecepatan,,,,,,,,,,,,,,,,,,,,,,
"Wed Nov 08 13:49:10 +0000 2023;1722249906193306018;""#Gempa Mag:4.9", 08-Nov-2023 20:44:31WIB, Lok:6.13LS, 130.13BT (242 km BaratLaut MALUKUTENGGARABRT), Kedlmn:10 Km #BMKG  Disclaimer:Informasi ini mengutamakan kecepatan,,,,,,,,,,,,,,,,,,,,,,
"Wed Nov 08 13:44:10 +0000 2023;1722248648820666613;""#Gempa Mag:4.5", 08-Nov-2023 20:39:45WIB, Lok:5.97LS, 130.07BT (261 km BaratLaut MALUKUTENGGARABRT), Kedlmn:10 Km #BMKG  Disclaimer:Informasi ini mengutamakan kecepatan,,,,,,,,,,,,,,,,,,,,,,
"Wed Nov 08 13:24:39 +0000 2023;1722243737517224265;""#Gempa Mag:5.3", 08-Nov-23 20:21:05 WIB, Lok:6.11 LS,130.20 BT (240 km BaratLaut TANIMBAR), Kedlmn:10 Km,,,,,,,,,,,,,,,,,,,,,,
"Wed Nov 08 13:24:38 +0000 2023;1722243732760834293;""#Gempa Magnitudo: 5.3", Kedalaman: 10 km, 08 Nov 2023 20:21:05 WIB, Koordinat: 6.11 LS-130.20 BT (240 km BaratLaut TANIMBAR)," Tidak berpotensi tsunami #BMKG https://t.co/OiHiTwvX8x"";0;0;0;12;in;108543358;1722243732760834293;infoBMKG;https://twitter.com/infoBMKG/status/1722243732760834293",,,,,,,,,,,,,,,,,,,,,,
"Wed Nov 08 13:24:10 +0000 2023;1722243615517495329;""#Gempa Mag:5.3", 08-Nov-2023 20:21:05WIB, Lok:6.11LS, 130.20BT (240 km BaratLaut MALUKUTENGGARABRT), Kedlmn:10 Km #BMKG  Disclaimer:Informasi ini mengutamakan kecepatan,,,,,,,,,,,,,,,,,,,,,,
"Wed Nov 08 13:22:33 +0000 2023;1722243210867867749;""#Gempa (UPDATE) Mag:6.8", 08-Nov-23 20:02:07 WIB, Lok:6.13 LS, 129.93 BT (Pusat gempa berada di laut 255km Barat Laut Tanimbar), Kedlmn:10 Km Dirasakan (MMI) III Banda,,,,,,,,,,,,,,,,,,,,,,
"Wed Nov 08 13:22:22 +0000 2023;1722243161496707181;""#Gempa Dirasakan Magnitudo: 6.8", Kedalaman: 10 km, 08 Nov 2023 20:02:07 WIB," Koordinat: 6.13 LS-129.93 BT (Pusat gempa berada di laut 255km Barat Laut Tanimbar) #BMKG https://t.co/OiHiTwvX8x"";0;0;2;9;in;108543358;1722243161496707181;infoBMKG;https://twitter.com/infoBMKG/status/1722243161496707181",,,,,,,,,,,,,,,,,,,,,,,
"Wed Nov 08 13:05:24 +0000 2023;1722238891414208531;""#Gempa Mag:6.8", 08-Nov-23 20:02:07 WIB, Lok:6.13 LS,129.93 BT (255 km BaratLaut TANIMBAR), Kedlmn:10 Km,,,,,,,,,,,,,,,,,,,,,,
"Wed Nov 08 13:05:21 +0000 2023;1722238878952956023;""#Gempa Magnitudo: 6.8", Kedalaman: 10 km, 08 Nov 2023 20:02:07 WIB, Koordinat: 6.13 LS-129.93 BT (255 km BaratLaut TANIMBAR)," Tidak berpotensi tsunami #BMKG https://t.co/OiHiTwvX8x"";0;0;3;17;in;108543358;1722238878952956023;infoBMKG;https://twitter.com/infoBMKG/status/1722238878952956023",,,,,,,,,,,,,,,,,,,,,,
"Wed Nov 08 13:05:11 +0000 2023;1722238836921798920;""#Gempa Mag:7.0", 08-Nov-2023 20:02:07WIB, Lok:6.13LS, 129.93BT (255 km BaratLaut MALUKUTENGGARABRT), Kedlmn:10 Km #BMKG  Disclaimer:Informasi ini mengutamakan kecepatan,,,,,,,,,,,,,,,,,,,,,,
"Wed Nov 08 12:52:09 +0000 2023;1722235560696394184;""#Gempa Mag:3.5", 08-Nov-2023 19:48:56WIB, Lok:6.19LS, 129.65BT (270 km BaratLaut MALUKUTENGGARABRT), Kedlmn:10 Km #BMKG  Disclaimer:Informasi ini mengutamakan kecepatan,,,,,,,,,,,,,,,,,,,,,,
"Wed Nov 08 12:34:11 +0000 2023;1722231037076660444;""#Gempa Mag:2.1", 08-Nov-2023 19:29:06WIB, Lok:2.43LS, 121.21BT (17 km TimurLaut LUWUTIMUR-SULSEL), Kedlmn:10 Km #BMKG  Disclaimer:Informasi ini mengutamakan kecepatan,,,,,,,,,,,,,,,,,,,,,,
"Wed Nov 08 12:25:09 +0000 2023;1722228765210915286;""#Gempa Mag:2.9", 08-Nov-2023 19:21:56WIB, Lok:7.82LS, 117.48BT (74 km TimurLaut SUMBAWA-NTB), Kedlmn:329 Km #BMKG  Disclaimer:Informasi ini mengutamakan kecepatan,,,,,,,,,,,,,,,,,,,,,,
"Wed Nov 08 12:16:09 +0000 2023;1722226498810294737;""#Gempa Mag:5.3", 08-Nov-2023 19:12:01WIB, Lok:2.67LS, 92.63BT (671 km BaratDaya NIASBARAT-SUMUT), Kedlmn:10 Km #BMKG  Disclaimer:Informasi ini mengutamakan kecepatan,,,,,,,,,,,,,,,,,,,,,,
"Wed Nov 08 12:07:35 +0000 2023;1722224341650399516;""#Gempa Magnitudo: 5.0", Kedalaman: 10 km, 08 Nov 2023 19:04:32 WIB, Koordinat: 1.56 LS-139.17 BT (56 km TimurLaut SARMI-PAPUA)," Tidak berpotensi tsunami #BMKG https://t.co/OiHiTwvX8x"";0;0;5;12;in;108543358;1722224341650399516;infoBMKG;https://twitter.com/infoBMKG/status/1722224341650399516",,,,,,,,,,,,,,,,,,,,,,
"Wed Nov 08 12:07:35 +0000 2023;1722224341537141224;""#Gempa Mag:5.0", 08-Nov-23 19:04:32 WIB, Lok:1.56 LS,139.17 BT (56 km TimurLaut SARMI-PAPUA), Kedlmn:10 Km,,,,,,,,,,,,,,,,,,,,,,
"Wed Nov 08 12:07:10 +0000 2023;1722224238042681525;""#Gempa Mag:4.9", 08-Nov-2023 19:04:32WIB, Lok:1.56LS, 139.17BT (100 km BaratLaut SARMI-PAPUA), Kedlmn:10 Km #BMKG  Disclaimer:Informasi ini mengutamakan kecepatan,,,,,,,,,,,,,,,,,,,,,,
"Wed Nov 08 11:45:09 +0000 2023;1722218697857867950;""#Gempa Mag:2.7", 08-Nov-2023 18:41:43WIB, Lok:10.01LS, 119.25BT (29 km BaratDaya WANOKAKA-NTT), Kedlmn:10 Km #BMKG  Disclaimer:Informasi ini mengutamakan kecepatan,,,,,,,,,,,,,,,,,,,,,,
"Wed Nov 08 11:42:09 +0000 2023;1722217944112103875;""#Gempa Mag:3.4", 08-Nov-2023 18:37:13WIB, Lok:6.51LS, 129.72BT (239 km BaratLaut MALUKUTENGGARABRT), Kedlmn:10 Km #BMKG  Disclaimer:Informasi ini mengutamakan kecepatan,,,,,,,,,,,,,,,,,,,,,,
"Wed Nov 08 11:34:09 +0000 2023;1722215930498077109;""#Gempa Mag:3.8", 08-Nov-2023 18:31:29WIB, Lok:3.39LU, 96.79BT (51 km BaratLaut KAB-ACEHSELATAN), Kedlmn:28 Km #BMKG  Disclaimer:Informasi ini mengutamakan kecepatan,,,,,,,,,,,,,,,,,,,,,,
"Wed Nov 08 11:22:11 +0000 2023;1722212918111121440;""#Gempa Mag:4.1", 08-Nov-2023 18:18:22WIB, Lok:6.14LS, 129.74BT (267 km BaratLaut MALUKUTENGGARABRT), Kedlmn:10 Km #BMKG  Disclaimer:Informasi ini mengutamakan kecepatan,,,,,,,,,,,,,,,,,,,,,,
"Wed Nov 08 11:16:10 +0000 2023;1722211403363479974;""#Gempa Mag:4.3", 08-Nov-2023 18:11:33WIB, Lok:7.09LS, 116.61BT (149 km TimurLaut LOMBOKUTARA-NTB), Kedlmn:501 Km #BMKG  Disclaimer:Informasi ini mengutamakan kecepatan,,,,,,,,,,,,,,,,,,,,,,
"Wed Nov 08 11:13:10 +0000 2023;1722210646966865934;""#Gempa Mag:3.8", 08-Nov-2023 18:07:34WIB, Lok:6.57LS, 128.98BT (219 km TimurLaut MALUKUBRTDAYA), Kedlmn:269 Km #BMKG  Disclaimer:Informasi ini mengutamakan kecepatan,,,,,,,,,,,,,,,,,,,,,,
"Wed Nov 08 10:49:08 +0000 2023;1722204601049653541;""#Gempa Mag:4.1", 08-Nov-2023 17:45:39WIB, Lok:1.61LS, 139.11BT (95 km BaratLaut SARMI-PAPUA), Kedlmn:10 Km #BMKG  Disclaimer:Informasi ini mengutamakan kecepatan,,,,,,,,,,,,,,,,,,,,,,
"Wed Nov 08 10:47:09 +0000 2023;1722204102254547325;""#Gempa Mag:4.7", 08-Nov-2023 17:43:42WIB, Lok:6.14LS, 129.50BT (285 km BaratLaut MALUKUTENGGARABRT), Kedlmn:10 Km #BMKG  Disclaimer:Informasi ini mengutamakan kecepatan,,,,,,,,,,,,,,,,,,,,,,
"Wed Nov 08 10:38:10 +0000 2023;1722201839729512490;""#Gempa Mag:3.5", 08-Nov-2023 17:31:31WIB, Lok:6.67LS, 129.69BT (230 km BaratLaut MALUKUTENGGARABRT), Kedlmn:718 Km #BMKG  Disclaimer:Informasi ini mengutamakan kecepatan,,,,,,,,,,,,,,,,,,,,,,
"Wed Nov 08 10:23:09 +0000 2023;1722198061131374630;""#Gempa Mag:3.9", 08-Nov-2023 17:18:19WIB, Lok:6.95LS, 129.38BT (221 km TimurLaut MALUKUBRTDAYA), Kedlmn:461 Km #BMKG  Disclaimer:Informasi ini mengutamakan kecepatan,,,,,,,,,,,,,,,,,,,,,,
"Wed Nov 08 09:36:09 +0000 2023;1722186234423095300;""#Gempa Mag:4.3", 08-Nov-2023 16:33:52WIB, Lok:6.43LS, 129.52BT (262 km BaratLaut MALUKUTENGGARABRT), Kedlmn:10 Km #BMKG  Disclaimer:Informasi ini mengutamakan kecepatan,,,,,,,,,,,,,,,,,,,,,,
"Wed Nov 08 08:19:34 +0000 2023;1722166960216273102;""#Gempa (UPDATE) Mag:5.1", 08-Nov-23 14:23:47 WIB, Lok:3.47 LS, 129.71 BT (Pusat gempa berada di laut 85 km Tenggara, Maluku Tengah),,,,,,,,,,,,,,,,,,,,,,
"Wed Nov 08 07:37:55 +0000 2023;1722156479539789968;""#Gempa (UPDATE) Mag:5.1", 08-Nov-23 14:23:47 WIB, Lok:3.47 LS, 129.71 BT (Pusat gempa berada di laut 85 km Tenggara, Maluku Tengah),,,,,,,,,,,,,,,,,,,,,,
"Wed Nov 08 07:37:44 +0000 2023;1722156431514952030;""#Gempa Dirasakan Magnitudo: 5.1", Kedalaman: 38 km, 08 Nov 2023 14:23:47 WIB, Koordinat: 3.47 LS-129.71 BT (Pusat gempa berada di laut 85 km Tenggara," Maluku Tengah) #BMKG https://t.co/OiHiTwvX8x"";0;1;0;5;in;108543358;1722156431514952030;infoBMKG;https://twitter.com/infoBMKG/status/1722156431514952030",,,,,,,,,,,,,,,,,,,,,,
"Wed Nov 08 07:27:14 +0000 2023;1722153791620104691;""#Gempa Mag:5.1", 08-Nov-23 14:23:47 WIB, Lok:3.47 LS,129.71 BT (85 km Tenggara MALUKUTENGAH), Kedlmn:38 Km,,,,,,,,,,,,,,,,,,,,,,
"Wed Nov 08 07:27:12 +0000 2023;1722153784007369052;""#Gempa Magnitudo: 5.1", Kedalaman: 38 km, 08 Nov 2023 14:23:47 WIB, Koordinat: 3.47 LS-129.71 BT (85 km Tenggara MALUKUTENGAH)," Tidak berpotensi tsunami #BMKG https://t.co/OiHiTwvX8x"";0;1;0;8;in;108543358;1722153784007369052;infoBMKG;https://twitter.com/infoBMKG/status/1722153784007369052",,,,,,,,,,,,,,,,,,,,,,
"Wed Nov 08 07:27:10 +0000 2023;1722153773664194932;""#Gempa Mag:5.1", 08-Nov-2023 14:23:47WIB, Lok:3.47LS, 129.71BT (85 km Tenggara MALUKUTENGAH), Kedlmn:38 Km #BMKG  Disclaimer:Informasi ini mengutamakan kecepatan,,,,,,,,,,,,,,,,,,,,,,
"Wed Nov 08 07:01:13 +0000 2023;1722147244810686718;""#Gempa Mag:4.4", 08-Nov-2023 13:57:49WIB, Lok:6.46LS, 129.54BT (258 km BaratLaut MALUKUTENGGARABRT), Kedlmn:10 Km #BMKG  Disclaimer:Informasi ini mengutamakan kecepatan,,,,,,,,,,,,,,,,,,,,,,
"Wed Nov 08 06:42:09 +0000 2023;1722142444249305162;""#Gempa Mag:3.9", 08-Nov-2023 13:39:34WIB, Lok:6.23LS, 129.43BT (280 km TimurLaut MALUKUBRTDAYA), Kedlmn:10 Km #BMKG  Disclaimer:Informasi ini mengutamakan kecepatan,,,,,,,,,,,,,,,,,,,,,,
"Wed Nov 08 06:41:09 +0000 2023;1722142195762004000;""#Gempa Mag:3.9", 08-Nov-2023 13:35:59WIB, Lok:6.21LS, 129.51BT (279 km BaratLaut MALUKUTENGGARABRT), Kedlmn:10 Km #BMKG  Disclaimer:Informasi ini mengutamakan kecepatan,,,,,,,,,,,,,,,,,,,,,,
"Wed Nov 08 06:26:09 +0000 2023;1722138419516899796;""#Gempa Mag:4.2", 08-Nov-2023 13:20:31WIB, Lok:6.63LS, 130.31BT (185 km BaratLaut MALUKUTENGGARABRT), Kedlmn:10 Km #BMKG  Disclaimer:Informasi ini mengutamakan kecepatan,,,,,,,,,,,,,,,,,,,,,,
"Wed Nov 08 06:11:19 +0000 2023;1722134687672676824;""#Gempa Mag:5.2", 08-Nov-23 13:06:53 WIB, Lok:6.21 LS,129.89 BT (251 km BaratLaut TANIMBAR), Kedlmn:10 Km,,,,,,,,,,,,,,,,,,,,,,
"Wed Nov 08 06:11:16 +0000 2023;1722134675127435619;""#Gempa Magnitudo: 5.2", Kedalaman: 10 km, 08 Nov 2023 13:06:53 WIB, Koordinat: 6.21 LS-129.89 BT (251 km BaratLaut TANIMBAR)," Tidak berpotensi tsunami #BMKG https://t.co/OiHiTwvX8x"";0;0;0;5;in;108543358;1722134675127435619;infoBMKG;https://twitter.com/infoBMKG/status/1722134675127435619",,,,,,,,,,,,,,,,,,,,,,
"Wed Nov 08 06:11:09 +0000 2023;1722134643598856312;""#Gempa Mag:5.2", 08-Nov-2023 13:06:53WIB, Lok:6.21LS, 129.89BT (251 km BaratLaut MALUKUTENGGARABRT), Kedlmn:10 Km #BMKG  Disclaimer:Informasi ini mengutamakan kecepatan,,,,,,,,,,,,,,,,,,,,,,
"Wed Nov 08 06:10:09 +0000 2023;1722134393148588414;""#Gempa Mag:4.8", 08-Nov-2023 13:05:08WIB, Lok:6.21LS, 129.84BT (254 km BaratLaut MALUKUTENGGARABRT), Kedlmn:10 Km #BMKG  Disclaimer:Informasi ini mengutamakan kecepatan,,,,,,,,,,,,,,,,,,,,,,
"Wed Nov 08 06:00:10 +0000 2023;1722131879154102758;""#Gempa Mag:4.7", 08-Nov-2023 12:56:39WIB, Lok:6.14LS, 129.89BT (257 km BaratLaut MALUKUTENGGARABRT), Kedlmn:10 Km #BMKG  Disclaimer:Informasi ini mengutamakan kecepatan,,,,,,,,,,,,,,,,,,,,,,
"Wed Nov 08 05:46:09 +0000 2023;1722128354558845098;""#Gempa Mag:5.5", 08-Nov-2023 12:42:41WIB, Lok:6.15LS, 129.81BT (261 km BaratLaut MALUKUTENGGARABRT), Kedlmn:10 Km #BMKG  Disclaimer:Informasi ini mengutamakan kecepatan,,,,,,,,,,,,,,,,,,,,,,
"Wed Nov 08 05:45:50 +0000 2023;1722128274426630332;""#Gempa Magnitudo: 5.6", Kedalaman: 10 km, 08 Nov 2023 12:42:41 WIB, Koordinat: 6.15 LS-129.81 BT (261 km BaratLaut TANIMBAR)," Tidak berpotensi tsunami #BMKG https://t.co/OiHiTwvX8x"";0;1;1;8;in;108543358;1722128274426630332;infoBMKG;https://twitter.com/infoBMKG/status/1722128274426630332",,,,,,,,,,,,,,,,,,,,,,
"Wed Nov 08 05:45:50 +0000 2023;1722128273927496061;""#Gempa Mag:5.6", 08-Nov-23 12:42:41 WIB, Lok:6.15 LS,129.81 BT (261 km BaratLaut TANIMBAR), Kedlmn:10 Km,,,,,,,,,,,,,,,,,,,,,,
"Wed Nov 08 05:36:10 +0000 2023;1722125840648192394;""#Gempa Mag:4.0", 08-Nov-2023 12:32:48WIB, Lok:1.17LS, 134.21BT (36 km Tenggara MANOKWARISEL-PAPUABRT), Kedlmn:10 Km #BMKG  Disclaimer:Informasi ini mengutamakan kecepatan,,,,,,,,,,,,,,,,,,,,,,
"Wed Nov 08 05:12:51 +0000 2023;1722119971831234982;""#Gempa (UPDATE) Mag:7.2", 08-Nov-23 11:52:53 WIB, Lok:6.31 LS, 129.77 BT (Pusat gempa berada di laut 251 km Barat Laut Tanimbar), Kedlmn:10 Km Dirasakan (MMI) IV-V Saumlaki,, II Ambon, III Damer," III Kisar #BMKG https://t.co/KMbYcPzaWR"";18;31;179;482;in;108543358;1722119971831234982;infoBMKG;https://twitter.com/infoBMKG/status/1722119971831234982",,,,,,,,,,,,,,,,,,
"Wed Nov 08 05:12:35 +0000 2023;1722119903493447960;""#Gempa Dirasakan Magnitudo: 7.2", Kedalaman: 10 km, 08 Nov 2023 11:52:53 WIB," Koordinat: 6.31 LS-129.77 BT (Pusat gempa berada di laut 251 km Barat Laut Tanimbar) #BMKG https://t.co/OiHiTwvX8x"";0;1;6;13;in;108543358;1722119903493447960;infoBMKG;https://twitter.com/infoBMKG/status/1722119903493447960",,,,,,,,,,,,,,,,,,,,,,,
"Wed Nov 08 04:57:49 +0000 2023;1722116187088445476;""#Gempa Magnitudo: 7.2", Kedalaman: 10 km, 08 Nov 2023 11:52:53 WIB, Koordinat: 6.31 LS-129.77 BT (251 km BaratLaut TANIMBAR)," Tidak berpotensi tsunami #BMKG https://t.co/OiHiTwvX8x"";3;8;22;59;in;108543358;1722116187088445476;infoBMKG;https://twitter.com/infoBMKG/status/1722116187088445476",,,,,,,,,,,,,,,,,,,,,,
"Wed Nov 08 04:57:48 +0000 2023;1722116183489651195;""#Gempa Mag:7.2", 08-Nov-23 11:52:53 WIB, Lok:6.31 LS,129.77 BT (251 km BaratLaut TANIMBAR), Kedlmn:10 Km,,,,,,,,,,,,,,,,,,,,,,
"Wed Nov 08 04:55:09 +0000 2023;1722115517463552260;""#Gempa Mag:6.9", 08-Nov-2023 11:52:47WIB, Lok:6.73LS, 129.79BT (217 km BaratLaut MALUKUTENGGARABRT), Kedlmn:14 Km #BMKG  Disclaimer:Informasi ini mengutamakan kecepatan,,,,,,,,,,,,,,,,,,,,,,
"Wed Nov 08 03:52:11 +0000 2023;1722099669839532062;""#Gempa Mag:2.9", 08-Nov-2023 10:49:32WIB, Lok:2.85LS, 129.88BT (73 km BaratLaut SERAMBAGIANTIMUR-MALUKU), Kedlmn:13 Km #BMKG  Disclaimer:Informasi ini mengutamakan kecepatan,,,,,,,,,,,,,,,,,,,,,,
"Wed Nov 08 00:06:09 +0000 2023;1722042786852335631;""#Gempa Mag:3.6", 08-Nov-2023 07:03:04WIB, Lok:7.71LS, 106.63BT (80 km Tenggara KAB-SUKABUMI-JABAR), Kedlmn:11 Km #BMKG  Disclaimer:Informasi ini mengutamakan kecepatan,,,,,,,,,,,,,,,,,,,,,,
"Tue Nov 07 23:51:09 +0000 2023;1722039015724265627;""#Gempa Mag:3.0", 08-Nov-2023 06:47:26WIB, Lok:8.98LS, 124.19BT (69 km BaratLaut TIMORTENGAHUT-NTT), Kedlmn:88 Km #BMKG  Disclaimer:Informasi ini mengutamakan kecepatan,,,,,,,,,,,,,,,,,,,,,,
"Tue Nov 07 23:05:10 +0000 2023;1722027441248772326;""#Gempa Mag:2.6", 08-Nov-2023 05:59:11WIB, Lok:0.05LU, 127.52BT (49 km BaratDaya WEDA-MALUT), Kedlmn:10 Km #BMKG  Disclaimer:Informasi ini mengutamakan kecepatan,,,,,,,,,,,,,,,,,,,,,,
"Tue Nov 07 22:40:15 +0000 2023;1722021169564639575;""#Gempa Mag:3.3", 08-Nov-2023 05:33:17WIB, Lok:7.55LS, 105.97BT (75 km BaratDaya BAYAH-BANTEN), Kedlmn:14 Km #BMKG  Disclaimer:Informasi ini mengutamakan kecepatan,,,,,,,,,,,,,,,,,,,,,,
"Tue Nov 07 20:48:10 +0000 2023;1721992965554655716;""#Gempa Mag:2.9", 08-Nov-2023 03:44:44WIB, Lok:0.73LU, 122.20BT (27 km BaratLaut BOALEMO-GORONTALO), Kedlmn:37 Km #BMKG  Disclaimer:Informasi ini mengutamakan kecepatan,,,,,,,,,,,,,,,,,,,,,,
"Tue Nov 07 20:04:11 +0000 2023;1721981895158948209;""#Gempa Mag:3.0", 08-Nov-2023 03:00:34WIB, Lok:3.78LS, 128.62BT (65 km BaratDaya MALUKUTENGAH), Kedlmn:137 Km #BMKG  Disclaimer:Informasi ini mengutamakan kecepatan,,,,,,,,,,,,,,,,,,,,,,
"Tue Nov 07 16:53:09 +0000 2023;1721933820608561483;""#Gempa Mag:3.0", 07-Nov-2023 23:49:05WIB, Lok:2.38LS, 140.46BT (95 km TimurLaut KAB-JAYAPURA-PAPUA), Kedlmn:10 Km #BMKG  Disclaimer:Informasi ini mengutamakan kecepatan,,,,,,,,,,,,,,,,,,,,,,
"Tue Nov 07 15:41:13 +0000 2023;1721915719544385691;""#Gempa Mag:3.7", 07-Nov-2023 22:37:23WIB, Lok:1.46LS, 126.44BT (80 km TimurLaut SANANA-MALUT), Kedlmn:10 Km #BMKG  Disclaimer:Informasi ini mengutamakan kecepatan,,,,,,,,,,,,,,,,,,,,,,
"Tue Nov 07 14:47:11 +0000 2023;1721902118360207668;""#Gempa Mag:3.1", 07-Nov-2023 21:43:20WIB, Lok:0.19LS, 123.15BT (80 km Tenggara BONEBOLANGO-GORONTALO), Kedlmn:33 Km #BMKG  Disclaimer:Informasi ini mengutamakan kecepatan,,,,,,,,,,,,,,,,,,,,,,
"Tue Nov 07 14:23:08 +0000 2023;1721896068873629819;""#Gempa Mag:3.3", 07-Nov-2023 21:19:31WIB, Lok:1.72LS, 139.20BT (83 km BaratLaut SARMI-PAPUA), Kedlmn:10 Km #BMKG  Disclaimer:Informasi ini mengutamakan kecepatan,,,,,,,,,,,,,,,,,,,,,,
"Tue Nov 07 14:07:11 +0000 2023;1721892051963498827;""#Gempa Mag:3.5", 07-Nov-2023 21:04:53WIB, Lok:0.09LS, 123.16BT (69 km Tenggara BONEBOLANGO-GORONTALO), Kedlmn:49 Km #BMKG  Disclaimer:Informasi ini mengutamakan kecepatan,,,,,,,,,,,,,,,,,,,,,,
"Tue Nov 07 13:36:10 +0000 2023;1721884246971908374;""#Gempa Mag:4.0", 07-Nov-2023 20:33:33WIB, Lok:7.87LS, 127.48BT (46 km BaratLaut MALUKUBRTDAYA), Kedlmn:177 Km #BMKG  Disclaimer:Informasi ini mengutamakan kecepatan,,,,,,,,,,,,,,,,,,,,,,
"Tue Nov 07 12:58:10 +0000 2023;1721874686869733430;""#Gempa Mag:3.0", 07-Nov-2023 19:54:41WIB, Lok:3.07LS, 128.09BT (11 km BaratDaya SERAMBAGIANBARAT-MALUKU), Kedlmn:16 Km #BMKG  Disclaimer:Informasi ini mengutamakan kecepatan,,,,,,,,,,,,,,,,,,,,,,
"Tue Nov 07 12:43:09 +0000 2023;1721870906954547242;""#Gempa Mag:2.8", 07-Nov-2023 19:39:42WIB, Lok:4.89LU, 95.59BT (28 km TimurLaut CALANG-ACEHJAYA), Kedlmn:57 Km #BMKG  Disclaimer:Informasi ini mengutamakan kecepatan,,,,,,,,,,,,,,,,,,,,,,
"Tue Nov 07 12:22:09 +0000 2023;1721865621842129402;""#Gempa Mag:3.6", 07-Nov-2023 19:19:23WIB, Lok:4.29LS, 102.17BT (51 km BaratDaya SELUMA-BENGKULU), Kedlmn:22 Km #BMKG  Disclaimer:Informasi ini mengutamakan kecepatan,,,,,,,,,,,,,,,,,,,,,,
"Tue Nov 07 12:06:09 +0000 2023;1721861594504913274;""#Gempa Mag:3.3", 07-Nov-2023 19:02:58WIB, Lok:6.97LS, 105.82BT (16 km BaratDaya MUARABINUANGEUN-BANTEN), Kedlmn:97 Km #BMKG  Disclaimer:Informasi ini mengutamakan kecepatan,,,,,,,,,,,,,,,,,,,,,,
"Tue Nov 07 11:26:10 +0000 2023;1721851532050907432;""#Gempa Mag:2.5", 07-Nov-2023 18:21:08WIB, Lok:8.87LS, 120.99BT (9 km Tenggara BAJAWA-NGADA-NTT), Kedlmn:10 Km #BMKG  Disclaimer:Informasi ini mengutamakan kecepatan,,,,,,,,,,,,,,,,,,,,,,
"Tue Nov 07 11:01:08 +0000 2023;1721845233846223065;""#Gempa Mag:4.4", 07-Nov-2023 17:58:42WIB, Lok:7.25LS, 129.15BT (181 km TimurLaut MALUKUBRTDAYA), Kedlmn:182 Km #BMKG  Disclaimer:Informasi ini mengutamakan kecepatan,,,,,,,,,,,,,,,,,,,,,,
"Tue Nov 07 10:33:11 +0000 2023;1721838198907978219;""#Gempa Mag:3.5", 07-Nov-2023 17:28:25WIB, Lok:0.32LS, 122.95BT (97 km BaratDaya BONEBOLANGO-GORONTALO), Kedlmn:10 Km #BMKG  Disclaimer:Informasi ini mengutamakan kecepatan,,,,,,,,,,,,,,,,,,,,,,
"Tue Nov 07 10:25:10 +0000 2023;1721836181493821902;""#Gempa Mag:3.7", 07-Nov-2023 17:21:44WIB, Lok:0.92LU, 125.37BT (64 km Tenggara BITUNG-SULUT), Kedlmn:10 Km #BMKG  Disclaimer:Informasi ini mengutamakan kecepatan,,,,,,,,,,,,,,,,,,,,,,
"Tue Nov 07 09:11:08 +0000 2023;1721817551486025813;""#Gempa Mag:5.3", 07-Nov-2023 16:07:04WIB, Lok:6.38LU, 95.08BT (60 km BaratLaut KOTA-SABANG-ACEH), Kedlmn:202 Km #BMKG  Disclaimer:Informasi ini mengutamakan kecepatan,,,,,,,,,,,,,,,,,,,,,,
"Tue Nov 07 07:54:10 +0000 2023;1721798181506461802;""#Gempa Mag:5.3", 07-Nov-2023 14:49:21WIB, Lok:7.12LS, 151.23BT (1195 km TimurLaut MERAUKE-PAPUA), Kedlmn:604 Km #BMKG  Disclaimer:Informasi ini mengutamakan kecepatan,,,,,,,,,,,,,,,,,,,,,,
"Tue Nov 07 07:32:10 +0000 2023;1721792645507555678;""#Gempa Mag:3.2", 07-Nov-2023 14:28:12WIB, Lok:3.97LU, 126.31BT (40 km BaratDaya MELONGUANE-SULUT), Kedlmn:10 Km #BMKG  Disclaimer:Informasi ini mengutamakan kecepatan,,,,,,,,,,,,,,,,,,,,,,
"Tue Nov 07 06:29:10 +0000 2023;1721776790845485202;""#Gempa Mag:1.9", 07-Nov-2023 13:26:33WIB, Lok:2.44LS, 121.18BT (15 km TimurLaut LUWUTIMUR-SULSEL), Kedlmn:10 Km #BMKG  Disclaimer:Informasi ini mengutamakan kecepatan,,,,,,,,,,,,,,,,,,,,,,
"Tue Nov 07 06:04:09 +0000 2023;1721770495627141150;""#Gempa Mag:3.0", 07-Nov-2023 13:00:34WIB, Lok:9.17LS, 123.92BT (81 km BaratLaut TIMORTENGAHUT-NTT), Kedlmn:64 Km #BMKG  Disclaimer:Informasi ini mengutamakan kecepatan,,,,,,,,,,,,,,,,,,,,,,
"Tue Nov 07 05:42:08 +0000 2023;1721764955731763582;""#Gempa Mag:5.1", 07-Nov-2023 12:36:38WIB, Lok:10.22LS, 118.08BT (122 km BaratDaya KODI-SUMBABARATDAYA-NTT), Kedlmn:10 Km #BMKG  Disclaimer:Informasi ini mengutamakan kecepatan,,,,,,,,,,,,,,,,,,,,,,
"Tue Nov 07 05:39:51 +0000 2023;1721764380579352891;""#Gempa Mag:5.0", 07-Nov-23 12:36:38 WIB, Lok:10.24 LS,118.07 BT (124 km BaratDaya KODI-SUMBABARATDAYA-NTT), Kedlmn:10 Km,,,,,,,,,,,,,,,,,,,,,,
"Tue Nov 07 05:39:49 +0000 2023;1721764369548329255;""#Gempa Magnitudo: 5.0", Kedalaman: 10 km, 07 Nov 2023 12:36:38 WIB, Koordinat: 10.24 LS-118.07 BT (124 km BaratDaya KODI-SUMBABARATDAYA-NTT)," Tidak berpotensi tsunami #BMKG https://t.co/OiHiTwvX8x"";0;0;0;7;in;108543358;1721764369548329255;infoBMKG;https://twitter.com/infoBMKG/status/1721764369548329255",,,,,,,,,,,,,,,,,,,,,,
"Tue Nov 07 04:05:09 +0000 2023;1721740548078485667;""#Gempa Mag:2.8", 07-Nov-2023 11:02:03WIB, Lok:9.14LS, 117.52BT (73 km Tenggara SUMBAWA-NTB), Kedlmn:10 Km #BMKG  Disclaimer:Informasi ini mengutamakan kecepatan,,,,,,,,,,,,,,,,,,,,,,
"Tue Nov 07 04:00:10 +0000 2023;1721739291523789294;""#Gempa Mag:3.6", 07-Nov-2023 10:57:41WIB, Lok:7.21LS, 106.15BT (33 km BaratDaya BAYAH-BANTEN), Kedlmn:24 Km #BMKG  Disclaimer:Informasi ini mengutamakan kecepatan,,,,,,,,,,,,,,,,,,,,,,
"Tue Nov 07 03:40:09 +0000 2023;1721734254437249235;""#Gempa (UPDATE) Mag:3.8", 07-Nov-23 10:28:31 WIB, Lok:2.45 LS, 140.57 BT (Pusat gempa berada di darat, 19 km BaratLaut Kota Jayapura),," II Kota Jayapura #BMKG https://t.co/04xFLrePP7"";0;1;4;17;in;108543358;1721734254437249235;infoBMKG;https://twitter.com/infoBMKG/status/1721734254437249235",,,,,,,,,,,,,,,,,,,,
"Tue Nov 07 03:39:57 +0000 2023;1721734207473639427;""#Gempa Dirasakan Magnitudo: 3.8", Kedalaman: 10 km, 07 Nov 2023 10:28:31 WIB, Koordinat: 2.45 LS-140.57 BT (Pusat gempa berada di darat," 19 km BaratLaut Kota Jayapura) #BMKG https://t.co/OiHiTwvX8x"";0;0;2;9;in;108543358;1721734207473639427;infoBMKG;https://twitter.com/infoBMKG/status/1721734207473639427",,,,,,,,,,,,,,,,,,,,,,
"Tue Nov 07 03:33:08 +0000 2023;1721732490698899701;""#Gempa Mag:3.7", 07-Nov-2023 10:30:15WIB, Lok:0.97LU, 97.32BT (15 km BaratDaya NIASBARAT-SUMUT), Kedlmn:21 Km #BMKG  Disclaimer:Informasi ini mengutamakan kecepatan,,,,,,,,,,,,,,,,,,,,,,
"Tue Nov 07 03:32:08 +0000 2023;1721732237014847916;""#Gempa Mag:3.8", 07-Nov-2023 10:28:29WIB, Lok:2.35LS, 140.57BT (106 km TimurLaut KAB-JAYAPURA-PAPUA), Kedlmn:10 Km #BMKG  Disclaimer:Informasi ini mengutamakan kecepatan,,,,,,,,,,,,,,,,,,,,,,
"Mon Nov 06 23:02:09 +0000 2023;1721664294599917868;""#Gempa Mag:3.1", 07-Nov-2023 05:56:23WIB, Lok:2.36LS, 101.88BT (23 km BaratDaya MERANGIN-JAMBI), Kedlmn:119 Km #BMKG  Disclaimer:Informasi ini mengutamakan kecepatan,,,,,,,,,,,,,,,,,,,,,,
"Mon Nov 06 22:10:11 +0000 2023;1721651216915300588;""#Gempa Mag:2.8", 07-Nov-2023 05:05:12WIB, Lok:1.75LS, 120.58BT (43 km BaratDaya POSO-SULTENG), Kedlmn:10 Km #BMKG  Disclaimer:Informasi ini mengutamakan kecepatan,,,,,,,,,,,,,,,,,,,,,,
"Mon Nov 06 22:03:10 +0000 2023;1721649449796346205;""#Gempa Mag:2.4", 07-Nov-2023 04:59:07WIB, Lok:9.18LS, 124.57BT (30 km BaratLaut TIMORTENGAHUT-NTT), Kedlmn:10 Km #BMKG  Disclaimer:Informasi ini mengutamakan kecepatan,,,,,,,,,,,,,,,,,,,,,,
"Mon Nov 06 21:31:02 +0000 2023;1721641365929590861;""#Gempa (UPDATE) Mag:5.0", 07-Nov-23 04:12:47 WIB, Lok:5.30 LU, 93.94 BT (Pusat gempa berada di laut 156 km BaratDaya Banda Aceh), Kedlmn:10 Km Dirasakan (MMI) II-III Banda Aceh,,,,,,,,,,,,,,,,,,,,,,
"Mon Nov 06 21:30:51 +0000 2023;1721641320127861009;""#Gempa Dirasakan Magnitudo: 5.0", Kedalaman: 10 km, 07 Nov 2023 04:12:47 WIB," Koordinat: 5.30 LU-93.94 BT (Pusat gempa berada di laut 156 km BaratDaya Banda Aceh) #BMKG https://t.co/OiHiTwvX8x"";0;0;1;17;in;108543358;1721641320127861009;infoBMKG;https://twitter.com/infoBMKG/status/1721641320127861009",,,,,,,,,,,,,,,,,,,,,,,
"Mon Nov 06 21:16:18 +0000 2023;1721637656894021970;""#Gempa Mag:5.0", 07-Nov-23 04:12:47 WIB, Lok:5.30 LU,93.94 BT (156 km BaratDaya BANDAACEH-ACEH), Kedlmn:10 Km,,,,,,,,,,,,,,,,,,,,,,
"Mon Nov 06 21:16:16 +0000 2023;1721637646508908634;""#Gempa Magnitudo: 5.0", Kedalaman: 10 km, 07 Nov 2023 04:12:47 WIB, Koordinat: 5.30 LU-93.94 BT (156 km BaratDaya BANDAACEH-ACEH)," Tidak berpotensi tsunami #BMKG https://t.co/OiHiTwvX8x"";1;0;0;9;in;108543358;1721637646508908634;infoBMKG;https://twitter.com/infoBMKG/status/1721637646508908634",,,,,,,,,,,,,,,,,,,,,,
"Mon Nov 06 21:16:08 +0000 2023;1721637616066715980;""#Gempa Mag:4.9", 07-Nov-2023 04:12:47WIB, Lok:5.30LU, 93.94BT (166 km BaratDaya KOTA-SABANG-ACEH), Kedlmn:10 Km #BMKG  Disclaimer:Informasi ini mengutamakan kecepatan,,,,,,,,,,,,,,,,,,,,,,
"Mon Nov 06 21:02:12 +0000 2023;1721634110224113777;""#Gempa Mag:3.6", 07-Nov-2023 03:59:27WIB, Lok:7.86LS, 118.78BT (65 km TimurLaut BIMA-NTB), Kedlmn:19 Km #BMKG  Disclaimer:Informasi ini mengutamakan kecepatan,,,,,,,,,,,,,,,,,,,,,,
"Mon Nov 06 20:58:13 +0000 2023;1721633105373733282;""#Gempa Mag:2.7", 07-Nov-2023 03:54:20WIB, Lok:3.66LS, 128.19BT (54 km TimurLaut BURUSELATAN-MALUKU), Kedlmn:18 Km #BMKG  Disclaimer:Informasi ini mengutamakan kecepatan,,,,,,,,,,,,,,,,,,,,,,
"Mon Nov 06 20:31:10 +0000 2023;1721626299570262058;""#Gempa Mag:2.8", 07-Nov-2023 03:27:34WIB, Lok:1.37LS, 119.47BT (24 km Tenggara MAMUJUUTARA-SULBAR), Kedlmn:10 Km #BMKG  Disclaimer:Informasi ini mengutamakan kecepatan,,,,,,,,,,,,,,,,,,,,,,
"Mon Nov 06 20:04:11 +0000 2023;1721619508845232499;""#Gempa Mag:2.6", 07-Nov-2023 03:00:54WIB, Lok:1.51LS, 123.58BT (12 km TimurLaut BANGGAI-SULTENG), Kedlmn:11 Km #BMKG  Disclaimer:Informasi ini mengutamakan kecepatan,,,,,,,,,,,,,,,,,,,,,,
"Mon Nov 06 19:10:10 +0000 2023;1721605913377993059;""#Gempa Mag:4.0", 07-Nov-2023 02:06:29WIB, Lok:2.99LS, 137.74BT (50 km BaratDaya MAMBERAMORAYA-PAPUA), Kedlmn:87 Km #BMKG  Disclaimer:Informasi ini mengutamakan kecepatan,,,,,,,,,,,,,,,,,,,,,,
"Mon Nov 06 18:54:12 +0000 2023;1721601894517445081;""#Gempa Mag:4.0", 07-Nov-2023 01:50:46WIB, Lok:4.28LS, 137.00BT (65 km Tenggara DEIYAI-PAPUA), Kedlmn:11 Km #BMKG  Disclaimer:Informasi ini mengutamakan kecepatan,,,,,,,,,,,,,,,,,,,,,,
"Mon Nov 06 15:40:09 +0000 2023;1721553063658631615;""#Gempa Mag:5.2", 06-Nov-2023 22:36:44WIB, Lok:7.72LS, 127.83BT (48 km TimurLaut MALUKUBRTDAYA), Kedlmn:168 Km #BMKG  Disclaimer:Informasi ini mengutamakan kecepatan,,,,,,,,,,,,,,,,,,,,,,
"Mon Nov 06 05:39:10 +0000 2023;1721401818654314896;""#Gempa Mag:3.5", 06-Nov-2023 12:33:08WIB, Lok:2.42LS, 101.84BT (31 km BaratDaya MERANGIN-JAMBI), Kedlmn:119 Km #BMKG  Disclaimer:Informasi ini mengutamakan kecepatan,,,,,,,,,,,,,,,,,,,,,,
"Mon Nov 06 05:10:08 +0000 2023;1721394514810839330;""#Gempa Mag:3.4", 06-Nov-2023 12:07:05WIB, Lok:5.96LS, 103.92BT (85 km BaratDaya PESISIRBARAT-LAMPUNG), Kedlmn:10 Km #BMKG  Disclaimer:Informasi ini mengutamakan kecepatan,,,,,,,,,,,,,,,,,,,,,,
"Mon Nov 06 05:09:08 +0000 2023;1721394263077077397;""#Gempa Mag:3.2", 06-Nov-2023 12:04:37WIB, Lok:5.81LS, 104.10BT (71 km Tenggara PESISIRBARAT-LAMPUNG), Kedlmn:10 Km #BMKG  Disclaimer:Informasi ini mengutamakan kecepatan,,,,,,,,,,,,,,,,,,,,,,
"Mon Nov 06 03:35:09 +0000 2023;1721370608007815586;""#Gempa Mag:3.5", 06-Nov-2023 10:32:31WIB, Lok:8.58LS, 110.42BT (68 km BaratDaya GUNUNGKIDUL-DIY), Kedlmn:20 Km #BMKG  Disclaimer:Informasi ini mengutamakan kecepatan,,,,,,,,,,,,,,,,,,,,,,
"Mon Nov 06 03:33:08 +0000 2023;1721370102904287397;""#Gempa (UPDATE) Mag:3.8", 06-Nov-23 10:22:21 WIB, Lok:6.00 LS, 103.91 BT (Pusat gempa berada di laut 90 Km Barat Daya Pesisir Barat)," Kedlmn:7 Km Dirasakan (MMI) II Liwa #BMKG https://t.co/XcrKVqW33u"";0;0;30;76;in;108543358;1721370102904287397;infoBMKG;https://twitter.com/infoBMKG/status/1721370102904287397",,,,,,,,,,,,,,,,,,,,,,
"Mon Nov 06 03:32:59 +0000 2023;1721370064530932070;""#Gempa Dirasakan Magnitudo: 3.8", Kedalaman: 7 km, 06 Nov 2023 10:22:21 WIB," Koordinat: 6.00 LS-103.91 BT (Pusat gempa berada di laut 90 Km Barat Daya Pesisir Barat) #BMKG https://t.co/OiHiTwvX8x"";0;0;0;6;in;108543358;1721370064530932070;infoBMKG;https://twitter.com/infoBMKG/status/1721370064530932070",,,,,,,,,,,,,,,,,,,,,,,
"Mon Nov 06 03:25:09 +0000 2023;1721368092562043238;""#Gempa Mag:4.1", 06-Nov-2023 10:22:19WIB, Lok:6.06LS, 103.87BT (97 km BaratDaya PESISIRBARAT-LAMPUNG), Kedlmn:10 Km #BMKG  Disclaimer:Informasi ini mengutamakan kecepatan,,,,,,,,,,,,,,,,,,,,,,
"Mon Nov 06 02:44:10 +0000 2023;1721357780202950735;""#Gempa Mag:3.8", 06-Nov-2023 09:37:58WIB, Lok:3.22LS, 135.75BT (32 km BaratLaut NABIRE-PAPUA), Kedlmn:10 Km #BMKG  Disclaimer:Informasi ini mengutamakan kecepatan,,,,,,,,,,,,,,,,,,,,,,
"Mon Nov 06 02:37:08 +0000 2023;1721356011246960953;""#Gempa Mag:3.7", 06-Nov-2023 09:34:37WIB, Lok:5.93LS, 103.92BT (82 km BaratDaya PESISIRBARAT-LAMPUNG), Kedlmn:10 Km #BMKG  Disclaimer:Informasi ini mengutamakan kecepatan,,,,,,,,,,,,,,,,,,,,,,
"Mon Nov 06 02:02:08 +0000 2023;1721347201946018004;""#Gempa Mag:2.5", 06-Nov-2023 08:58:32WIB, Lok:7.47LS, 110.57BT (9 km BaratLaut BOYOLALI-JATENG), Kedlmn:10 Km #BMKG  Disclaimer:Informasi ini mengutamakan kecepatan,,,,,,,,,,,,,,,,,,,,,,
"Mon Nov 06 01:42:13 +0000 2023;1721342189710815336;""#Gempa Mag:3.3", 06-Nov-2023 08:38:17WIB, Lok:1.63LU, 126.52BT (122 km BaratLaut JAILOLO-MALUT), Kedlmn:10 Km #BMKG  Disclaimer:Informasi ini mengutamakan kecepatan,,,,,,,,,,,,,,,,,,,,,,
"Mon Nov 06 00:30:09 +0000 2023;1721324050918821994;""#Gempa Mag:2.9", 06-Nov-2023 07:26:36WIB, Lok:1.16LU, 98.23BT (59 km TimurLaut NIAS-SUMUT), Kedlmn:18 Km #BMKG  Disclaimer:Informasi ini mengutamakan kecepatan,,,,,,,,,,,,,,,,,,,,,,
"Sun Nov 05 23:52:08 +0000 2023;1721314487410794546;""#Gempa Mag:3.5", 06-Nov-2023 06:48:14WIB, Lok:10.03LS, 123.73BT (17 km BaratDaya KAB-KUPANG-NTT), Kedlmn:10 Km #BMKG  Disclaimer:Informasi ini mengutamakan kecepatan,,,,,,,,,,,,,,,,,,,,,,
"Sun Nov 05 23:26:09 +0000 2023;1721307946142011560;""#Gempa Mag:3.7", 06-Nov-2023 06:24:01WIB, Lok:9.34LS, 122.56BT (88 km Tenggara MAUMERE-SIKKA-NTT), Kedlmn:10 Km #BMKG  Disclaimer:Informasi ini mengutamakan kecepatan,,,,,,,,,,,,,,,,,,,,,,
"Sun Nov 05 23:16:11 +0000 2023;1721305439818907901;""#Gempa Mag:2.7", 06-Nov-2023 06:11:58WIB, Lok:0.58LU, 120.00BT (89 km BaratDaya PARIGIMOUTONG-SULTENG), Kedlmn:27 Km #BMKG  Disclaimer:Informasi ini mengutamakan kecepatan,,,,,,,,,,,,,,,,,,,,,,
"Sun Nov 05 22:28:10 +0000 2023;1721293353244094550;""#Gempa Mag:3.2", 06-Nov-2023 05:22:52WIB, Lok:6.03LS, 103.91BT (93 km BaratDaya PESISIRBARAT-LAMPUNG), Kedlmn:10 Km #BMKG  Disclaimer:Informasi ini mengutamakan kecepatan,,,,,,,,,,,,,,,,,,,,,,
"Sun Nov 05 21:34:09 +0000 2023;1721279762533167139;""#Gempa Mag:3.0", 06-Nov-2023 04:29:32WIB, Lok:5.94LS, 103.95BT (83 km Tenggara PESISIRBARAT-LAMPUNG), Kedlmn:10 Km #BMKG  Disclaimer:Informasi ini mengutamakan kecepatan,,,,,,,,,,,,,,,,,,,,,,
"Sun Nov 05 21:20:10 +0000 2023;1721276241440026987;""#Gempa Mag:3.0", 06-Nov-2023 04:17:27WIB, Lok:8.72LS, 119.39BT (61 km BaratDaya LABUANBAJO-NTT), Kedlmn:10 Km #BMKG  Disclaimer:Informasi ini mengutamakan kecepatan,,,,,,,,,,,,,,,,,,,,,,
"Sun Nov 05 21:04:10 +0000 2023;1721272217185796285;""#Gempa Mag:2.8", 06-Nov-2023 04:00:04WIB, Lok:1.12LU, 119.04BT (192 km BaratLaut DONGGALA-SULTENG), Kedlmn:10 Km #BMKG  Disclaimer:Informasi ini mengutamakan kecepatan,,,,,,,,,,,,,,,,,,,,,,
"Sun Nov 05 20:23:10 +0000 2023;1721261899118268542;""#Gempa Mag:3.1", 06-Nov-2023 03:19:57WIB, Lok:3.27LS, 126.84BT (29 km BaratDaya BURU-MALUKU), Kedlmn:80 Km #BMKG  Disclaimer:Informasi ini mengutamakan kecepatan,,,,,,,,,,,,,,,,,,,,,,
"Sun Nov 05 18:49:09 +0000 2023;1721238238189461877;""#Gempa Mag:3.3", 06-Nov-2023 01:45:51WIB, Lok:3.66LS, 101.24BT (109 km BaratDaya BENGKULUUTARA), Kedlmn:19 Km #BMKG  Disclaimer:Informasi ini mengutamakan kecepatan,,,,,,,,,,,,,,,,,,,,,,
"Sun Nov 05 17:21:10 +0000 2023;1721216094302781724;""#Gempa Mag:2.6", 06-Nov-2023 00:18:48WIB, Lok:0.90LU, 127.64BT (16 km TimurLaut SOFIFI-MALUT), Kedlmn:10 Km #BMKG  Disclaimer:Informasi ini mengutamakan kecepatan,,,,,,,,,,,,,,,,,,,,,,
"Sun Nov 05 16:57:10 +0000 2023;1721210056761557383;""#Gempa Mag:3.2", 05-Nov-2023 23:54:38WIB, Lok:0.49LU, 121.72BT (25 km BaratLaut POHUWATO-GORONTALO), Kedlmn:84 Km #BMKG  Disclaimer:Informasi ini mengutamakan kecepatan,,,,,,,,,,,,,,,,,,,,,,
"Sun Nov 05 16:52:10 +0000 2023;1721208796931125343;""#Gempa Mag:2.6", 05-Nov-2023 23:47:37WIB, Lok:8.25LS, 119.71BT (34 km BaratLaut LABUANBAJO-NTT), Kedlmn:156 Km #BMKG  Disclaimer:Informasi ini mengutamakan kecepatan,,,,,,,,,,,,,,,,,,,,,,
"Sun Nov 05 15:21:11 +0000 2023;1721185899487363167;""#Gempa Mag:2.8", 05-Nov-2023 22:17:58WIB, Lok:3.03LS, 131.55BT (118 km TimurLaut SERAMBAGIANTIMUR-MALUKU), Kedlmn:10 Km #BMKG  Disclaimer:Informasi ini mengutamakan kecepatan,,,,,,,,,,,,,,,,,,,,,,
"Sun Nov 05 15:01:11 +0000 2023;1721180868545577238;""#Gempa Mag:3.3", 05-Nov-2023 21:55:36WIB, Lok:3.44LS, 131.33BT (100 km Tenggara SERAMBAGIANTIMUR-MALUKU), Kedlmn:63 Km #BMKG  Disclaimer:Informasi ini mengutamakan kecepatan,,,,,,,,,,,,,,,,,,,,,,
"Sun Nov 05 10:28:10 +0000 2023;1721112160536010765;""#Gempa Mag:3.7", 05-Nov-2023 17:24:43WIB, Lok:3.76LS, 102.16BT (29 km BaratDaya BENGKULUTENGAH), Kedlmn:11 Km #BMKG  Disclaimer:Informasi ini mengutamakan kecepatan,,,,,,,,,,,,,,,,,,,,,,
"Sun Nov 05 09:36:10 +0000 2023;1721099073435087267;""#Gempa Mag:3.8", 05-Nov-2023 16:32:02WIB, Lok:10.56LS, 123.81BT (63 km BaratDaya KAB-KUPANG-NTT), Kedlmn:38 Km #BMKG  Disclaimer:Informasi ini mengutamakan kecepatan,,,,,,,,,,,,,,,,,,,,,,
"Sun Nov 05 05:15:09 +0000 2023;1721033388730339375;""#Gempa Mag:3.3", 05-Nov-2023 12:10:22WIB, Lok:1.90LU, 127.56BT (51 km BaratLaut TOBELO-MALUT), Kedlmn:137 Km #BMKG  Disclaimer:Informasi ini mengutamakan kecepatan,,,,,,,,,,,,,,,,,,,,,,
"Sun Nov 05 03:15:09 +0000 2023;1721003188353130608;""#Gempa Mag:3.5", 05-Nov-2023 10:11:20WIB, Lok:8.89LS, 123.69BT (51 km Tenggara LEMBATA-NTT), Kedlmn:95 Km #BMKG  Disclaimer:Informasi ini mengutamakan kecepatan,,,,,,,,,,,,,,,,,,,,,,
"Sun Nov 05 02:59:09 +0000 2023;1720999163041927675;""#Gempa Mag:3.4", 05-Nov-2023 09:52:48WIB, Lok:10.04LS, 123.72BT (19 km BaratDaya KAB-KUPANG-NTT), Kedlmn:10 Km #BMKG  Disclaimer:Informasi ini mengutamakan kecepatan,,,,,,,,,,,,,,,,,,,,,,
"Sun Nov 05 02:45:59 +0000 2023;1720995849298383132;""#Gempa (UPDATE) Mag:4.9", 05-Nov-23 09:20:04 WIB, Lok:5.17 LS, 102.60 BT (Pusat gempa berada di darat 41 km Timur Laut Enggano)," Kedlmn:14 Km Dirasakan (MMI) III Enggano #BMKG https://t.co/RyTzbtwaK3"";0;0;25;88;in;108543358;1720995849298383132;infoBMKG;https://twitter.com/infoBMKG/status/1720995849298383132",,,,,,,,,,,,,,,,,,,,,,
"Sun Nov 05 02:45:52 +0000 2023;1720995820131201081;""#Gempa Dirasakan Magnitudo: 4.9", Kedalaman: 14 km, 05 Nov 2023 09:20:04 WIB," Koordinat: 5.17 LS-102.60 BT (Pusat gempa berada di darat 41 km Timur Laut Enggano) #BMKG https://t.co/OiHiTwvX8x"";0;0;0;8;in;108543358;1720995820131201081;infoBMKG;https://twitter.com/infoBMKG/status/1720995820131201081",,,,,,,,,,,,,,,,,,,,,,,
"Sun Nov 05 02:23:08 +0000 2023;1720990099809427866;""#Gempa Mag:5.0", 05-Nov-2023 09:20:05WIB, Lok:5.04LS, 102.60BT (50 km TimurLaut ENGGANO-BENGKULU), Kedlmn:10 Km #BMKG  Disclaimer:Informasi ini mengutamakan kecepatan,,,,,,,,,,,,,,,,,,,,,,
"Sun Nov 05 02:19:11 +0000 2023;1720989102408097876;""#Gempa Mag:3.9", 05-Nov-2023 09:15:20WIB, Lok:8.30LS, 122.06BT (39 km BaratLaut MAUMERE-SIKKA-NTT), Kedlmn:10 Km #BMKG  Disclaimer:Informasi ini mengutamakan kecepatan,,,,,,,,,,,,,,,,,,,,,,
"Sun Nov 05 01:35:10 +0000 2023;1720978027709079870;""#Gempa Mag:4.5", 05-Nov-2023 08:32:48WIB, Lok:0.62LS, 123.44BT (88 km TimurLaut BANGGAIKEP-SULTENG), Kedlmn:10 Km #BMKG  Disclaimer:Informasi ini mengutamakan kecepatan,,,,,,,,,,,,,,,,,,,,,,
"Sun Nov 05 01:14:09 +0000 2023;1720972737215430728;""#Gempa Mag:3.0", 05-Nov-2023 08:11:24WIB, Lok:8.72LS, 122.66BT (51 km Tenggara MAUMERE-SIKKA-NTT), Kedlmn:37 Km #BMKG  Disclaimer:Informasi ini mengutamakan kecepatan,,,,,,,,,,,,,,,,,,,,,,
"Sun Nov 05 00:07:08 +0000 2023;1720955873059848315;""#Gempa Mag:2.9", 05-Nov-2023 07:03:34WIB, Lok:8.55LS, 110.07BT (78 km BaratDaya BANTUL-DIY), Kedlmn:34 Km #BMKG  Disclaimer:Informasi ini mengutamakan kecepatan,,,,,,,,,,,,,,,,,,,,,,
"Sat Nov 04 23:33:10 +0000 2023;1720947323856163282;""#Gempa Mag:3.3", 05-Nov-2023 06:26:21WIB, Lok:6.77LS, 121.35BT (108 km Tenggara SELAYAR-SULSEL), Kedlmn:577 Km #BMKG  Disclaimer:Informasi ini mengutamakan kecepatan,,,,,,,,,,,,,,,,,,,,,,
"Sat Nov 04 23:14:08 +0000 2023;1720942535596761198;""#Gempa Mag:2.8", 05-Nov-2023 06:10:23WIB, Lok:10.00LS, 123.75BT (15 km BaratDaya KAB-KUPANG-NTT), Kedlmn:10 Km #BMKG  Disclaimer:Informasi ini mengutamakan kecepatan,,,,,,,,,,,,,,,,,,,,,,
"Sat Nov 04 22:59:10 +0000 2023;1720938766603530442;""#Gempa Mag:3.5", 05-Nov-2023 05:56:58WIB, Lok:4.55LS, 102.08BT (76 km BaratDaya SELUMA-BENGKULU), Kedlmn:38 Km #BMKG  Disclaimer:Informasi ini mengutamakan kecepatan,,,,,,,,,,,,,,,,,,,,,,
"Sat Nov 04 22:40:12 +0000 2023;1720933994345488677;""#Gempa Mag:2.6", 05-Nov-2023 05:36:19WIB, Lok:2.46LS, 120.96BT (27 km BaratLaut LUWUTIMUR-SULSEL), Kedlmn:13 Km #BMKG  Disclaimer:Informasi ini mengutamakan kecepatan,,,,,,,,,,,,,,,,,,,,,,
"Sat Nov 04 20:45:10 +0000 2023;1720905045489963186;""#Gempa Mag:2.8", 05-Nov-2023 03:43:10WIB, Lok:8.51LS, 120.79BT (33 km TimurLaut BORONG-NTT), Kedlmn:174 Km #BMKG  Disclaimer:Informasi ini mengutamakan kecepatan,,,,,,,,,,,,,,,,,,,,,,
"Sat Nov 04 20:21:10 +0000 2023;1720899007579611150;""#Gempa Mag:2.6", 05-Nov-2023 03:18:00WIB, Lok:0.31LU, 122.32BT (24 km BaratDaya BOALEMO-GORONTALO), Kedlmn:141 Km #BMKG  Disclaimer:Informasi ini mengutamakan kecepatan,,,,,,,,,,,,,,,,,,,,,,
"Sat Nov 04 20:01:08 +0000 2023;1720893966470771008;""#Gempa Mag:2.3", 05-Nov-2023 02:58:40WIB, Lok:7.33LS, 106.95BT (45 km Tenggara KOTA-SUKABUMI-JABAR), Kedlmn:118 Km #BMKG  Disclaimer:Informasi ini mengutamakan kecepatan,,,,,,,,,,,,,,,,,,,,,,
"Sat Nov 04 16:41:10 +0000 2023;1720843640153743445;""#Gempa Mag:3.8", 04-Nov-2023 23:35:56WIB, Lok:6.93LS, 124.47BT (151 km BaratLaut ALOR-NTT), Kedlmn:598 Km #BMKG  Disclaimer:Informasi ini mengutamakan kecepatan,,,,,,,,,,,,,,,,,,,,,,
"Sat Nov 04 16:30:10 +0000 2023;1720840874505232546;""#Gempa Mag:4.1", 04-Nov-2023 23:23:48WIB, Lok:4.05LS, 127.44BT (40 km BaratDaya BURUSELATAN-MALUKU), Kedlmn:206 Km #BMKG  Disclaimer:Informasi ini mengutamakan kecepatan,,,,,,,,,,,,,,,,,,,,,,
"Sat Nov 04 15:34:09 +0000 2023;1720826776400830975;""#Gempa Mag:2.4", 04-Nov-2023 22:30:45WIB, Lok:9.48LS, 119.30BT (16 km Tenggara TAMBOLAKA-NTT), Kedlmn:42 Km #BMKG  Disclaimer:Informasi ini mengutamakan kecepatan,,,,,,,,,,,,,,,,,,,,,,
"Sat Nov 04 15:18:00 +0000 2023;1720822713613513156;""#Gempa (UPDATE) Mag:2.6", 04-Nov-23 21:53:03 WIB, Lok:0.62 LS, 127.57 BT (Pusat gempa berada di darat 9 km Timur Laut Labuha)," Kedlmn:5 Km Dirasakan (MMI) II-III Labuha #BMKG https://t.co/P1TCdrS7br"";0;0;1;12;in;108543358;1720822713613513156;infoBMKG;https://twitter.com/infoBMKG/status/1720822713613513156",,,,,,,,,,,,,,,,,,,,,,
"Sat Nov 04 15:17:51 +0000 2023;1720822673817882651;""#Gempa Dirasakan Magnitudo: 2.6", Kedalaman: 5 km, 04 Nov 2023 21:53:03 WIB," Koordinat: 0.62 LS-127.57 BT (Pusat gempa berada di darat 9 km Timur Laut Labuha) #BMKG https://t.co/OiHiTwvX8x"";0;0;0;5;in;108543358;1720822673817882651;infoBMKG;https://twitter.com/infoBMKG/status/1720822673817882651",,,,,,,,,,,,,,,,,,,,,,,
"Sat Nov 04 15:16:38 +0000 2023;1720822369793802451;""#Gempa (UPDATE) Mag:3.1", 04-Nov-23 21:32:12 WIB, Lok:0.62 LS, 127.54 BT (Pusat gempa berada di darat 6 km Timur Laut Labuha)," Kedlmn:5 Km Dirasakan (MMI) II-III Labuha #BMKG https://t.co/HZfvybt9uv"";0;0;2;8;in;108543358;1720822369793802451;infoBMKG;https://twitter.com/infoBMKG/status/1720822369793802451",,,,,,,,,,,,,,,,,,,,,,
"Sat Nov 04 15:16:30 +0000 2023;1720822334855278865;""#Gempa Dirasakan Magnitudo: 3.1", Kedalaman: 5 km, 04 Nov 2023 21:32:12 WIB," Koordinat: 0.62 LS-127.54 BT (Pusat gempa berada di darat 6 km Timur Laut Labuha) #BMKG https://t.co/OiHiTwvX8x"";0;0;0;5;in;108543358;1720822334855278865;infoBMKG;https://twitter.com/infoBMKG/status/1720822334855278865",,,,,,,,,,,,,,,,,,,,,,,
"Sat Nov 04 15:04:09 +0000 2023;1720819225806418000;""#Gempa Mag:4.2", 04-Nov-2023 22:00:57WIB, Lok:1.82LS, 139.19BT (72 km BaratLaut SARMI-PAPUA), Kedlmn:10 Km #BMKG  Disclaimer:Informasi ini mengutamakan kecepatan,,,,,,,,,,,,,,,,,,,,,,
"Sat Nov 04 12:02:09 +0000 2023;1720773425550299240;""#Gempa Mag:3.5", 04-Nov-2023 18:59:28WIB, Lok:2.63LS, 101.32BT (23 km Tenggara MUKOMUKO-BENGKULU), Kedlmn:37 Km #BMKG  Disclaimer:Informasi ini mengutamakan kecepatan,,,,,,,,,,,,,,,,,,,,,,
"Sat Nov 04 10:03:10 +0000 2023;1720743479717089717;""#Gempa Mag:4.9", 04-Nov-2023 16:59:48WIB, Lok:5.87LS, 131.07BT (186 km BaratDaya MALUKUTENGGARA), Kedlmn:138 Km #BMKG  Disclaimer:Informasi ini mengutamakan kecepatan,,,,,,,,,,,,,,,,,,,,,,
"Sat Nov 04 09:46:09 +0000 2023;1720739201002733876;""#Gempa Mag:3.4", 04-Nov-2023 16:42:11WIB, Lok:4.08LU, 95.68BT (50 km BaratDaya MEULABOH-ACEHBARAT), Kedlmn:35 Km #BMKG  Disclaimer:Informasi ini mengutamakan kecepatan,,,,,,,,,,,,,,,,,,,,,,
"Sat Nov 04 06:10:11 +0000 2023;1720684848678064626;""#Gempa Mag:2.4", 04-Nov-2023 13:07:10WIB, Lok:1.62LS, 120.21BT (44 km Tenggara SIGI-SULTENG), Kedlmn:10 Km #BMKG  Disclaimer:Informasi ini mengutamakan kecepatan,,,,,,,,,,,,,,,,,,,,,,
"Sat Nov 04 04:29:09 +0000 2023;1720659421628604666;""#Gempa Mag:3.7", 04-Nov-2023 11:25:10WIB, Lok:0.96LS, 98.63BT (156 km BaratLaut KEP-MENTAWAI-SUMBAR), Kedlmn:85 Km #BMKG  Disclaimer:Informasi ini mengutamakan kecepatan,,,,,,,,,,,,,,,,,,,,,,
"Sat Nov 04 04:22:10 +0000 2023;1720657665209274410;""#Gempa Mag:3.0", 04-Nov-2023 11:18:56WIB, Lok:0.70LU, 98.54BT (82 km TimurLaut NIASSELATAN-SUMUT), Kedlmn:27 Km #BMKG  Disclaimer:Informasi ini mengutamakan kecepatan,,,,,,,,,,,,,,,,,,,,,,
"Sat Nov 04 03:15:09 +0000 2023;1720640800886034735;""#Gempa Mag:3.5", 04-Nov-2023 10:11:45WIB, Lok:0.95LS, 136.19BT (25 km TimurLaut BIAKNUMFOR-PAPUA), Kedlmn:21 Km #BMKG  Disclaimer:Informasi ini mengutamakan kecepatan,,,,,,,,,,,,,,,,,,,,,,
"Sat Nov 04 03:11:10 +0000 2023;1720639796203409887;""#Gempa Mag:3.7", 04-Nov-2023 10:05:15WIB, Lok:6.95LS, 125.17BT (164 km TimurLaut ALOR-NTT), Kedlmn:505 Km #BMKG  Disclaimer:Informasi ini mengutamakan kecepatan,,,,,,,,,,,,,,,,,,,,,,
"Sat Nov 04 02:57:10 +0000 2023;1720636274128888047;""#Gempa Mag:4.1", 04-Nov-2023 09:53:18WIB, Lok:0.23LS, 134.10BT (76 km TimurLaut MANOKWARISEL-PAPUABRT), Kedlmn:10 Km #BMKG  Disclaimer:Informasi ini mengutamakan kecepatan,,,,,,,,,,,,,,,,,,,,,,
"Sat Nov 04 02:45:10 +0000 2023;1720633255886762110;""#Gempa Mag:3.0", 04-Nov-2023 09:42:53WIB, Lok:0.32LU, 121.89BT (16 km BaratDaya POHUWATO-GORONTALO), Kedlmn:155 Km #BMKG  Disclaimer:Informasi ini mengutamakan kecepatan,,,,,,,,,,,,,,,,,,,,,,
"Sat Nov 04 01:49:10 +0000 2023;1720619162324619307;""#Gempa Mag:2.8", 04-Nov-2023 08:45:08WIB, Lok:0.59LS, 99.33BT (84 km BaratDaya AGAM-SUMBAR), Kedlmn:70 Km #BMKG  Disclaimer:Informasi ini mengutamakan kecepatan,,,,,,,,,,,,,,,,,,,,,,
"Sat Nov 04 01:00:11 +0000 2023;1720606836074729902;""#Gempa Mag:4.2", 04-Nov-2023 07:56:56WIB, Lok:2.01LU, 97.96BT (40 km Tenggara KAB-ACEHSINGKIL), Kedlmn:10 Km #BMKG  Disclaimer:Informasi ini mengutamakan kecepatan,,,,,,,,,,,,,,,,,,,,,,
"Sat Nov 04 00:37:49 +0000 2023;1720601206521790724;""#Gempa (UPDATE) Mag:4.7", 04-Nov-23 07:18:21 WIB, Lok:1.46 LU, 125.32 BT (Pusat gempa berada di laut 22 km TimurLaut Bitung), Kedlmn:3 Km Dirasakan (MMI) IV Bitung,," II-III Tondano #BMKG https://t.co/jWlOwwAXwH"";1;3;5;40;in;108543358;1720601206521790724;infoBMKG;https://twitter.com/infoBMKG/status/1720601206521790724",,,,,,,,,,,,,,,,,,,,
"Sat Nov 04 00:34:27 +0000 2023;1720600358248948201;""#Gempa (UPDATE) Mag:4.7", 04-Nov-23 07:18:21 WIB, Lok:1.46 LU, 125.32 BT (Pusat gempa berada di laut 22 km TimurLaut Bitung)," Kedlmn:3 Km Dirasakan (MMI) IV Bitung #BMKG https://t.co/S4RPBRgm11"";0;3;13;73;in;108543358;1720600358248948201;infoBMKG;https://twitter.com/infoBMKG/status/1720600358248948201",,,,,,,,,,,,,,,,,,,,,,
"Sat Nov 04 00:34:14 +0000 2023;1720600303710404984;""#Gempa Dirasakan Magnitudo: 4.7", Kedalaman: 3 km, 04 Nov 2023 07:18:21 WIB," Koordinat: 1.46 LU-125.32 BT (Pusat gempa berada di laut 22 km TimurLaut Bitung) #BMKG https://t.co/OiHiTwvpiZ"";0;0;1;14;in;108543358;1720600303710404984;infoBMKG;https://twitter.com/infoBMKG/status/1720600303710404984",,,,,,,,,,,,,,,,,,,,,,,
"Sat Nov 04 00:29:10 +0000 2023;1720599030684946845;""#Gempa Mag:4.0", 04-Nov-2023 07:25:41WIB, Lok:3.94LS, 129.03BT (71 km Tenggara MALUKUTENGAH), Kedlmn:124 Km #BMKG  Disclaimer:Informasi ini mengutamakan kecepatan,,,,,,,,,,,,,,,,,,,,,,
"Sat Nov 04 00:22:10 +0000 2023;1720597266233532905;""#Gempa Mag:4.4", 04-Nov-2023 07:18:22WIB, Lok:1.42LU, 125.40BT (30 km Tenggara BITUNG-SULUT), Kedlmn:10 Km #BMKG  Disclaimer:Informasi ini mengutamakan kecepatan,,,,,,,,,,,,,,,,,,,,,,
"Fri Nov 03 23:04:10 +0000 2023;1720577637582770664;""#Gempa Mag:3.2", 04-Nov-2023 06:00:40WIB, Lok:0.52LS, 133.70BT (50 km BaratLaut PEGUNUNGANARFAK-PAPUABRT), Kedlmn:10 Km #BMKG  Disclaimer:Informasi ini mengutamakan kecepatan,,,,,,,,,,,,,,,,,,,,,,
"Fri Nov 03 22:00:11 +0000 2023;1720561537977631201;""#Gempa Mag:3.5", 04-Nov-2023 04:56:53WIB, Lok:1.43LS, 134.58BT (86 km Tenggara MANOKWARISEL-PAPUABRT), Kedlmn:11 Km #BMKG  Disclaimer:Informasi ini mengutamakan kecepatan,,,,,,,,,,,,,,,,,,,,,,
"Fri Nov 03 15:58:12 +0000 2023;1720470440035184866;""#Gempa Mag:3.5", 03-Nov-2023 22:54:14WIB, Lok:8.90LS, 111.78BT (90 km Tenggara TRENGGALEK-JATIM), Kedlmn:12 Km #BMKG  Disclaimer:Informasi ini mengutamakan kecepatan,,,,,,,,,,,,,,,,,,,,,,
"Fri Nov 03 13:31:34 +0000 2023;1720433539571966453;""#Gempa (UPDATE) Mag:2.3", 03-Nov-23 19:55:19 WIB, Lok:2.44 LS, 140.71 BT (Pusat gempa berada di laut 14 km Timur Laut Kota Jayapura)," Kedlmn:10 Km Dirasakan (MMI) II Kota Jayapura #BMKG https://t.co/PmELs9TmqZ"";0;1;2;16;in;108543358;1720433539571966453;infoBMKG;https://twitter.com/infoBMKG/status/1720433539571966453",,,,,,,,,,,,,,,,,,,,,,
"Fri Nov 03 13:31:27 +0000 2023;1720433511176556646;""#Gempa Dirasakan Magnitudo: 2.3", Kedalaman: 10 km, 03 Nov 2023 19:55:19 WIB," Koordinat: 2.44 LS-140.71 BT (Pusat gempa berada di laut 14 km Timur Laut Kota Jayapura) #BMKG https://t.co/OiHiTwvX8x"";0;0;0;6;in;108543358;1720433511176556646;infoBMKG;https://twitter.com/infoBMKG/status/1720433511176556646",,,,,,,,,,,,,,,,,,,,,,,
"Fri Nov 03 13:23:10 +0000 2023;1720431424426442813;""#Gempa Mag:3.2", 03-Nov-2023 20:20:46WIB, Lok:2.79LS, 127.80BT (53 km BaratLaut SERAMBAGIANBARAT-MALUKU), Kedlmn:10 Km #BMKG  Disclaimer:Informasi ini mengutamakan kecepatan,,,,,,,,,,,,,,,,,,,,,,
"Fri Nov 03 13:21:10 +0000 2023;1720430921923649906;""#Gempa Mag:3.4", 03-Nov-2023 20:16:11WIB, Lok:2.82LS, 127.79BT (52 km BaratLaut SERAMBAGIANBARAT-MALUKU), Kedlmn:10 Km #BMKG  Disclaimer:Informasi ini mengutamakan kecepatan,,,,,,,,,,,,,,,,,,,,,,
"Fri Nov 03 11:50:11 +0000 2023;1720408026535084484;""#Gempa Mag:3.2", 03-Nov-2023 18:45:35WIB, Lok:0.31LU, 125.04BT (68 km Tenggara TUTUYAN-BOLTIM-SULUT), Kedlmn:12 Km #BMKG  Disclaimer:Informasi ini mengutamakan kecepatan,,,,,,,,,,,,,,,,,,,,,,
"Fri Nov 03 10:43:10 +0000 2023;1720391158512463918;""#Gempa Mag:2.1", 03-Nov-2023 17:39:06WIB, Lok:0.50LU, 122.04BT (11 km TimurLaut POHUWATO-GORONTALO), Kedlmn:165 Km #BMKG  Disclaimer:Informasi ini mengutamakan kecepatan,,,,,,,,,,,,,,,,,,,,,,
"Fri Nov 03 10:25:11 +0000 2023;1720386633164636279;""#Gempa Mag:3.8", 03-Nov-2023 17:22:51WIB, Lok:2.94LS, 122.32BT (53 km Tenggara MOROWALI-SULTENG), Kedlmn:10 Km #BMKG  Disclaimer:Informasi ini mengutamakan kecepatan,,,,,,,,,,,,,,,,,,,,,,
"Fri Nov 03 10:22:09 +0000 2023;1720385872867291272;""#Gempa Mag:2.1", 03-Nov-2023 17:18:01WIB, Lok:4.34LS, 103.13BT (27 km TimurLaut BENGKULUSELATAN), Kedlmn:62 Km #BMKG  Disclaimer:Informasi ini mengutamakan kecepatan,,,,,,,,,,,,,,,,,,,,,,
"Fri Nov 03 10:10:09 +0000 2023;1720382850770583697;""#Gempa Mag:3.1", 03-Nov-2023 17:04:06WIB, Lok:9.64LS, 119.28BT (12 km BaratLaut WAIKABUBAK-NTT), Kedlmn:30 Km #BMKG  Disclaimer:Informasi ini mengutamakan kecepatan,,,,,,,,,,,,,,,,,,,,,,
"Fri Nov 03 10:02:09 +0000 2023;1720380838037352655;""#Gempa Mag:3.1", 03-Nov-2023 16:59:14WIB, Lok:7.92LS, 124.76BT (47 km TimurLaut ALOR-NTT), Kedlmn:23 Km #BMKG  Disclaimer:Informasi ini mengutamakan kecepatan,,,,,,,,,,,,,,,,,,,,,,
"Fri Nov 03 07:55:10 +0000 2023;1720348881001812010;""#Gempa Mag:2.7", 03-Nov-2023 14:51:13WIB, Lok:0.23LS, 119.77BT (22 km BaratLaut DONGGALA-SULTENG), Kedlmn:10 Km #BMKG  Disclaimer:Informasi ini mengutamakan kecepatan,,,,,,,,,,,,,,,,,,,,,,
"Fri Nov 03 07:17:10 +0000 2023;1720339318206865486;""#Gempa Mag:2.4", 03-Nov-2023 14:13:10WIB, Lok:0.25LS, 119.79BT (19 km BaratLaut DONGGALA-SULTENG), Kedlmn:10 Km #BMKG  Disclaimer:Informasi ini mengutamakan kecepatan,,,,,,,,,,,,,,,,,,,,,,
"Fri Nov 03 07:07:10 +0000 2023;1720336800634589529;""#Gempa Mag:2.8", 03-Nov-2023 14:03:44WIB, Lok:0.26LS, 119.78BT (19 km BaratLaut DONGGALA-SULTENG), Kedlmn:10 Km #BMKG  Disclaimer:Informasi ini mengutamakan kecepatan,,,,,,,,,,,,,,,,,,,,,,
"Fri Nov 03 07:06:10 +0000 2023;1720336548435288436;""#Gempa Mag:3.0", 03-Nov-2023 14:02:59WIB, Lok:2.76LS, 127.72BT (62 km BaratLaut SERAMBAGIANBARAT-MALUKU), Kedlmn:10 Km #BMKG  Disclaimer:Informasi ini mengutamakan kecepatan,,,,,,,,,,,,,,,,,,,,,,
"Fri Nov 03 07:02:11 +0000 2023;1720335545975689653;""#Gempa Mag:2.4", 03-Nov-2023 13:59:30WIB, Lok:0.24LS, 119.80BT (20 km BaratLaut DONGGALA-SULTENG), Kedlmn:10 Km #BMKG  Disclaimer:Informasi ini mengutamakan kecepatan,,,,,,,,,,,,,,,,,,,,,,
"Fri Nov 03 06:16:56 +0000 2023;1720324159706980536;""#Gempa (UPDATE) Mag:5.3", 03-Nov-23 12:52:44 WIB, Lok:4.70 LS, 101.88 BT (Pusat gempa berada di laut 83 km barat laut Enggano), Kedlmn:85 Km Dirasakan (MMI) II-III Kota Bengkulu,, II Liwa, II-III Enggano, II-III Seluma, II Bengkulu Selatan," II Kaur #BMKG https://t.co/Blnln9dzsr"";2;1;19;39;in;108543358;1720324159706980536;infoBMKG;https://twitter.com/infoBMKG/status/1720324159706980536",,,,,,,,,,,,,,,,
"Fri Nov 03 06:14:46 +0000 2023;1720323616464830652;""#Gempa (UPDATE) Mag:5.3", 03-Nov-23 12:52:44 WIB, Lok:4.70 LS, 101.88 BT (Pusat gempa berada di laut 83 km barat laut Enggano), Kedlmn:85 Km Dirasakan (MMI) II-III Kota Bengkulu,, II Empat Lawang, II-III Enggano, II-III Seluma, II Bengkulu Selatan," II Kaur #BMKG https://t.co/rc2Nt2q1NM"";0;1;7;20;in;108543358;1720323616464830652;infoBMKG;https://twitter.com/infoBMKG/status/1720323616464830652",,,,,,,,,,,,,,,,
"Fri Nov 03 06:09:36 +0000 2023;1720322314259308550;""#Gempa (UPDATE) Mag:5.3", 03-Nov-23 12:52:44 WIB, Lok:4.70 LS, 101.88 BT (Pusat gempa berada di laut 83 km barat laut Enggano), Kedlmn:85 Km Dirasakan (MMI) II-III Kota Bengkulu,," II Empat Lawang #BMKG https://t.co/hNfDMwcceq"";0;1;2;14;in;108543358;1720322314259308550;infoBMKG;https://twitter.com/infoBMKG/status/1720322314259308550",,,,,,,,,,,,,,,,,,,,
"Fri Nov 03 06:09:21 +0000 2023;1720322251076374580;""#Gempa Dirasakan Magnitudo: 5.3", Kedalaman: 85 km, 03 Nov 2023 12:52:44 WIB," Koordinat: 4.70 LS-101.88 BT (Pusat gempa berada di laut 83 km barat laut Enggano) #BMKG https://t.co/OiHiTwvX8x"";0;0;0;2;in;108543358;1720322251076374580;infoBMKG;https://twitter.com/infoBMKG/status/1720322251076374580",,,,,,,,,,,,,,,,,,,,,,,
"Fri Nov 03 06:07:09 +0000 2023;1720321698241851812;""#Gempa Mag:3.9", 03-Nov-2023 13:00:24WIB, Lok:6.52LS, 129.92BT (222 km BaratLaut MALUKUTENGGARABRT), Kedlmn:10 Km #BMKG  Disclaimer:Informasi ini mengutamakan kecepatan,,,,,,,,,,,,,,,,,,,,,,
"Fri Nov 03 05:56:08 +0000 2023;1720318926662606896;""#Gempa Mag:5.2", 03-Nov-2023 12:52:42WIB, Lok:4.72LS, 101.85BT (83 km BaratLaut ENGGANO-BENGKULU), Kedlmn:12 Km #BMKG  Disclaimer:Informasi ini mengutamakan kecepatan,,,,,,,,,,,,,,,,,,,,,,
"Fri Nov 03 05:56:00 +0000 2023;1720318892911013973;""#Gempa Magnitudo: 5.3", Kedalaman: 85 km, 03 Nov 2023 12:52:44 WIB, Koordinat: 4.70 LS-101.88 BT (83 km BaratLaut ENGGANO-BENGKULU)," Tidak berpotensi tsunami #BMKG https://t.co/OiHiTwvX8x"";0;1;3;11;in;108543358;1720318892911013973;infoBMKG;https://twitter.com/infoBMKG/status/1720318892911013973",,,,,,,,,,,,,,,,,,,,,,
"Fri Nov 03 05:56:00 +0000 2023;1720318892118323364;""#Gempa Mag:5.3", 03-Nov-23 12:52:44 WIB, Lok:4.70 LS,101.88 BT (83 km BaratLaut ENGGANO-BENGKULU), Kedlmn:85 Km,,,,,,,,,,,,,,,,,,,,,,
"Fri Nov 03 03:09:10 +0000 2023;1720276904996122745;""#Gempa Mag:3.6", 03-Nov-2023 10:06:08WIB, Lok:0.37LS, 123.15BT (100 km Tenggara BONEBOLANGO-GORONTALO), Kedlmn:75 Km #BMKG  Disclaimer:Informasi ini mengutamakan kecepatan,,,,,,,,,,,,,,,,,,,,,,
"Fri Nov 03 02:09:10 +0000 2023;1720261807317959139;""#Gempa Mag:3.7", 03-Nov-2023 09:05:19WIB, Lok:0.63LU, 125.38BT (79 km Tenggara RATAHAN-MITRA-SULUT), Kedlmn:10 Km #BMKG  Disclaimer:Informasi ini mengutamakan kecepatan,,,,,,,,,,,,,,,,,,,,,,
"Fri Nov 03 01:26:08 +0000 2023;1720250977792729244;""#Gempa Mag:4.2", 03-Nov-2023 08:23:43WIB, Lok:8.92LS, 111.92BT (93 km BaratDaya KAB-BLITAR-JATIM), Kedlmn:30 Km #BMKG  Disclaimer:Informasi ini mengutamakan kecepatan,,,,,,,,,,,,,,,,,,,,,,
"Fri Nov 03 01:19:09 +0000 2023;1720249222233256182;""#Gempa Mag:2.6", 03-Nov-2023 08:16:43WIB, Lok:0.26LU, 120.21BT (75 km BaratDaya PARIGIMOUTONG-SULTENG), Kedlmn:51 Km #BMKG  Disclaimer:Informasi ini mengutamakan kecepatan,,,,,,,,,,,,,,,,,,,,,,
