mag,depth,rad,prov_enco,lat,lon
0.023491964006248294,0.06525545557291193,0.48289037123954826,0.006525545557291193,-0.025580138584581476,0.8725306964654054
0.01354495378545528,0.8543740080056407,0.015628792829371477,0.010419195219580984,0.007762300438587833,0.5190843058395246
0.016193871592536286,0.6549521399648008,0.5937752917263305,0.01079591439502419,-0.016553735405703755,0.4667073792968957
0.020126326566745338,0.06289477052107918,0.7295793380445185,0.025157908208431674,-0.05346055494291731,0.6781314157582757
0.02758963398208052,0.060697194760577146,0.7118125567376774,0.02758963398208052,0.010815136520975564,0.6985695324262787
0.023658386029686077,0.14047166705126107,0.28833657973679905,0.044359473805661395,-0.0212186149703747,0.9455961166240154
0.024616189070109942,0.2938061276109896,0.09528847381978041,0.05558494306153858,-0.07368975308729685,0.946293952091936
0.02313046874827095,0.4956529017486632,0.3634787946156864,0.05286964285319075,-0.05928008704914013,0.7844533258342177
0.039058144746542435,0.0976453618663561,0.2929360855990683,0.08788082567972048,0.0424757324118649,0.9453047482281933
0.022859857709349406,0.06796173913590363,0.4942671937156628,0.06178339921445785,-0.01322164743189398,0.864040838014193
0.024455741052860094,0.0764241907901878,0.3744785348719202,0.08406660986920657,-0.012304294717220235,0.9198415603507003
0.020277814605536747,0.0751030170575435,0.4130665938164893,0.08261331876329786,-0.008411537910444874,0.9035643982193059
0.020502948411035348,0.09259396056596608,0.5820191807003582,0.07936625191368521,-0.0013889094084894912,0.8037155777125855
0.03148919686710162,0.09542180868818671,0.1335905321634614,0.12404835129464273,-0.03406558570168266,0.9775010082017846
0.029852252209738833,0.10921555686489817,0.6989795639353483,0.01456207424865309,0.0018930696523249018,0.7059693595747017
0.024231863957170106,0.0781673030876455,0.3283026729681111,0.054717112161351854,-0.07863630690617138,0.9361316217776425
0.025734976810706463,0.07798477821426202,0.3353345463213267,0.054589344749983414,-0.07845268688354759,0.9336337647811449
0.026049567115481675,0.08683189038493892,0.5123081532711397,0.017366378076987782,0.003907435067322252,0.8538179781551044
0.01604073489040282,0.6518681625674336,0.6143260170792568,0.04778091243949775,-0.025187366700249528,0.44101782181656424
0.023958069641219364,0.07486896762881051,0.2545544899379557,0.022460690288643153,-0.02530571105853795,0.963264137512276
0.025388717871869783,0.07693550870263571,0.3462097891618607,0.08462905957289929,0.009386132061721557,0.9307657842844869
0.01519635614881889,0.11578176113385821,0.3401089233307085,0.021709080212598417,-0.020840717004094476,0.9326220859332279
0.018375012038833568,0.07989135669058074,0.28760888408609064,0.0639130853524646,-0.0700647198176393,0.9495087742675521
0.01849796135480002,0.6885352282064451,0.13873471016100014,0.05138322598555561,-0.017316147157132238,0.7094995844085519
0.009852837007034636,0.20478445544032775,0.9466451242052887,0.028978932373631285,0.01607364782324082,0.24643684090536044
0.013541639055779512,0.8207053973199705,0.21748693028979216,0.02051763493299926,0.009971570577437642,0.527672535206875
0.02009248456160008,0.8122493758944713,0.21374983576170298,0.06412495072851089,0.015005238470471548,0.5383503363494251
0.016387822853854192,0.0481994789819241,0.8531307779800565,0.01927979159276964,-0.04217454410918359,0.5171322099970637
0.03174248920983521,0.21677797509155755,0.30968282155936794,0.05419449377288939,-0.07695618115750293,0.9204547663798314
0.01584257440259347,0.7047214130808821,0.2239812243125284,0.06555548028659368,0.0014203687395428631,0.669813119828271
0.026825832235507035,0.07451620065418621,0.3576777631400938,0.05216134045793034,-0.0647545783684878,0.9267579875361138
0.023690273715439577,0.11845136857719789,0.2842832845852749,0.05527730533602568,-0.07912551420956819,0.9461895321946566
0.023726030361192946,0.06083597528511012,0.7665332885923875,0.09733756045617618,-0.038204992479049155,0.6302607039537408
0.025078146006663086,0.08089724518278414,0.10516641873761938,0.13752531681073304,-0.02030520854087882,0.9810408923316233
0.025593830784272534,0.23887575398654365,0.383907461764088,0.1535629847056352,-0.04137669310124059,0.8772712065155815
0.01794618227875439,0.4175938568710156,0.7627127468470616,0.034511888997604594,-0.0142879220450083,0.4921050252168439
0.02083475141325528,0.08579015287810997,0.7598556397775454,0.09804588900355425,-0.03848301143389504,0.6353986394236588
0.023482525621340466,0.06522923783705685,0.48269635999422067,0.0065229237837056845,-0.025700319707800397,0.8726367437841465
0.017590233227865664,0.1552079402458735,0.7398245151719971,0.02586799004097892,0.009260740434670454,0.6538393162757832
0.02001808408987252,0.05719452597106434,0.5891036175019627,0.05719452597106434,-0.013269130025286926,0.803640284419425
0.033142864657514,0.08721806488819475,0.40992490497451534,0.16571432328757002,-0.02189173428693688,0.8918047134817914
0.02170599402048826,0.3979432237089514,0.4775318684507417,0.028941325360651013,-0.05715911758728575,0.7804028383499546
0.024900657131018963,0.08056094954153194,0.5126605879915669,0.058589781484750504,-0.0681838582028784,0.8496983059825941
0.028132693727379633,0.065424869133441,0.5757388483742808,0.09813730370016151,0.010795103407017765,0.808520532751064
0.020093756940515926,0.4742126637961759,0.3858001332579058,0.01607500555241274,0.015432005330316231,0.7908098981509448
0.02890419659304338,0.076063675244851,0.0684573077203659,0.0456382051469106,-0.023199420949679552,0.9930112803215299
0.0228272700675444,0.09511362528143501,0.209249975619157,0.19022725056287001,-0.001046249878095785,0.9541798888233559
0.019151377506566574,0.35110858762038716,0.5043196076729197,0.0766055100262663,-0.0010214068003502172,0.7849511260691419
0.02255407345417887,0.08055026233635311,0.1530454984390709,0.1369354459718003,-0.019976465059415572,0.9748998250568817
0.01974785238190743,0.14362074459569038,0.19747852381907427,0.035905186148922595,-0.06400099431045453,0.9667471370597409
0.017026525968393245,0.7959900890223841,0.25965452101799696,0.021283157460491555,0.01106724187945561,0.5459981214914504
0.015910990647219018,0.6629579436341257,0.3606491213369644,0.06364396258887607,-0.00042429308392584046,0.6527749096199056
0.014555149046615867,0.046952093698760855,0.8592233146873237,0.0985993967673978,-0.040237944299838055,0.49797390576905765
0.005193022557636116,0.9573224193207449,0.08128209220647835,0.02709403073549278,0.0018965821514844946,0.2759752813999402
0.03356752936376869,0.07459450969726375,0.2685402349101495,0.037297254848631875,0.012158905080653992,0.9589870166680229
0.020566229774930923,0.6957511774923439,0.45508253118996084,0.06563690353701358,0.020041134546634812,0.551087442096766
0.013876574562402433,0.03303946324381531,0.9416247024487364,0.06607892648763063,-0.0150990347024236,0.32781755430513554
0.0277924112270452,0.6919743203468397,0.2438925883189681,0.045375365268645225,-0.048665079250622,0.6756391888501274
0.012716306713393284,0.022309310023496988,0.9459147449962723,0.022309310023496988,-0.007138979207519037,0.3225480043197195
0.019344264364377542,0.06045082613867982,0.5803279309313263,0.006045082613867982,-0.012029714401597284,0.8117941442163312
0.023495182151488856,0.07579091016609309,0.3789545508304654,0.05305363711626516,-0.062451709976860705,0.9183584584825499
0.029557675228114307,0.07578891084131874,0.3789445542065937,0.05305223758892312,-0.06252585144408795,0.9181826548425766
0.0258053657991773,0.073729616569078,0.4350047377575602,0.0516107315983546,-0.060089637503798574,0.8935292232006563
0.01966710126218688,0.04275456796127583,0.7909595072836029,0.04275456796127583,-0.01723009088839416,0.6083119929530325
0.021460149610643377,0.0766433914665835,0.35255960074628406,0.053650374026608445,-0.06346072813433112,0.9286879744005923
0.025967407744980835,0.08401220152787918,0.3589612247100292,0.05346231006319584,-0.0631619006032328,0.9255089619225818
0.03126573947031695,0.20280479656421807,0.36335859384422403,0.1774541969936908,-0.058052873016507425,0.8893835349326646
0.019829274092251492,0.5884816827377862,0.2878443013391346,0.14072388065468802,-0.05660937926336313,0.739887785242171
0.029090554236395273,0.6060532132582348,0.34545033155719385,0.13333170691681168,-0.054484183871915316,0.7012641730611036
0.02842707134788343,0.0768299225618471,0.34573465152831195,0.05378094579329297,-0.06369200580377124,0.9310250016044632
0.021147588898261998,0.1096541646576548,0.2819678519768266,0.0548270823288274,-0.06563584998793909,0.9490567951120024
0.025421020436619833,0.07703339526248434,0.3389469391549311,0.05392337668373904,-0.06386068467259952,0.9335677171860477
0.023623470603925105,0.07620474388362937,0.36578277064142095,0.05334332071854055,-0.06286891370399422,0.923601495869588
0.022573939591062173,0.10922873995675245,0.40778729583854245,0.050973411979817806,-0.07638729880975555,0.9015740196030346
0.025775923560987214,0.10023970273717249,0.47971857738503976,0.050119851368586245,-0.057781028649213,0.8679326261285749
0.026873030818138584,0.08143342672163208,0.09772011206595849,0.057003398705142455,-0.0713356818081497,0.9872988655730672
0.02979926333081181,0.07640836751490208,0.35911932732003976,0.05348585726043145,-0.06311331156730912,0.9259930059130983
0.04386073004307073,0.0817742424531827,0.4163052343071119,0.05203815428838899,-0.060810300297003135,0.9009291311728375
0.019596489493974356,0.24495611867467945,0.7250701112770512,0.029394734240961534,-0.021017234982287497,0.6423239343887446
0.007892081041761137,0.8883179591191606,0.39827478745631784,0.027530515261957454,0.0066990920470763144,0.2267229700206403
0.034678410190354475,0.08458148826915726,0.06766519061532582,0.06766519061532582,-0.07079470568128463,0.9886730163781793
0.025814927753496246,0.3665719740996467,0.5730913961276167,0.05162985550699249,-0.02096172133583895,0.7303559360019158
0.026803615990388385,0.32059226968895915,0.5833728186143354,0.052556109785075265,-0.02123266835317041,0.7436163973490301
0.028850441076379123,0.2727678065403117,0.6084820299745415,0.05245534741159841,-0.021191960354285756,0.7425054426111755
0.026803615990388385,0.32059226968895915,0.5833728186143354,0.052556109785075265,-0.02123266835317041,0.7436163973490301
0.019970870373274933,0.04249121356015943,0.8880663634073321,0.016996485424063772,-0.03841205705838412,0.45537833572422864
0.03130909732895302,0.31309097328953023,0.12523638931581207,0.054790920325667784,-0.07420256066961867,0.9363768283656624
0.02564255056640295,0.11722308830355634,0.32968993585375217,0.10989664528458407,0.026668252589059065,0.9295790902472016
0.02100349422054585,0.420069884410917,0.10863876320971992,0.050698089497869296,-0.07278797135051235,0.8963422223223292
0.03107296995010412,0.11447936297406781,0.5805739122256296,0.18807323917168284,0.02166930799151998,0.7829570717690709
0.026767865340438544,0.4380196146617216,0.3082360251323226,0.1946753842940985,-0.0015411801256616131,0.8212867774907281
0.017204725937516607,0.4926807882107028,0.7116500274154596,0.05865247478698843,0.021936025570333674,0.49659095319650204
0.02813017738328192,0.08840912891888604,0.570640741203719,0.10448351599504714,-0.02419195254962245,0.8088631576724264
0.01888645194414794,0.5225251704547597,0.7428671098031523,0.07869354976728309,-0.019201226143217072,0.4101193039671725
0.017611810203042602,0.7832620853458421,0.254907779254564,0.03244280826876269,-0.03865328870878298,0.5645048638764708
0.017770622127813038,0.13883298537353936,0.6941649268676967,0.0832997912241236,0.00744144801602171,0.7011065761363737
0.031011471534080237,0.08160913561600062,0.03264365424640025,0.08977004917760069,-0.00897700491776007,0.9915509977344077
0.021448663286011107,0.13405414553756942,0.5898382403653054,0.05362165821502776,-0.062067069383894634,0.7917908106176537
0.025628364090191338,0.06571375407741369,0.5519955342502749,0.03285687703870684,-0.008805643046373435,0.8301618552599671
0.016344210446502708,0.8790534807713618,0.08392972931987877,0.114851208542992,-0.013826318566906344,0.4545015710380172
0.02369628784974434,0.09172756586997809,0.29811458907742877,0.053507746757487214,-0.07414644907823228,0.9454054455665741
0.026603683677898844,0.08061722326636014,0.13704927955281224,0.13704927955281224,-0.019589985253725514,0.9771613632115512
0.0200998819904365,0.5339031153709696,0.3831540004426958,0.04396849185407985,-0.05527467547370038,0.7501652831618223
0.035795357923068226,0.1009612659368591,0.3028837978105773,0.11931785974356075,-0.046350399361921674,0.9382972924295551
0.01432655889609479,0.4765138067614137,0.7848462699599755,0.04671703987856997,0.01927856512322321,0.39267229252600677
0.02562788808342954,0.07322253738122725,0.6150693140023089,0.15376732850057723,-0.04642308869969808,0.7680311945916927
0.025119534354574414,0.07849854485804504,0.2040962166309171,0.05494898140063153,-0.07904803467205136,0.970713005714585
0.01401699215385048,0.2775364446462395,0.8718569119694999,0.02803398430770096,-0.011578035519080496,0.4021475048939703
0.02831059667819297,0.1550342199043901,0.4988057509967333,0.03370309128356306,-0.009773896472233288,0.8515423043705043
0.021745047560511724,0.6212870731574778,0.24851482926299112,0.04349009512102345,-0.05635073753538324,0.7393937457647144
0.03111025270107825,0.07234942488622849,0.1519337922610798,0.07234942488622849,-0.0045580137678323945,0.982577539379869
0.026532689333572414,0.09364478588319676,0.2107007682371927,0.05462612509853144,-0.07952003067914791,0.9678968994244078
0.03529092838719762,0.4561998059808473,0.11189806561794369,0.17215087018145184,-0.01239486265306453,0.8650581226617954
0.015303596213157302,0.771556309080014,0.07651798106578651,0.012752996844297752,0.013581941639177105,0.6310820488400742
0.03487330191670721,0.06458018873464298,0.497267453256751,0.0064580188734642986,-0.025638334927653265,0.8640829252695232
0.026645060249291024,0.07836782426262066,0.3213080794767447,0.05485747698383446,-0.07875966338393377,0.9384546955448825
0.013342915412639982,0.9051545320466582,0.2019468278669835,0.0865486405144215,0.0019473444115744839,0.363648537894761
0.023615436709064908,0.05903859177266227,0.6612322278538174,0.029519295886331134,0.0013578876107712323,0.7468972245159504
0.013167305238965223,0.8520021036977498,0.21300052592443744,0.04647284201987726,0.0004647284201987726,0.47580444754684337
0.017936224227159868,0.6950286888024448,0.2017825225555485,0.0672608408518495,0.0012891661163271155,0.6865650329952537
0.01998346996021746,0.6577892195238249,0.5245660864557085,0.05828512071730094,-0.0314739651873425,0.5360565816828334
0.026980111895738085,0.13081266373691194,0.07358212335201297,0.05723054038489898,-0.08502823142899277,0.9829754100680578
0.017099055258743404,0.6016334257706012,0.25331933716656896,0.05066386743331379,-0.05528694533660367,0.7536250280705427
0.021863424080275876,0.5405124286512647,0.37046357469356345,0.04251221348942531,-0.05417270633223911,0.7519195931608211
0.00683745785267668,0.9521160059852277,0.22050801574882292,0.01196555124218419,-0.012375798713344792,0.21096976204433895
0.029385230895510872,0.08162564137641909,0.024487692412925727,0.089788205514061,-0.00889719491002968,0.9918331683648683
0.018876221697223035,0.7915834905287079,0.07306924527957304,0.012178207546595507,0.005967321697831799,0.6062311716695243
0.014907941779231456,0.8764062742942129,0.12649162721772145,0.09035116229837246,0.0001355267434475587,0.455550560308394
0.022795073665086582,0.08088574526321045,0.4706079724404972,0.05147274698567938,-0.0746354831292351,0.8736395813383667
0.027266656643933546,0.08795695691591467,0.4397847845795733,0.17591391383182933,-0.0024627947936456105,0.8758753769686781
0.021294543793352445,0.5855999543171923,0.21294543793352447,0.15210388423823176,-0.01034306412819976,0.7668317323870454
0.019330952139206794,0.7427155295589979,0.14752568737815713,0.025435463341061573,0.011700313136888322,0.652267021918183
0.0036508863925160564,0.0442767073134926,0.9942839537065005,0.020973177148496492,0.011123551732091473,0.09413849402319592
0.02962862223544519,0.08465320638698626,0.04232660319349313,0.067722565109589,-0.0714473061906164,0.9901885551085783
0.020981310044616088,0.052453275111540215,0.7081192140057929,0.03147196506692413,-0.02397114672597388,0.7027165266693043
0.026938523367104582,0.20203892525328437,0.20952184841081342,0.11224384736293576,0.02858476646176097,0.9492836317641353
0.018771727655958106,0.08161620719981785,0.040808103599908926,0.08977782791979963,-0.008896166584780147,0.991555301270587
0.01324500609793864,0.07791180057610965,0.20257068149788507,0.05453826040327675,-0.07526279935652191,0.9716380649846633
0.019594840190377976,0.08164516745990824,0.02449355023797247,0.08980968420589906,-0.008980968420589907,0.9920704298053451
0.03013991228673522,0.097751066875898,0.03258368895863267,0.08960514463623984,-0.008634677574037658,0.9901368482304502
0.03013991228673522,0.097751066875898,0.03258368895863267,0.08960514463623984,-0.008634677574037658,0.9901368482304502
0.02830334289718414,0.08895336339115016,0.5660668579436828,0.16173338798390938,-0.01172567062883343,0.8028445379521262
0.024479909214219872,0.08159969738073292,0.04079984869036646,0.0897596671188062,-0.008649567922357689,0.9914363231759048
0.030984976755522767,0.0815394125145336,0.05707758876017352,0.08969335376598696,-0.008887795964084164,0.9904592438140396
0.03831372545857877,0.08151856480548675,0.05706299536384072,0.08967042128603542,-0.009048560693409029,0.9902060066922475
0.021170114080250966,0.08956586726260023,0.07328116412394564,0.08956586726260023,-0.008712316179180205,0.9889700216104931
0.02693423810708644,0.0816189033548074,0.032647561341922954,0.08978079369028813,-0.008814841562319198,0.9916696757609098
0.04403769069136591,0.08155127905808503,0.040775639529042514,0.08970640696389352,-0.00905219197544744,0.9907664892766749
0.030189573502490512,0.081593441898623,0.0407967209493115,0.0897527860884853,-0.008812091725051284,0.9912787256263708
0.03753185900928741,0.08159099784627699,0.0326363991385108,0.08975009763090469,-0.008811827767397916,0.9913306238322654
0.021651048844342873,0.26290559310987777,0.2551730756654696,0.08505769188848986,-0.008505769188848987,0.9262782646656547
0.023203034893587993,0.07734344964529331,0.3248424885102319,0.08507779460982265,0.010441365702114598,0.9384080745463438
0.007576235901512139,0.8510051024256658,0.47747905332785806,0.026428729888995837,0.00666003993202695,0.2168036808560625
0.017185390999410063,0.03656466170087247,0.8848648131611139,0.05484699255130871,0.0220484910056261,0.4603125261522836
0.01625147861268577,0.10598790399577677,0.5299395199788839,0.056526882131080945,-0.055113710077803926,0.8375164173746281
0.018590146851070483,0.5092083702684523,0.15357077833493007,0.1454881057909864,-0.03629119972230716,0.8332427125551549
0.012782884706891024,0.8143170998463911,0.10889124009573835,0.033140812203050804,-0.0392008464344658,0.5676547690208273
0.020967397089447302,0.07173056899021446,0.8276604114255515,0.11035472152340686,-0.0049107851077916055,0.5451523243256299
0.021928135808668908,0.08121531780988483,0.12182297671482725,0.08933684959087332,0.008771254323467563,0.9848981590804733
0.027697832141368863,0.13120025751174724,0.3352895469744652,0.10933354792645604,0.02726049794966304,0.9256907057773278
0.03163820416699996,0.0753290575404761,0.3917110992104757,0.05273034027833327,-0.061920485298271356,0.9128375192754894
0.01935316901203143,0.2967485915178153,0.4902802816381296,0.03225528168671905,0.009289521125775087,0.8185745386455561
0.01589722968613572,0.062453402338390335,0.5961461132300896,0.056775820307627574,-0.013512645233215362,0.7981544818846286
0.01972166016730789,0.6779320682512088,0.04930415041826973,0.04930415041826973,-0.05275544094754861,0.7296397960023692
0.017596455780577423,0.4854194698090324,0.43687752282812914,0.04247420360829034,-0.05394223858252873,0.7539777914808796
0.026379677501518848,0.22611152144159014,0.5426676514598163,0.1582780650091131,-0.05193027942441853,0.7911642135241239
0.023521364380017933,0.06918048347064099,0.4289189975179741,0.04150829008238459,-0.01978561827260332,0.8992079241513914
0.023784451355521364,0.06098577270646503,0.5000833361930133,0.06098577270646503,-0.016771087494277883,0.8611800963879928
0.030295417607778496,0.10098472535926165,0.06732315023950777,0.18513866315864635,-0.06959530656009115,0.9722304433962916
0.026665612279752723,0.669740959584487,0.08061696735739195,0.04961044145070274,-0.0534552506631322,0.7341105073667737
0.01539111277708283,0.6720785912659503,0.3796474485013765,0.06156445110833132,-0.0005643408018263705,0.6325747351381042
0.016322443014067867,0.6937038280978843,0.34685191404894217,0.0612091613027545,-0.00040806107535169665,0.6280570026006801
0.02684465423163607,0.4514782757138794,0.44537721793396207,0.09151586669875933,0.010127755914662698,0.7672080158245991
0.0173971457653148,0.6710327652335709,0.05591939710279757,0.04970613075804229,-0.053061294584210134,0.7355264698921307
0.0251354805912305,0.07616812300372879,0.17518668290857622,0.022850436901118636,-0.025516321206249144,0.9806645836730081
0.026793850617722013,0.08643177618620004,0.12964766427930005,0.24200897332136012,-0.06905898917277384,0.9548118315289519
0.022561814818927464,0.6392514198696114,0.24441966053838085,0.1817479527080268,-0.05314560824014025,0.7037406072270458
0.01839453768363162,0.4713600281430602,0.5230946653782741,0.06897951631361857,-0.0014370732565337201,0.7064652129119768
0.02254343748305042,0.08051227672518006,0.32204910690072025,0.06440982138014406,-0.06674467740517427,0.9384510975086989
0.019863182646012785,0.048446786941494596,0.8817315223352017,0.11142760996543757,0.02490164848792822,0.4547215422328683
0.02545610495665057,0.10341542638639294,0.2466060167675524,0.08750536078848634,-0.009307388374775363,0.9592178548977893
0.02040168808576156,0.06800562695253853,0.4080337617152312,0.006800562695253853,-0.01020084404288078,0.9101193055058233
0.03164656304801444,0.297850005157783,0.5398531343484817,0.09307812661180719,0.026868552548608343,0.7806772739354308
0.018949606174907162,0.0789566923954465,0.28424409262360745,0.08685236163499116,-0.012396200706085103,0.9512702299803396
0.01299669992283767,0.7259132395926406,0.5515672650179889,0.009509780431344636,-0.015215648690151419,0.41028362707631216
0.02131275428379315,0.1497653003726005,0.6681836478162176,0.028801019302423174,0.00616341813071856,0.7278593598108385
0.02333193230881177,0.18957195000909563,0.5832983077202942,0.02916491538601471,-0.05913186594514482,0.7867235925377468
0.012312816598690482,0.7253854996185045,0.594227235849845,0.03747378964818843,-0.017184409252954978,0.34475886476333356
0.016696264028228904,0.07155541726383817,0.8538946460151354,0.10017758416937343,-0.04021414450227705,0.5037978411489299
0.023365575237825394,0.40582314886749377,0.498055682701015,0.04304184912230994,-0.055155055232445745,0.7627630548032212
0.018574448635383174,0.18574448635383176,0.390703919571853,0.06404982288063164,-0.0176137012921737,0.8989392641296651
0.022424921770962235,0.07474973923654078,0.35879874833539577,0.05232481746557855,-0.07788922828447549,0.9254017717483749
0.02116874236816635,0.05880206213379541,0.7232653642456836,0.04704164970703633,-0.057743625015387094,0.6836915764296392
0.02016129968843112,0.19009225420520773,0.6566823327088994,0.028801856697758747,0.00875576443611866,0.7289173893068784
0.0189856295758559,0.0949281478792795,0.21833474012234286,0.189856295758559,-0.0009492814787927951,0.952319179524932
0.021231995236068776,0.1895713860363284,0.5535484472260789,0.030331421765812543,-0.05800884412711649,0.8080290758412461
0.020107033806420947,0.05585287168450263,0.6981608960562828,0.027926435842251313,0.016476597146928278,0.712738495565938
0.020942917742120426,0.07778798018501873,0.6462386046140017,0.08975536175194468,0.005325484797282051,0.753526180361493
0.023116197055731594,0.07456837759913418,0.14913675519826836,0.007456837759913417,-0.010588709619077052,0.9856448151053555
0.029692365621365555,0.17815419372819333,0.6294781511729497,0.08907709686409666,0.02892036411521005,0.7499103861332084
0.02708847498637425,0.072235933296998,0.6200250941325661,0.08427525551316434,-0.050866136363302755,0.774549794777061
0.02312803694124467,0.057820092353111675,0.7805712467670076,0.02312803694124467,-0.04741247572955157,0.6197157498406509
0.017935937451089873,0.6646847408345071,0.32706709469634476,0.02637637860454393,0.009178979754381289,0.6709095661851795
0.019731103456797006,0.1691237439154029,0.6764949756616117,0.08456187195770146,0.007385070150972594,0.711447216070795
0.017773959392411106,0.5720993179432324,0.4499033471204061,0.06665234772154163,-0.0007220671003167011,0.6822978661761813
0.021637227590516617,0.1954330233982146,0.5165015618381386,0.055838006685204174,-0.05437225900971756,0.829752779342134
0.02068386539676059,0.045964145326134645,0.8135653722725832,0.022982072663067322,-0.0016087450864147126,0.5788264820920136
0.026311488981162406,0.09072927234883589,0.22682318087208972,0.03629170893953435,-0.061332988107813055,0.9667203968768463
0.02236321505903638,0.07711453468633234,0.26218941793352996,0.053980174280432634,-0.07881105444943165,0.956914260922698
0.026139137940231483,0.09013495841459132,0.2523778835608557,0.03605398336583653,-0.06066082701301997,0.9604781168658852
0.03175579637365589,0.09073084678187396,0.22682711695468488,0.03629233871274958,-0.061334052424546794,0.9665557107673033
0.029716813775199923,0.13110359018470555,0.480713164010587,0.20102550494988183,0.0259585108565717,0.8424716705269178
0.01920424310577919,0.06401414368593063,0.6337400224907133,0.0704155580545237,0.006593456799650855,0.7674015545069364
0.024217597102766816,0.06545296514261302,0.5890766862835172,0.07199826165687431,-0.012566969307381699,0.8017333700318668
0.025841795930197906,0.16243414584695826,0.4577689564777915,0.05906696212616664,-0.0595837980447706,0.8696871836051461
0.024080941197899025,0.4480175106585865,0.5376210127903038,0.08400328324848498,0.02716106158367681,0.70842768872889
0.01684279354561568,0.056142645152052265,0.7017830644006533,0.028071322576026132,0.0015158514191054113,0.7094184641413325
0.01704069865484099,0.050119701926002916,0.7868793202382458,0.05513167211860321,0.01067549651023862,0.6122622787280516
0.017595313598828783,0.051750922349496416,0.7710887430074966,0.05692601458444606,0.010919444615743743,0.6317235091203027
0.02336209952600844,0.3426441263814571,0.11681049763004218,0.054511565560686356,-0.07226676120045276,0.927475351182535
0.018915542175450866,0.1369746157532649,0.6979182802666354,0.026090403000621886,-0.05231125801624688,0.7002664165366914
0.02742653150512107,0.2664291631926047,0.5015137189507852,0.1253784297376963,-0.04435261951971007,0.8118253325515836
0.019380881683543832,0.08075367368143263,0.0646029389451461,0.2422610210442979,-0.02366082638865976,0.9641988637563056
0.03360070162008136,0.22080461064624896,0.27840581342353127,0.019200400925760776,0.007392154356417899,0.9339075010290042
0.021515332636461208,0.05247642106453954,0.7084316843712838,0.005247642106453954,-0.02366686590010733,0.7030790894227007
0.025804898263855052,0.24192092122364112,0.688130620369468,0.08064030707454703,0.006666265384829222,0.6787763447488206
0.019028105720314263,0.09802357492283106,0.7322937655999733,0.12685403813542845,-0.0548932019567854,0.6592950327456767
0.030170929481292647,0.12822645029549376,0.6185040543664992,0.0980555208142011,-0.04397412971898403,0.7671713093855688
0.024138199551460748,0.2258089635459231,0.08565167582776394,0.05450561189039524,-0.0776315643638915,0.9654501168985864
0.027193970757185795,0.44190202480426916,0.22944912826375513,0.11047550620106729,-0.019800609957575908,0.8594994382443035
0.011780578878501247,0.12565950803734663,0.2434652968223591,0.05497603476633915,-0.06683515083736374,0.9577610628221513
0.01898127997515251,0.04995073677671714,0.7692413463614439,0.07492610516507571,0.026823545649097103,0.6317269680151416
0.022001334569754456,0.5113823710807792,0.19028181249517365,0.05946306640474177,-0.019325496581541073,0.8353966199202172
0.03168245830974674,0.2930627393651573,0.11880921866155027,0.05544430204205679,-0.07564186921452035,0.9435036084642578
0.0305328201172139,0.06939277299366794,0.19429976438227026,0.06939277299366794,-0.02407929222880278,0.9752460316530093
0.0329107222874957,0.06209570242923717,0.6085378838065243,0.09314355364385575,0.029868032868463075,0.7843308173836947
0.03341254567892118,0.07593760381572995,0.18984400953932484,0.022781281144718984,-0.02581878529734818,0.977696649127523
0.023179682834675388,0.15453121889783591,0.06321731682184197,0.07024146313537996,-0.021072438940613992,0.9829590351165073
0.02175079665823788,0.07768141663656387,0.6136831914288545,0.15536283327312775,0.0010098584162753304,0.7699005202849845
0.023258189850855395,0.09690912437856414,0.07752729950285131,0.19381824875712828,-0.003779455850764002,0.9728706996364055
0.023356196755417852,0.12407979526315734,0.3503429513312678,0.03649405743034039,0.008685585668421014,0.9273139993049494
0.011899901543338675,0.8740272512865993,0.05334438622875958,0.09027511515636237,-0.03422247547291191,0.4730416034193388
0.025617240277010227,0.6048515065405192,0.2419406026162077,0.22059290238536586,-0.0249056502693155,0.725039058840159
0.02915236381562792,0.0940398832762191,0.2915236381562792,0.3009276264839011,0.04786630058759552,0.90137228120256
0.027825979831171587,0.11716202034177511,0.6810042432365678,0.01464525254272189,0.0024896929322627214,0.7221574028816163
0.010027771925964109,0.8966007839685556,0.24479560878088852,0.044240170261606364,0.005367807325074905,0.36619063597873636
0.01365913931619915,0.03252176027666464,0.9366266959679416,0.013008704110665856,-0.031155846345044723,0.3469096168711817
0.01365913931619915,0.03252176027666464,0.9366266959679416,0.013008704110665856,-0.031155846345044723,0.3469096168711817
0.01365913931619915,0.03252176027666464,0.9366266959679416,0.013008704110665856,-0.031155846345044723,0.3469096168711817
0.01365913931619915,0.03252176027666464,0.9366266959679416,0.013008704110665856,-0.031155846345044723,0.3469096168711817
0.019880843000691543,0.05522456389080984,0.7123968741914469,0.02761228194540492,0.009995646064236582,0.6987011823465261
0.02902025389368579,0.24296026515643918,0.18896909512167492,0.06748896254345534,-0.022068890751709893,0.9483549016606343
0.030028476360568445,0.06672994746792989,0.6339345009453339,0.19351684765699664,-0.06012368266860482,0.7427710452655275
0.021752815939618447,0.07768862835578018,0.3340611019298548,0.08545749119135819,-0.010410276199674544,0.935138019518526
0.02444483490491148,0.06606712136462563,0.3633691675054409,0.06606712136462563,-0.017573854282990416,0.926459242896145
0.02047396622247763,0.7130588236104278,0.05647990682062795,0.014119976705156988,0.014472976122785912,0.6982328480700131
0.023875837306303372,0.1326435405905743,0.5239419853327685,0.03316088514764357,0.00324976674446907,0.8403631514115834
0.027547170794541137,0.1296337449154877,0.22685905360210348,0.06481687245774385,-0.06716648408433706,0.9603429865520473
0.02903891423119667,0.13828054395807937,0.670660638196685,0.11062443516646349,-0.04196814509127709,0.7185057064061804
0.026091525755081387,0.10629880863181305,0.0966352805743755,0.193270561148751,-0.002125976172636261,0.97021821696673
0.02219655077632364,0.3452796787428122,0.6658965232897093,0.004932566839183031,-0.02224587644471547,0.6605693511033914
0.01932534389272759,0.07312292283734764,0.7103369647056628,0.005223065916953403,-0.02360825794462938,0.6993685262800606
0.02219009569384953,0.710083062203185,0.061022763158086205,0.08321285885193573,0.0153666412679908,0.6959923514375904
0.028337437039399872,0.05346686233849033,0.6950692104003743,0.005346686233849033,-0.023846220602966685,0.715974753574724
0.021209462026238517,0.08483784810495407,0.20361083545188977,0.27996489874634845,-0.060659061395042166,0.9321134371291304
0.029605963689469446,0.07970836377934082,0.8312443651274114,0.011386909111334402,0.0005693454555667202,0.5492475609852149
0.02176136163919897,0.05726674115578677,0.7387409609096494,0.16607354935178162,-0.0532580692748817,0.6481449764011947
0.023087838804529116,0.06790540824861505,0.672263541661289,0.02716216329944602,-0.0577875024195714,0.7340574631675286
0.01854325320539834,0.21100943302694664,0.5754802718916726,0.07673070291888968,-0.0016624985632426098,0.7861699936564572
0.023900215049178424,0.07709746790057556,0.30838987160230225,0.23129240370172668,-0.01788661255293353,0.9190018173748606
0.02744214525393234,0.25652440128675885,0.5965683750854858,0.08948525626282286,0.028993223029154608,0.7541220829455625
0.020708182182709083,0.4394175243648025,0.6262962416233967,0.0757616421318625,0.02570845056341201,0.6386201354101796
0.03388888885452644,0.06644880167554204,0.5714596944096616,0.07309368184309625,-0.012293028309975279,0.8138649229220389
0.032024892867268374,0.08211510991607275,0.5337482144544728,0.10674964289089457,-0.024388187645073608,0.8338789411977188
0.014556068939375864,0.7779967881390548,0.09034801410647088,0.03513533881918312,-0.04296550004174393,0.6190846699940066
0.02336266164245879,0.08056090221537515,0.15306571420921278,0.13695353376613775,-0.020301347358274536,0.9748674777082547
0.021481303114031375,0.37104069015145097,0.6834960081737255,0.07323171516147059,0.023043579704142746,0.6235436440282016
0.0261432499213042,0.07469499977515486,0.261432499213042,0.03734749988757743,0.011727114964699314,0.9611752571066927
0.023716215070988762,0.06865220152128326,0.7738975444217385,0.12482218458415138,-0.002059566045638498,0.6166215918457079
0.03282468881818813,0.09026789425001737,0.5334011932955572,0.2790098549545992,0.02814717066159633,0.7922238646269707
0.015311944666743686,0.5115581513662094,0.723837384246065,0.0869996856064982,-0.021923920772837547,0.4539643594947076
0.021014515187283363,0.09552052357856074,0.31521772780925045,0.2196972042306897,0.04766474126570181,0.9168059853070261
0.0076998158254091165,0.9397723930499332,0.2428403452629029,0.03356329975178333,-0.014590163833275223,0.2376084191251249
0.01896336283742427,0.15039908457267526,0.6931436071610251,0.026156362534378304,-0.05250889778776444,0.7022329431417216
0.02339355298622471,0.07975074881667515,0.7018065895867414,0.13291791469445857,-0.03764235344147067,0.6938846818709515
0.032101338897076816,0.09441570263846123,0.1605066944853841,0.17938983501307634,-0.010668974398146118,0.9654005594782661
0.017324014229722816,0.042253693243226385,0.8323977568915597,0.02535221594593583,-0.020619802302694473,0.5513261894376178
0.01999677193725296,0.14664299420652172,0.5465784329515809,0.07998708774901184,-0.0013331181291501974,0.8203342407725739
0.01882412412001295,0.08438400467592011,0.5971791100142039,0.0454375409793416,-0.049916384304448135,0.7945727701830293
0.026410356141271508,0.06602589035317877,0.541412300896066,0.033012945176589384,-0.0054141230089606585,0.8370762378976004
0.010937650003505684,0.8385531669354358,0.08203237502629263,0.03645883334501895,-0.03887423105412645,0.535853703088416
0.02095459641708759,0.0748378443467414,0.25444867077892075,0.0374189221733707,0.011525028029398176,0.9631630567425618
0.01886763476223951,0.057174650794665174,0.5946163682645178,0.057174650794665174,-0.010291437143039732,0.7996446660141873
0.00852668580392373,0.6474952032354583,0.6794702750001722,0.015987535882356994,-0.01494834605000379,0.34426493933342056
0.014939229213946113,0.7469614606973056,0.19918972285261483,0.024898715356576853,0.0071708300226941335,0.6336225083941678
0.02660675071421625,0.059126112698258335,0.6444746284110159,0.0177378338094775,-0.02518772400945805,0.7612487009900761
0.0217928585225606,0.05734962769094895,0.6709906439841027,0.03440977661456937,-0.02529118581170849,0.7376882609886763
0.019041403301724567,0.6908043988532634,0.4428233325982458,0.013284699977947373,-0.018598579969126325,0.5707992757191388
0.02187870983461577,0.05757555219635729,0.6678764054777445,0.03454533131781437,-0.025390818518593563,0.7404791767973511
0.021766666511003282,0.05581196541282893,0.6920683711190787,0.033487179247697355,-0.024836324608708875,0.7181325589668698
0.022341878830091907,0.07979242439318539,0.07181318195386685,0.05585469707522977,-0.07979242439318539,0.9891866852023192
0.025411335360451526,0.05909612874523611,0.6618766419466444,0.08864419311785417,0.027302411480299084,0.7410654544652608
0.026782061482691903,0.10550509068939236,0.15419974793065036,0.05681043344813434,-0.08448523031358264,0.9767336664975669
0.029023276697186143,0.08062021304773928,0.2015505326193482,0.056434149133417495,-0.08440936306098303,0.9704255044556378
0.026782061482691903,0.10550509068939236,0.15419974793065036,0.05681043344813434,-0.08448523031358264,0.9767336664975669
0.029929762851469123,0.12133687642487481,0.1617825018998331,0.05662387566494158,-0.08420779223886313,0.9736070964331955
0.020978974888692097,0.17751440290431775,0.21785858538257177,0.06455069196520645,-0.0670520312788582,0.9549467992602728
0.02362804594102398,0.09034252859803286,0.34747126383858795,0.006949425276771759,-0.00896475860703557,0.9329603434066086
0.02246200705067464,0.07745519672646428,0.3717849442870286,0.06196415738117143,-0.062196522971350816,0.9206324682907545
0.02125726381934257,0.08175870699747143,0.16351741399494285,0.08993457769721858,-0.0108739080306637,0.9787334814667304
0.0325106925789562,0.0812767314473905,0.19506415547373723,0.08940440459212956,-0.010484698356713376,0.9727199219623697
0.023933835299692233,0.46670978834399857,0.4846601648187678,0.0718015058990767,-0.0010770225884861506,0.735905600877287
0.026145127004767444,0.07470036287076413,0.26145127004767443,0.03735018143538207,0.011727956970709968,0.9611695690581219
0.01785472657059804,0.059515755235326796,0.8149080332221669,0.022890675090510303,-0.001877035357421845,0.5757920412266961
0.02597916699923425,0.22267857427915072,0.22267857427915072,0.11133928713957536,0.028354405124878523,0.9417819168179548
0.018116335959145195,0.06038778653048398,0.5193349641621623,0.06038778653048398,-0.015519661138334383,0.8499580954165621
0.017464324286112175,0.05292219480640053,0.793832922096008,0.17464324286112176,-0.048000430689405287,0.5778574450910874
0.017531160775031883,0.0939169327233851,0.6261128848225673,0.04382790193757971,-0.05804066442305199,0.770431904774169
0.022434688267542833,0.6044902116532374,0.12463715704190462,0.09347786778142846,0.009285468199621894,0.7808517888675324
0.018215739607225685,0.12610896651156245,0.7753366089229394,0.11676756158478004,-0.03713208458396005,0.6063038867728119
0.022856834209204854,0.07373172325549954,0.30230006534754805,0.03686586162774977,0.011575880551113428,0.9492959369145565
0.003663960044330324,0.09354791602545508,0.9884896460023086,0.007795659668787923,-0.00405374302776972,0.11851741394458279
0.016288624879566702,0.6424957591384645,0.493183364409103,0.06334465230942607,-0.034296604607532116,0.5818206314620784
0.015127321755582748,0.07203486550277499,0.4970405719691474,0.07923835205305249,0.0008644183860332999,0.8609607124891667
0.01977260007681123,0.07604846183388934,0.36503261680266885,0.1292823851176119,-0.018327679301967333,0.9184372735678816
0.02185594898344737,0.06428220289249227,0.5014011825614397,0.006428220289249227,-0.013949238027670821,0.8624100340056763
0.017611160840912375,0.2321471201756631,0.08805580420456187,0.13608624286159562,-0.03250059682459283,0.9583673526700134
0.03240076059410173,0.1170027465898118,0.43201014125468973,0.2070048593512055,0.025830606362519992,0.868970398711256
0.023685453733612968,0.07895151244537656,0.2684351423142803,0.13421757115714014,-0.04887098620368809,0.9490761311058715
0.03180477659369793,0.09637811088999372,0.04818905544499686,0.12529154415699184,-0.03026272681945803,0.9852734276284059
0.018654299802529674,0.06908999926862842,0.4421759953192219,0.020726999780588527,-0.019759739790827728,0.89361005054044
0.014639446492185218,0.9174053135102737,0.1073559409426916,0.026025682652773722,-0.02651366420251323,0.38111359034655523
0.014310191722400284,0.9212185921295183,0.16695223676133664,0.023850319537333808,-0.02370125504022547,0.34949661992020525
0.014893740186881714,0.9234118915866663,0.15489489794356984,0.023829984299010742,-0.023829984299010742,0.34922841990200243
0.028282476309922977,0.09427492103307658,0.3393897157190757,0.21683231837607614,0.04280081414901677,0.9089987886009244
0.022761663964818393,0.29264996526195075,0.47474327698049795,0.03251666280688342,0.013852098355732336,0.8289798015986859
0.016343399906055444,0.6650073065222559,0.25360448130086033,0.03944958598013383,-0.0466068680079581,0.6996102290819733
0.010395854690790688,0.8694714832297666,0.31817615871813926,0.0220518129804651,-0.024256994278511607,0.37629843721665085
0.027567165016239997,0.06410968608427907,0.5769871747585116,0.032054843042139534,-0.007180284841439256,0.8131031486069114
0.012181174654624578,0.7156440109591939,0.49486022034412347,0.011419851238710541,-0.016787181320904496,0.49234785307160717
0.008875352819185158,0.9385685606288305,0.20857079125085123,0.03328257307194435,0.0037276481840577665,0.2727395921335599
0.011099735212590278,0.02312444835956308,0.9550397172499552,0.03468667253934462,0.017852074133582696,0.29277864068042814
0.02191932763971743,0.44483341386485376,0.46417399707636914,0.051574888564041015,-0.058666435741596655,0.7616321668694757
0.025651434613720093,0.6042337931231844,0.30781721536464113,0.07980446324268473,-0.04372144521938513,0.7288427621578335
0.01920712138294746,0.05191113887283097,0.752711513656049,0.07786670830924645,-0.0011420450552022813,0.651380970576283
0.02555523122429558,0.07516244477733995,0.24051982328748783,0.037581222388669976,0.011875666274819712,0.9665890398365916
0.01904396681254239,0.537712004118844,0.48170033702313103,0.0672140005148555,-0.0011762450090099712,0.6884394002734073
0.02580697740452002,0.3242415109798669,0.18528086341706682,0.06617173693466671,-0.018197227657033348,0.9247500236619673
0.03478937217204197,0.07562906993922168,0.2117613958298207,0.03781453496961084,0.011419989560822474,0.972967984768087
0.028958641853111894,0.0804406718141997,0.2976304857125389,0.23327794826117915,-0.06346769006140357,0.919597760179931
0.027162659861371348,0.3599052431631704,0.09506930951479972,0.06790664965342838,-0.012630636835537678,0.9251601948783083
0.012260624435720593,0.8264569064078325,0.08173749623813728,0.05449166415875819,0.0014985207643658503,0.5542256342147031
0.02206386237835984,0.21395260488106513,0.28081279390639796,0.06686018902533285,-0.018921433494169197,0.9327664970924185
0.019973747282733607,0.7637021019868732,0.10574336796741321,0.12336726262864875,-0.03818510509934366,0.6232984078523635
0.020332030392775282,0.12938564795402452,0.48057526382923393,0.06161221331144025,-0.015403053327860062,0.8647890260393755
0.017308106291339206,0.8383613984867428,0.08654053145669603,0.010817566432087004,0.008870404474311342,0.537741227339045
0.01842407156291887,0.7081752506996941,0.20151328271942515,0.046060178907297175,-0.05222072783614817,0.6728240633883434
0.0101429916826278,0.9313110544958252,0.23513298900637172,0.016136577676907862,-0.017542765160181262,0.2769497774433872
0.021553516764041297,0.05012445759079371,0.7869539841754613,0.05513690334987308,0.010877007297202236,0.6120196271835912
0.008136927656494432,0.2189573260293047,0.9512808151138036,0.014794413920898966,-0.008565965660200502,0.21624994828178018
0.023694728531946152,0.06403980684309771,0.5123184547447817,0.00640398068430977,-0.016586309972362302,0.8558920184580008
0.017435375811333288,0.09444161897805531,0.39956069567638786,0.05085317944972209,-0.05928027775853318,0.9083104323712504
0.026506838515809636,0.17671225677206423,0.4064381905757477,0.17671225677206423,0.00017671225677206423,0.8784366284139313
0.03300076235482066,0.10676717232441979,0.2523587709486286,0.22324045122378683,0.04629812836249839,0.9337274525099258
0.023409303446674638,0.07093728317174133,0.06384355485456719,0.07093728317174133,-0.020713686686148466,0.9924125915726613
0.019391841793269023,0.0807993408052876,0.05655953856370132,0.2423980224158628,-0.023755006196754556,0.9646633298743287
0.01646451279259688,0.07840244186950895,0.20384634886072328,0.05488170930865627,-0.07644238082277123,0.9711710474376075
0.025437684606067434,0.07949276439396072,0.11923914659094109,0.055644935075772506,-0.07830037292805131,0.9846768725479915
0.024087938198751966,0.08029312732917321,0.12043969099375983,0.24087938198751965,-0.023847058816764445,0.959101405946974
0.01896891967943279,0.09032818894967994,0.24388611016413583,0.036131275579871974,-0.060790871163134606,0.9628081660146385
0.0175406852948677,0.5963833000255018,0.350813705897354,0.0701627411794708,0.00040928265688024634,0.7183495317758152
0.03831309302602659,0.28351688839259676,0.09961404186766913,0.05363833023643723,-0.07670281223810524,0.9484023047662622
0.031145360376242385,0.12977233490100992,0.4066199826898311,0.1557268018812119,-0.04204623650792722,0.8892865536316541
0.029347431399350973,0.20079821483766455,0.5019955370941614,0.030892033051948393,-0.06402373850016305,0.8377147062862106
0.02209988922789784,0.04249978697672662,0.8244958673484963,0.10624946744181654,-0.02838985770045338,0.5530072281411668
0.027196580302680014,0.14278204658907007,0.26516665795113015,0.06799145075670003,-0.026584657245869715,0.9503844986771531
0.020855132496324088,0.07448261605830031,0.26813741780988115,0.022344784817490092,-0.026888224397046412,0.9596340252951413
0.022462259445493127,0.08022235516247546,0.2246225944549313,0.088244590678723,0.00617712134751061,0.9668398244181542
0.021525459049271434,0.09106924982384068,0.22353361320397258,0.06623218169006595,-0.0697093712287944,0.9654168383598237
0.020603408092448577,0.0686780269748286,0.2678443052018315,0.0686780269748286,-0.019847949795725465,0.9581271543258336
0.026238719079684707,0.23524368830062153,0.24429152246603006,0.31667419578929823,0.019000451747357892,0.8852400947435697
0.01800538772655612,0.056266836645487865,0.6864554070749519,0.01688005099364636,-0.024588607614078196,0.7241541876274288
0.021279080028751396,0.2758399262986292,0.1418605335250093,0.05516798525972584,-0.0756589512133383,0.9458157015742427
0.029817475307244774,0.1802917111600847,0.422992091567891,0.1040144487462027,0.030718933863045198,0.8808636949486753
0.04042527014784726,0.09187561397238013,0.036750245588952055,0.036750245588952055,-0.06265916872916326,0.9916135016038988
0.020101873832191957,0.1651225350501482,0.3589620327177135,0.04307544392612562,-0.02146592955651927,0.917147993593758
0.01705905611178658,0.06561175427610223,0.5839446130573098,0.04592822799327156,-0.060494037442566255,0.8053842837391548
0.03615869958126429,0.30241821467966495,0.48649886709337403,0.09861463522162987,-0.001314861802955065,0.812913309676969
0.015363277450947736,0.4027670034437649,0.7349459753561484,0.02491342289342876,-0.018975723770494904,0.5444413349643965
0.03365097476313805,0.16124425407336984,0.5328071004163526,0.056084957938563426,-0.05580453314887061,0.8262716428298856
0.02127274886867753,0.07597410310241975,0.38746792582234074,0.08357151341266172,-0.008433125444368594,0.9146522272500315
0.026137956879180503,0.08431598993284033,0.1011791879194084,0.06745279194627227,-0.07006658763419032,0.9861598182545005
0.024853305102660653,0.07100944315045901,0.0426056658902754,0.07100944315045901,-0.0213028329451377,0.9934931191180719
0.031942608366895414,0.09982065114654817,0.21960543252240597,0.08983858603189335,0.0462169614808518,0.9646667726802415
0.02266255106784532,0.213294598285603,0.4865783023390318,0.033327280982125465,0.010131493418566142,0.8461796641361656
0.01708258499935699,0.7782066499707073,0.12653766666190364,0.05694194999785663,0.029103663332237833,0.6115565429769803
0.016934708283229988,0.6909360979557835,0.07451271644621195,0.10838213301267192,-0.036714447558042616,0.7096997547336024
0.019594594352125877,0.2239382211671529,0.370897678808097,0.020994208234420584,-0.025822876128337318,0.9004415911742988
0.023007654502813307,0.08217019465290468,0.12325529197935702,0.09038721411819514,-0.012407699392588605,0.9844811021364509
0.01840034963940559,0.08000152017132867,0.2560048645482517,0.08800167218846153,-0.005680107932164335,0.9591382253340593
0.029098983883504494,0.07097313142318169,0.04968119199622719,0.07097313142318169,-0.02122096629553133,0.9930560548731583
0.018944602626940317,0.8375508529805193,0.10469385662256492,0.019941686975726652,-0.03494780642496095,0.534387356732035
0.024170074571920226,0.07108845462329479,0.014217690924658957,0.07108845462329479,-0.02111327102311855,0.9943142148160242
0.009861706837012898,0.8945976916433128,0.07748483943367276,0.052830572341140525,0.002394985946131704,0.43680317211654984
0.024823078238734732,0.08007444593140235,0.23221589320106684,0.08808189052454259,-0.010409677971082306,0.9649771479193298
0.029480483510964196,0.11792193404385679,0.6633108789966944,0.23584386808771357,0.038177226146698634,0.6986874592098514
0.025329068615891973,0.0649463297843384,0.5975062340159132,0.07144096276277223,-0.012599587978161648,0.7955275935283609
0.014635771114367663,0.8704432294334453,0.08858493042906744,0.0577727807146092,0.005854308445747066,0.48051547479697626
0.02328807974850955,0.16231085885324836,0.5222175458756687,0.0564559509054777,-0.05652652084410954,0.8330781255489552
0.01419039326240338,0.03461071527415459,0.9171839547650966,0.11421536040471014,-0.034956822426896135,0.3782951179465096
0.03467505180363989,0.07880693591736337,0.11821040387604506,0.05516485514215436,-0.07612750009617303,0.9847714712233727
0.021671010451148182,0.07880367436781158,0.5253578291187438,0.019700918591952894,-0.016942789989079488,0.8465484718962157
0.03743859391464874,0.29472935634936237,0.5416647630204497,0.015931316559424993,0.008762224107683746,0.7861308156248262
0.023118377916602376,0.06421771643500661,0.68070779421107,0.1798096060180185,-0.055676760149150725,0.7046610024413275
0.02118298040740681,0.07845548299039558,0.30597638366254276,0.08630103128943514,0.0070609934691356025,0.9446040152043629
0.02090407258906894,0.058066868302969275,0.6271221776720681,0.005806686830296928,-0.024504218423853034,0.7760636948691844
0.014783387471213846,0.7638083526793821,0.11087540603410385,0.11703515081377629,-0.010533163573239865,0.6247213155543785
0.01948315784076648,0.1679582572479869,0.6718330289919476,0.026873321159677905,-0.05253734286717031,0.7187269744155856
0.02317481039148515,0.05793702597871288,0.7763561481147525,0.02317481039148515,-0.050463149627458924,0.624734951128461
0.02489851149432522,0.08834955691534756,0.48190667408371396,0.1686673359292999,-0.05999738092342238,0.8528141775701459
0.01884007015339915,0.06977803760518204,0.5163574782783471,0.08373364512621845,-0.0011164486016829126,0.8491987176550655
0.015313363109545319,0.7492609807170388,0.1421955145886351,0.04375246602727234,-0.04648699515397686,0.643489394096108
0.01583042360512986,0.4960199396274022,0.49074313175902556,0.05276807868376619,-0.008442892589402591,0.7141631769060917
0.026606324721856627,0.0782538962407548,0.16433318210558506,0.05477772736852835,-0.07567151766480988,0.978486718594398
0.03207667573194672,0.07823579446816273,0.16429516838314173,0.054765056127713915,-0.0755757774562452,0.9783386098243749
0.039665245760590086,0.07777499168743154,0.19443747921857887,0.05444249418120208,-0.07551951692849604,0.9725762710513315
0.032664028387109974,0.07596285671420926,0.3266402838710998,0.053173999699946475,-0.06730309104878938,0.9376095404234849
0.021419574626482626,0.05492198622175032,0.7084936222605791,0.08238297933262548,0.016092141962972845,0.6982232108371118
0.026100023509606763,0.07250006530446322,0.3190002873396382,0.04350003918267793,-0.021460019330121115,0.9433708497416755
0.031844231988872915,0.07405635346249516,0.5924508276999613,0.15551834227123984,-0.05606065957110884,0.7843308395212862
0.01096713974226731,0.5801039705778236,0.7186362620590948,0.07215223514649546,-0.01720109285892452,0.3760574495835344
0.022794057163113033,0.10360935074142287,0.7459873253382446,0.07770701305606716,0.002590233768535572,0.6528425190217055
0.022907224683422295,0.5055387516341472,0.13428373090282034,0.0315961719771342,-0.05244964548204277,0.8497790453250242
0.014780059673490671,0.7981232223684963,0.15272728329273694,0.039413492462641794,-0.041334900220195585,0.579821740991039
0.021876151498963037,0.07292050499654347,0.4448150804789151,0.08021255549619781,-0.0048856738347684125,0.8887551148978717
0.02226599808675653,0.20178560766123105,0.5705662009731362,0.19482748325911964,-0.06074442603043266,0.769151071409396
0.023304028455382333,0.10357345980169924,0.12946682475212407,0.2416714062039649,-0.06904897320113283,0.9533073862581402
0.02399422273312053,0.07998074244373508,0.23194415308683175,0.0879788166881086,-0.013116841760772555,0.9650476383261076
0.01930952186365829,0.07723808745463316,0.3321237760549226,0.08496189620009648,-0.009731999019283778,0.9359711437752447
0.024091333211836544,0.28608458189055896,0.4215983312071395,0.24844187374706436,-0.06195989760419212,0.8211380354421912
0.02973472276812071,0.07824927044242293,0.5242701119642336,0.16432346792908814,-0.05845220502048992,0.8292857681487982
0.020683181344431485,0.04400676881793933,0.8229265768954654,0.066010153226909,0.02367564162405136,0.5617023971921776
0.027733024712167133,0.1625729034851177,0.2773302471216713,0.21995157530339451,0.021421370812156684,0.9203538959651603
0.017177360947468377,0.06361985536099399,0.7634382643319277,0.12723971072198798,-0.003944431032381627,0.6297729482184794
0.01603247335404126,0.6412989341616504,0.16649106944581307,0.06782969495940533,0.0023432076440521843,0.7457566643991346
0.014951763027947882,0.635449928687785,0.15574753154112378,0.06852891387809447,0.0022427644541921825,0.7530081654950253
0.03300652611790852,0.09168479477196811,0.40341309699665967,0.21087502797552665,0.042358375184649265,0.8840247911913165
0.023900085873440564,0.07468776835450176,0.5825645931651138,0.1568443135444537,-0.056688016181066836,0.7916156567893642
0.030416092053575993,0.07241926679422855,0.6155637677509427,0.15208046026787994,-0.05532831983079061,0.7672821316848515
0.03846328460893956,0.10558548716179487,0.5656365383667582,0.1583782307426923,-0.05701616306736923,0.7994329742250184
0.029284726698631226,0.0791479099963006,0.26910289398742204,0.05540353699741042,-0.06680083603687771,0.9554735694753409
0.025788837251145218,0.09860437772496701,0.561286457819043,0.15928399478648517,-0.05711468955915397,0.803701527979808
0.02355551524482598,0.07598553304782574,0.5622929445539105,0.15956961940043407,-0.05736907745110843,0.8054466503069528
0.022051167834893443,0.08167099198108682,0.4573575550940862,0.17150908316028232,-0.06051820505798534,0.866365882935369
0.04311555271379219,0.07433715985136585,0.5872635628257903,0.1561080356878683,-0.05627323000748395,0.7875278714653698
0.02242884211315631,0.07476280704385438,0.40371915803681363,0.12709677197455244,-0.01809259930461276,0.9024618438263661
0.021935477468224832,0.5849460658193288,0.32293897383775444,0.04265231729932606,-0.05039066629506093,0.7407488877255812
0.020753090152877393,0.633515383614152,0.3386030498627364,0.027306697569575517,0.009721184334768885,0.6947916129602795
0.026968424517962296,0.15410528295978454,0.44305268850938057,0.0642105345665769,-0.02844526681299356,0.8799411657003697
0.02590712233104243,0.07402034951726409,0.14063866408280176,0.007402034951726409,-0.012805520466486687,0.9868392997641647
0.03184141915782725,0.20948302077517925,0.4776212873674087,0.30165554991625815,0.038880048655873266,0.7965382381955416
0.038481536647460034,0.2774250316444793,0.2595266425061258,0.11633952939929777,-0.05020498153308158,0.9155026044267817
0.012122566267527802,0.7812320483517916,0.27837004021730505,0.03142887550840541,-0.03663708916408402,0.5565155884666929
0.013534508091283844,0.02863069019310044,0.9265932462494324,0.026027900175545852,-0.01676196771305153,0.3734483117187319
0.022424815145127924,0.08008862551831403,0.6086735539391865,0.016017725103662804,0.004725228905580527,0.7888729613553931
0.024608303130127726,0.09464731973126048,0.34073035103253774,0.2176888353818991,0.04722901254589898,0.9081410328214443
0.009123888031483243,0.9099228874641395,0.2885121350496052,0.01726140978929262,-0.018593004258752335,0.29677295259162384
0.019977563397574484,0.062429885617420265,0.6867287417916229,0.18104666829051877,-0.0566863361406176,0.6986528499445501
0.024681623216411742,0.5261082843498293,0.34424369222890067,0.05196131203455104,-0.05728734651809252,0.773379177994249
0.023425434505189868,0.08077736036272368,0.06462188829017894,0.24233208108817103,-0.024071653388091658,0.964077795929107
0.01654076244594824,0.8215245348154293,0.08270381222974121,0.11027174963965494,0.0009373098719370671,0.5530128244428695
0.010686091318506436,0.7622745140534591,0.5699248703203432,0.014248121758008582,-0.013535715670108153,0.3059784147532343
0.015888229611787454,0.07944114805893727,0.07944114805893727,0.055608803641256095,-0.07531020835987254,0.989121734481828
0.013944621008319818,0.873054532694806,0.2940496169145701,0.042440150894886404,-0.022614537548275186,0.3857506572410211
0.018391811618271893,0.7969785034584488,0.2860948473953406,0.09706789465199055,-0.013231886692034501,0.5225318034213471
0.029391914885430255,0.07943760779846014,0.07149384701861412,0.0556063254589221,-0.07562460262413405,0.989395405129821
0.024420790188455194,0.058144738543940935,0.8198408134695672,0.13373289865106414,0.013198855649474593,0.5530146082914222
0.021594343441616187,0.7029647971419737,0.4043196218855796,0.06891811736686017,0.021594343441616187,0.5802446028173847
0.01312139783705282,0.9154463607246154,0.18003778427584102,0.02441190295265641,-0.02428984343789313,0.3580310716793971
0.02131131418406669,0.04021002676238998,0.8524525673626676,0.06031504014358498,0.016244850812005555,0.5170607341375728
0.02383704279059151,0.05417509725134434,0.7259463031680141,0.02708754862567217,0.008559665365712406,0.6846107039652385
0.021203315766768475,0.08329874051230474,0.196887932119993,0.022717838321537655,-0.023247921215706867,0.9761097865487346
0.024006355964001132,0.186716101942231,0.6001588991000283,0.05334745769778029,-0.06315005304974743,0.7730046620408364
0.02144180322701142,0.05360450806752855,0.7290213097183883,0.08040676210129283,0.008737534815007152,0.6772393549251556
0.014913905983792813,0.5317131698569612,0.7294845318159529,0.08105383686843921,-0.02055525302983618,0.4218041670633576
0.026623023404561588,0.08067582849867148,0.08067582849867148,0.24202748549601444,-0.024202748549601444,0.9628660131316441
0.032777710650140485,0.07511558690657194,0.7374984896281609,0.15705986353192314,0.017754593268826096,0.6514569991715421
0.014336788137392737,0.8811879538104805,0.19931632288570392,0.04196133113383241,-0.00020980665566916202,0.42639705987162696
0.022482359308313774,0.08832355442551841,0.16861769481235334,0.13650003865761937,-0.01975235853516139,0.9717196869614761
0.01621276901662439,0.07369440462101995,0.3095164994082838,0.2726692970977738,-0.03242553803324878,0.9072518152893767
0.020415443692624137,0.06984230736950363,0.8381076884340436,0.10744970364539021,-0.003277215961184401,0.5298344886754192
0.03144885536996916,0.13793357618407523,0.8276014571044514,0.011034686094726019,-0.003475926119838696,0.5430720761519411
0.018169873361996623,0.17412795305246764,0.41639293121242266,0.06056624453998875,-0.06881839535856221,0.8874468981221851
0.03077211498610113,0.09926488705193913,0.09926488705193913,0.019852977410387825,0.009628694044038096,0.9893731292466773
0.020214963323533067,0.06520955910817118,0.5608022083302722,0.09781433866225678,0.005608022083302722,0.8192929006350628
0.02696146485023738,0.07489295791732606,0.27710394429410645,0.11233943687598909,0.03182950711486358,0.9503916359708677
0.020845460522865365,0.08338184209146146,0.19177823681036138,0.18344005260121524,-0.06803958314663255,0.9578906019467093
0.022836938715258336,0.07136543348518229,0.4424656876081302,0.049955803439627605,-0.07357776192322295,0.8892133012253713
0.029800161055932153,0.072683319648615,0.4724415777159976,0.07995165161347652,0.0087219983578338,0.8741622854138927
0.020112512488533435,0.5132158359143014,0.18725442661738026,0.04854744393783932,-0.0591585281128242,0.8338370263780603
0.02260971743465999,0.23274709123914697,0.478794016263388,0.03324958446273528,0.012169347913361113,0.8454704337184327
0.019962987606953767,0.12569288493267186,0.3992597521390753,0.22181097341059738,-0.028243930614282733,0.8799980685109766
0.011062382448116645,0.5747042588899623,0.739290924581454,0.008094426181548766,-0.015109595538891029,0.35035374655803575
0.020645850267465952,0.06072308902195869,0.6800985970459373,0.06679539792415456,0.00649737052534958,0.7272197141269773
0.009234201687835675,0.01884530956701158,0.9705334427010963,0.028267964350517368,0.01622581153719697,0.23782780673568613
0.013912014528417479,0.8257453784609083,0.06282845270898216,0.06731619933105232,0.0011219366555175385,0.5563010712718163
0.024057256104040844,0.23305466850789566,0.24057256104040842,0.05262524772758934,-0.07382570466927534,0.9375563777296666
0.020637285736026238,0.1926146668695782,0.6397558578168133,0.027516380981368316,-0.055858253392177676,0.7411537217331555
0.00797316312667707,0.9813123848217932,0.06593192585521422,0.0444657174372375,-0.010027785932397698,0.17475026952834338
0.027938827096979372,0.08466311241508902,0.11006204613961572,0.18625884731319584,-0.06976240463003335,0.9697312896024296
0.011464744696840615,0.8875931378199186,0.07766439955924287,0.044379656890995926,0.0017012201808215106,0.4517109410555202
0.023456933452680406,0.07566752726671098,0.3707708836068838,0.08323427999338208,0.007869422835737942,0.9215548145812731
0.022529332846568967,0.07768735464334127,0.3340556249663674,0.0854560901076754,-0.010332418167564389,0.9351226878418989
0.007866595331327041,0.041559371561727766,0.9751609684305408,0.014842632700617059,-0.001291309044953684,0.21691023428681766
0.019475249397799186,0.08114687249082994,0.07303218524174696,0.1379496832344109,-0.021017039975124954,0.9839869758238039
0.0323517997448353,0.09515235219069205,0.3140027622292838,0.21885041003859174,0.04300886319019281,0.9173638274704621
0.025380773268985735,0.1309975394528296,0.25380773268985735,0.0654987697264148,-0.0681187205154714,0.9533345933679674
0.02126022807818844,0.48032367139610915,0.3385888175415196,0.1023640611172036,-0.02322876771505774,0.8019830480605528
0.023934422721487575,0.1914753817719006,0.21882900773931496,0.06838406491853592,-0.017232784359471055,0.9538893215486577
0.007574125611557516,0.20252553265686402,0.9566449957206341,0.024698235689861466,0.015082389261275402,0.20716880096655796
0.019610506034133866,0.7162097855944543,0.42631534856812753,0.05968414879953785,-0.032613124165461756,0.5479857490494711
0.026118614556741276,0.08162067048981649,0.032648268195926596,0.08978273753879813,-0.008815032412900181,0.9916911464512703
0.019684305401006786,0.8580338251720907,0.10599241369772885,0.010094515590259891,0.0070661609131819235,0.5020002603036243
0.017877697531802805,0.05766999203807356,0.7497098964949563,0.161475977706606,-0.05276804271483731,0.6367343820923702
0.023951989779869114,0.06653330494408087,0.6453730579575844,0.18629325384342643,-0.05894850818045565,0.7350599530222055
0.02153449527517333,0.6583402841267274,0.2338030915590247,0.17842867513715044,-0.052175005695277096,0.6905804999101298
0.02419363320611639,0.07115774472387174,0.5763777322633611,0.19924168522684088,-0.06204955339921616,0.7865065524329544
0.024196341459112713,0.07116571017386092,0.5764422524082735,0.1992639884868106,-0.06205649927160673,0.7864522631313371
0.026745728636685572,0.05943495252596794,0.7310499160694057,0.16641786707271022,-0.054026371846104856,0.656280745791738
0.024307630616787607,0.14584578370072565,0.11343560954500884,0.05671780477250442,-0.08199774061396352,0.9774098271010296
0.036567890854147425,0.08504160663755214,0.05102496398253129,0.18709153460261474,-0.07083965832908094,0.9740665624265223
0.023849098871298952,0.7154729661389686,0.1386575515773195,0.03882411444164946,-0.04730995659818141,0.6815850605334717
0.01686284951351079,0.08029928339767042,0.12044892509650564,0.24089785019301127,-0.023607989318915102,0.9592552394685708
0.023081317307749608,0.08190144851136957,0.34249696650209094,0.037227931141531626,-0.015188995905744903,0.9347933509638591
0.03436792303309462,0.23198348047338865,0.3952311148805881,0.11169574985755751,-0.03849207379706597,0.8802484286851359
0.020687521245351323,0.1792918507930448,0.5861464352849541,0.22756273369886454,-0.057994017891134876,0.7541291077972069
0.023363022797745627,0.6853153354005384,0.31150697063660837,0.07787674265915209,0.01604260898778533,0.65302244611121
0.02076748148869565,0.17155745577618148,0.189616135331569,0.03611735911077505,-0.0631150850460794,0.9637917278710322
0.015919554386155676,0.19103465263386812,0.48554640877774813,0.03183910877231135,-0.05945953563229145,0.8502633997645747
0.02076748148869565,0.17155745577618148,0.189616135331569,0.03611735911077505,-0.0631150850460794,0.9637917278710322
0.020580889531378484,0.054160235608890744,0.725747157159136,0.08124035341333612,0.0009748842409600334,0.6806858411325389
0.019775120805163127,0.05650034515760894,0.7853547976907642,0.022600138063043576,-0.05056780891606,0.6136502487567906
0.025440695084237557,0.09085962530084843,0.2998367634927998,0.34526657614322404,0.02716702796495368,0.8838824349266535
0.018013398720316074,0.11258374200197546,0.8015962430540653,0.06304689552110626,-0.03472082603340923,0.5824632476214202
0.019682842539965432,0.13314864071153087,0.6483759895518025,0.028945356676419755,0.003936568507993087,0.7487584865056263
0.011366009126047223,0.054462127062309615,0.951903264306455,0.03551877851889757,0.01794882274488291,0.2986655689725701
0.018757696259234496,0.6565193690732073,0.39078533873405197,0.06252565419744831,-0.000729465965636897,0.6418779450486382
0.02872230522262407,0.6565098336599787,0.3223932218865967,0.16998915335838735,-0.05058642736147872,0.657858023496959
0.03150456459969808,0.5710202333695278,0.30191874408043995,0.19034007778984258,-0.056117505693212215,0.7364848320275253
0.018517709079769754,0.6828405223165096,0.16781673853541337,0.06944140904913657,0.004455823747319597,0.7073764868472046
0.018092842134403663,0.7701055882848739,0.278351417452364,0.05567028349047281,0.0,0.5709915410006161
0.026419235302039587,0.11228175003366825,0.515175088389772,0.03302404412754948,0.018031128093642018,0.8484537417250014
0.018795048995678167,0.07831270414865904,0.2975882757649043,0.13313159705272037,-0.01628904246292108,0.9417885800917736
0.020562665020020274,0.21772233550609704,0.5866407373358726,0.03628705591768284,-0.014514822367073136,0.7787806984200033
0.01671135199114494,0.7496235036027873,0.29602966384313895,0.05729606396963979,9.549343994939965e-05,0.5889557908879224
0.012709665959893287,0.03099918526803241,0.9423752321481853,0.012399674107212964,-0.030689193415352086,0.3312262945889263
0.013962329434554473,0.03773602549879587,0.9132118170708601,0.015094410199518349,-0.03498129563738377,0.40370000078611823
0.03270525638877435,0.07433012815630533,0.4088157048596793,0.08176314097193586,0.00906827563506925,0.9052666308156426
0.022040793299666028,0.1495625259620195,0.28338162813856327,0.08658883082011655,-0.005903783919553401,0.9430310847499965
0.01787104897574928,0.1380944693580626,0.2112033060770369,0.06498563263908828,-0.06750382590385295,0.9629246116296907
0.024464344567200876,0.0741343774763663,0.31877782314837505,0.03706718873818315,-0.0022240313242909886,0.9438788940290956
0.022161549084150498,0.6993199933220824,0.3250360532342073,0.06894704159513489,-0.03801936865103152,0.6313579094640208
0.0193878108945642,0.05702297321930647,0.7869170304264294,0.02280918928772259,-0.047386090745243685,0.6118565026431585
0.02660814753403795,0.40990929984869273,0.23731591043871683,0.08629669470498794,0.005249715594553433,0.8760552790801359
0.025475091805693365,0.16759928819535108,0.5899494944476359,0.05363177222251235,-0.06375476922951155,0.7850350659070244
0.01687942076866073,0.40250926448344815,0.5388430476149386,0.2142388020637708,-0.0547282757999269,0.7060142340737902
0.02330609489334236,0.6637170502234455,0.40532338944943236,0.060798508417414854,-0.0006586505078553277,0.6252619936494306
0.009523522546985148,0.20039078692614584,0.9464000531066491,0.029761007959328588,0.016447917065522264,0.25084561575319425
0.019005595962148406,0.4335651578865105,0.4929576452682243,0.029696243690856883,0.008908873107257066,0.7534530949244208
0.027830530738711563,0.07323823878608306,0.2709814835085073,0.04394294327164984,-0.02321652169518833,0.9581026397995386
0.021616499235983848,0.5684338687980938,0.2321772140161228,0.01601222165628433,0.018974482662696933,0.7886019165720033
0.02462322180227655,0.07694756813211422,0.33087454296809116,0.08464232494532564,-0.005694120041776452,0.9363749565996979
0.02082127575560619,0.08008182982925457,0.23223730650483826,0.08809001281218003,-0.01033055604797384,0.9650661312723469
0.016656403459513955,0.5345543435844013,0.6778768849802191,0.05423015079841753,-0.029245545609146596,0.5006604993353905
0.011873303327684142,0.8265645778118575,0.08219979226858252,0.031966585882226534,-0.03899923477631637,0.5543919323003288
0.017396177267565986,0.22079763454987597,0.575412017311798,0.05352669928481842,-0.06369677214893392,0.7828948854145754
0.022864091232785592,0.15488577931887015,0.4499063113548133,0.059004106407188624,-0.05826655507709877,0.8753259185506433
0.023713095493976395,0.0963344504442791,0.4742619098795279,0.059282738734940985,-0.05868991134759158,0.8707893285928644
0.03001459908170164,0.16161707197839345,0.10004866360567213,0.11544076569885246,0.03070724367589476,0.9740122204564512
0.03884656052888735,0.080930334435182,0.1537676354268458,0.3156283042972098,-0.025816776684823056,0.9316700100178151
0.024682127781758562,0.058075594780608385,0.7888601624365972,0.07259449347576048,0.024536938794807044,0.6065027948254869
0.008646348315787934,0.6731799760149177,0.3211500803006947,0.02470385233082267,-0.04625796348946545,0.6639777910216863
0.018405189627757248,0.5779875339243066,0.6942308368364576,0.080724515911216,-0.020633186266906807,0.420348699252884
0.021913247348403827,0.07106999140022863,0.7758474061191625,0.09475998853363816,-0.03920694525579279,0.618072025210655
0.01945691934806784,0.06485639782689281,0.5901932202247245,0.07134203760958209,-0.0042805222565749255,0.8012359387534338
0.02606131370823005,0.24263981728352116,0.2606131370823005,0.31453309647863853,0.01869225259073052,0.8793446711552795
0.01694807698285117,0.5144951941222677,0.40554327066108165,0.042370192457127934,-0.05350750018871585,0.7522525026531228
0.014460012001982938,0.03213336000440652,0.9125874241251454,0.04820004000660979,0.020468950322806958,0.40398060197539887
0.019543784657306988,0.12130624959707786,0.7480552058486468,0.013478472177453096,0.0017522013830689027,0.6520210915842936
0.014450315713721724,0.2385982362033122,0.8636584042852287,0.08401346345187048,-0.021877105882867075,0.4352233460660698
0.02287899324841312,0.08171069017290401,0.10622389722477521,0.08988175919019441,-0.010377257651958809,0.986574873147643
0.02378728640726297,0.0642899632628729,0.5528936840607069,0.03214498163143645,0.0048860372079783405,0.8297905558339004
0.018805929099755037,0.07522371639902015,0.7334312348904465,0.025074572133006717,-0.05090138143000363,0.6729388296195677
0.026477271383177587,0.17651514255451725,0.5883838085150576,0.029419190425752875,-0.05619065371318799,0.7860807681761168
0.02082006242033664,0.10024474498680605,0.3315787718794354,0.13108928190582328,-0.02058872839344401,0.9284205612624191
0.01873329874641547,0.0780554114433978,0.19513852860849448,0.054638788010378456,-0.07641624780308644,0.9729607036419536
0.01702720240516897,0.08883757776609898,0.12585323516864022,0.007403131480508248,-0.013251605350109764,0.9877998334442155
0.025866173715319764,0.40739223601628627,0.4914573005910755,0.05173234743063953,-0.05056836961345014,0.7658974037106182
0.022831411807603005,0.09513088253167919,0.2092879415696942,0.19026176506335837,-0.0011415705903801503,0.9541627517927422
0.0191498391144199,0.6762286937279527,0.0658275719558184,0.07181189667907462,0.0021543569003722386,0.7299679297427936
0.01966029725986819,0.13652984208241797,0.7099551788285735,0.027305968416483598,0.007809506967114309,0.6900218218845404
0.017439016053928995,0.4378306158220471,0.7643483632147601,0.055656434214667,0.021706009343720127,0.4692579490085957
0.02487891370301815,0.05923550881670988,0.5508902319954019,0.05923550881670988,-0.012913340922042755,0.8298894785221054
0.012320340162143194,0.09530829182035301,0.9507583257201069,0.034868887251348665,0.017527427325011263,0.2920617996172964
0.020173963071155102,0.08405817946314627,0.1260872691947194,0.06724654357051701,-0.07439148882488444,0.9831444670009587
0.018879247927477468,0.3362866037081924,0.6430743825297013,0.17109318434276455,-0.053805856593310775,0.6639595505494732
0.016486758752521286,0.13910702697439836,0.7419041438634579,0.07728168165244353,0.009376844040496482,0.6510724073612859
0.017371842643351922,0.2316245685780256,0.7006643199485275,0.12739351271791408,-0.053736899910101936,0.6603037388738066
0.02259077702235728,0.18695815466778437,0.20253800089009974,0.05452946177810378,-0.06294257873815408,0.9573815503612793
0.01768150130517167,0.07072600522068669,0.49508203654480676,0.04950820365448068,-0.07016019717892119,0.8615134695931844
0.02573811988583604,0.07353748538810297,0.25738119885836036,0.04412249123286178,-0.02331138286802864,0.9618703088763869
0.02105396326846908,0.07820043499717086,0.6436497342074833,0.030077090383527256,0.005474030449801961,0.7604089990763361
0.022327089104503834,0.06379168315572524,0.5932626533482448,0.09568752473358787,-0.00031895841577862625,0.7964391641992297
0.00792570568501374,0.016863203585135614,0.9763794875793521,0.025294805377703424,0.015531010501909904,0.2132014829268696
0.027029005426704465,0.08035650261993219,0.27759519086885664,0.0438308196108721,-0.023449488491816575,0.955657970249048
0.028733057465855985,0.07367450632270765,0.25049332149720605,0.044204703793624595,-0.02328114399797562,0.9635888681946934
0.0153227918641862,0.032601684817417445,0.9095870064059468,0.048902527226126175,0.020865078283147168,0.41052041522092053
0.038416494752480844,0.13047111425370853,0.28268741421636845,0.04349037141790284,-0.02341231661330436,0.9482350648150082
0.03204079769122087,0.12104301350016772,0.6336957765597016,0.02848070905886299,-0.055038970256252734,0.7608621425075248
0.01151208727035947,0.8615497570075474,0.22281459232953812,0.044562918465907625,-7.427153077651272e-05,0.45383618880988086
0.02116261386892238,0.6651107215947033,0.1874402942675982,0.04837168884325115,-0.05260421161703562,0.7189846900438742
0.026250751143177188,0.352510086779808,0.1500042922467268,0.09000257534803607,0.0045001287674018035,0.9189262943034483
0.030542205203047765,0.3054220520304777,0.1796600306061633,0.3593200612123266,0.03656081622835424,0.8620088268483715
0.021063970336325476,0.852589275517936,0.1604873930386703,0.010030462064916893,0.013089752994716545,0.49660817683403535
0.020071904082059725,0.7490247133061313,0.2594660771583331,0.07343379542216974,0.0008812055450660367,0.6048496949606047
0.02000428784701823,0.4966581810294181,0.10347045438112877,0.10347045438112877,0.0016555272700980602,0.8552867759144104
0.01944932581874181,0.5292025862308819,0.5744335765070256,0.18544706013218937,-0.023836731875527754,0.5955112179757086
0.012905672231285902,0.3260380353166965,0.2037737720729353,0.06792459069097843,-0.023433983788387562,0.9202423546813757
0.022624805437210262,0.10217654068417538,0.49628605475170895,0.05838659467667164,-0.057583778999867406,0.8579180255303439
0.016579913134464788,0.047371180384185106,0.8574183649537505,0.09947947880678873,-0.04012338978540479,0.5008081190216049
0.009893415348837756,0.01866682141290143,0.9706747134708742,0.028000232119352143,0.016165467343572635,0.23727396697939004
0.00888375519308813,0.01708414460209256,0.9755046567794851,0.025626216903138835,0.015597824021710506,0.21707114131418803
0.024216419812405538,0.08072139937468513,0.1291542389994962,0.1372263789369647,-0.01969602144742317,0.978262639021809
0.02579190671166833,0.10160448098536008,0.2657347964232495,0.2344718791969848,-0.026651636935390608,0.9288212707923226
0.018622005347396543,0.30559188262394327,0.7162309748998671,0.028649238995994683,-0.02053195461379619,0.6261291182574638
0.026560820592193165,0.06324004902903134,0.6071044706787009,0.09486007354354702,-0.002782562157277379,0.7859473293328015
0.011021621560477823,0.029850225059627436,0.955207201908078,0.0344425673764932,0.017749403054686162,0.2916596605441444
0.020225532519291774,0.07490937970108064,0.5917840996385371,0.029963751880432255,-0.05745549423072885,0.799732537688737
0.02007917436051054,0.0772275936942713,0.32435589351593946,0.05405931558598991,-0.06479395110949362,0.9387786289475619
0.01899365488606786,0.5921551229185862,0.3798730977213572,0.02793184542068803,0.009273372679668426,0.7098040558305242
0.018923073428772433,0.4931467620831604,0.48741249740777476,0.08601397013078378,0.0,0.7151774903140903
0.016810443870286882,0.47909765030317614,0.23534621418401636,0.19332010450829915,0.024122986953861676,0.8227031230118399
0.02373623668437869,0.17188309323170775,0.05729436441056925,0.05729436441056925,-0.07857512833449497,0.9783421968564775
0.022583013300046747,0.17743796164322445,0.5807060562869164,0.01613072378574768,0.005887714181797902,0.7940348783534295
0.01990581740793868,0.21437034131626267,0.5129576024353428,0.160777755987197,-0.057726870483022164,0.8132292019504793
0.014919501509860916,0.7418307695180844,0.4558736572457502,0.03315444779969092,-0.038956476164636836,0.48890377586619227
0.011738513803193223,0.6602914014296187,0.590593975723159,0.05502428345246823,0.018561524951299282,0.46011305822953935
0.009732331329225555,0.10106651764965,0.9657467242077665,0.02807403268045833,0.016170642823944,0.23658923140911584
0.016823944349872087,0.05427078822539383,0.6403953010596471,0.05427078822539383,-0.01237373971538979,0.7639156150606434
0.017086134856311223,0.5948506209234278,0.20250233903776263,0.04429738666451058,-0.05322014597836199,0.7746347288003914
0.020879714105289864,0.18642601879723095,0.4175942821057973,0.0596563260151139,-0.05920890357000055,0.8850761668417336
0.028906579002562778,0.13692590053845527,0.19017486185896565,0.11410491711537939,0.028982648947306365,0.9645668993486738
0.017261549310607065,0.6781322943452776,0.043153873276517665,0.04931871231602019,-0.05258607700695652,0.7299169422770988
0.003929175196627633,0.011334159221041246,0.9974060114516297,0.015112212294721662,-0.007888574817844708,0.06889657585163607
0.0266789001918725,0.07410805608853471,0.37054028044267356,0.11116208413280207,0.009856371459775118,0.9187175713295649
0.02682467470375275,0.09249887828880259,0.06474921480216181,0.03699955131552104,-0.06271423947980816,0.9905704875947869
0.04161557239873474,0.13141759704863604,0.649787007629367,0.14601955227626226,-0.015624092093560063,0.7329451426506984
0.02912983752596837,0.07665746717360097,0.3449586022812044,0.053660227021520686,-0.06370235522126241,0.9313115686920783
0.0061372264893049385,0.10092328004634789,0.9860477226149935,0.03136804650089191,0.016529596677861302,0.12739518363688318
0.01935416790848991,0.08414855612386918,0.15146740102296452,0.24403081275922062,-0.06782373623583857,0.9515518726487127
0.021542466494432432,0.0742843672221808,0.4085640197219944,0.08171280394439888,-0.005868465010552284,0.9057492895400506
0.02949009993326587,0.18431312458291169,0.3041166555618043,0.18431312458291169,-0.02055091339099465,0.9155754463656137
0.020976564349223997,0.06555176359132497,0.7079590467863098,0.026220705436529993,-0.05185144500073806,0.7004861457368987
0.01590226103319195,0.04677135597997633,0.8372072720415763,0.10289698315594792,-0.045929471572336754,0.5328660586798704
0.016617020188140923,0.13421439382729206,0.7158101004122243,0.025564646443293725,-0.05087364642215451,0.6827038832681589
0.020535532488776414,0.08928492386424529,0.2499977868198868,0.03571396954569812,-0.06473156980157783,0.9610629204747363
0.02477844547817529,0.3812068535103891,0.4765085668879863,0.04447413290954539,-0.05705395907538823,0.7885263764862398
0.01477247845785326,0.18659972788867277,0.27989959183300916,0.054424920634196225,-0.07681688798083697,0.9368861337743779
0.032248586459201874,0.7273085456756168,0.0960596192401758,0.013722802748596542,0.013105276624909696,0.678523981904356
0.006914090169743076,0.9390299207278968,0.2781715347361749,0.011255495625163146,-0.01107862355105344,0.2013608167341687
0.017627134825349795,0.06078322353568895,0.516657400053356,0.06078322353568895,-0.0137370085190657,0.8515729617350021
0.006914090169743076,0.9390299207278968,0.2781715347361749,0.011255495625163146,-0.01107862355105344,0.2013608167341687
0.017627134825349795,0.06078322353568895,0.516657400053356,0.06078322353568895,-0.0137370085190657,0.8515729617350021
0.02989413805830215,0.07866878436395303,0.14160381185511545,0.05506814905476712,-0.07072323714319377,0.9822584415683174
0.01756360903204663,0.048787802866796195,0.819635088162176,0.14148462831370895,-0.046933866357857935,0.5507167187603954
0.020444973472038,0.07049990852426896,0.40889946944076,0.02114997255728069,-0.019528474661222504,0.9091668203289727
0.036781305395135584,0.16899518695062293,0.18887697365069622,0.019881786700073286,0.013320797089049104,0.966354242557062
0.022671655123572335,0.7698916219046439,0.19365372084718036,0.06612566077708598,-0.036888672190645816,0.6029243284425019
0.02652392662517472,0.06801006826967877,0.41486141644504054,0.006801006826967878,-0.004624684642338157,0.9069142603761664
0.017575872551534585,0.07370527199030631,0.7370527199030632,0.04535709045557312,-0.05442850854668774,0.6678264605952448
0.023688145279775488,0.12467444884092363,0.6109047993205258,0.09350583663069272,-0.002306477303557087,0.7758490951370677
0.024878003863965756,0.15894280246422565,0.5528445303103501,0.05528445303103501,-0.0543169751029919,0.8139253597494129
0.014645954023230027,0.7727003329497221,0.18686217202052102,0.03535230281469317,-0.04211974363922014,0.6039688419441651
0.03023252518116565,0.06298442746076179,0.6109489463693892,0.09447664119114267,-0.0027713148082735184,0.7828964333372689
0.018237991589754834,0.21553990060619346,0.21553990060619346,0.2735698738463225,-0.05935637262847481,0.9101586802905377
0.023202812984167973,0.1195296426457138,0.14062310899495742,0.07031155449747871,-0.018070069505852025,0.9798618234768633
0.01433228338634753,0.031849518636327845,0.9140811848626091,0.04777427795449177,0.020479240483158804,0.4006669444450043
0.02671140874720934,0.058068279885237696,0.807149090404804,0.2090458075868557,0.026188794228242197,0.5477580841574472
0.02598448864015157,0.13756493985962598,0.5426172627796357,0.1604924298362303,-0.057624424807865546,0.810486770672963
0.0232573415973009,0.07502368257193838,0.5776823558039256,0.15754973340107062,-0.05679292770695736,0.7950259642148311
0.02412053516908345,0.0964821406763338,0.11577856881160056,0.1929642813526676,-0.002315571376232011,0.9692595852344493
0.01845197565116933,0.6798096292536069,0.378751079155581,0.06798096292536068,-0.03714674045564352,0.6229484095496087
0.029503526054002218,0.07565006680513389,0.4387703874697766,0.060520053444107116,-0.061125253978548184,0.8907795366304516
0.019464365695107167,0.054067682486408794,0.6866595675773917,0.032440609491845275,-0.025357743086125727,0.7235337270331225
0.02703801117037214,0.2240292354116549,0.2549298196063659,0.0849766065354553,0.009501929639873638,0.9363649525602306
0.028415342466438284,0.053613853710260916,0.7291484104595485,0.026806926855130458,0.013296235720144706,0.6810031698277341
0.026610573085490963,0.08063810025906354,0.49189241158028757,0.16934001054403341,-0.056607946381862596,0.8479096242240531
0.029528897876902393,0.10150558645185197,0.23992229524983194,0.3506556622882159,0.028606119818249193,0.8986012735164859
0.02634184181135646,0.0693206363456749,0.24262222720986215,0.0693206363456749,-0.028005537083652658,0.9643886928410292
0.023072248060867467,0.0699159032147499,0.657209490218649,0.027966361285899962,-0.05432465679786067,0.7476107530753208
0.02724602183147792,0.06986159443968698,0.3842387694182784,0.006986159443968698,-0.004261557260820906,0.9201470603651173
0.013618738819412106,0.7616405784189733,0.18662716159935108,0.060527728086276024,0.0010087954681046005,0.6174332662534207
0.023325080287731517,0.1008652120550552,0.7375768631525912,0.1008652120550552,-0.04103953315490058,0.6583346309318384
0.017004349718883944,0.6904796552516511,0.3400869943776789,0.061833998977759805,-0.0002576416624073325,0.6351897544990376
0.01763971227241838,0.17105175536890552,0.7162792256072918,0.02672683677639149,0.008873309809761974,0.6757078873807296
0.018501286190397846,0.816764097673661,0.031587561788484125,0.022562544134631518,0.005054009886157461,0.5753448754331038
0.009280687105107353,0.019746142776824155,0.9675609960643835,0.029619214165236232,0.01658675993253229,0.24939378327128905
0.02397129929868623,0.06658694249635064,0.5127194572218999,0.03329347124817532,-0.01145295410937231,0.8549097547106458
0.025143308689849597,0.09312336551796146,0.37249346207184586,0.21418374069131138,0.04311611823481616,0.896778009937969
0.015679825562073,0.07839912781036501,0.31359651124146004,0.08623904059140151,-0.009251097081623071,0.9422007180249667
0.020681160709487747,0.08749721838629432,0.06363434064457768,0.05568004806400547,-0.06610017134455508,0.9901503404296288
0.01655133602329523,0.06620534409318092,0.45681687424294837,0.006620534409318092,-0.01291004209817028,0.8868205841281583
0.02279580385449536,0.07353485114353342,0.4853300175473205,0.058827880914826734,-0.06566662207117534,0.8664611510242543
0.028230579992175542,0.08822056247554856,0.29112785616931025,0.03528822499021943,-0.06457745173210155,0.9493414727993781
0.03117508824227201,0.2914193031342819,0.17620702049979833,0.06777193096146089,-0.014503193225752633,0.9371502613350813
0.02134315162165292,0.1753187454635776,0.04573532490354198,0.02286766245177099,-0.025383105321465798,0.9826234555525993
0.024565094027952466,0.30904473131940197,0.007924223879984666,0.055469567159892666,-0.07741966730745019,0.9459146045537696
0.009591199275452341,0.21627214052490576,0.9459555363828487,0.02820940963368336,0.015985332125753905,0.23927221251290226
0.02017841282219688,0.2538574516340898,0.5272423995477249,0.045564157985605855,-0.05838721387584065,0.8072666961964055
0.027997408334190312,0.2721970254712947,0.16331821528277682,0.08554763657669262,0.006066105139074567,0.94397928433445
0.015603215030651131,0.05380418976086597,0.7317369807477772,0.026902094880432985,0.00333585976517369,0.6787398538333242
0.02993994186177945,0.0965804576186434,0.14487068642796508,0.1931609152372868,0.002028189609991511,0.9651285129831035
0.019943605013226635,0.5812136318140333,0.3988721002645327,0.08547259291382843,-0.0002849086430460948,0.7038383117810725
0.023166556457020936,0.3861092742836823,0.6486635807965863,0.07722185485673647,0.02615246817814808,0.6503624616034345
0.01388096624787885,0.8253547498738775,0.29262577495528386,0.01875806249713358,0.0101668698734464,0.4821947545513158
0.02394989010173162,0.06842825743351891,0.5337404079814475,0.07527108317687081,-0.012864512397501556,0.839067292649809
0.023331563805137446,0.07777187935045815,0.6027320649660507,0.04536692962110059,-0.0625415529776601,0.7900326744017374
0.018601802225452792,0.6510630778908477,0.30227928616360783,0.04069144236817798,-0.05185252370344965,0.6928590022661619
0.022769880629357735,0.0813210022477062,0.1626420044954124,0.13824570382110055,-0.02374573265633021,0.9730057918938049
0.02129950334194811,0.05324875835487028,0.7827567478165931,0.1544213992291238,-0.030245294745566316,0.5993680240424198
0.024168818658329573,0.05894833819104774,0.7250645597498873,0.17095018075403845,-0.03472057119452712,0.6631688046492872
0.02377629085904825,0.07315781802784077,0.7010957561001407,0.17679806023394853,-0.036213119923781185,0.6855497197692245
0.013470113612842853,0.916553382786916,0.16398399180852172,0.043924283520139745,0.003923902661132484,0.3618189647832311
0.008415260434316047,0.9154161350499896,0.3119803868331803,0.030787538174327004,0.0045976057006994996,0.25227308780043545
0.023450115318662694,0.06513920921850748,0.6513920921850748,0.18890370673367168,-0.03908352553110449,0.7305362313855615
0.025452169365826206,0.09789295909933157,0.4307290200370589,0.06526197273288771,-0.015401825564961499,0.8942848123587603
0.02002094433242244,0.060669528280068,0.6916326223927751,0.042468669796047596,-0.059213459601346365,0.7157184251199622
0.03217232984591336,0.08230130890815046,0.43395235606115695,0.05985549738774579,-0.06299791100060244,0.892370646679555
0.017457479752937717,0.8325874959093373,0.07162042975564192,0.05371532231673144,0.0015666969009046669,0.546329590729756
0.022509922710604924,0.05923663871211823,0.7226869922878423,0.17178625226514285,-0.03459419700787704,0.6655828725693603
0.022524814297399227,0.23207384427623448,0.4504962859479846,0.10238551953363285,0.005801846106905861,0.855669915249081
0.01663556686981727,0.0639829494992972,0.6270329050931126,0.07038124444922692,-0.0032631304244641573,0.7729780129010095
0.01857611191185752,0.056291248217750056,0.7543027261178508,0.16324461983147517,-0.03219859398055303,0.6323195912299864
0.028710432040721236,0.1737736676148917,0.5590978871087819,0.15866291390924894,-0.04842996562658504,0.7930123544721318
0.023578656706302704,0.052397014902894896,0.7440376116211075,0.026198507451447448,0.01283726865120925,0.665022913147542
0.025540308319767606,0.0580461552721991,0.6617261701030698,0.02902307763609955,-0.005630477061403313,0.7464735568004804
0.018118416440860118,0.07549340183691715,0.3925656895519692,0.08304274202060886,-0.013966279339829675,0.9125642414046545
0.0177309261755794,0.5384947949620409,0.25611337809170237,0.07880411633590843,0.003940205816795422,0.7986797190644319
0.025839949745616455,0.08380524241821552,0.2095131060455388,0.06983770201517961,-0.015573807549385052,0.9712329219251027
0.01969377305759392,0.06564591019197974,0.5908131917278177,0.04595213713438582,-0.06393911652698826,0.8000267075096571
0.02797960575337097,0.06994901438342743,0.48964310068399197,0.0489643100683992,-0.06582202253480521,0.8647796648223133
0.02253955226217235,0.05241756340040082,0.8596480397665734,0.12056039582092187,0.02825306667281604,0.49235817301996493
0.033258507888748894,0.07558751792897475,0.2418800573727192,0.11338127689346211,0.029554719510229126,0.9596591276262633
0.02228570086554215,0.15599990605879505,0.5868567894592767,0.029714267820722867,-0.05719996555489152,0.7915880947440572
0.014881501294948876,0.7738380673373415,0.17361751510773688,0.059526005179795505,0.0011409150992794138,0.6060243377346347
0.014218871553325473,0.5813938590693083,0.7014643299640567,0.04423648927701258,-0.022149842130847013,0.4089979408583221
0.013941577627916953,0.6242024528862816,0.6590563969560741,0.07921350924952814,-0.02183124314916995,0.4111814838124507
0.013798512489463647,0.14524749988909103,0.18155937486136378,0.007262374994454552,-0.008496978743511826,0.9724320117574645
0.026207767514038537,0.1310388375701927,0.4193242802246166,0.06551941878509634,-0.013365961432159654,0.8954538965359117
0.026086511405510455,0.15019506566809052,0.3557251555296881,0.2608651140551046,-0.051382522465399386,0.8829098360246858
0.026617170651650025,0.2113716492925149,0.4853719354124416,0.16440017167195603,-0.05816634645345873,0.8298294379632066
0.023472198138681618,0.057249263752882,0.744240428787466,0.1660228648833578,-0.03297557592166003,0.6431382289998764
0.006698818146231449,0.07457174917502934,0.9795441628923346,0.012639279521191414,-0.00840512088159229,0.18616394806762834
0.015453561160186327,0.7968242473221074,0.15936484946442148,0.033804665037907584,-0.04027584377373561,0.5802329291863709
0.023813413300455482,0.05412139386467154,0.7252266777865987,0.02706069693233577,0.011311371317716352,0.6853392105083357
0.02665019059736336,0.09189720895642538,0.15622525522592315,0.03675888358257015,-0.06166302720976143,0.9804513223561024
0.02185912097213658,0.0775646228043556,0.5359010302846386,0.04935930542095356,-0.07135945298000715,0.8359350939505779
0.02246702258481811,0.5587951771095786,0.48966587684859986,0.16706247563069876,-0.03548637413396912,0.6467622116916741
0.022292180758906065,0.07961493128180737,0.1671913556917955,0.23884479384542212,-0.01663952063789774,0.9528314975806706
0.020491449323295958,0.05392486664025252,0.7765180796196364,0.15638211325673232,-0.03073717398494394,0.6068704491694019
0.0251399599604947,0.6995467119442005,0.21314313879549857,0.08197813030596099,0.00038256460809448466,0.676647487545402
0.01935119108834823,0.04719802704475179,0.8354050786921067,0.13687427842978017,-0.025014954333718448,0.5292786752798465
0.026992306959226182,0.24461778181798727,0.3205336451408109,0.1771370144199218,-0.0612387964137444,0.8953010814538334
0.005392453595016191,0.9515071343464052,0.2226561484393782,0.029571519714604918,-0.012941888628038859,0.20973165482293615
0.011758404398912226,0.02218566867719288,0.9739508549287674,0.028841369280350745,-0.019545574104606927,0.22265537084430773
0.03168790247642029,0.40026824180741416,0.21681196431234934,0.258506572833955,-0.030186896569642487,0.850903570708928
0.021367779480314212,0.05087566542931955,0.8038355137832489,0.1475394297450267,-0.02843949697498963,0.5729108683995675
0.02662995671769327,0.08443644812927134,0.6495111394559334,0.1883582304422207,-0.03949027727892075,0.730245374090306
0.02614347989137483,0.06703456382403802,0.6234214435635536,0.19440023508971027,-0.04089108393266319,0.7527981517439469
0.022134234095276845,0.07632494515612706,0.37399223126502257,0.08395743967173977,-0.013662165182946743,0.9200972138571116
0.020963785845623736,0.05375329704006086,0.7310448397448277,0.0806299455600913,0.00010750659408012174,0.6750876575261244
0.029120272126525203,0.07663229506980317,0.3678350163350552,0.08429552457678348,-0.012184534916098704,0.9223463034601509
0.021218488204566077,0.04715219601014684,0.834593869379599,0.13674136842942583,-0.025320729257448854,0.5305093573101621
0.02108468630249416,0.056985638655389616,0.746511866385604,0.1652583521006299,-0.032994684781470586,0.6408035066798562
0.020261507142541393,0.06331720982044185,0.6015134932941976,0.044322046874309295,-0.049704009709046856,0.793301321840316
0.024960009336634784,0.0805161591504348,0.20129039787608696,0.08856777506547826,0.008856777506547828,0.9718300409457479
0.018075638104653888,0.046347790011933045,0.806451546207635,0.06952168501789957,0.025352241136527377,0.5845383276304996
0.024723654331756897,0.07271663038752028,0.19633490204630477,0.007271663038752029,-0.019051757161530316,0.9773115124082726
0.02483728604226995,0.6706067231412887,0.06209321510567488,0.0496745720845399,-0.05340016499088039,0.7351836668511906
0.02011746936476565,0.05747848389933043,0.7414724423013626,0.16668760330805826,-0.03333752066161165,0.6462305944801721
0.020083808053861577,0.055788355705171044,0.7587216375903262,0.16178623154499602,-0.03202251617476818,0.6273958482603536
0.024138891591639337,0.054861117253725764,0.7077084125730624,0.08229167588058865,0.02721111415784798,0.6986014671089439
0.02668450522313776,0.16271039770205953,0.5727405999112495,0.045558911356576665,-0.059291668922630485,0.7994938101488397
0.05162800491442955,0.24033726425682725,0.2759427848874683,0.16022484283788482,-0.04148043153469685,0.9143497697948627
0.025867761892246828,0.05748391531610406,0.7415425075777424,0.16670335441670178,-0.03322570305270815,0.6459467564070613
0.019655911448077934,0.05615974699450839,0.7019968374313549,0.028079873497254194,0.002751827602730911,0.7091291252996573
0.021575952858228973,0.05393988214557244,0.7767343028962431,0.15642565822216006,-0.030529973294394,0.606553974726962
0.020875614681595035,0.05798781855998621,0.7364452957118248,0.16816467382396,-0.03357494694623202,0.651493141521445
0.03278086793878492,0.07804968556853553,0.5385428304228952,0.16390433969392462,-0.05518112769695462,0.8203021953253083
0.023496854412128045,0.03438564060311421,0.7450222130674746,0.16619726291505205,-0.03301021497898964,0.6438138108923085
0.02293729850046093,0.05461261547728793,0.7700378782297598,0.158376584884135,-0.031183803437531406,0.6143919241194892
0.018030754239430256,0.05463864921039472,0.7704049538665656,0.1584520827101447,-0.030980114102293805,0.6140837784756262
0.02183065445114281,0.5253001227306238,0.14326366983562466,0.08186495419178552,0.0023195070354339233,0.8344767663949337
0.03628596328627762,0.14810597259705147,0.6294503835374687,0.09626888218808347,-0.03436058564251594,0.7550442482997684
0.020779502177474932,0.05937000622135695,0.6352590665685194,0.017811001866407085,-0.015258091598888735,0.7693759106225647
0.021088686580650527,0.4569215425807614,0.5155012275270129,0.07029562193550176,-0.0015230718086025382,0.7211745013733017
0.025394096029798446,0.07336072186386218,0.7505366159918206,0.16365084108092331,-0.032617305567163336,0.6346831067714291
0.024241321119909415,0.055093911636157754,0.7658053717425928,0.1597723437448575,-0.03134843572097377,0.619200472878777
0.0067199302512018525,0.8454609920698145,0.4969622836935324,0.0234416171553553,0.009454785585993305,0.1937527796613967
0.019933170646337386,0.05387343417929023,0.7272913614204182,0.026936717089645117,0.012444763295416043,0.683276765695938
0.020107574963371892,0.049042865764321694,0.8190158582641723,0.1422243107165329,-0.02716974763343422,0.5526640542981411
0.008096630577395698,0.8936281155792289,0.21291139666484984,0.0029987520657021103,-0.0011995008262808441,0.39499562209428196
0.02052614078070448,0.05131535195176119,0.8005194904474746,0.14881452066010747,-0.028531335685179224,0.5771950787534099
0.023575962323820032,0.05750234713126837,0.7417802779933621,0.1667568066806783,-0.03312135194761058,0.6457513582841439
0.019096287078341392,0.05304524188428165,0.7850695798873684,0.15383120146441678,-0.029864471180850567,0.5965998354725157
0.023031383908984217,0.09596409962076757,0.18233178927945837,0.19192819924153515,0.002207174291277654,0.9592571398091926
0.01944787738783181,0.4500794481183933,0.6167755400140945,0.16113955549917786,-0.03300582619534884,0.6241657334214706
0.020557248172003967,0.05556013019460531,0.7611737836660928,0.1611243775643554,-0.031780394471314234,0.6246069836477529
0.017958113156175317,0.05441852471568279,0.7727430509626956,0.15781372167548008,-0.030746466464360776,0.6113377066559804
0.018482005946233514,0.4620501486558379,0.19903698711328402,0.07819310208021872,0.0036253165509919586,0.8604795460736796
0.020060656463395006,0.06078986807089396,0.70516246962237,0.1762906174055925,-0.03580523229375654,0.6828525880403519
0.02100762025284851,0.0567773520347257,0.7494610468583792,0.16465432090070453,-0.032533422715897826,0.6375528859979349
0.01952612192047517,0.08135884133531321,0.14644591440356378,0.13831003027003244,-0.03156723043810152,0.97541114876907
0.019767881599654327,0.08386374011974564,0.7128417910178378,0.17371774739090168,-0.03516286817877906,0.6730664171324728
0.02377890155306896,0.05799732086114381,0.7365659749365263,0.16819223049731705,-0.033522451457741125,0.6512519159497838
0.020088800744666485,0.055802224290740235,0.7589102503540672,0.1618264504431467,-0.031918872294303416,0.6271611988036295
0.02173367246312131,0.058739655305733274,0.7283717257910926,0.17034500038662648,-0.034186479387936765,0.6598225480493018
0.02518750273864913,0.20312502208588007,0.016250001766870407,0.05687500618404642,-0.07873125856048711,0.9738626058885435
0.01849414749995005,0.05604287121196985,0.7565787613615931,0.16252432651471257,-0.03211256520445873,0.6298097866801172
0.024382335596183836,0.054182967991519636,0.7748164422787308,0.15713060717540694,-0.030559193947217074,0.6086914624167317
0.034617241591261234,0.05674957637911678,0.7490944082043416,0.1645737714994387,-0.03257425684161304,0.6374112418902397
0.030907220567974958,0.09090358990580871,0.16362646183045568,0.19089753880219829,-0.06026908010755117,0.9612145596640213
0.028364113032285903,0.06446389325519523,0.4576936421118861,0.06446389325519523,-0.027461618526713166,0.8835421209557058
0.020910965422793238,0.0804267900876663,0.1608535801753326,0.1367255431490327,-0.01954370999130291,0.9737271475913758
0.02919803613419225,0.24331696778493542,0.39625906182118054,0.10427870047925802,0.025096407248674766,0.8783047345699639
0.012645931975958955,0.8468942323293724,0.19926923113632294,0.019160502993877206,0.009503609484963094,0.49238660593665645
0.034805742557294864,0.09668261821470794,0.12568740367912035,0.1933652364294159,0.0021270176007235748,0.9675996430927971
0.030834874557640647,0.12785191889753442,0.6317388933760524,0.27074524001830813,0.036701021424703995,0.713413707448242
0.025153496145529232,0.07398087101626244,0.4216909647926959,0.12576748072764615,-0.015831906397480163,0.894428730586613
0.03347151517412854,0.061984287359497285,0.5144695850838275,0.061984287359497285,-0.011343124586788003,0.8522839511930878
0.02187758122231271,0.06629570067367488,0.5369951754567666,0.03314785033683744,0.002917010829641695,0.8400328232361344
0.021290241142090653,0.2205060689716532,0.585481631407493,0.15207315101493324,-0.015587497979030656,0.7646998398785917
0.014724560661310376,0.39020085752472494,0.15460788694375893,0.08834736396786226,0.00625793828105691,0.9032045509647785
0.02530780811858983,0.19353029737745164,0.6178082570126341,0.09676514868872582,-0.024861199740026478,0.7551403334208642
0.037628097363581386,0.18814048681790693,0.17823835593275394,0.019804261770305993,0.008020726016973928,0.9648636334493079
0.0158306519939572,0.15830651993957198,0.6015647757703735,0.07598712957099456,-0.0020263234552265214,0.7791213685345975
0.02100340423689148,0.6651078008348968,0.4857037229781155,0.061259929024266815,-0.032817819120142935,0.5625411768114101
0.020981813374068535,0.06556816679396417,0.5769998677868847,0.07212498347336059,-0.005114317009929205,0.810619246073779
0.016982078594156128,0.6275985567405525,0.612831531876069,0.05168458702569256,-0.02694982037768255,0.4763103870039182
0.039668778850892046,0.15717818035259112,0.6212280461554792,0.14969350509770582,-0.015642971282710257,0.7517607826006787
0.024074214826174962,0.08024738275391655,0.21666793343557467,0.0882721210293082,-0.009228449016700401,0.9685859098397727
0.01590629399704091,0.12088783437751092,0.4326511967195128,0.06362517598816364,-0.015206417061171111,0.8908797141862674
0.019977137202547533,0.7217546344146205,0.2577695122909359,0.012888475614546795,0.0032865612817094326,0.6419105279825031
0.019945405478530104,0.07978162191412042,0.191475892593889,0.1356287572540047,-0.020025187100444222,0.9683893267935936
0.025730046209619533,0.4288341034936589,0.46841878996999664,0.1451438504132384,-0.05931105523704605,0.7559355627431298
0.0251635720894804,0.14802101229106118,0.621688251622457,0.09621365798918977,-0.042778072552116686,0.7614940977313642
0.020550697828076774,0.16745013045099594,0.5404072391827596,0.03044547826381744,-0.06096707022329442,0.8214951172534541
0.02248759943212625,0.06077729576250337,0.5166070139812786,0.06077729576250337,-0.01373566884232576,0.8514899136326722
0.021236164661117198,0.26206330858399945,0.7545615954056536,0.112958322665517,-0.030182463816226142,0.5897779943011974
0.02684030313133897,0.18639099396763173,0.32059250962432656,0.052189478310936885,-0.07738954069536069,0.9236046533084087
0.025750685439928842,0.334758910719075,0.2918411016525269,0.15450411263957306,-0.039827726813756605,0.8812742913724981
0.02340453322530454,0.7460194965565823,0.21941749898723006,0.06826322190713824,-0.037788569270022956,0.6234382537890497
0.029107654315579823,0.08316472661594235,0.6534371376966899,0.029701688077122267,0.007069001762355099,0.7512150948465763
0.02543258410437114,0.19074438078278355,0.7248286469745775,0.08265589833920621,-0.038276039077078564,0.6552069479888615
0.017678370243323485,0.060478635042948765,0.8280920798188369,0.032565418869280105,-0.05289554464910211,0.5535655987508056
0.028382909528072958,0.09460969842690986,0.2995973783518812,0.055188990749030754,-0.06425575351494295,0.9451508872848295
0.021760093717988146,0.06593967793329741,0.6330209081596552,0.05275174234663793,-0.06310427178216563,0.7666146956525157
0.01709439386950661,0.7961103430655935,0.14652337602434234,0.03418878773901322,-0.040733498534767175,0.5844817469611017
0.013908978033211006,0.7469636351168872,0.2060589338253482,0.06181768014760446,0.0006181768014760446,0.628943380768419
0.01446874343989145,0.7384048376220465,0.28937486879782903,0.05987066250989566,0.001297197687714406,0.6059908890376605
0.018629566283047825,0.6706643861897218,0.06209855427682609,0.04967884342146087,-0.05346685523234726,0.7353089811918977
0.014458404880242632,0.0760968677907507,0.4261424596282039,0.06087749423260056,-0.06666085618469761,0.8968015869139969
0.02378564347039713,0.5203109509149373,0.5698643748115979,0.07433013584499103,0.023983857165983773,0.6307655327805939
0.029076411559114623,0.15143964353705533,0.6178737456311858,0.0908637861222332,0.029318714988773913,0.7650730791492035
0.023142280355921595,0.08131071476404884,0.4753549478513625,0.06254670366465297,-0.012134060510942674,0.8734021699732138
0.02389075241294635,0.05309056091765855,0.7804312454895806,0.1539626266612098,-0.050223670628105,0.6010913307097301
0.03362493527565831,0.2081543612302657,0.19214248728947605,0.056041558792763846,-0.07341444201852064,0.9539874493922486
0.01405311535564086,0.031938898535547405,0.9134524981166559,0.047908347803321115,0.020600589555428078,0.40207879366400634
0.03112447958361789,0.08190652522004709,0.5487737189743155,0.16381305044009417,-0.005078204563642919,0.8150518324646886
0.022674321506611632,0.08097971966647012,0.10527363556641116,0.1376655234329992,-0.019921011037951648,0.9810693037592856
0.02697584724552518,0.06579474937932972,0.5197785200967048,0.019738424813798915,-0.017698787583039693,0.8509234937228713
0.02387932788626595,0.07236159965535137,0.4558780778287136,0.0795977596208865,-0.0061507359707048655,0.8831733237935634
0.025324005438666714,0.07235430125333346,0.4558320978960008,0.07958973137866682,-0.006367178510293345,0.8831566010981883
0.019467572554527728,0.11931738017291188,0.7284640052661989,0.025119448457455135,-0.04998770243033571,0.6720080448580685
0.024477770625009828,0.10770219075004324,0.21540438150008648,0.2251954897500904,0.0508158518175204,0.9423941690628783
0.021978222070584107,0.08140082248364483,0.02442024674509345,0.1383813982221962,-0.0212456146682313,0.9862523652118407
0.029242238802740548,0.08122844111872374,0.12184266167808562,0.08935128523059611,-0.013402692784589417,0.9846511632411692
0.0294365946928702,0.09598889573762022,0.5823326341415627,0.09598889573762022,0.0009598889573762022,0.8009953386318616
0.021012940260127965,0.08405176104051186,0.8510240805351825,0.010506470130063983,-0.003572199844221754,0.5178113803602034
0.02340015450441772,0.06500042917893811,0.5265034763493986,0.039000257507362864,-0.024440161371280727,0.8461105866222373
0.024608343059847663,0.23924777974851896,0.4443173052472495,0.10253476274936527,0.005810303222464032,0.8568488340421957
0.028449113408268438,0.09177133357505947,0.08259420021755352,0.03670853343002379,-0.060936165493839484,0.9893867472727162
0.020831013159932653,0.7638038158641972,0.18351130640893049,0.07439647557118804,0.0004959765038079203,0.6139693140638245
0.024271490192998634,0.37924203426560366,0.12894229165030524,0.053093884797184514,-0.07228353173102406,0.911546153560805
0.016714782449373293,0.6747819581413662,0.043334621165041866,0.04952528133147642,-0.05299205102467977,0.732974163705851
0.017473424313643116,0.05294977064740338,0.7412967890636474,0.02647488532370169,0.0012178447248902778,0.6683320051115255
0.020920558167362574,0.16897373904408233,0.16092737051817366,0.05632457968136077,-0.08448686952204117,0.9668516420731872
0.02726004471805194,0.06195464708648168,0.6876965826599466,0.17966847655079687,-0.05662654743704426,0.6978571447821297
0.008476956172807729,0.8704386704273304,0.41764515778223454,0.012405301716303996,-0.00928330078436749,0.2599944484708712
0.0332286474085611,0.07223619001861109,0.38285180709863875,0.036118095009305545,-0.00787374471202861,0.9196389351269378
0.014017008632408833,0.7588518466510988,0.3093408801635053,0.03866761002043816,-0.03968263478347467,0.5702505787764118
0.027081923383927717,0.09264868526080536,0.2921996996686938,0.007126821943138874,-0.005558921115648321,0.9514307294090396
0.028265015078241872,0.10146415669112467,0.4203515062918022,0.050732078345562336,-0.07602564312070699,0.8965807731613594
0.02635772452223325,0.07530778434923785,0.1506155686984757,0.04518467060954271,-0.023646644285660687,0.984046818091491
0.030810743012607972,0.05705693150482957,0.6390376328540912,0.03423415890289774,-0.027159099396298875,0.7651905084112695
0.015662070252279815,0.5243388736632808,0.17023989404651974,0.08171514914232947,0.0015662070252279816,0.8301578193284488
0.018111029107668663,0.0787436048159507,0.2992256983006127,0.08661796529754578,-0.011260335488680951,0.9467343607021754
0.010188057827434179,0.07693023257450297,0.9605883094437939,0.031187932124798503,0.01688306725689092,0.26455683223729076
0.021695123047546297,0.0903963460314429,0.1988719612691744,0.036158538412577164,-0.06517576548867034,0.9727550796443571
0.014394081607139703,0.38144316258920213,0.3310638769642132,0.05037928562498896,-0.06484533764016435,0.8590387903140975
0.012147274000340285,0.07592046250212678,0.22016934125616766,0.28090571125786906,-0.03454381043846768,0.9303293475010616
0.01842677430338943,0.09581922637762505,0.4643547124454137,0.05159496804949041,-0.07466528947733399,0.8755666077998523
0.015728492187656967,0.18087766015805512,0.26738436719016845,0.05504972265679938,-0.06440817550845528,0.9425298943453436
0.024306905883177826,0.07883320826976592,0.3810271733038686,0.06569434022480493,-0.03271578143195286,0.9179470159611992
0.00963313096111868,0.21893479457087908,0.9348515728176536,0.03284021918563186,0.01716448789435692,0.2768649412143337
0.014169822165086705,0.07872123425048169,0.15744246850096338,0.05510486397533718,-0.07840634931347977,0.9796070390129942
0.02221644973767078,0.17199832054970926,0.4084960113055595,0.10749895034356828,-0.0008599916027485462,0.8896613130433711
0.011829786388842939,0.043814023662381255,0.8543734614164344,0.035051218929905,-0.045654212656201267,0.5144642658436807
0.030139502042928895,0.19255792971871238,0.44372044674311983,0.15069751021464448,-0.04119065279200282,0.8606502250036362
0.016525097953816337,0.14872588158434702,0.17351352851507154,0.06610039181526535,-0.07006641532418127,0.9686186165629446
0.027815000898110776,0.06321591113206994,0.6068727468678714,0.09482386669810491,-0.002591852356414867,0.7860898549272897
0.019195590424894618,0.5261013672008155,0.21328433805438463,0.20617486011923847,-0.059435235537821846,0.7945552540319343
0.016868189922783616,0.7888359405066456,0.14883696990691428,0.03472862631161333,-0.04147590228072677,0.5936114483120765
0.02194084592686925,0.08126239232173794,0.10564111001825933,0.08938863155391175,0.00715109052431294,0.986769229962864
0.032086773879271654,0.40530661742237883,0.15198998153339205,0.26176052375195297,-0.029046974248603814,0.861529878658444
0.0243492369017382,0.18065562862579956,0.2199285913705386,0.08640051803842588,0.005969490337200334,0.9544115406226481
0.022262283261122725,0.10813109012545323,0.6169832789511155,0.10813109012545323,-0.04395210780981658,0.7704022138820528
0.01933981058436232,0.297535547451728,0.2677819927065552,0.0892606642355184,0.006992085365115608,0.9117976851658205
0.02110054945738424,0.06593921705432575,0.619828640310662,0.19122372945754468,-0.047212479410897235,0.756454698047225
0.017073220342793526,0.4268305085698382,0.34803103006463726,0.0328331160438337,0.0069606206012927455,0.8338298150492008
0.011963750247068522,0.784290293974492,0.3146023213118019,0.031017130270177648,-0.035093667391401,0.53251981655285
0.02312295988203728,0.07973434442081821,0.20730929549412735,0.08770777886290003,-0.02272428815993319,0.9705264402901992
0.00989569654936613,0.5089215368245438,0.7746916727218056,0.07068354678118664,-0.016313762597097874,0.3680916382177075
0.029557480343184006,0.22839871174278548,0.4635150326544764,0.03358804584452728,0.012696281329231309,0.8548829428349083
0.021964282055131446,0.054910705137828614,0.7083480962779891,0.08236605770674292,0.016198658015659444,0.6983543479429044
0.020888577307192204,0.3405746300085686,0.740182195885289,0.06811492600171372,0.0248392430152916,0.5748445655037959
0.02291205351144338,0.621171228532465,0.4327832329939305,0.025457837234937088,0.014205473177094896,0.6522807056335581
0.029605445757835476,0.08223734932732077,0.12335602399098114,0.057566144529124536,-0.08026365294346506,0.9835586979547563
0.026063871054415017,0.0723996418178195,0.44887777927048084,0.07963960599960145,-0.020778697201714196,0.8864612144173818
0.01601508455023372,0.5317008070677595,0.7430999231308445,0.04804525365070115,0.018769679092873918,0.4027153161001771
0.025061092339479195,0.0808422333531587,0.12126335002973804,0.08892645668847456,-0.022635825338884433,0.9847392444748261
0.019899806100142574,0.0795992244005703,0.2149179058815398,0.08755914684062734,-0.022924576627364246,0.9689613586281424
0.018391280901707142,0.054092002652079835,0.7843340384551576,0.15145760742582354,-0.050143286458478,0.5967429732577446
0.027869059356604508,0.19293964169956968,0.3572956327769809,0.10718868983309426,0.025725285559942624,0.906744856861422
0.012837205122903018,0.03209301280725755,0.9306973714104688,0.08986043586032114,-0.033248361268318816,0.35132221120104834
0.0061649300611131145,0.8773169702353278,0.436287358171082,0.01106525908404918,-0.009974540688621475,0.19926950859074855
0.021528073683223656,0.05980020467562127,0.5980020467562127,0.005980020467562127,-0.024518083917004718,0.7985719332382464
0.018005262652774433,0.5873145198643088,0.5701666506711903,0.004286967298279627,-0.019248483169275524,0.5738105728747279
0.03781031211622374,0.08044747258771008,0.6033560444078255,0.016089494517542016,0.004344163519736344,0.7923271575163565
0.012636651544018856,0.7467112276011143,0.44419744821399615,0.011487865040017142,-0.01658081854109141,0.4945142970892712
0.013992612196373945,0.7642118968788847,0.05381773921682286,0.04305419137345829,-0.04531453642056485,0.6395161951135061
0.020522665401163796,0.06620214645536708,0.5759586741616936,0.07282236110090379,-0.012644609972975111,0.8111749005176128
0.024888699705179013,0.08028612808122261,0.12042919212183392,0.24085838424366784,-0.023443549399717004,0.9590980860582853
0.02499719369463762,0.07811623029574255,0.6327414653955147,0.015623246059148511,0.004530741357153068,0.7698354495645429
0.026543134583528916,0.06319793948459265,0.6003804251036302,0.09479690922688898,0.0006951773343305192,0.7911118064681308
0.03754830818961101,0.09387077047402753,0.3473218507539019,0.21590277209026332,0.042335717483786416,0.9059468058448398
0.026929514411034302,0.06905003695137,0.241675129329795,0.06905003695137,-0.03300591766275487,0.9644909161367363
0.010495426459098409,0.1461862971088707,0.9595818476889976,0.0281127494440136,0.01611797634790113,0.23805876229190714
0.03798800404841928,0.07034815564522089,0.15476594241948596,0.07034815564522089,-0.03306363315325382,0.9816381638734122
0.009426010094701051,0.9364536115822567,0.24384678288465764,0.02458959155139405,0.0035859821012449652,0.2507728511716336
0.017311573473548975,0.3662063619404591,0.4394476343285509,0.046608082428785697,-0.06019100930803181,0.8165070211774271
0.024167189918634417,0.06304484326600283,0.7407769083755332,0.07880605408250353,0.027266894712546227,0.6631266764195731
0.017671917279641097,0.0768344229549613,0.3611217878883181,0.08451786525045743,-0.012754514210523574,0.925240121223644
0.0205258543605944,0.0760216828170163,0.3649040775216782,0.1292368607889277,-0.017637030413547777,0.9184939717951908
0.03966725864134262,0.2027437663890845,0.4760071036961115,0.01762989272948561,0.01489725935641534,0.8545209005981675
0.01195882740754039,0.02344868119125567,0.9402921157693523,0.02344868119125567,-0.00926222907054599,0.3384113669522018
0.013831771379572864,0.03457942844893216,0.912896911051809,0.027663542759145728,-0.0384869038636615,0.403714827141283
0.014861441395249699,0.6439957937941536,0.6274830811327651,0.08256356330694277,-0.023249899427235085,0.42890119866690635
0.02545123544639567,0.05784371692362652,0.6767714880064303,0.02892185846181326,0.011048149932412665,0.7328220497054243
0.032707991171380305,0.2582209829319498,0.4647977692775096,0.01721473219546332,0.005164419658638995,0.846104087407022
0.025854200127279504,0.06987621656021487,0.6498488140099983,0.02795048662408595,-0.05764787866217727,0.7536848718184775
0.032975672182651045,0.07668760972709546,0.20705654626315773,0.04601256583625727,-0.026303850136393744,0.9733191426562955
0.030691276263695368,0.21806959450520394,0.44421584065874875,0.16960968461515863,-0.05661732805486962,0.8498252864384281
0.020998587719229706,0.06999529239743235,0.3359774035076753,0.006999529239743235,-0.017218841929768358,0.9388468569267601
0.027395618794816782,0.0944676510166096,0.25506265774484593,0.1889353020332192,0.0034008354365979454,0.9431650277498302
0.022017916908128703,0.09340934445872782,0.4336862421298078,0.006672096032766274,-0.009607818287183434,0.8958623343195277
0.022661741546435948,0.06665218101892925,0.4399043947249331,0.006665218101892926,-0.009531261885706884,0.8952054432652389
0.027319364363700152,0.08035107165794163,0.1687372504816774,0.13659682181850075,-0.020007416842827464,0.9722479670610936
0.021378651135808682,0.07371948667520235,0.43494497138369387,0.125323127347844,-0.0156285311751429,0.8882460949495131
0.02347468436352582,0.22763330291903827,0.654445745892235,0.14227081432439892,-0.005121749315678361,0.7064457285278029
0.011412738146533567,0.8844872063563515,0.15692514951483655,0.042797768049500876,0.0007132961341583479,0.4371435358189435
0.02880237804842322,0.22773973340613712,0.47557414917163926,0.1004734117968252,0.027864626204986188,0.8427709781517697
0.011185529432832799,0.8548940352236497,0.16778294149249198,0.047937983283569144,0.0005992247910446142,0.4884481013401666
0.023920648457138458,0.06644624571427349,0.4451898462856324,0.006644624571427349,-0.009435366891426836,0.8925724186798359
0.026178287549080116,0.10471315019632046,0.5908813475363798,0.02991804291323442,-0.05759223260797626,0.7968670729939988
0.021210969374294925,0.2585086892492194,0.47724681092163573,0.09942641894200745,0.00941236765984337,0.8336573806890851
0.022638909910476193,0.2134525791559184,0.5627386177746939,0.07761911969306123,-0.0012289693951401362,0.7944963726582259
0.03154923528428874,0.19830947892981493,0.40563302508371235,0.20732354615389742,0.018929541170573244,0.8670631262844953
0.007823633211486165,0.12318060801063324,0.968798835975521,0.02496904216431755,0.015131239551576435,0.21293599157730006
0.03551459664489352,0.05380999491650534,0.8125309232392306,0.021523997966602135,-0.045308015719697496,0.5771660054744363
0.02271816643507778,0.05825170880789175,0.733971530979436,0.1689299555428861,-0.03366948769096143,0.6539919347862007
0.026849324948390235,0.046291939566190064,0.10184226704561813,0.03703355165295205,-0.063327373326548,0.9906475067164674
0.016930933074070415,0.5493915017912644,0.6979690777473926,0.08638231160240006,-0.022252083468778258,0.45029371392099105
0.04038243954574984,0.08413008238697883,0.41223740369619627,0.17667317301265553,-0.05956409832998101,0.8868993285235308
0.030487610815077854,0.07258954955970917,0.435537297358255,0.0798485045156801,-0.005516805766537897,0.8931418177826617
0.01990789020527057,0.06256765493085036,0.688244204239354,0.08531952945115957,0.0057448483163780786,0.7174234833116505
0.010354723879441512,0.9382007393797008,0.06589369741462782,0.012551180459929107,-0.020929093416931787,0.3387249826623368
0.008584273351339627,0.925193905644382,0.2456055986633282,0.01669164262760483,-0.018480032909133918,0.28809775175245933
0.024117323840463754,0.43905897248023756,0.24117323840463753,0.061839291898625005,-0.016263733769338377,0.8627818005696162
0.02407159935029383,0.06172204961613803,0.7776978251633392,0.2221993786180969,0.02530604034261659,0.5837671452694334
0.017010525932208802,0.6864962251212838,0.3098345794795175,0.02430075133172686,-0.04720420946187943,0.6554520152950027
0.019142661174534382,0.2871399176180157,0.5359945128869626,0.04466620940724689,-0.05889558754698412,0.7902090532847793
0.026625612914276304,0.11833605739678357,0.273652132730062,0.022188010761896918,-0.02189217061840496,0.9536407025463296
0.022958741931568376,0.22338235392877337,0.601891342530306,0.07446078464292445,-0.001923570269942215,0.7627266373590228
0.028118134530730154,0.05857944693902116,0.6912374738804496,0.07029533632682539,0.009782767638816534,0.7161923182764727
0.020289130743784103,0.04226902238288355,0.8665149588491128,0.09299184924234381,-0.04493197079300522,0.4860937574031608
0.024622105467381732,0.6517616153130459,0.10862693588550765,0.09414334443410662,-0.03012587021891412,0.7436600030721853
0.02781143706363318,0.10043018939645315,0.3708191608484424,0.05407779429039785,-0.0772539918434255,0.9180091850754252
0.007095124639697055,0.949655144082529,0.21467300191903912,0.012734839096892152,-0.01329881054261166,0.22733507050680615
0.020862427787408027,0.360351025418866,0.5120777729636516,0.04425363470056249,-0.057656164067018546,0.7760190942134351
0.027823945938547045,0.21966273109379247,0.27823945938547046,0.10983136554689624,0.02672563228307808,0.9277821552298147
0.02253347801988904,0.07041711881215325,0.13379252574309117,0.07041711881215325,-0.02211097530701612,0.9854875777760846
0.010594246428236786,0.8851322015849443,0.20163243202128076,0.04100998617381981,-0.00020504993086909907,0.41724243433013847
0.01817053804063462,0.6359688314222116,0.36341076081269236,0.039748051963888226,-0.05013932840587615,0.6775339371901633
0.032080418554620176,0.07824492330395165,0.2816817238942259,0.1330163696167178,-0.01838755697642864,0.9462941024379912
0.0208976916943895,0.06332633846784697,0.5192759754363452,0.006332633846784697,-0.009055666400902116,0.8519292314079453
0.021159675744578763,0.2962354604241027,0.4231935148915753,0.04937257673735045,-0.0656655270606761,0.8520296099817048
0.014914066539397282,0.8820605067586392,0.15766298913077126,0.08096207549958524,-0.009374556110478292,0.4361725288493445
0.029291431091185132,0.07510623356714137,0.24785057077156653,0.04506374014028482,-0.024935269544290935,0.9640636140678267
0.022108704947124122,0.04511980601453902,0.8708122560806031,0.018047922405815608,-0.042141898817579446,0.48688782670289055
0.035005253866377595,0.07447926354548423,0.27557327511829166,0.04468755812729054,-0.024727115497100764,0.956388223187563
0.019932081609939784,0.334344594747377,0.49508718837592364,0.045007926215993053,-0.057224363331762604,0.7983763140342655
0.018375563595730945,0.9187781797865471,0.0899229707876195,0.0899229707876195,0.02384913573062952,0.372515680723669
0.031157535443072162,0.13921452006479051,0.722589651764865,0.13258525720456238,-0.019357447551866108,0.6629925786514143
0.012447768990313073,0.025403610184312392,0.945014298856421,0.03810541527646859,0.01859544265491667,0.32303230710371633
0.023782625163977146,0.37280871878666877,0.46922476674873825,0.044994155715632436,-0.05733540985477733,0.7968464977238504
0.022486963211509687,0.06919065603541442,0.7899266564043147,0.09225420804721923,-0.03811251969950744,0.6006325532674267
0.0074503413779561925,0.8443720228350351,0.487819971175703,0.026608362064129257,0.009596749251129286,0.21957220375319464
0.024886391628075363,0.08051479644377324,0.4977278325615073,0.058556215595471445,-0.05760467709204504,0.8593124638635435
0.027521115535178765,0.07242398825047043,0.6156039001289987,0.028969595300188174,-0.05931524637713528,0.781454833222576
0.02381054840804546,0.07936849469348486,0.2301686346111061,0.08730534416283335,-0.0215088620619344,0.9654383694515499
0.028741732390303424,0.20032116514453902,0.40064233028907803,0.29612693977888377,0.030309463247956338,0.8425682398296828
0.02501850771226839,0.7652720006105626,0.22075153863766228,0.05886707697004327,0.0009320620520256852,0.601278135351517
0.025083736265324914,0.06779388179817544,0.522012889845951,0.10169082269726316,-0.0009491143451744563,0.8437626528600916
0.019780019201777153,0.7612310420077875,0.10189706861521564,0.023975780850638975,-0.04099858525459264,0.6383551651482627
0.027082488777912285,0.47716765942035927,0.3482034271445865,0.09672317420682959,-0.0005158569291030911,0.8006099539679974
0.03180839412581982,0.287051361623252,0.574102723246504,0.015516289817473081,0.0076029820105618096,0.7659616468395587
0.02260648234801162,0.057965339353875954,0.573856859603372,0.057965339353875954,-0.013737785426868602,0.8144130179219571
0.028209139523199978,0.06560265005395344,0.42641722535069737,0.06560265005395344,-0.02768431832276835,0.8988875110392701
0.031664792160541994,0.08495432043072242,0.1467392807439751,0.03861560019578292,-0.006255727231716833,0.984234417790115
0.02812560228873296,0.08035886368209418,0.21696893194165429,0.08839475005030359,0.0073930154587526645,0.968404666232917
0.022692317233651747,0.06133058711797769,0.6010397537561813,0.036798352270786615,-0.016436597347618022,0.7955190455072887
0.008960361071882035,0.8320335281033318,0.4821527624393666,0.02986787023960678,-0.013056526133313822,0.2722243030409875
0.020309615085747516,0.6537157355724982,0.04442728300007269,0.050774037714368794,-0.05394741507151684,0.751519225719801
0.01785822227269142,0.054115825068761884,0.7251520559214093,0.027057912534380942,0.011689018214852569,0.6855933877961443
0.0237039931744988,0.6284314469518287,0.31972828002812337,0.07717579173092633,-0.04228130875544321,0.7032368393653051
0.02934905879988669,0.06987871142830164,0.5101145934266019,0.07686658257113181,-0.0053107820685509245,0.8532889452509913
0.010871136906702729,0.913763129185013,0.21154644791421523,0.023505160879357247,-0.0230350576617701,0.3450851431600636
0.03350679043151879,0.27643102106003004,0.48584846125702247,0.016753395215759394,0.008544231560037292,0.8282878594671444
0.026605779571838146,0.0806235744601156,0.13706007658219652,0.13706007658219652,-0.019591528593808093,0.977157722456601
0.022463980331769474,0.08111992897583421,0.5366395301478263,0.006239994536602632,-0.009235191914171895,0.839528864954518
0.02009628559227728,0.5569542007002561,0.4650854665641314,0.04593436706806236,-0.0455898593150519,0.6847665770671396
0.024227045691640487,0.08652516318443032,0.12113522845820245,0.2422704569164049,-0.06896055505799097,0.9559300028615862
0.02837625989306194,0.08598866634261194,0.025796599902783584,0.24936713239357464,-0.06130991910228232,0.9618692217084572
0.02678700369755384,0.07653429627872525,0.3444043332542637,0.13010830367383294,-0.016914079477598282,0.9260649849725756
0.019381558384626733,0.4746504094194302,0.7040647739721548,0.09888550196238129,-0.025354242703154565,0.5178831508773833
0.03427750714530154,0.08022395289325893,0.3646543313329951,0.03646543313329951,0.008022395289325893,0.9262949324520742
0.022485195590397637,0.08030426996570585,0.12045640494855878,0.24091280989711755,-0.02280641267026046,0.9591542004703907
0.03370237287591173,0.35765783460151224,0.5020965754982768,0.2269751642663443,-0.057500374947473884,0.7510126723103676
0.018725851852663476,0.08141674718549338,0.17097516908953608,0.08955842190404271,-0.0110726776172271,0.9775708834562189
0.021283527907854895,0.07094509302618299,0.7545978076421282,0.12899107822942363,-0.005095147590062233,0.6390862970876794
0.023367184422882433,0.059915857494570346,0.7249818756843012,0.19772232973208215,-0.05266603873772733,0.6545208272706864
0.02681722691904402,0.4711134458750976,0.05798319333847356,0.07972689084040115,0.0042037815170393325,0.8761260513443354
0.02056045577799462,0.13706970518663078,0.3655192138310154,0.05330488535035641,-0.062290566023702205,0.9167678781899155
0.023304077597862606,0.07517444386407292,0.2631105535242552,0.03758722193203646,-0.004510466631844375,0.960804567026716
0.006524861592156141,0.9286547196278043,0.3186560312448348,0.022761145088916773,0.007374611008809035,0.1882650180787936
0.009148203605181865,0.7364303902171402,0.6083555397445941,0.013722305407772799,-0.013356377263565523,0.2951667893211929
0.023264469119932636,0.19387057599943863,0.6268481957315183,0.14217175573292165,-0.05919514920516193,0.7383884004565286
0.029749987156933316,0.11899994862773326,0.5269997724942473,0.19549991560270463,0.025499988991657126,0.8175296470725275
0.020512606431995536,0.06267740854220857,0.7350350638131733,0.045583569848878965,-0.05470028381865476,0.6710471276378094
0.021927426774824253,0.17816034254544705,0.6989367284475231,0.13704641734265158,-0.0023983123034964026,0.6785853354721393
0.017747486396468882,0.12042937197603885,0.6021468598801942,0.0950758199810833,-0.002408587439520777,0.7832979888841516
0.01527964064946185,0.7935555305043089,0.06900482873950513,0.05914699606243297,0.001774409881872989,0.6014756607915579
0.015423272063454441,0.5563394565746067,0.468206473354867,0.08262467176850594,-0.0018177427789071309,0.6813230434031
0.009934513428949078,0.8444336414606716,0.3632306472459506,0.015522677232732932,0.005774435930576651,0.3932204596595906
0.023491946419689307,0.0757804723215784,0.4319486922329969,0.060624377857262726,-0.06304935297155324,0.8941337929223037
0.025214204734100843,0.2913641435940542,0.63315669665631,0.08404734911366948,0.027959751471814048,0.7111526366337954
0.029204244478817736,0.06953391542575652,0.597991672661506,0.2016483547346939,-0.061398447320943,0.7696013759322731
0.028251132900308572,0.06420712022797402,0.7576440186900935,0.12841424045594804,-0.004815534017098052,0.6360357329783106
0.025147876544073744,0.07620568649719317,0.34292558923736927,0.08382625514691248,-0.021490003592208474,0.9319193401741753
0.021090841649367996,0.2187198393267792,0.2577769534922755,0.0546799598316948,-0.07811422833099257,0.9360427980902839
0.027451162680717733,0.08073871376681686,0.06459097101345349,0.24221614130045058,-0.02349496570614371,0.9640202423757933
0.018075551956405898,0.8544806379391879,0.049296959881106994,0.06162119985138374,0.006162119985138374,0.513099190762522
0.017581001795201157,0.05860333931733719,0.7384020753984486,0.16994968402027785,-0.05356345213604619,0.6475082961172586
0.022197921255286385,0.061660892375795515,0.6042767452827961,0.2281453017904434,-0.01966982466787877,0.7603404638859345
0.01314832405179678,0.8979343254885606,0.17958686509771213,0.04810362457974432,0.005259329620718712,0.3986828405169209
0.01787892707040545,0.07773446552350197,0.3031644155416577,0.08550791207585216,-0.0059855538453096515,0.9457175075589249
0.022449009483554105,0.07015315463610658,0.4139036123530288,0.021045946390831974,-0.02006380222592648,0.9068698299809498
0.018886191852538953,0.16619848830234277,0.4003872672738258,0.052881337187109065,-0.07501595403828472,0.8962631205540885
0.02116088197552983,0.0705362732517661,0.4937539127623627,0.049375391276236275,-0.05649955487466465,0.8632229120551135
0.020307925076777297,0.49319246615030576,0.49319246615030576,0.06962717169180788,-0.0010444075753771181,0.7129242154810361
0.025505088445951545,0.27755537426476684,0.08251646261925501,0.11252244902625683,0.030531091169124353,0.9496894697816075
0.03066567978020318,0.09892154767807478,0.15827447628491964,0.019784309535614955,0.017212349295985013,0.9815985176095361
0.019131536430777724,0.05797435282053856,0.6609076221541396,0.2145051054359927,-0.01820394678564911,0.7163311034505745
0.0380074519113353,0.07918219148194854,0.5067660254844707,0.16628260211209195,-0.058990732654051664,0.8392520475171725
0.00895673089779129,0.9460547010792052,0.2239182724447823,0.013061899225945634,-0.013621694907057589,0.23324820046331488
0.019378639097519964,0.66887560755956,0.1187723041460901,0.13752582585336748,-0.053510048604764805,0.7185724400838451
0.0209320874048217,0.05233021851205425,0.7326230591687595,0.005233021851205425,-0.005808654254838022,0.6782519621347352
0.017051996464865982,0.6105714863226207,0.4070476575484138,0.06600772825109413,-0.00044005152167396087,0.6759191372912039
0.018301159687065298,0.043574189731107854,0.8235521859179384,0.06100386562355099,-0.029499726447960013,0.5611919895469379
0.015164429256749391,0.043326940733569685,0.8665388146713938,0.1256481281273521,-0.04285034438550042,0.4789360028688794
0.007811375620124445,0.869903194059313,0.44027753495246863,0.026629689614060603,0.00955118200824307,0.22036955811955616
0.022539321122574854,0.6409619444232223,0.25356736262896706,0.09156599206046033,-0.020708001281365643,0.7180182485110251
0.027155587120352095,0.05431117424070419,0.7223386174013657,0.027155587120352095,0.011839835984473515,0.6882311999782035
0.019490992632056343,0.055688550377303844,0.7072445897917587,0.027844275188651922,0.008297594006218273,0.7039032767691206
0.024748679380798937,0.05755506832743939,0.6791498062637847,0.08633260249115908,0.0071368284726024845,0.7261722970873028
0.029153126939204094,0.23484463367692185,0.0890789989809014,0.05668663571511907,-0.07782265274604203,0.9627010362590507
0.02730037308555587,0.08272840328956325,0.2233666888818208,0.0661827226316506,-0.068002747504021,0.9661850220188093
0.012416549662000164,0.8519132684761224,0.32076086626833755,0.02414329100944476,-0.02673007218902813,0.41219495836267767
0.004575259833517227,0.04964643649135715,0.9909818107490506,0.014601893085693278,0.012800992938457776,0.12285059382763279
0.021580944125573147,0.13565164878931693,0.48094675479848725,0.061659840358780416,-0.014243423122878277,0.8636077240650786
0.026295722228457705,0.053664739241750414,0.7298404536878057,0.026832369620875207,0.012235560547119094,0.6803615641069117
0.02703659959721172,0.4731404929512051,0.2027744969790879,0.2102846635338689,-0.061207857421465416,0.8284464726578957
0.018893065592737335,0.05556783997863922,0.7612794077073574,0.16114673593805373,-0.03172923662780299,0.6245269535199262
0.02131886443983227,0.07328359651192343,0.4996608853085688,0.01998643541234275,-0.018853870738976663,0.8624146880425897
0.02317149591807128,0.06620427405163223,0.5097729101975682,0.01986128221548967,-0.018537196734457022,0.8570143275983791
0.02432631108103956,0.06574678670551232,0.5193996149735474,0.019724036011653696,-0.018409100277543448,0.851223647476268
0.019997482253286233,0.06665827417762077,0.4999370563321558,0.019997482253286233,-0.018797633318089056,0.8628247009551232
0.027046308468056966,0.07256326662161626,0.514539526953279,0.019789981805895345,-0.018074850049384417,0.8535419152882661
0.014417571826801928,0.036968132889235714,0.9168096956530457,0.014787253155694284,-0.03463914051721386,0.3955590219148221
0.016944688833918982,0.05295215260599682,0.7360349212233558,0.02647607630299841,0.014773650577073113,0.6739749983691276
0.019056131575151597,0.09113802057681199,0.09113802057681199,0.05799692218524399,-0.0791243724098686,0.9866104991169793
0.011621857363499135,0.027027575263951477,0.9567761643438824,0.010811030105580592,-0.027541099193966554,0.28781664898581927
0.011791348505341442,0.4785900275697409,0.22195479539466242,0.04855261149258241,-0.061939260089822985,0.8457864922007855
0.01699875967648807,0.15453417887716425,0.2858882309227539,0.23180126831574638,-0.024493667352030533,0.9163876807415839
0.018542441836190998,0.6521824369970628,0.09590918191133276,0.1406668001366214,-0.05697005405533166,0.7362628198059978
0.01853273434107478,0.1715993920469887,0.22651119750202509,0.06863975681879549,-0.018944572881987552,0.9559458932153647
0.023171096857017102,0.09654623690423793,0.1158554842850855,0.19309247380847586,-0.005696227977350038,0.9692276722816445
0.03528673986425129,0.09760162090112061,0.26277359473378625,0.11261725488590839,0.02792907921170528,0.9522164291453173
0.02155168934564134,0.06530814953224649,0.5289960112111967,0.019592444859673947,-0.01802504927090003,0.8454139956949308
0.02301735502158487,0.06576387149024249,0.5195345847729157,0.019729161447072745,-0.018150828531306926,0.8511817886982086
0.02071771039939737,0.09356385341663327,0.5212843261783854,0.033415661934511884,0.008153421512020899,0.8472875240114833
0.02591367017187207,0.09966796219950796,0.4983398109975398,0.01993359243990159,-0.019136248742305528,0.8604002950142858
0.01865045013128414,0.05180680592023372,0.792644130579576,0.1502397371686778,-0.04926827243014227,0.5862458157933648
0.013729702706406768,0.7159059268340672,0.3432425676601692,0.05884158302745758,-0.00024517326261440657,0.6049895428273097
0.018731280313605516,0.06689742969144827,0.4950409797167172,0.02006922890743448,-0.018731280313605516,0.8656527402073406
0.03166686236832047,0.06597262993400098,0.5145865134852077,0.019791788980200294,-0.018340391121652273,0.8538837492357748
0.02511597945435574,0.08371993151451913,0.15069587672613444,0.1841838493319421,-0.06772942459524597,0.9649559306363477
0.024310140072661565,0.055250318346958094,0.7072040748410636,0.027625159173479047,0.015138587227066519,0.7037233047852053
0.013300156169772082,0.16429604680306692,0.23470863829009558,0.05476534893435563,-0.06673548948715051,0.9540906146492386
0.02879823818463241,0.1772199272900456,0.32490320003175027,0.1107624545562785,0.0031751903639466506,0.9219128300900914
0.028578192885211632,0.267920558298859,0.25898987302223037,0.3125739846820022,0.023219781719234448,0.872974485790449
0.033269861615198,0.24590767280798526,0.2893031444799827,0.1084886791799935,0.03117241381771813,0.9175972485043851
0.01771741747599699,0.055366929612490595,0.7086966990398796,0.08305039441873589,0.004595455157836719,0.6981769824135065
0.019297709559491685,0.060305342373411515,0.5789312867847506,0.006030534237341152,-0.007658778481423263,0.8128557098512138
0.019714350335618025,0.056326715244622926,0.7942066849491832,0.02253068609784917,-0.046131579785346176,0.6025268729717315
0.028443054299491552,0.19752121041313575,0.5530593891567801,0.2686288461618646,0.02678387613202121,0.7625108806788693
0.026620801884128804,0.34450449497107866,0.04697788567787436,0.054807533290853416,-0.07336379813361378,0.9327459201341953
0.019409478014540592,0.0588166000440624,0.6587459204934989,0.0294083000220312,0.014821783211103726,0.7490882181611788
0.016562298471264558,0.833635689720316,0.04968689541379367,0.01104153231417637,0.00861239520505757,0.5496474785996998
0.016562298471264558,0.833635689720316,0.04968689541379367,0.01104153231417637,0.00861239520505757,0.5496474785996998
0.02266484664051767,0.58281034218474,0.11656206843694801,0.04532969328103534,-0.05504319898411433,0.8007166534571456
0.018577780576252628,0.05160494604514619,0.7482717176546198,0.07740741906771928,0.014449384892640933,0.6564149136942595
0.019545830601390302,0.06739941586686311,0.4313562615479239,0.006739941586686311,-0.023791993801002675,0.8991082076639539
0.019151654919265397,0.06383884973088466,0.7709768775191456,0.07366021122794383,0.017923984732133,0.6288126698492139
0.019389110045211808,0.07755644018084723,0.10857901625318611,0.038778220090423615,0.006824966735914556,0.9900855153486956
0.022267129399203365,0.06185313722000934,0.5504929212580831,0.006185313722000934,-0.00933982372022141,0.8321721081580056
0.018228699679542253,0.12619869008913867,0.5188168370331256,0.04907726836799837,-0.055106761338923886,0.8420958148114691
0.018728048501237566,0.0780335354218232,0.32774084877165743,0.08583688896400551,-0.01318766748628812,0.9373388274869403
0.019134752982234254,0.13011632027919293,0.4056567632233662,0.06123120954314961,-0.061690443614723235,0.9003283973200861
0.02042854898788408,0.09225796317108939,0.45469996134322627,0.00658985451222067,-0.009291694862231146,0.8855446493522137
0.029511848728238234,0.0797617533195628,0.20738055863086327,0.13559498064325676,-0.019621391316612447,0.9648779299067511
0.022872891328489815,0.20966817051115663,0.4765185693435378,0.006353580924580504,-0.009593907196116561,0.8534129897896532
0.02473603932381637,0.06184009830954093,0.5503768749549143,0.006184009830954093,-0.009152334549812057,0.8321822029514923
0.02697708546876258,0.1264550881348246,0.008430339208988306,0.06744271367190645,-0.07148927649222084,0.9866869010199913
0.017870240781246906,0.0541522447916573,0.7743771005206994,0.15704150989580618,-0.030920931776036317,0.6094835151301029
0.01812005641520032,0.06711132005629748,0.4899126364109716,0.020133396016889245,-0.018992503575932188,0.8685547041686019
0.030716327947800225,0.08680701376552238,0.4941322322037428,0.020032387792043627,-0.01863012064660057,0.8640636600968151
0.01657661493653047,0.07207223885448032,0.4828840003250181,0.07927946273992835,-0.014198231054332622,0.8688308393907601
0.020721735096376905,0.05180433774094226,0.7459824634695685,0.07770650661141339,0.014505214567463832,0.6588993717270446
0.01700928202303549,0.07731491828652495,0.24740773851687986,0.054120442800567464,-0.07762417795967104,0.9610244343015052
0.013558618473546682,0.06163008397066674,0.5546707557360007,0.006163008397066674,-0.008936362175746676,0.829602560329145
0.018842651418128974,0.0523406983836916,0.7432379170484207,0.0261703491918458,0.014655395547433645,0.6660353869324755
0.02070201498860159,0.07345876286277983,0.5342455480929442,0.10017104026742704,0.002003420805348541,0.8358939406849228
0.029644553009023293,0.07601167438211101,0.43326654397803277,0.06080933950568881,-0.0607333278313067,0.8934412206873329
0.017025187477588695,0.06305624991699517,0.5801174992363555,0.018916874975098547,-0.025726949966134026,0.8112817114320597
0.02395243199835066,0.06141649230346322,0.5588900799615154,0.006141649230346323,-0.009212473845519483,0.8265431534200082
0.024237622641282267,0.6126732389879683,0.07405940251502914,0.053861383647293926,-0.059180195282464196,0.7824039242065033
0.02736056434980061,0.08083803103350179,0.5409929769165119,0.006218310079500138,-0.009265282018455204,0.8366114380959485
0.021346097979749554,0.06098885137071301,0.567196317747631,0.006098885137071301,-0.00908733885423624,0.8209709283011679
0.01916819912260104,0.051805943574597405,0.7460055874742026,0.0777089153618961,0.014505664200887272,0.6589197963253044
0.021477529880448726,0.05507058943704802,0.7654811931749674,0.15970470936743925,-0.03161051833686557,0.6197093429351014
0.019589189917581906,0.052943756534005154,0.7359182158226716,0.026471878267002577,0.014983083099123459,0.6740269644344196
0.03336696202039112,0.051333787723678644,0.7546066795380761,0.025666893861839322,0.014116791624011627,0.6526577771188503
0.02976878932835893,0.06075263128236516,0.5710747340542325,0.006075263128236516,-0.008930636798507679,0.8180341802170469
0.02344764461747034,0.0781588153915678,0.29700349848795765,0.08597469693072458,-0.009691693108554406,0.9474411601765849
0.025694936290456535,0.06117841973918223,0.5628414616004764,0.006117841973918223,-0.008687335602963876,0.8238286002078278
0.023119942478723083,0.0624863310235759,0.5373824468027527,0.006248633102357589,-0.009247976991489232,0.8406286112601665
0.03476856746068068,0.09657935405744633,0.2704221913608498,0.019315870811489267,0.016997966314110557,0.9569082400011784
0.04138989549715691,0.22015901860189843,0.33464170827488565,0.11448268967298719,-0.04262278600132754,0.9071432202472623
0.016920321865349367,0.06266785876055321,0.5326767994647023,0.006266785876055321,-0.008460160932674684,0.8437600503520882
0.02390619444778256,0.06291103802048043,0.5284527193720355,0.006291103802048042,-0.009310833627031102,0.8462163724134821
0.03771292350658179,0.06182446476488818,0.5502377364075048,0.006182446476488818,-0.009335494179498116,0.8317863489468056
0.019352772271724668,0.07491395718086968,0.60555448721203,0.0936424464760871,0.010425525707671031,0.7864092655061795
0.019885231046839428,0.816341064028145,0.14652275508197474,0.13605684400469084,-0.022187731483841892,0.5410352731401917
0.023769847897995963,0.06991131734704695,0.2866364011228925,0.06991131734704695,-0.00552299407041671,0.9526116101708617
0.0340735329214932,0.081480187420962,0.30369888038722204,0.044443738593252,-0.02096263003648386,0.9473923610128219
0.019294369920672013,0.7910691667475526,0.1495313668852081,0.05788310976201604,0.0012058981200420008,0.5900218321741502
0.02850849388401807,0.35216374797904676,0.2683152365554642,0.03353940456943302,-0.06104171631636811,0.8934897377296958
0.024181781193366565,0.05897995413016236,0.6428815000187698,0.02948997706508118,0.003892676972590716,0.7627287668112597
0.024255262348797373,0.6852111613535258,0.09702104939518949,0.048510524697594745,-0.05251264298514631,0.7178951273685302
0.024747467575604278,0.063455045065652,0.5710954055908679,0.23478366674291237,-0.021130530006862117,0.7833525313354739
0.025871077582575865,0.34869713263471824,0.596159613859357,0.08436220950839957,0.024746248122463878,0.7173599881864243
0.023078873433652804,0.09717420393116971,0.6194855500612069,0.0911008161854716,0.02004217956080375,0.773020792272455
0.016731308574608836,0.04402975940686536,0.8761922121966208,0.017611903762746146,-0.041828271436522096,0.4775027407674549
0.022129627536194373,0.7298068655553462,0.3107564717848571,0.06591803946951515,-0.03653742759167411,0.6038563258546655
0.019024202402104645,0.09184097711360863,0.7150476075273815,0.10496111670126701,-0.04159084249287705,0.6834936718190631
0.014873007084725104,0.05720387340278886,0.7951338402987651,0.09152619744446218,-0.03764014869903507,0.5953779143762264
0.020411868919109996,0.060034908585617636,0.7144154121688499,0.17410123489829113,-0.035060386614000696,0.6738318139649723
0.017651786094658586,0.37710633929497883,0.07221185220542148,0.23268263488413587,-0.06603372707229098,0.8909337854322223
0.024734116228495653,0.07495186735907775,0.3822545235312965,0.22485560207723324,-0.018812918707128513,0.8926017883792569
0.01601091986891744,0.8055494059049086,0.0200136498361468,0.1450989613120643,-0.04112805041328167,0.5724404194383887
0.02761304585743306,0.07462985366873799,0.42539016591180656,0.08209283903561179,0.008134654049892442,0.8977225097812495
0.026221536335609027,0.06395496667221715,0.5628037067155108,0.23663337668720344,-0.021041184035159442,0.7886926490017818
0.024734618585944633,0.07978909221272462,0.24734618585944634,0.08776800143399709,0.006542705561443419,0.9612989829789063
0.021500694318854603,0.053751735797136505,0.7148980861019155,0.19888142244940507,-0.02004939745233192,0.6675428068646383
0.018936612918976328,0.05569592034993038,0.7073381884441158,0.02784796017496519,0.007797428848990253,0.7038293454620702
0.01739143253922452,0.05434822668507663,0.8097885776076417,0.02173929067403065,-0.045000331695243444,0.5817977666637453
0.023485699755675524,0.1696189426798788,0.37838071828588343,0.26747602499519346,-0.03914283292612587,0.868579462630733
0.017339132025072354,0.6653387870085904,0.5322710296068723,0.056452987988607664,-0.03012170144820709,0.5192465188066435
0.027821969988241893,0.23648674490005608,0.43819602731480983,0.1043323874559071,-0.0008346590996472568,0.8604639768113511
0.01010988133496458,0.8593399134719892,0.4158837549155884,0.03216780424761457,-0.015371615029752962,0.29530044299310176
0.027561751206235916,0.06409709582845562,0.5896932816217917,0.09614564374268343,-0.00102555353325529,0.7988421053100424
0.02543780954232468,0.21696955197865167,0.4713476474018985,0.2468963867343278,-0.0620981821180279,0.8156558812659519
0.015504706451592864,0.472188787389419,0.7576163379755604,0.0528569538122484,0.020931353709650366,0.4467469736211235
0.023714685253207586,0.062407066455809436,0.6115892512669325,0.09361059968371416,0.0026210967911439965,0.7827718345552178
0.018644404628782033,0.08106262882079145,0.17023152052366206,0.0891688917028706,-0.01013282860259893,0.9777774288363865
0.015643892087939794,0.6633010245286471,0.075090682022111,0.05006045468140734,-0.05387756435086464,0.740769578148125
0.025005691816244038,0.07694059020382782,0.5065255521751998,0.006411715850318985,-0.02558274624277275,0.8580158150896865
0.02111100053585877,0.5043183461344038,0.46913334524130595,0.07037000178619589,-0.0009969083586377752,0.7212338766403528
0.019506377670281017,0.797988177420587,0.19063050905047357,0.062065747132712325,-0.034446489658655335,0.5669706000573271
0.021374593049727608,0.05776917040466921,0.6643454596536958,0.21374593049727608,-0.017850673655042785,0.7133337161568554
0.016999656641241805,0.08095074591067525,0.17809164100348554,0.08904582050174277,-0.010037892492923731,0.9764278971745649
0.03581685084407587,0.10900780691675264,0.6306880257326404,0.015572543845250378,0.004282449557443855,0.7673370979747124
0.024800446316623787,0.07294248916654056,0.46683193066585954,0.0802367380831946,0.008680156210818326,0.8772793172059832
0.03107477896793299,0.08631883046648053,0.5092810997522351,0.19853331007290523,0.02598196797041064,0.8319408880359394
0.01917130342296803,0.7416267376779738,0.20180319392597929,0.07567619772224222,0.017304623879152724,0.6347214956956864
0.017778655821478875,0.34710708984792094,0.24551477086804163,0.03386410632662643,-0.06137869271701041,0.9022244528071446
0.020173795494088976,0.06304311091902805,0.7313000866607253,0.02521724436761122,-0.05093883362257466,0.6764525801611709
0.023432652909579472,0.054494541650184816,0.7193279497824396,0.027247270825092408,0.012642733662842878,0.6914812389991952
0.0243081141871228,0.1313952118222854,0.6044179743825128,0.052558084728914156,-0.05039006373384645,0.7819986031603315
0.017159271439217604,0.05535248851360517,0.7638643414877514,0.160522216689455,-0.03144021347572774,0.6216084460077861
0.023461961507617913,0.39103269179363187,0.19551634589681594,0.2267989612403065,-0.06514604645281907,0.8675451300133518
0.02431091390361513,0.05402425311914474,0.7239249917965395,0.0810363796787171,0.00810363796787171,0.6824883896541555
0.022655330509910112,0.3598199551573959,0.4930866052156907,0.05330666002331791,-0.060969492401669864,0.7876059018445222
0.018182378717830062,0.050291685815274635,0.8704330237259071,0.05802886824839381,0.02181885446139607,0.485430825853897
0.025324621902871033,0.3038954628344524,0.3629862472744848,0.1519477314172262,-0.039844071793850425,0.866355315297218
0.022472245628864004,0.14747411193942,0.46349006609532,0.04915803731314,-0.07507134555392381,0.8688331966259545
0.01850182593002541,0.07400730372010164,0.3108306756244269,0.04440438223206099,-0.021684139989989783,0.9461093707577795
0.030490565476703414,0.06487354356745406,0.5449377659666141,0.24003211119958004,-0.02153801646439475,0.7998907921867087
0.030587135518725557,0.06372319899734491,0.5671364710763697,0.23577583629017618,-0.020837486072131785,0.7857070436372627
0.018418425102744124,0.04977952730471384,0.8114062950668357,0.14436062918367015,-0.047688787157915864,0.5618615246883052
0.014837189900790198,0.041214416391083884,0.8737456274909783,0.09067171606038454,-0.04405821112206867,0.4738009308319003
0.02147349741808389,0.6799940849059899,0.04771888315129754,0.07157832472694631,0.0025648899693822428,0.7278322652651656
0.023379129520163317,0.3506869428024498,0.28388942988769744,0.033398756457376166,-0.06095273053471151,0.8894088844599274
0.02493356641233931,0.10868477666917134,0.5562103276598769,0.23654921980937293,-0.02109763311813326,0.7885400208456231
0.030172604745786327,0.07940159143627981,0.33348668403237525,0.23026461516521146,-0.06225084768604337,0.9081160012567323
0.020631843989966293,0.05576174051342242,0.7583596709825449,0.161709047488925,-0.032341809497785,0.627821436440623
0.02343172321779605,0.29940535222739395,0.6508812004943347,0.026035248019773388,-0.05122435047890415,0.6948807696477518
0.023843382369299115,0.07947794123099705,0.25432941193919056,0.08742573535409676,-0.008742573535409677,0.9595371844818275
0.009316518699255151,0.8819637701961544,0.2888120796769097,0.021738543631595355,-0.024191893555732546,0.37092166447967845
0.018171104020292508,0.7722719208624316,0.16467563018390086,0.022713880025365635,-0.041850323946736184,0.6114576502828429
0.017708804423513108,0.043192205911007586,0.8336095740824464,0.06478830886651138,0.024705941781096336,0.5459926749210469
0.020454239102947365,0.058440683151278185,0.6720678562396991,0.08766102472691728,0.00029220341575639095,0.7326708446675746
0.02297658294562898,0.07922959636423786,0.23768878909271357,0.08715255600066164,-0.02107507263288727,0.963669580578225
0.020544116808319964,0.05552464002248639,0.7606875683080635,0.1610214560652105,-0.0322042912130421,0.6252074466531966
0.02404747749696565,0.08015825832321882,0.20841147164036897,0.136269039149472,-0.028295865188096247,0.9644641641449689
0.021962457691977955,0.06100682692216099,0.7015785096048514,0.17691979807426686,-0.03636006884560795,0.6862657960473889
0.03737434246495859,0.10938831940963491,0.30993357166063223,0.11850401269377114,-0.04813086054023936,0.9349966601538543
0.019345553695271765,0.06670880584576472,0.567024849689,0.07337968643034118,-0.01260796430484953,0.8173829980281551
0.03769172015527933,0.09193102476897398,0.018386204953794796,0.03677240990758959,-0.06288082094197821,0.9922115503315362
0.026188480522982956,0.09030510525166537,0.2438237841794965,0.03612204210066615,-0.06086564093962246,0.9626524219827528
0.03492846530752215,0.0698569306150443,0.649669454719912,0.02794277224601772,-0.05763196775741155,0.7534768536138678
0.023665975132425385,0.12678200963799316,0.05071280385519726,0.06761707180692968,-0.07285739487196673,0.9853497789064828
0.017526135506659758,0.3575331643358591,0.2523763512959005,0.04206272521598342,-0.023555126120950714,0.8976886606511129
0.007955356019612671,0.8087945286606215,0.5148883201582646,0.013258926699354452,-0.012993748165367363,0.283431656409867
0.02162703485028308,0.13516896781426926,0.23429287754473338,0.036045058083805134,-0.06082603551642116,0.9598798967717307
0.025395881874962677,0.09069957812486672,0.22674894531216677,0.03627983124994669,-0.0613129148124099,0.9667668032329543
0.015302032089894753,0.10553125579237761,0.7334422277570244,0.07914844184428321,0.009339516137625419,0.6665881772125531
0.024289603757952992,0.33502901735107576,0.3015261156159682,0.2596474884470837,-0.028644980983516977,0.8532351499388522
0.014095042732086638,0.5692228795650374,0.3144278763311635,0.05421170281571784,-0.013281867189850872,0.7575001234440253
0.006867230872434628,0.18884884899195228,0.9650911958225094,0.012262912272204694,-0.00778694929284998,0.1807675898045694
0.02165342111921364,0.10053374091063477,0.11600047028150166,0.03866682342716722,0.011522713381295832,0.9870866684487248
0.019181876913080143,0.7796504809832574,0.08662783122036194,0.1423171512905946,0.025369579143105996,0.6028059512491186
0.030593499903587992,0.09922216184947456,0.5705274306344787,0.19017581021149293,0.021994245876633532,0.7918755366936816
0.030774224763557338,0.09051242577516865,0.23533230701543847,0.03620497031006746,-0.06109588739823884,0.9645909214859723
0.023150456891267917,0.0625688024088322,0.5818898624021395,0.01877064072264966,-0.0165181638359317,0.8101408535895592
0.017171943939333186,0.17171943939333184,0.3434388787866637,0.06604593822820455,-0.019351459900863937,0.9206143329629433
0.020798239076519266,0.1878550626266256,0.2884917033194608,0.06709109379522343,-0.01871841516886734,0.9360549406309574
0.02896227505878915,0.15491449450050013,0.2963581633922611,0.0673541280436957,-0.018657093468103708,0.939388023825424
0.024917239875339458,0.062293099688348647,0.647848236758826,0.06852240965718351,0.011897982040474592,0.7556152992196691
0.02645849149277715,0.06784228587891576,0.30529028645512096,0.06784228587891576,-0.017910363472033765,0.9468747840120273
0.017879475278170555,0.3448184517932893,0.2873487098277411,0.06385526885060913,-0.017368633127365685,0.8909725662725492
0.023015115072881044,0.17261336304660782,0.41555068881590773,0.06393087520244733,-0.019562847811948888,0.8902374371940792
0.042445493593323495,0.1923311428447471,0.3183412019499262,0.06632108373956795,-0.019233114284474707,0.924714870580796
0.02199603429014536,0.07855726532194772,0.23567179596584317,0.05499008572536341,-0.0668522327889775,0.9645261036228742
0.018127923239305836,0.06474258299752085,0.5956317635771918,0.07769109959702503,-0.0018775349069281046,0.7966574837844941
0.023445976856667168,0.09075862009032452,0.1966436768623698,0.02268965502258113,-0.026773792926645733,0.9753526372373542
0.026747038222915777,0.0652366785924775,0.6001774430507931,0.04566567501473426,-0.07352173677372215,0.7920385147912694
0.02031970947134376,0.7432735832938903,0.2566700143748686,0.15507146701814978,-0.045184617113909156,0.595955689626648
0.022947278005449396,0.16198078592081927,0.5196883548292951,0.04724439589357229,-0.061620190644044996,0.8349434594276895
0.02686196386656736,0.07461656629602044,0.3954678013689083,0.12684816270323473,-0.016266411452532457,0.9060689645325762
0.031073465815390836,0.16868452871212167,0.33736905742424333,0.15980639562201002,-0.04066184955271144,0.910807673714556
0.01935054409467388,0.65674573897075,0.2345520496324107,0.0703656148897232,0.002169606459099799,0.7129795928701205
0.010815064463750548,0.6062128238891755,0.7001331205480619,0.07115173989309571,-0.01764563149348774,0.369903665356226
0.012966815011600534,0.3669332758601853,0.8414635273485453,0.02758896810978837,-0.012470213585624343,0.3952395571408282
0.015570963695708175,0.7032048120642401,0.3465795145173755,0.06027469817693487,-0.0003516024060321201,0.6176649695681401
0.016258504100699712,0.02501308323184571,0.9680063210724291,0.09004709963464456,0.006203244641497737,0.2322214647244556
0.02805665800330809,0.09050534839776804,0.2353139058341969,0.03620213935910722,-0.06081959412330012,0.9646965085718096
0.023295822550588284,0.17919863500452526,0.22399829375565658,0.035839727000905056,-0.06012114204401822,0.9551287245741196
0.010543418280693736,0.8022166083136539,0.16961151147202969,0.03208866433254615,-0.03662691828814912,0.5702614061383917
0.020517797697675262,0.1723495006604722,0.11489966710698146,0.06565695263256084,-0.06902187145497958,0.9734463939685051
0.015290627510542856,0.04778321097044642,0.7836446599153213,0.004778321097044642,-0.00654629990295116,0.6191270645440742
0.018887791913126308,0.46108433199690696,0.5333023599000369,0.027776164578126924,0.013554768314125939,0.7082921967422366
0.018608405664547027,0.7571696097988101,0.12833383216928984,0.012833383216928984,0.005518354783279463,0.6400649879443331
0.0170424210850382,0.681696843401528,0.49464588027306,0.05819363297330118,-0.031175160521411345,0.5347579201439426
0.021558791792153694,0.0878321147087743,0.28745055722871593,0.06387790160638132,-0.06507561226150096,0.9491457704938184
0.01948463809759374,0.6662489155951408,0.1257073425651209,0.05028293702604836,-0.05361418160402406,0.7311139043587431
0.019798707403120085,0.07919482961248034,0.11087276145747246,0.05543638072873623,-0.07832368648674305,0.9858172390161553
0.013760593617005606,0.1957062203307464,0.8990254496443663,0.045868645390018684,0.020273941262388257,0.38826279367804484
0.018353855801274965,0.0797993730490216,0.28727774297647773,0.06383949843921727,-0.0691062570604527,0.949692338656406
0.01937145948701774,0.06918378388220621,0.657245946880959,0.027673513552882487,-0.05832192981269984,0.747461601063356
0.020760789909443397,0.3707283912400607,0.07414567824801215,0.11121851737201821,0.006673111042321093,0.9188132448493664
0.017577069877721212,0.5959055397568899,0.5787571789005765,0.060019262997096826,-0.0321103057034468,0.5522629613775724
0.022064845629987763,0.24712627105586296,0.22064845629987764,0.03530375300798042,-0.05904552690584726,0.9407567582801584
0.029749337941429026,0.42499054202041464,0.34849224445674,0.016999621680816587,0.018784581957302326,0.8345114283112862
0.02520813089743677,0.5177886346500525,0.32021139248095354,0.197577242169099,-0.05804683114761115,0.7657140085305185
0.029182810616821576,0.09727603538940525,0.24319008847351312,0.01945520707788105,0.01721785826392473,0.9642973388151742
0.027128291072509997,0.07105028614228809,0.42630171685372853,0.0645911692202619,-0.012078548644188974,0.8989798932076051
0.02134640557129699,0.07115468523765664,0.29884967799815787,0.0071154685237656634,-0.014515555788481955,0.9512669869422316
0.01965997103635092,0.07021418227268186,0.4985206941360412,0.07723560049995006,-0.011866196804083235,0.8602641612048982
0.02887870719751655,0.09626235732505517,0.2310296575801324,0.2214034218476269,0.04370311022557505,0.9410608052097394
0.015673673867485693,0.07836836933742847,0.03134734773497139,0.28996296654848536,-0.03189592632033339,0.9526458976657806
0.021491690361611072,0.07163896787203691,0.6447507108483321,0.22208080040331443,-0.02758100263073421,0.7270638849333025
0.022494882764530162,0.17863583371832775,0.34403938345752016,0.06616141989567695,-0.01389389817809216,0.9190482837708485
0.011200446312805219,0.5040200840762349,0.744500254909994,0.08235622288827367,-0.02035845829798125,0.4293724036503036
0.00542789597968879,0.082462265845272,0.9874595378433837,0.01565739224910228,0.013037388612752497,0.13296257497937655
0.005147444422815263,0.011438765384033918,0.9894532057189338,0.017158148076050875,0.01320033525317514,0.14267572063505504
0.02579796652789307,0.11650694560983967,0.5159593305578614,0.10818502092342255,-0.026047624268485583,0.8409304895624499
0.019988645942586866,0.13992052159810806,0.5330305584689831,0.09994322971293432,-0.0018656069546414409,0.8281962302211824
0.025383131087336856,0.14695496945300288,0.3139492529223243,0.06679771338772858,-0.030726948158355142,0.9347672011478737
0.020517664831452523,0.16949375295547736,0.24978026751333507,0.03568289535904787,-0.059679642488007556,0.9505923323650352
0.021814510705551744,0.09026694085055895,0.428767969040155,0.05265571549615939,-0.07589945276517832,0.8938683817726599
0.02495715857438214,0.2563167637368976,0.20910051778536384,0.06745177993076253,-0.016390782523175294,0.9408174264742757
0.01784110104297472,0.17127457001255728,0.4924143887861022,0.057091523337519094,-0.056306514891628204,0.8493791384539403
0.03005000462751832,0.07705129391671364,0.33902569323354004,0.08475642330838501,-0.009554360445672492,0.9332452719192357
0.01784110104297472,0.17127457001255728,0.4924143887861022,0.057091523337519094,-0.056306514891628204,0.8493791384539403
0.02355339141923547,0.6697995684845086,0.1398482615517106,0.014720869637022169,0.012954365280579508,0.7286094426844122
0.02299209357805132,0.07664031192683773,0.3525454348634536,0.08430434311952151,-0.009733319614708393,0.9284973789936392
0.02615412711877415,0.15384780658102443,0.36154234546540737,0.05384673230335855,-0.07692390329051221,0.9143944384143187
0.023584056087819542,0.15451622954088667,0.048794598802385264,0.1382513632734249,-0.030252651257478867,0.9762985977043918
0.03336515479169669,0.28482449212424005,0.4638570300309052,0.10579195421757488,-0.034504452760193656,0.8307923543132477
0.02305543798453666,0.07685145994845553,0.3458315697680499,0.08453660594330108,-0.009760135413453852,0.9309785858155902
0.024660192693617976,0.18495144520213483,0.5163227845226264,0.16183251455186798,-0.0580285159321698,0.8179477664064413
0.02006418528258171,0.04361779409256894,0.8330998671680667,0.030532455864798257,-0.03162290071711248,0.5492788810077207
0.007250013955546886,0.8990017304878138,0.37337571871066466,0.012687524422207051,-0.012578774212873848,0.22806731400661617
0.01957131737205378,0.11472841218100494,0.580390791033319,0.05398984102635526,-0.051897734686584,0.8024914995554879
0.02314260696402159,0.07232064676256747,0.3616032338128373,0.043392388057540476,-0.02538454701366118,0.9278738979637406
0.02696018088196835,0.38642925930821304,0.07189381568524893,0.17973453921312232,-0.0026061508185902735,0.9013687141538085
0.03102110178546383,0.08384081563638873,0.5030448938183324,0.2850587731637217,0.02833819568509939,0.8104891647569699
0.017434457106924865,0.18080177740514672,0.8943230775218864,0.048429047519235734,0.020178769799681553,0.4055125578944005
0.0301309681806995,0.07532742045174876,0.2711787136262955,0.03766371022587438,0.00964190981782384,0.9583154429871475
0.011005744254145836,0.7968158840001586,0.2685401598011584,0.030816083911608342,-0.03557056542939934,0.5391053765450796
0.026360264801751413,0.09061341025602047,0.23888989976587216,0.06590066200437852,-0.06771293020949894,0.9618201619539046
0.010428052783345064,0.5793362657413924,0.7183769695193266,0.07241703321767405,-0.017177320279232286,0.37769827845010073
0.02429731704149297,0.12148658520746485,0.6217254654734966,0.028585078872344672,-0.05817063550522141,0.7706537263984123
0.04042649513443734,0.10290380579674961,0.5953720192526227,0.029401087370499887,-0.059684207362114765,0.7930208291008083
0.009566444812123388,0.8609800330911048,0.33482556842431854,0.022321704561621237,-0.024234993524045914,0.381350378360612
0.040474765141948706,0.2257246517531755,0.10118691285487177,0.05448526076800787,-0.07814743115868557,0.9633772464651906
0.028803167170604643,0.12885627418428391,0.18191474002487143,0.04547868500621786,-0.02228455565304675,0.9730922635163747
0.021315326070862863,0.5088174610464038,0.30254011197353736,0.055007293086097704,-0.062227000303648035,0.8013875011480859
0.022078121200230345,0.05967059783846039,0.763783652332293,0.023868239135384155,-0.0488105490318606,0.6400268324153262
0.03497021456485192,0.09991489875671977,0.09991489875671977,0.2298042671404555,0.024379235296639625,0.9619806452296981
0.016475398664478322,0.8237699332239161,0.25889912187037367,0.01961356983866467,0.010355964874814947,0.5035980191775541
0.029405285036509098,0.15682818686138186,0.1764317102190546,0.2254405186132364,0.022642069478112006,0.9444977553726722
0.03297857930467946,0.19092861702709166,0.37317866055295185,0.1562143230221659,-0.04200429574596016,0.8927648560716781
0.017986093265302115,0.0856480631681053,0.15416651370258955,0.2826386084547475,-0.06183790160737203,0.9406726777753005
0.025393655216814304,0.0906916257743368,0.226729064435842,0.036276650309734725,-0.06130753902345168,0.9667727307544303
0.03287495865278028,0.09669105486111847,0.3287495865278028,0.08702194937500662,0.04312421046805884,0.9338422078486822
0.02261554929465688,0.09950841689649027,0.23520171266443157,0.03618487887145101,-0.06106198309557358,0.9639651731354549
0.02914622994953447,0.09108196859229521,0.209488527762279,0.036432787436918086,-0.06175357470557616,0.9704783753509055
0.01540416059389204,0.055014859263900144,0.7371991141362619,0.0385104014847301,-0.040931055292341714,0.6709062087232623
0.03177284213360467,0.07564962412763016,0.12860436101697129,0.0453897744765781,-0.0223166391176509,0.9870006459931907
0.026308767170630274,0.42662865682103146,0.26308767170630276,0.07821525375052243,0.004052972239799798,0.8613632581216625
0.024720471923475245,0.09044075093954358,0.5426445056372615,0.060293833959695724,-0.009647013433551316,0.8324769654815188
0.026573249362001408,0.06813653682564463,0.4973967188272059,0.04088192209538678,-0.025687474383268027,0.8630855119704406
0.019061565538199956,0.3267696949405707,0.38123131076399913,0.03403850988964278,0.006603470918590699,0.8638973809991338
0.022281200046479863,0.14482780030211911,0.6907172014408757,0.08355450017429948,0.007241390015105955,0.7031389704667883
0.03012012871289621,0.07926349661288477,0.05548444762901934,0.05548444762901934,-0.07593442975514361,0.9903973901779952
0.017341838363487235,0.05100540695143305,0.8007848891374988,0.14791568015915585,-0.048557147417764256,0.5758510444816791
0.027091607821828744,0.06020357293739721,0.5598932283177941,0.06020357293739721,-0.006803003741925885,0.8237052849294686
0.01891864490557243,0.049785907646243244,0.8115102946337649,0.14437913217410542,-0.04774468543274727,0.5616846100649162
0.015531122895390655,0.03697886403664442,0.8985863960904593,0.02588520482565109,-0.041194454536821884,0.4342428003823154
0.016345913957442764,0.07891130876006852,0.6932922126777449,0.08454783081435914,0.005918348157005139,0.7111036223693032
0.009097068207040935,0.13820545929927572,0.9569415979329597,0.01749436193661718,-0.009376977998026809,0.25433303383454053
0.023213712369647956,0.08333127517309523,0.6487934995619558,0.0892835091140306,0.012559213615373637,0.75063622229136
0.0349350734877622,0.07939789429036863,0.007939789429036863,0.05557852600325804,-0.07574559115301167,0.9917590975809946
0.010779215155435362,0.021998398276398698,0.9591301648509832,0.03299759741459805,0.01740073303663137,0.27942365490681625
0.023497644424401824,0.6355044742054129,0.4005280299613947,0.06408448479382314,-0.0005874411106100455,0.6565455467127181
0.02054842374561809,0.41096847491236177,0.38445437975672553,0.04639966652236343,-0.06104870409585246,0.8227986579172817
0.03609895570842319,0.34654997480086264,0.17327498740043132,0.10829686712526958,0.02729081051556793,0.9143865480943595
0.028496639122262718,0.08707306398469164,0.21372479341697037,0.09498879707420906,0.002295562595960052,0.9679358421861903
0.028534958209708364,0.6290661241685707,0.09079304884907205,0.05188174219946975,-0.055967429397677994,0.7677200801966535
0.02732693987799168,0.14013815322047016,0.4344282749834575,0.03503453830511754,0.00455448997966528,0.8886160295710012
0.018823905892098394,0.06491002031758067,0.5971721869217421,0.07140102234933873,-0.003699871158102098,0.7960564891748093
0.020202521576087547,0.06121976235178044,0.7040272670454751,0.1775373108201633,-0.05607730231423089,0.6822942514105931
0.027762251076079374,0.08165367963552757,0.0571575757448693,0.08981904759908033,0.007512138526468537,0.990540787658585
0.02372277622438622,0.41514858392675885,0.6573185912173681,0.07413367570120694,0.025156027287942886,0.6236124799985527
0.022686696123116485,0.06301860034199024,0.5734692631121111,0.018905580102597068,-0.016888984891653382,0.8160908744287735
0.021613183642946135,0.07452821945843495,0.2832072339420528,0.2757544119962093,-0.028469779833122152,0.9148338938522891
0.02226475502544983,0.09213002079496482,0.4145850935773417,0.061420013863309884,-0.06149678888063902,0.9008780533400977
0.021364942371533094,0.3323435480016259,0.14243294914355395,0.17408471561989927,-0.0692382391670054,0.9130743334263718
0.022708951699634886,0.43414172366949044,0.3473133789355924,0.046753724087483586,-0.058041408902890335,0.8275409163484595
0.03082255788682108,0.0770563947170527,0.11558459207557904,0.03852819735852635,0.010479669681519168,0.9890188261933713
0.02882401415670497,0.3251940058705176,0.05912618288554866,0.11086159291040373,0.03008044554302288,0.93633701372127
0.025694303845338214,0.09176537087620791,0.4221207060305564,0.018353074175241582,0.00440473780205798,0.9013194727461141
0.03225338540270414,0.1823017435805017,0.5258704141745241,0.0560928441786159,-0.05588249601294609,0.8263878268614588
0.007250828920083048,0.9037640332532085,0.2926227385604944,0.01812707230020762,-0.019447758996365604,0.31116414394184966
0.03265455881391351,0.06803033086231983,0.6803033086231982,0.14286369481087163,-0.04884577755914563,0.7132299887605611
0.01902646155280519,0.07317869828001995,0.43175431985211776,0.21953609484005987,-0.01778242368204485,0.8714119391184776
0.023194485953829495,0.16236140167680646,0.3479172893074424,0.05412046722560216,-0.07685106346035506,0.9182696989121097
0.02197107354414544,0.2903320432619219,0.1569362396010389,0.05492768386036361,-0.0742308413312914,0.9391849258924172
0.02896807186579818,0.0905252245806193,0.2353655839096102,0.03621008983224772,-0.061104526591918035,0.9646367931310793
0.025550443951484928,0.12388094037083602,0.3097023509270901,0.08516814650494976,-0.009755624054203337,0.9384755488968146
0.019939683504628363,0.4061787380572444,0.19939683504628364,0.0516954757527402,-0.06971504158655249,0.8873159159559622
0.020182998240238094,0.4036599648047619,0.3062248008863711,0.08351585478719212,0.0011135447304958948,0.8578470217557751
0.023426992964015014,0.1610605766276032,0.6076376300041394,0.22694899433889543,-0.02701425126162981,0.7430017237243386
0.030832668108967298,0.13874700649035285,0.3160348481169148,0.08478983729966007,-0.009481045443507445,0.9341527620314367
0.028573880677758068,0.07722670453448126,0.3320748294982694,0.08494937498792939,-0.009498884657741194,0.9357559788443094
0.02143987193357347,0.5399671449937021,0.20645802602700378,0.1588138661746183,-0.009449425037389787,0.8000248508546396
0.024880431032015794,0.06220107758003949,0.6717716378644265,0.04354075430602764,-0.058655616157977236,0.734097117599626
0.020042039286488737,0.0626313727702773,0.695208237750078,0.2066835301419151,-0.05467718842845209,0.6831203828054144
0.03276792736593807,0.09929674959375172,0.17873414926875308,0.019859349918750345,0.0261150451431567,0.9777750932496732
0.02549611232634621,0.48442613420057795,0.1699740821756414,0.2719585314810262,0.04300344279043727,0.812391125758478
0.007297220321537972,0.11255034733219582,0.9807958838948493,0.018552255054757553,0.013741036910557093,0.1574344363946726
0.01905684059532039,0.23821050744150488,0.48322702938133844,0.047642101488300975,-0.06166249135485812,0.8386371064840638
0.013822850922175355,0.7851379323795602,0.18799077254158483,0.1437576495906237,-0.02383059498983031,0.571657822737484
0.01793170055062918,0.2988616758438196,0.47817868135011143,0.046489594020149724,-0.06209681486977141,0.8220024359819901
0.025384206386762455,0.07692183753564381,0.13076712381059447,0.03846091876782191,0.010692135417454488,0.9872917847699882
0.033978168188491524,0.07722310951929891,0.09266773142315869,0.038611554759649454,0.010116227347028158,0.9913130568992402
0.021661788817641133,0.35446563519776403,0.6235969508108812,0.10502685487341157,-0.04161689124358933,0.687203839793591
0.020911787839861945,0.10843149250298786,0.32529447750896356,0.05421574625149393,-0.07063537225908922,0.934911818573976
0.011226503059010661,0.021589428959635885,0.9607295887037969,0.03238414343945383,0.01727154316770871,0.2739698534977794
0.02293220923484986,0.1299491856641492,0.10701697642929935,0.02293220923484986,-0.025607633645582342,0.984861945939352
0.02623592542693475,0.06904190901824935,0.26235925426934753,0.06904190901824935,-0.018779399252963826,0.9594754096266113
0.018522162160330473,0.07664342962895368,0.5812126746862321,0.03193476234539737,0.0017883466913422529,0.8092907473570601
0.02362044103692761,0.08381446819554958,0.42669183808643424,0.060955976869490607,-0.061032171840577465,0.8960528599815119
0.004627484500673918,0.26502865776586987,0.9557858895937403,0.00841360818304349,-0.003634678735074787,0.1269950019148584
0.021932689764929462,0.09031107550265073,0.5225140796939078,0.03870474664399317,-0.020900563187756314,0.8464083011930574
0.019566563691612384,0.1361152256807818,0.1616368304959284,0.28073765296661246,-0.061507067604503286,0.9340056642183148
0.016694749910545904,0.05564916636848635,0.7512637459745657,0.04451933309478908,-0.05459183220748511,0.6536551081642407
0.024058003874715118,0.06168718942234646,0.6230406131656993,0.09253078413351969,0.0024674875768938586,0.7738657913033363
0.02988674289258672,0.09509418193095774,0.71999880604868,0.13584883132993963,-0.00373584286157334,0.6731988836555158
0.020821593368810103,0.057837759357805836,0.6767017844863283,0.08675663903670876,0.004627020748624467,0.7285244168709223
0.015029938638431365,0.40669245727520165,0.7603380722971161,0.128196535445444,-0.04221644529324104,0.48789833162460877
0.029605449480696985,0.061678019751452054,0.6229479994896657,0.09251702962717809,0.0023437647505551783,0.7737507577819661
0.020022473983440786,0.20022473983440786,0.24471912646427627,0.03707865552489034,0.007341573793928288,0.9477304352161972
0.02206414446768548,0.09593106290298037,0.18226901951566268,0.19186212580596074,0.0006715174403208626,0.9593106290298037
0.02605495526858733,0.06856567175944034,0.44567686643636223,0.04113940305566421,-0.022832368695893637,0.8909423388421678
0.019957814932842485,0.10378063765078092,0.31134191295234276,0.23151065322097283,-0.06282720140858815,0.9134292738463349
0.01969738729670579,0.08207244706960745,0.08207244706960745,0.13952316001833268,-0.037260890969601786,0.9824892638702708
0.020244413660541045,0.0824772408392413,0.2699255154738806,0.03748965492692786,-0.004423779281377487,0.9583855385519837
0.020796062759948424,0.07427165271410152,0.05199015689987106,0.007427165271410152,-0.007130078660553745,0.9956115046325309
0.018121546354807137,0.10067525752670632,0.17114793779540075,0.020135051505341263,0.009161448434930275,0.9796709309923792
0.029690990598420935,0.0957773890271643,0.30648764488692576,0.2202879947624779,0.04740980756844633,0.9193671572717501
0.02180605914474508,0.42885249651331986,0.15264241401321554,0.07995555019739863,-0.021006503642771093,0.8862709305062558
0.03588402619041113,0.15283937081101034,0.498389252644599,0.0332259501763066,0.01807491689591079,0.851780458719796
0.0155373936310517,0.6709329067954143,0.24718580776673157,0.16243638796099505,0.03319352275724682,0.6789841016769593
0.018530483895822465,0.07721034956592694,0.39377278278622746,0.06176827965274156,-0.06686416272409273,0.9112365455770698
0.02078386548781126,0.46956140546536546,0.45416594954846823,0.015395455916897227,0.01531847863731274,0.7565327037563297
0.025929734592622017,0.16118483665683955,0.1261446547749179,0.07008036376384329,-0.018431135669890783,0.975798985047754
0.02470771976937805,0.3047285438223293,0.4365030492590122,0.15648222520606098,-0.016060017850095733,0.8314147702395713
0.020103363241337574,0.10889321755724521,0.15077522431003182,0.24291563916616238,-0.06717873883146973,0.9494650930856726
0.01643743424941217,0.042147267306185045,0.8893073401605045,0.0885092613429886,-0.03671026982368718,0.44486440641678315
0.019180847745326867,0.042624106100726374,0.8865814068951086,0.08951062281152539,-0.03699772409543049,0.44989743989316683
0.019457148158751814,0.16463740749713074,0.5762309262399576,0.029934074090387407,-0.05747342225354382,0.7976682393235984
0.022945544659243183,0.06373762405345328,0.6182549533184969,0.07011138645879861,-0.004716584179955543,0.7798935679180543
0.020195268765470308,0.7012246099121634,0.2580506564476761,0.04487837503437846,-0.047683273474027114,0.6610584642563947
0.015542693628342912,0.8905543376239723,0.1260218402298074,0.07981383214554469,-0.0085274778555503,0.4293564096629538
0.015912896651599964,0.5707886842421727,0.6814870957315637,0.08648313397608677,-0.024699583063570382,0.4488128720822999
0.026087138743613254,0.08967453943117056,0.22011023314923683,0.06521784685903313,-0.06750047149909928,0.9664469681422972
0.03420424292057539,0.07125883941786539,0.4560565722743385,0.10688825912679809,0.010403790555008346,0.8799041491318019
0.024094273520248222,0.41810651108666036,0.09212516345977262,0.035432755176835626,-0.004889720214403316,0.9026848708850643
0.028858170706485088,0.0901817834577659,0.45992709563460604,0.20741810195286156,0.05582252396035709,0.8563662157149449
0.009683461879383425,0.2310826130307408,0.93093281249527,0.0330118018615344,0.017078105496367128,0.28016015846488856
0.01620649289218917,0.05588445824892817,0.704144173936495,0.027942229124464084,0.0097238957353135,0.7070501657654392
0.02390893567247122,0.10985186660324615,0.41355996838869136,0.06461874506073303,-0.012536036541782208,0.901108399871922
0.020684801625799054,0.07661037639184834,0.137898677505327,0.0229831129175545,-0.025511255338485497,0.9866650375506147
0.026661675358793952,0.08079295563270894,0.2827753447144813,0.23429957133485593,-0.06382643494984007,0.9240290335712923
0.02238735247131297,0.0746245082377099,0.4253596969549464,0.08208695906148089,-0.008283320414385799,0.8978820831161254
0.008166949517900464,0.9092537129929182,0.23956385252508025,0.019056215541767747,-0.020417373794751156,0.33914619031334653
0.02130944105949956,0.08195938869038291,0.09015532755942121,0.13933096077365095,-0.029833217483299382,0.982037395288168
0.00631494388584087,0.9409266389902896,0.003157471942920435,0.01262988777168174,-0.021818131125580207,0.3375969001370529
0.02428467346064337,0.44406260042319307,0.09713869384257348,0.034692390658061956,0.01491772798296664,0.8895822812540247
0.02851768167994953,0.09505893893316511,0.31369449847944486,0.21863555954627975,0.04211110994739214,0.917698996460776
0.024718853344489845,0.15072471551518202,0.6511307710255863,0.04220292034425096,-0.05685336269232665,0.7400583531795436
0.03949663523494527,0.09633325667059822,0.3371663983470938,0.0866999310035384,0.04248296619173381,0.9306755926946494
0.031178103854355693,0.07250721826594347,0.36978681315631173,0.03625360913297174,-0.001377637147052926,0.9250470906369068
0.03301836989519354,0.0717790649895512,0.40196276394148667,0.0358895324947756,-0.004737418289310379,0.9115223463023105
0.027605132993624104,0.18929234052770816,0.19717952138302933,0.0867589894085329,0.00591538564149088,0.9575826276445436
0.01685244316466831,0.34115921528474874,0.7645254703971478,0.10275879978456287,-0.026799494983813996,0.5362365207957629
0.01764001750848365,0.6581083455088129,0.18996941932213157,0.027138488474590224,-0.04851004814833003,0.7262259515800344
0.025272131400794498,0.26061885507069327,0.197438526568707,0.055282787439237965,-0.07755385323618812,0.9398863618776729
0.020696783370012642,0.08278713348005057,0.016557426696010114,0.09106584682805562,-0.0033114853392020227,0.9920382204914459
0.023186847354537066,0.06266715501226235,0.5765378261128136,0.037600293007357406,-0.016669463233261784,0.8132943377491407
0.019700848390923186,0.7238916385502008,0.2611507809959585,0.045815926490519035,-0.020662982847224086,0.6362915871003284
0.018637432571344547,0.14401652441493512,0.1779027654537434,0.27956148857016816,-0.06099523386985488,0.9302620321178839
0.027784475144606184,0.3473059393075773,0.41676712716909275,0.076407306647667,0.001805990884399402,0.8361043182890616
0.019101495282425367,0.044422082052152013,0.8795572246326099,0.017768832820860805,-0.03873605554947656,0.47140713473743723
0.019285628262475697,0.139654549486893,0.551967981305339,0.07980259970679598,-0.0013300433284466,0.8179766469946589
0.026315468235310373,0.07309852287586215,0.46052069411793156,0.08040837516344837,-0.013742522300662084,0.8804717080397596
0.0357130943996663,0.0939818273675429,0.3759273094701716,0.21615820294534865,0.05798678748577397,0.8935792146105979
0.027067055702171997,0.13186514316442768,0.34701353464323076,0.006940270692864616,-0.02540139073588449,0.9277753862221418
0.02828921390349335,0.0725364459063932,0.13056560263150777,0.0725364459063932,-0.0245173187163609,0.9854076176383516
0.017454562131963725,0.06876039627743286,0.7246287915391001,0.00528926125211022,-0.00555372431471573,0.6854353656609634
0.023494764329617838,0.08101642872282014,0.10532135733966617,0.13772792882879423,-0.020173090751982217,0.9810279354046291
0.02605284836108038,0.23819747072987776,0.17120443208709965,0.0372183548015434,0.010123392506019806,0.9548741107883976
0.023345783929661322,0.12570806731356096,0.2514161346271219,0.03591659066101742,-0.06042966378716181,0.9568179752095041
0.025451738240560167,0.09998897165934352,0.21815775634765858,0.036359626057943094,-0.06162956616821355,0.9678023465973004
0.02449588413788527,0.09072549680698247,0.2268137420174562,0.03629019872279299,-0.061330435841520155,0.9667708939752053
0.027340888176353526,0.18227258784235684,0.5207788224067338,0.0976460292012626,0.022328392010688713,0.8275175488043001
0.02541064679079512,0.7392188157322216,0.3187881142845206,0.023100587991631925,0.012289512811548185,0.5921142714015095
0.020765214246856716,0.2325703995647952,0.39869211353964895,0.033224342794970746,-0.061548095027683304,0.8840997617741715
0.025524494887123068,0.21385387608130135,0.12417321836978788,0.06898512131654883,-0.02041959590969845,0.9659296686743167
0.013884431587627331,0.8108508047174362,0.09996790743091678,0.10552168006596772,-0.012995827966019181,0.5665958842278961
0.020692711531968486,0.5884489841903537,0.3168571453332674,0.18752769825846438,-0.0555469975186279,0.7173904429239324
0.010125830533269512,0.8320791177338861,0.13207605043395015,0.05283042017358007,0.0011886844539055516,0.5360086380111144
0.024800835711813688,0.05904960883765163,0.649545697214168,0.08857441325647746,0.019427321307587387,0.7521739173740065
0.013046713773083666,0.8998887192203862,0.14050307140243948,0.023417178567073246,-0.0265617711175088,0.4111387494133289
0.022664238617682367,0.07082574568025739,0.38245902667338993,0.007082574568025739,-0.0011332119308841183,0.9209471710803868
0.02823864436933126,0.09109240119139116,0.20951252274019966,0.036436960476556465,-0.06176064800776321,0.9704984422930815
0.029496175258527574,0.06554705613006127,0.5505952714925147,0.03277352806503064,-0.005833687995575453,0.8310055776169168
0.02524908543862304,0.3219258393424438,0.49235716605314933,0.09468407039483641,0.021777336190812374,0.8024159352394403
0.021684995038844204,0.0903541459951842,0.24395619418699732,0.03614165839807368,-0.06089869440075415,0.9627234255786875
0.006928821051534258,0.15164966829773094,0.9739569213949099,0.019609870900568656,0.013936081586670791,0.16668390265483357
0.00931234809175544,0.0465617404587772,0.9680961870387426,0.02910108778673575,0.016257807710189708,0.2437701120268898
0.031377253376294455,0.08715903715637348,0.5142383192226035,0.200465785459659,0.054038603036951564,0.8269649445396716
0.007892992648555064,0.961656451262729,0.19490859397452298,0.012886518609885817,-0.012000570455456166,0.19197691099077396
0.026227129558343682,0.15874315258997493,0.6556782389585921,0.02760750479825651,-0.0541797281665784,0.7351878527775708
0.02299746945759751,0.09342721967148988,0.3665221694804603,0.035933546027496106,0.016816899540868176,0.9245701392874749
0.039666294438187547,0.09224719636787802,0.4151123836554511,0.21216855164611945,0.05747000333718801,0.8770863430657843
0.022663526147175737,0.10912068144936464,0.26860475433689757,0.27699865290992565,-0.05993243581142027,0.9138437376455638
0.020179766988735998,0.32287627181977596,0.4372282847559466,0.04708612297371732,-0.06047203507624554,0.8356441510035577
0.023375993283899832,0.07083634328454494,0.10625451492681742,0.07083634328454494,-0.0308846456720616,0.9885211705358248
0.02641518892749285,0.33752741407351977,0.0880506297583095,0.11006328719788687,0.028616454671450586,0.9298880257725469
0.023171751854125514,0.07723917284708504,0.10813484198591906,0.03861958642354252,0.01622022629788786,0.9899744783810889
0.02343856544606753,0.07812855148689177,0.28907564050149953,0.132818537527716,-0.019063366562801592,0.9443398018220608
0.017404439652627307,0.6315325245381909,0.4326246427938788,0.06961775861050923,-0.03784222450185538,0.6382953925174976
0.019353138329996477,0.15349040744479964,0.5272061820930074,0.10010243963791281,-0.0018018439134824306,0.8295155497995041
0.014575922586789443,0.5799356433467289,0.7039860483406816,0.07753150312122044,-0.021491732665202306,0.4017372365729158
0.030167692285500987,0.058014792856732667,0.5743464492816533,0.058014792856732667,-0.012763254428481188,0.8138315141942458
0.01828507075210776,0.05714084610033674,0.6856901532040409,0.08571126915050511,0.00508553530292997,0.720317505940845
0.01943063977069396,0.22761606588527208,0.6717449749297054,0.08327417044583126,0.0047188696585971045,0.6997250961995047
0.023346651104349005,0.10005707616149573,0.4869444373192792,0.04002283046459829,-0.019411072775330173,0.8662274606887892
0.01093873066007632,0.022323940122604736,0.9576970312597431,0.0334859101839071,0.017434997235754295,0.28420608170088085
0.022385485852430026,0.08665349362230977,0.43326746811154887,0.0505478712796807,-0.0686728936956805,0.8927476180438465
0.023468968055263415,0.06519157793128727,0.5867242013815854,0.071710735724416,-0.003455153630358225,0.803616581158978
0.02912969490979693,0.07872890516161332,0.19682226290403332,0.08660179567777465,-0.010864588912302638,0.9729318099872174
0.022411798586938637,0.06591705466746658,0.5734783756069592,0.07250876013421324,-0.0038231891707130616,0.8130209522685329
0.02505363814289937,0.06593062669184045,0.5735964522190119,0.0725236893610245,-0.0036921150947430655,0.812858696483701
0.0163521021495217,0.40880255373804253,0.7856118641400643,0.021328828890680482,-0.018093956508927273,0.46329771155373123
0.014049140976784615,0.7024570488392308,0.3462109740707638,0.060210604186219784,-0.0003010530209310989,0.6187643090203853
0.034626847734425426,0.11291363391660465,0.1279687851054853,0.04516545356664186,-0.02356131161059817,0.983402475657682
0.028950164519965804,0.06579582845446773,0.5855828732447628,0.07237541129991451,-0.0044083205064493385,0.8041566153705046
0.02342395318751994,0.10735978544279973,0.2342395318751994,0.22447955138039943,0.047043105984935885,0.9383245247700697
0.022893223283772336,0.07631074427924113,0.1831457862701787,0.038155372139620565,0.009080978569229693,0.9790668491026637
0.02233463558956558,0.10422829941797271,0.4392478332614564,0.05955902823884155,-0.06186694058309666,0.8878762134705304
0.02202062149318352,0.11010310746591759,0.46243305135685386,0.05872165731515605,-0.06048330703461073,0.8754665084973327
0.016327581690963384,0.0907087871720188,0.226771967930047,0.03628351486880752,-0.0613191401282847,0.9669556712537203
0.020047841528241094,0.09112655240109586,0.2095910705225205,0.03645062096043835,-0.061783802527943,0.9706800361764731
0.026592903908241046,0.07500562640785936,0.5045833049255993,0.04773085316863778,-0.06150461365444468,0.8561551319791656
0.021906976013441572,0.17850128603544985,0.5355038581063496,0.2920930135125543,0.03626821584447549,0.7708821448285496
0.027156036583853946,0.09364150546156533,0.29965281747700906,0.18728301092313066,-0.01704275399400489,0.9302347152551901
0.02885194736560104,0.34972057412849744,0.2885194736560104,0.17486028706424872,-0.017923179424085493,0.8733397037423902
0.02720983519426203,0.08002892704194715,0.3121128154635939,0.23208388842164673,-0.0629827655820124,0.9152108096517076
0.017329756314996732,0.3639248826149314,0.5718819583948922,0.02888292719166122,0.012246361129264359,0.7343195409207949
0.01604117838933285,0.2026254112336781,0.13508360748911874,0.2786099404463074,-0.061463041407549025,0.9268424018847159
0.01536642341284131,0.14512733223239016,0.12805352844034426,0.28171776256875736,-0.06189253874616639,0.9376079352402006
0.010494413881396325,0.02232854017318367,0.9578943734295794,0.033492810259775505,0.017527904035949178,0.2835501316592594
0.03399540463085543,0.09712972751672981,0.2428243187918245,0.22339837328847856,0.0505074583086995,0.9370104813538924
0.024092638743825757,0.09369359511487795,0.5019299738297033,0.03346199825531355,0.0182702510474012,0.8586348752313457
0.013333665935807641,0.27451665161956906,0.06274666322733008,0.1333366593580764,-0.02062796553598476,0.9499060479327431
0.032597711090439,0.11469565013302611,0.7847597114364945,0.12073226329792222,-0.0021128146077136387,0.5961155500334909
0.031438877237300905,0.09824649136656532,0.06877254395659572,0.31438877237300905,0.05197239393291306,0.9397276899211974
0.021391856425030963,0.7181551799831822,0.2342917608455772,0.07130618808343654,-0.039676800369283616,0.6498031054060596
0.024985137394585157,0.13273354240873364,0.3201220728681223,0.08588640979388647,-0.005465498805065502,0.9337414315682621
0.02096238225401487,0.1397492150267658,0.6579858874176889,0.08734325939172861,0.007336833788905204,0.7344403538052486
0.024819393431026286,0.22563084937296624,0.5941612366821445,0.15042056624864417,-0.01549331832361035,0.7566906585138045
0.021142609443332717,0.0919243888840553,0.16546389999129954,0.03676975555362212,-0.06278435760780977,0.978994741615189
0.016973390391012675,0.16124720871462042,0.15276051351911407,0.2800609414517091,-0.061443673215465885,0.9317542655146409
0.02579991811314519,0.06292662954425657,0.5978029806704374,0.031463314772128284,-0.007425342286222274,0.798098442509806
0.016579904176127504,0.8197841509307489,0.14277139707220907,0.03223870256469237,-0.037811392579446344,0.552110809065046
0.011274622856179663,0.14215828818661316,0.9387349030253938,0.036765074531020646,0.01823547696738624,0.31105704058212197
0.023734540256421202,0.07192284926188243,0.6688824981355066,0.09349970404044716,-0.03301258781120404,0.73282191112932
0.024468295737702393,0.07196557569912469,0.24468295737702395,0.007196557569912469,-0.006620832964319472,0.9665696472149437
0.034842549683322316,0.08498182849590809,0.22945093693895183,0.2804400340364967,-0.060422080060590654,0.9255370941489349
0.020313592673259544,0.059745860803704545,0.7109757435640841,0.13144089376815,-0.05825221428361193,0.6854642610009023
0.022008775718293405,0.06543149537871012,0.7137981314041104,0.13086299075742025,-0.05787713182134996,0.6820935977342445
0.02023115139746053,0.4581760757660179,0.4879277689975775,0.08925507969467882,-0.0021421219126722913,0.7373064616645101
0.01683152208906173,0.6881122265822296,0.39108536618702255,0.059405372079041396,-0.0005445492440578794,0.6080634877057213
0.027031340077614267,0.11713580700299515,0.2432820606985284,0.03604178677015235,-0.06073041070770672,0.9598828861560825
0.009733238842968566,0.02027758092285118,0.9652128519277162,0.03041637138427677,0.016708726680429373,0.2581741603097412
0.009100940124382874,0.018201880248765748,0.9719804052840909,0.027302820373148618,0.015908443337421262,0.23203756941126574
0.008998871748224967,0.018365044384132584,0.9715108479206137,0.027547566576198876,0.015995953658579483,0.233952300409465
0.03591850116467706,0.10859081747460508,0.284006753395121,0.2756536135893821,-0.0596414182129754,0.909239267854674
0.02783033035596616,0.07521710907017881,0.2632598817456258,0.11282566360526822,0.03204248846389617,0.9542042456642883
0.018689995160900523,0.06029030697064685,0.5245256706446275,0.06029030697064685,-0.014891705821749772,0.8467773614027349
0.02297038025554281,0.07920820777773384,0.2930703687776152,0.055445745444413684,-0.06962401463662804,0.9483598717228072
0.029610065538954584,0.10692523666844711,0.5264011651369703,0.10692523666844711,-0.023523552067058362,0.8358263500190458
0.028145117601317486,0.09705212965971546,0.05823127779582928,0.19410425931943093,-0.003979137316048334,0.9740151732649044
0.01973623009718438,0.4902224895107088,0.36289197275468055,0.04456568086460989,-0.055579770564006335,0.7890035470787291
0.018289936208521027,0.09144968104260513,0.11888458535538668,0.03657987241704205,-0.0658437703506757,0.9856446622771982
0.016061215267417987,0.1284897221393439,0.07227546870338095,0.2409182290112698,-0.02377059859577862,0.9588545514648539
0.01837281304521992,0.08846169243994777,0.4967464267781682,0.03402372786151837,0.0036745626090439842,0.8625015012894907
0.01325521724153516,0.42175691223066414,0.5181584921691016,0.07230118495382813,-0.001205019749230469,0.7404243849146617
0.01646927763434082,0.5960310000999536,0.06274010527367932,0.15685026318419829,-0.005097633553486445,0.7848002918421362
0.01746681679624144,0.14291031924197542,0.27788117630384107,0.06351569744087797,-0.06804119088354052,0.9451929725420651
0.018389062473318965,0.1273088940460544,0.5375264415277852,0.155599759389622,-0.06697862370089638,0.8159792836718497
0.018535740007480615,0.05979270970155037,0.5381343873139534,0.05979270970155037,-0.013453359682848835,0.8382937900157362
0.020269368514415336,0.0945903864006049,0.5067342128603833,0.03378228085735889,0.005202471252033269,0.8559754323637596
0.024773298608708874,0.06488244873709467,0.6606212962322366,0.02949202215322485,0.0096143992219513,0.7468559690082661
0.017559492267301087,0.5788128932554802,0.6926244172102095,0.08129394568194948,-0.022567199321309173,0.4216879550414083
0.011061297151846642,0.023534674791163068,0.9531543290421043,0.03530201218674461,0.017980491540448583,0.298749161799024
0.010825978286778877,0.023534735406041035,0.953156783944662,0.03530210310906155,0.01798053785021535,0.2987499312442849
0.027266789241121775,0.07790511211749078,0.59207885209293,0.10127664575273802,-0.03435615444381344,0.794476333374171
0.019880589225143352,0.6346495791103455,0.5811249158118825,0.09557975589011226,-0.02595946169975449,0.49930864476994646
0.017218308401024063,0.1377464672081925,0.025827462601536094,0.28410208861689706,-0.06319119183175831,0.9462321381782773
0.02668885677403065,0.4041455454353212,0.5109009725314438,0.17538391594362998,0.015098267546451624,0.7375274934812126
0.02335611295929984,0.12808190977680556,0.21849266961925656,0.03767114993435458,0.008815049084638971,0.9663403381160636
0.013338814400106177,0.23009454840183155,0.870357639606928,0.020008221600159266,-0.0181407875841444,0.43431179686745713
0.010717741755839668,0.02232862865799931,0.9578981694281704,0.033492942986998966,0.01752797349652946,0.28352892669927526
0.02663400581343833,0.5447864825476022,0.3268718895285613,0.03026591569708901,0.010895729650952044,0.7711150001304338
0.04323268336874403,0.1323449490879919,0.2558669015701177,0.1852829287231887,-0.06326088566406013,0.9363846297805721
0.027020049269672625,0.1146305120531566,0.1719457680797349,0.06550314974466091,-0.06820515467162817,0.973458684142842
0.008887701264503157,0.01813816584592481,0.9722056893415698,0.027207248768887214,0.015907171446876058,0.23111650920877394
0.01619824417742852,0.6845064474977858,0.33441536366304037,0.06270288068682008,0.0,0.644533361059938
0.020175356450684707,0.7091943479634625,0.0917061656849305,0.17118484261187025,-0.04946019202607251,0.675629891322778
0.020296728214182276,0.09225785551901035,0.11993521217471345,0.036903142207604135,-0.0642114674412312,0.9854984126540685
0.010355088611315533,0.07965452777935025,0.2150672250042457,0.13541269722489543,-0.02166603155598327,0.9635808225468
0.01019175588926816,0.021232824769308666,0.9618469620496826,0.031849237153963,0.017071191114524164,0.27016646236468345
0.021901292931822268,0.21090133934347366,0.09733907969698785,0.05678112982324291,-0.07965581355203506,0.9674693362883117
0.02183132128134163,0.1819276773445136,0.15463852574283657,0.03638553546890272,-0.06258312100651268,0.9681281349888292
0.02036224481290089,0.09255565824045858,0.12032235571259615,0.03702226329618343,-0.06386340418591642,0.9854400932861626
0.01863477082146724,0.06211590273822413,0.5901010760131292,0.01863477082146724,-0.016336482420152947,0.8043388245572642
0.019906296303075017,0.13572474752096603,0.21715959603354562,0.03619326600559094,-0.061257102714462656,0.9638266737288866
0.03273328105312563,0.6001101526406366,0.25459218596875494,0.09092578070312676,0.0,0.7521380579762645
0.031976710835348914,0.14872888760627404,0.572606217284155,0.029745777521254804,-0.06053265725575353,0.8027641708548641
0.02827599741662947,0.09189699160404578,0.7210379341240515,0.014137998708314736,0.00042413996124944205,0.6860463873209726
0.018715203290328688,0.06453518375975409,0.600177208965713,0.0774422205117049,-0.0018069851452731148,0.7932664787748973
0.02096197134090169,0.0537486444638505,0.6718580557981312,0.0537486444638505,-0.0032249186678310294,0.7364639264436795
0.02497056765197697,0.10144293108615644,0.33554200282344054,0.08583632630367084,-0.004447882363008398,0.9322605366817778
0.02349316248953771,0.09035831726745273,0.24396745662212238,0.03614332690698109,-0.06090150583826314,0.9626775121674415
0.023495206234642723,0.09036617782554893,0.24398868012898212,0.03614647113021957,-0.06090680385441998,0.9626708923755728
0.018891850702455935,0.7615777314427549,0.12988147357938454,0.15349628695745446,-0.027983553853012856,0.6151658884987213
0.02607831154914888,0.21607743855009073,0.186273653922492,0.037254730784498404,0.016392081545179297,0.9572230527769019
0.031262683344228416,0.12157710189422163,0.3299949908557444,0.18236565284133244,-0.060614869372976214,0.9156492588376235
0.02100390525158638,0.5484353037914221,0.38507159627908366,0.029172090627203304,0.009451757363213872,0.7413211670184904
0.008870292962853523,0.20818034504656227,0.950388531734306,0.0271539580495516,0.01578550094613933,0.2288173531642215
0.027058332253220206,0.09663690090435789,0.11596428108522946,0.19327380180871578,-0.004541934342504821,0.969074842268901
0.022058733195886093,0.207218402749233,0.26069411958774474,0.06684464604813968,-0.024531985099667263,0.9399694127289402
0.02425815434742177,0.07825211079813474,0.19563027699533683,0.05477647755869431,-0.0779391023549422,0.9725954851100166
0.01684807146416072,0.7063229959975071,0.08424035732080361,0.1360805772105289,-0.04445298855543944,0.6879197179366546
0.02969591823878232,0.12503544521592555,0.32040332836580926,0.08596186858594883,-0.0055484478814566964,0.9345618058357836
0.02969591823878232,0.12503544521592555,0.32040332836580926,0.08596186858594883,-0.0055484478814566964,0.9345618058357836
0.02343901719589633,0.08681117479961603,0.08681117479961603,0.2430712894389249,-0.06910169514049437,0.9594371038853564
0.025744096984258582,0.07801241510381389,0.2106335207802975,0.054608690572669726,-0.07777837785850245,0.9694602824950952
0.020104943790434746,0.08377059912681145,0.28482003703115893,0.27644297711847776,-0.05981220777654337,0.9118429714953425
0.024253397545424202,0.10105582310593418,0.020211164621186835,0.020211164621186835,0.027891407177237832,0.9937829644237568
0.020513644143670656,0.08205457657468263,0.10667094954708742,0.13949278017696048,-0.029129374684012332,0.9803880809143081
0.018174833274731385,0.60742205944497,0.49741648962422735,0.01434855258531425,-0.019896659584969095,0.6186139304615151
0.01640095829231644,0.07454981041962017,0.4100239573079109,0.12673467771335428,-0.01796650431112846,0.8998162117648155
0.030981602145362844,0.22129715818116316,0.3629273394171076,0.17703772654493052,-0.012481159721417601,0.8870475288533743
0.024393801211448626,0.08655864945997899,0.3541035659726413,0.2282000758490355,-0.06153533079791233,0.900367333746436
0.02311678426457928,0.06421328962383133,0.6100262514263977,0.07063461858621446,-0.012971084504013929,0.786163304864567
0.027141557786667186,0.06619892143089558,0.5759306164487915,0.07281881357398513,-0.012511596150439263,0.8110029864499018
0.025076195481115744,0.061161452392965235,0.6054983786903558,0.01834843571788957,-0.016452430693707647,0.7927135844652226
0.009279448497388413,0.019332184369559195,0.9685424369149156,0.02899827655433879,0.016413024529755755,0.24567339896835821
0.022973253994789042,0.044179334605363545,0.8526611578835164,0.035343467684290836,-0.046344122001026354,0.5168098562135427
0.022776275611026436,0.09110510244410575,0.20954173562144324,0.0364420409776423,-0.0617692594571037,0.9706337614395028
0.010259465395960968,0.020518930791921935,0.9643897472203309,0.030778396187882903,0.016805004318584064,0.26114443218879047
0.01684802742889062,0.11056518000209467,0.7371012000139645,0.02632504285764159,0.010161466543049653,0.6658656340411864
0.010516883235820989,0.026851616772308906,0.9577076648790177,0.03356452096538613,0.017565432638552075,0.28377683658868463
0.025127554228076377,0.08974126510027278,0.2692237953008183,0.03589650604010911,-0.059857423821881944,0.9560136971132059
0.020225250632291962,0.057045578706464505,0.7467784848846263,0.07778942550881524,0.014002096591586743,0.6575799436345181
0.020824417234869375,0.06124828598490993,0.6982304602279732,0.1776200293562388,-0.05604218167619259,0.688185741326448
0.022131086035095247,0.07903959298248303,0.2371187789474491,0.08694355228073133,-0.023474759115797463,0.963808796828398
0.015123444631580557,0.03600820150376323,0.8786001166918228,0.09002050375940808,-0.023549363783461154,0.46677431609328274
0.02303288108422098,0.14502184386361355,0.13649114716575395,0.2815129910293675,-0.06201816499343944,0.9363292695570721
0.018320602364787268,0.06317449091305956,0.6191100109479836,0.06949194000436551,-0.003095550054739918,0.7794468688853288
0.011415893575528488,0.43847409415098054,0.835435848027312,0.03891781900748348,0.0179021967434424,0.32836261157247393
0.02401156938560008,0.5374017910110493,0.42877802474285853,0.0857556049485717,0.016465076150125768,0.7205185927778995
0.022728553177157156,0.054115602802755125,0.7251490775569187,0.08117340420413269,0.0027598957429405117,0.6812613236838843
0.02077723500558882,0.924228729558951,0.0788102017453369,0.08597476554036752,-0.0017911409487576567,0.36299262467522675
0.02575594875055463,0.15189405673404013,0.6009721375129414,0.04622862596253395,-0.06267280862634961,0.7804052471418054
0.025002048147075056,0.19287294284886472,0.13572540422697887,0.0714344232773573,-0.02535922026346184,0.9685079107944105
0.022126903043559343,0.08195149275392348,0.11473208985549288,0.13931753768166993,-0.028846925449381066,0.9794842413948934
0.024629066900278343,0.17912048654747886,0.4328745091564073,0.05970682884915963,-0.06052779774583557,0.8790337877317526
0.016918958622625848,0.8409717668305201,0.04478547870695078,0.10449945031621848,-0.03179768988193505,0.527771985739911
0.030714567857431353,0.06980583603961671,0.20243692451488846,0.06980583603961671,-0.029597674480797486,0.9733725777364154
0.02297041121308025,0.08203718290385804,0.10664833777501546,0.1394632109365587,-0.02904116274796575,0.9803443357011037
0.028916070527967734,0.6219683094694947,0.34917519128111985,0.027279311818837488,0.014294359393070843,0.6996052309059061
0.036548436140315416,0.2558390529822079,0.2192906168418925,0.10233562119288316,-0.057673432229417725,0.9334470590236557
0.017784325936487124,0.5450035367633151,0.4474765880793535,0.06884255201220822,-0.0008605319001526027,0.7054640517451037
0.02028017896468306,0.07374610532612022,0.49164070217413475,0.06145508777176684,-0.016101232996202915,0.8651032705631619
0.027113407460252478,0.10651695787956332,0.26145071479529175,0.22271727556635965,0.050547138193756405,0.9313455462596728
0.018286603906029424,0.196411671583279,0.37250489438208084,0.006772816261492379,-0.00982058357916395,0.9067446410885998
0.028695463637681776,0.5420254242673225,0.3507223333494439,0.05101415757810093,-0.056306876426828904,0.7593457355500324
0.010491860290601559,0.021858042272086584,0.959568055744601,0.032787063408129875,0.017311569479492573,0.27796872357412505
0.018739028146893134,0.13385020104923667,0.722791085665878,0.026770040209847336,0.009797834716804125,0.6771213970678784
0.0072427244073062355,0.19262564913048497,0.9615872404593809,0.023115077895658198,0.014654959385847295,0.19350402209051998
0.0072427244073062355,0.19262564913048497,0.9615872404593809,0.023115077895658198,0.014654959385847295,0.19350402209051998
0.01790314084530298,0.8626058770918706,0.07730901728653558,0.0488267477599172,0.0017496251280637,0.49721904802182354
0.01920345490627396,0.05648074972433518,0.6947132216093227,0.08472112458650277,0.00446197922822248,0.7117704080260718
0.030867108519700898,0.5487485959057937,0.21149685467202464,0.057161312073520175,-0.02052091103439374,0.805917338924561
0.023009685439002975,0.08367158341455627,0.6484547714628112,0.14642527097547348,-0.05410762394141306,0.7400054289822381
0.031441570736431716,0.11353900543711452,0.4978248699935022,0.017467539298017618,0.012751303687552862,0.8589662449800164
0.010919565081494442,0.02228482669692743,0.9582475479678795,0.033427240045391146,0.01753815861048189,0.28234875425007055
0.008010423727249534,0.976923415431954,0.029603739861574364,0.01915536108690106,0.0017065685331966397,0.2105000043804182
0.023403455330634246,0.06883369214892426,0.49560258347225467,0.10325053822338638,0.0010325053822338639,0.8593198127871705
0.0248915396266154,0.153586095568478,0.725561899754534,0.026480361304909997,0.00985069440542652,0.6697412981237837
0.03185389865633359,0.15926949328166795,0.29464856257108574,0.06370779731266718,-0.06601720496525136,0.9372213332159751
0.021956930617942013,0.11822962640430314,0.12667459971889622,0.06755978651674464,-0.07034662771056037,0.9797858039590892
0.022837262095972317,0.09304069742803536,0.1353319235316878,0.0676659617658439,-0.07020343533206305,0.9813256105091511
0.019433014634667733,0.24615151870579127,0.5376467382258073,0.04534370081422471,-0.05881725762759434,0.8027778345581241
0.021022407789296812,0.11129510006098312,0.5873908058774109,0.018549183343497186,-0.016508773175712494,0.8009537367722085
0.018212143608061154,0.03642428721612231,0.8851101793517722,0.054636430824183464,0.02240093663791522,0.45982020181632804
0.021923200483532548,0.4628231213190205,0.4567333434069281,0.04262844538464662,-0.054016330080259356,0.756289518902752
0.01828513352919412,0.7209566934367968,0.22987025008129755,0.03657026705838824,-0.04665321211877243,0.6507940239233462
0.020768956317512095,0.2790828505165687,0.3115343447626814,0.0649029884922253,-0.014213754479797338,0.9056563014205117
0.018405480155167065,0.6810027657411813,0.05521644046550119,0.049081280413778836,-0.05270102484429503,0.7264029501239269
0.011584139090169516,0.024133623104519827,0.9508647503180812,0.03620043465677974,0.01822088544391247,0.3057730047342662
0.018103419395546543,0.082288269979757,0.0411441349898785,0.1398900589655869,-0.02493334580386637,0.9854020330075901
0.018697695986168425,0.06031514834247879,0.6272775427617794,0.03618908900548727,-0.02665929556737562,0.7749290259041673
0.007939769659259827,0.05574731888416473,0.974733424126153,0.025339690401893062,0.015541676779827743,0.21410349076906177
0.025212362725803666,0.21145852608738558,0.04066510117065107,0.0569311416389115,-0.07823965465233265,0.9714079367645128
0.01697792678102442,0.8446518573559649,0.07640067051460989,0.06366722542884157,0.0011460100577191483,0.5257215027744212
0.010260289304391924,0.08513857082367766,0.9561716415582261,0.03274560416295295,0.017289678998039154,0.27750808007963856
0.024946269633402754,0.11461799561293155,0.47869868755989065,0.033711175180273986,0.013889004174272884,0.8693437855489056
0.007617118121672418,0.14075109572655556,0.9670428224036288,0.02483842865762745,0.015333589957975347,0.2100171937764593
0.010088304696073514,0.022418454880163367,0.9572680233829757,0.033627682320245045,0.017419139441886933,0.2856559520830416
0.02377578328007293,0.06096354687198187,0.6340208874686114,0.09144532030797281,0.0026214325154952202,0.7650925132433725
0.01614726989006641,0.06920258524314175,0.6804920882242272,0.02883441051797573,0.006401239134990613,0.7287032226102826
0.027407772990368683,0.17441310084780073,0.39865851622354453,0.17441310084780073,-0.06079542372409054,0.8807861592813936
0.02530609787697284,0.1398494882674815,0.6992474413374075,0.10655199106093828,-0.04082273157522198,0.6912560420078371
0.015834335918144607,0.8282575711029487,0.23142490957288273,0.06090129199286388,0.0075923610684436975,0.5063739424899989
0.02346498437809152,0.1740950453858403,0.40117553936737116,0.06055479839507489,-0.061463120371001004,0.8948485332832191
0.009532312611165923,0.020281516193970048,0.9654001708329742,0.030422274290955068,0.016793095408607198,0.2574738480824497
0.009532312611165923,0.020281516193970048,0.9654001708329742,0.030422274290955068,0.016793095408607198,0.2574738480824497
0.011388313967117852,0.8560870499419626,0.1570801926499014,0.058905072243713025,0.006047587417021204,0.48867647933384323
0.019569370260265718,0.07338513847599643,0.6543508180776348,0.07338513847599643,0.01009045654044951,0.7487118753013536
0.02020231578427819,0.09469835523880402,0.5050578946069547,0.06313223682586934,-0.009911761181661488,0.855252412280052
0.009642208503732642,0.018906291183789496,0.9698927377284011,0.028359436775684244,0.016259410418058964,0.24039349240188346
0.023072548270960197,0.24429756992781385,0.22393943910049602,0.0678604360910594,-0.016693667278400614,0.9406135046581745
0.0338414257500894,0.0902438020002384,0.6317066140016688,0.15040633666706402,-0.01767274455838002,0.7541373720486589
0.008914492191120572,0.25036446153785435,0.9369700303007579,0.028450506992937993,0.015951250920707236,0.24137410132808593
0.012998644582356065,0.037138984521017326,0.8801939331481107,0.05570847678152599,0.02269191954234159,0.46913965246949085
0.01815279832653864,0.08251271966608473,0.07426144769947625,0.0907639916326932,-0.003713072384973813,0.9894925342356881
0.021637804955552953,0.35161433052773544,0.3448525164791252,0.033809070243051485,0.016431208138123023,0.8692311959488538
0.009698056379397245,0.15919451037878496,0.9588267061894634,0.027447329375652578,0.015901152818294725,0.23282654598386893
0.0211143270024438,0.06210096177189353,0.6831105794908288,0.13662211589816575,-0.05961692330101778,0.7119254257529875
0.023571148232095177,0.09884675065072171,0.5702697152926253,0.15967552028193507,-0.04911923147720479,0.7978453496754022
0.02243868499508168,0.31554400774333613,0.32255609680429914,0.10518133591444538,0.027136784665926908,0.8854866066184108
0.019422881910871374,0.06265445777700443,0.4824393248829342,0.06265445777700443,-0.011215147942083795,0.8711475809314696
0.004703116548936303,0.04703116548936303,0.9914169685157727,0.014109349646808909,0.012594946118051419,0.1204185961189651
0.02606485370494659,0.08408017324176319,0.10930422521429214,0.18497638113187903,-0.07382239210626808,0.9698647983437384
0.00932895706656057,0.8763565729193263,0.3420617591072209,0.019788696807855756,-0.02117390558440566,0.337736515376361
0.022008890410048332,0.14548249593082793,0.8691646551764849,0.05595480612724151,0.021523948756945566,0.46830442408092665
0.023270494688325913,0.2506053274127406,0.13425285397111103,0.035800761058962946,-0.06175631282671108,0.9557908183716632
0.020990035505443535,0.4745573244708973,0.6570793723443193,0.06844576795253327,0.02349971366370309,0.5808307868451973
0.009205180056723576,0.16602199745162166,0.9632563416500028,0.024656732294795296,0.015221422736653629,0.20892471164456547
0.009748021651032538,0.1320044598577323,0.9565246245075678,0.03046256765947668,0.016734103834272523,0.2575508553716555
0.020922469401764603,0.06340142242958971,0.5896332285951843,0.031700711214794855,-0.007544769269121175,0.8042470435193454
0.030831216252436754,0.06292084949476888,0.5977480702003044,0.03146042474738444,-0.007361739390887958,0.7979622132926589
0.029056419694718717,0.07853086403978031,0.32982962896707735,0.05497160482784622,-0.079002049224019,0.9353811215778234
0.02206796081084316,0.0919498367118465,0.15631472241013905,0.0367799346847386,-0.06298563814761485,0.9804611088584192
0.027462044928578348,0.09648826596527527,0.2894647978958258,0.03711087152510587,0.00890660916602541,0.9511516371884635
0.010363067799668536,0.022049080424826673,0.9591349984799602,0.03307362063724001,0.017462871696462726,0.2794059471434036
0.021952396178733204,0.6585718853619961,0.09408169790885658,0.05017690555139018,-0.05431650025937987,0.7426182021605747
0.01358520572521307,0.04684553698349334,0.8057432361160856,0.19675125533067203,0.004450326013431868,0.5564781338269175
0.017563161958557505,0.07636157373285873,0.22144856382529032,0.2825378228115773,-0.03275911513139639,0.9294730754763564
0.009640303998483063,0.14058776664454467,0.9559968131829039,0.030125949995259575,0.016629524397383282,0.25500612472654055
0.0086617489599979,0.01804531033332896,0.9726422269664309,0.02706796549999344,0.015952054334662798,0.22930175840561107
0.029837745917641514,0.04520870593582048,0.2531687532405947,0.03616696474865638,-0.06085091818961436,0.9633071060804628
0.009621826796289987,0.15435013819048524,0.9541644906320905,0.030068208738406214,0.016617696696092497,0.25391600005959436
0.009621826796289987,0.15435013819048524,0.9541644906320905,0.030068208738406214,0.016617696696092497,0.25391600005959436
0.009621826796289987,0.15435013819048524,0.9541644906320905,0.030068208738406214,0.016617696696092497,0.25391600005959436
0.021017213336705032,0.4493335265088662,0.1376989839301364,0.0797204643806053,0.0059427982538269395,0.8788094100720181
0.04071439991698786,0.09253272708406331,0.27759818125218994,0.1202925452092823,-0.05200339262124358,0.9463321998887154
0.02115856039086362,0.15516277619966656,0.3949597939627876,0.035264267318106036,0.017984776332234075,0.9043873996401472
0.010778490454473242,0.177075200323489,0.9527415669579028,0.028870956574481903,0.016263972203624803,0.2443637764464148
0.024737824779668082,0.07730570243646276,0.20099482633480317,0.11595855365469414,0.026515855935706725,0.9689496743386242
0.029059510089145847,0.09374035512627693,0.22497685230306463,0.12186246166416001,-0.04911994608616911,0.9604636786238333
0.027188372846804885,0.04531395474467481,0.24469535562124398,0.036251163795739845,-0.061083210995821646,0.965549747699531
0.021788314739445182,0.7302029804570818,0.2649930171013603,0.15310707654745262,-0.018255074511427046,0.6101905873787324
0.026197590078142506,0.09033651751083623,0.24390859727925782,0.03613460700433449,-0.06088681280230362,0.9626259305954709
0.027179789941259067,0.06471378557442635,0.5565385559400666,0.09707067836163952,0.02129083545398627,0.8218650767952146
0.021776506756167744,0.15177565314904792,0.6862899098913471,0.02639576576505181,-0.05279153153010362,0.7085283425484034
0.01018726258708234,0.019590889590542962,0.9677899457728223,0.029386334385814443,0.0165543017040088,0.24851043445603746
0.006231946076585279,0.0155798651914632,0.9908794261770595,0.0155798651914632,0.013055927030446161,0.13214841655399084
0.009410076387685009,0.08065779760872864,0.9659731475521549,0.028806356288831655,0.016381214609582268,0.24331768945299806
0.025240557974716173,0.09014484990970062,0.25240557974716177,0.03605793996388025,-0.06066748398922852,0.9604933757878601
0.027211961755274894,0.2125934512130851,0.442194378523217,0.1700747609704681,-0.015306728487342127,0.8540304122132055
0.022670989985215523,0.5190463496615133,0.1849475498793898,0.05966049996109349,-0.015631050989806494,0.8319060114574875
0.00855852675453739,0.0186054929446465,0.9712067317105473,0.02790823941696975,0.01616817336889781,0.2351548253273871
0.008988258949280917,0.1678938935809077,0.9615741177815623,0.025438468724379954,0.015449630005273425,0.21498897867930977
0.014982563275203814,0.8046191388535381,0.17202202278937712,0.11098195018669492,-5.5490975093347455e-05,0.5571848809123018
0.006612661062973245,0.16469269062499406,0.9731840809658739,0.01871507848011296,0.01372439088541617,0.1587662491062916
0.00839665163919033,0.1936370684139811,0.9561901254424907,0.025704035630174482,0.015456693425611588,0.21733618926500195
0.008885244001973276,0.21578449719077955,0.9483637985779639,0.027199726536652886,0.01577584139125867,0.2301640859531567
0.010430086398374559,0.14520316358521446,0.9693845005548121,0.04703764454168919,0.019858066456513133,0.1910341902886603
0.008426893165386865,0.014784023097169937,0.9816591336520838,0.022176034645754905,0.01472488700478126,0.1880084217267101
0.010119216639259836,0.15638789351583385,0.9429270050219393,0.03449732945202217,0.017685630899070034,0.2912494534536058
0.028656952022874903,0.12963859248443407,0.4639696994179746,0.03411541907485107,0.018149402947820772,0.8749922684317804
0.010680175472339763,0.018737149951473266,0.9705843674863153,0.0281057249272099,0.01622637185797585,0.23758706138468103
0.010286806818119693,0.018703285123853986,0.9707004979280219,0.02805492768578098,0.016215748202381405,0.23713895208534472
0.03892802431630946,0.14341903695482433,0.45757502266539196,0.03414738975114865,0.018098116568108787,0.8758122523374607
0.00822050456964354,0.15431473490383488,0.9705964167315969,0.021632906762219843,0.014508469468528774,0.18271153051370878
0.03452767337722841,0.0908622983611274,0.16355213705002933,0.03634491934445096,-0.06569344171509511,0.9788595402444256
0.00999573785370572,0.11994885424446865,0.965043054603225,0.027261103237379236,0.015956832428279312,0.2306652815258782
0.004905434484897459,0.07848695175835935,0.9917153383634364,0.022074455182038568,0.011396959453245098,0.09848477300845798
0.02632759444048437,0.07522169840138392,0.1579655666429062,0.04513301904083035,-0.02286739631402071,0.9829219330108835
0.009757478296489574,0.12090788323910995,0.9545359203087628,0.031817864010292095,0.016990739381495975,0.2699003344446377
0.009910634989702847,0.13706197326184788,0.9531078756054654,0.03162968613734951,0.017016771141894038,0.2672286749457536
0.008542901734666972,0.08364924615194744,0.9699753011236458,0.026696567920834288,0.015839963633028344,0.22608433486557197
0.016443397438246733,0.7931521117271955,0.15959768101827712,0.03385405354933151,-0.04106013066197493,0.5850947711997323
0.00970876406740328,0.22714844233169942,0.9452306148641685,0.027477634153028157,0.015845435694912903,0.23203946121093844
0.010034839579545079,0.0984900921696091,0.9663178854376743,0.02787455438762522,0.016130075472305792,0.23535415421284894
0.0098490274131683,0.09849027413168299,0.9663196707259464,0.027874605886325374,0.01613010527288695,0.2353545890335406
0.018775227724086102,0.6988556986187604,0.25033636965448136,0.026076705172341806,0.012934045765481536,0.6691282547222909
0.025475737996550736,0.10614890831896139,0.41044244549998404,0.10614890831896139,0.02533420611879212,0.8987274237672065
0.01285087165110379,0.765911950405786,0.12336836785059639,0.061684183925298196,0.0017991220311545306,0.6278421853863267
0.03846806723883775,0.09863606984317372,0.15781771174907794,0.019727213968634742,0.009962243054160545,0.9815275310094217
0.025078099994951863,0.6605938535255613,0.04281626828406416,0.0733993170583957,0.0026913082921411757,0.7454923969231056
0.02102587037046823,0.07509239418024369,0.285351097884926,0.2778418584669017,-0.033040653439307226,0.9133487904143041
0.02105572273784844,0.04679049497299653,0.7626850680598435,0.1918410293892858,-0.029384430843041823,0.6148271039451745
0.02602628987202197,0.10551198596765662,0.4220479438706265,0.10551198596765662,0.025182193984280715,0.8934754971741163
0.03526573384377031,0.07916797393499457,0.3814456925958829,0.10795632809317442,0.02590951874236186,0.9135984192098373
0.009144939567168046,0.1974475588365828,0.9435914917032483,0.031175930342618337,0.016814218431452154,0.263270339766631
0.01757647877404734,0.3588531083034665,0.27097071443322984,0.08055886104771698,0.004687061006412624,0.8893698259667954
0.008383412954571864,0.1012995732010767,0.9693321228723719,0.026198165483037078,0.01570143384616689,0.22165394543014905
0.01829134707743545,0.06307361061184638,0.5739698565678021,0.018922083183553914,-0.016272991537856368,0.815857153264233
0.018698543153714567,0.07596283156196543,0.6661355998510815,0.08764942103303704,0.011452857681650172,0.7364304355195772
0.012380569149571712,0.024761138299143424,0.9483515968571932,0.03714170744871514,0.018447048032861853,0.3132779217607626
0.01174181634607062,0.023962890502184937,0.9513267529367421,0.03594433575327741,0.018115945219651812,0.3043766351587531
0.025099890799342356,0.24456303855769476,0.5213054242940336,0.09653804153593214,0.0162183909780366,0.8113057010679737
0.011734463329353767,0.019888920897209773,0.966601555604395,0.029833381345814657,0.01660724894917016,0.2529472959707139
0.014094613291377045,0.020727372487319182,0.963822820660342,0.031091058730978775,0.01695499069462709,0.2629889021191058
0.027307722052297125,0.1847287080008335,0.20079207391394943,0.056221780695905846,-0.07846954248557143,0.9568143906147518
0.027798801673237568,0.07315474124536203,0.34382728385320155,0.10973211186804303,0.031602848217996395,0.9287725948511163
0.020107386865527953,0.07447180320565908,0.40959491763112493,0.12660206544962044,-0.016383796705245,0.89999174174039
0.01844050302518652,0.7096799649086935,0.12293668683457681,0.03911621853827444,-0.048280589738670165,0.6906806587615315
0.010141805238371852,0.020283610476743704,0.9654998586930003,0.030425415715115554,0.016815113085220528,0.2570744791822497
0.03312228629613646,0.06369670441564704,0.560530998857694,0.019109011324694114,-0.01707071678339341,0.8246175353649667
0.010897419349517842,0.01981348972639608,0.9668982986481286,0.029720234589594115,0.016583890900993516,0.2518690814019469
0.0318816473503626,0.4273497410793285,0.4002164241854029,0.05426663378785124,-0.060982129719097826,0.8059273450418257
0.022139429342825527,0.8196299373726896,0.08007878698468807,0.032973618170165676,-0.039332815960126194,0.5645083430732364
0.028153197020119876,0.27482882805355113,0.45581366604003604,0.10054713221471384,0.004960325189259216,0.8401048053646724
0.010126377929153902,0.0215454849556466,0.9609286290218384,0.032318227433469904,0.017257933449472927,0.27332602214733276
0.010126377929153902,0.0215454849556466,0.9609286290218384,0.032318227433469904,0.017257933449472927,0.27332602214733276
0.028152477456860493,0.13695799843878076,0.2663072191865182,0.05326144383730363,-0.06315285483566002,0.9501080702805864
0.011019761146496774,0.08774994987025209,0.9611680555555518,0.030610447629157704,0.016794932265864527,0.2590664217681047
0.013324309590516687,0.021149697762724903,0.9623112482039831,0.03172454664408735,0.017110105490044446,0.268389664608979
0.010792404322812345,0.020363027024174234,0.9652074809458587,0.030544540536261353,0.016840223348992094,0.2581217305584326
0.01178692143939991,0.022667156614230594,0.956554009120531,0.03400073492134589,0.01765771500248563,0.2878955561573428
0.011264128373005701,0.020480233405464912,0.9646189933973973,0.030720350108197368,0.01683475185929216,0.2602628061166481
0.01059125396906147,0.02076716464521857,0.9635964395381417,0.031150746967827856,0.016946006350498352,0.26397142980537325
0.02555259781375901,0.09125927790628219,0.15514077244067973,0.03650371116251288,-0.06525038370299177,0.9804896818250959
0.02963985694146387,0.080274612549798,0.5927971388292774,0.01852491058841492,-0.016919418337418963,0.8003996368234474
0.013030941790568481,0.14048984117956642,0.9549237030900964,0.030541269821644873,0.016695894169165865,0.2588474421617142
0.012779617945995421,0.0196609506861468,0.9673187737584226,0.0294914260292202,0.016495537625677167,0.2502052584319042
0.01202858475822077,0.18644306375242192,0.9482534317730705,0.03007146189555192,0.016539304042553556,0.25442461527763294
0.011412189803282425,0.21514784055368508,0.9466504984362143,0.028062761811350225,0.01599577423246963,0.23746709044764563
0.012777378817913312,0.1867463058002715,0.9494575337003277,0.029486258810569186,0.016394359898676467,0.24970929711377357
0.009094398867475307,0.2630879672376785,0.9419198827027997,0.024359996966451716,0.014940798139423717,0.20657277427551055
0.018068720089167246,0.06230593134195602,0.5856757546143866,0.018691779402586806,-0.017134131119037905,0.8075471761230921
0.013256187677486243,0.7529514600812186,0.10604950141988995,0.06362970085193397,0.0015377177705884041,0.6462126369020994
0.01168012626975485,0.02123659321773609,0.962017672763445,0.03185488982660414,0.017137930726713026,0.269492367933071
0.009065393178253344,0.14443168792471428,0.9695361178776033,0.023047609775220364,0.014811930548874955,0.19572030221117132
0.011896573936578874,0.08497552811842052,0.9468701704624001,0.03641808347932308,0.01823332046198109,0.3072715096762086
0.011265473329211259,0.0968435426546231,0.9625062300571724,0.029645982445292783,0.016562222192770235,0.25084453946377067
0.011265473329211259,0.0968435426546231,0.9625062300571724,0.029645982445292783,0.016562222192770235,0.25084453946377067
0.007064502732536188,0.14129005465072378,0.9786073457365704,0.01737172803082669,0.013376230583736553,0.14776391863021185
0.01215786210540966,0.20786022309248775,0.9451757314205574,0.02941418251308789,0.016315066567259416,0.24931461098093294
0.012006765699809878,0.021064501227736628,0.9626477061075639,0.031596751841604945,0.017083310495694403,0.2672663915775223
0.0241727330443309,0.10136952566977474,0.3898827910375951,0.17154842805654186,-0.05980802014516709,0.8967304193864688
0.011237852077463435,0.1772122827600003,0.944411799586831,0.032416880992682987,0.017137724418131738,0.27424681319809807
0.01226880069028978,0.022720001278314406,0.9565120538170365,0.03408000191747161,0.017698880995806923,0.2879987362039134
0.011436093371846838,0.10006581700365984,0.9598149794228596,0.03063239296030403,0.01676612974693974,0.25959931954092325
0.01230473051368031,0.02158724651522861,0.9606324699276733,0.03238086977284292,0.01724820996566766,0.2742659669759795
0.010953988197616133,0.19409698385249638,0.9493456437933981,0.02882628473056877,0.016142719449118513,0.244658287269914
0.010953988197616133,0.19409698385249638,0.9493456437933981,0.02882628473056877,0.016142719449118513,0.244658287269914
0.022181791372522096,0.06161608714589471,0.5976760453151787,0.018484826143768413,-0.016821191790829255,0.7986677215850873
0.012423242858315047,0.09417619586142052,0.9617994470953585,0.030056232721729952,0.016651152927838395,0.25443602873368465
0.032167583821032616,0.060693554379306826,0.6130048992309989,0.018208066313792046,-0.016205179019274922,0.7867098518645751
0.008748892588541219,0.13181664833402104,0.9798759699166165,0.017497785177082437,0.013484959776471532,0.14799626702776325
0.027302235139936522,0.21841788111949217,0.10140830194833565,0.054604470279873044,-0.07824040527244665,0.9654850409342695
0.021005335853445266,0.6577986754105228,0.3040245978788131,0.08291579942149448,-0.00016583159884298894,0.6837789592292578
0.03497390421432789,0.6281027695634396,0.1570256923908599,0.2212634756416662,-0.024981360153091346,0.728028210175805
0.02422520278403846,0.09690081113615384,0.26163219006761534,0.22287186561315384,0.05067912422420846,0.9323796047520723
0.021681626163933893,0.5758071210749657,0.6682206096425528,0.08885912362267989,-0.02541370935608645,0.4614276571478521
0.021529876127576845,0.06524204887144498,0.3914522932286699,0.06524204887144498,-0.022965201202748635,0.9150197354220159
0.01334934444172502,0.41225916658268447,0.7616978887337217,0.058894166654669206,0.0223797833287743,0.49569256934346584
0.021884472928137864,0.06838897790043083,0.4650450497229296,0.034194488950215415,0.013609406602185735,0.8816023141144538
0.02088243216314497,0.07734234134498136,0.3480405360524161,0.0850765754794795,-0.009513107985432707,0.9301189970147459
0.01870828522172761,0.4743886609795216,0.44098100879786517,0.22049050439893259,-0.05538988731718639,0.7269505114728444
0.0175970594530344,0.42475660748703725,0.49757202591338645,0.04247566074870372,-0.05406544818156431,0.7529721060438065
0.021809200664171566,0.07697364940295846,0.4682563672013307,0.06414470783579872,-0.010134863838056198,0.8775637479015623
0.020600908358270123,0.07923426291642355,0.2139325098743436,0.23770278874927067,-0.022264827879515017,0.9436800713346045
0.01896354673701208,0.8018871191650823,0.13003574905379714,0.02167262484229952,-0.03792709347402416,0.5812056167083673
0.02551815338435151,0.7596101472551148,0.1068201769577505,0.12462353978404225,-0.035488036567074895,0.6278059177978015
0.02252909640538956,0.042507729066772755,0.8671576729621643,0.123272414293641,-0.042422713608639216,0.4782544597302603
0.022740620163036615,0.4341391122034263,0.3652281420124063,0.04823767913371404,-0.06195096220172703,0.8194203465414194
0.02698841766213081,0.09638720593618147,0.27952289721492624,0.22169057365321737,0.05060328311649527,0.9274376955179381
0.018266359698578462,0.705745715626895,0.4608104378505021,0.05812023540456783,-0.031218869303025004,0.5337513332832347
0.02083649695811949,0.08621998741290823,0.36643494650486,0.2658449611898004,-0.03075179551060394,0.8867007205522505
0.018758006382126356,0.5071609132945274,0.13894819542315817,0.0833689172538949,0.004029497667271587,0.8462639842247449
0.038601643502293836,0.22765071809045084,0.13857000231592662,0.019795714616560944,0.013263128793095833,0.9627645803764414
0.021820243734510764,0.07038788301455086,0.27451274375674833,0.07038788301455086,-0.013092146240706459,0.9560786149866444
0.016899172642234794,0.0625895283045733,0.5820826132325317,0.018776858491371992,-0.01633586688749363,0.8101588543743968
0.023782825999842556,0.06994948823483105,0.5176262129377497,0.11891412999921278,-0.015109089458723506,0.8439405755532366
0.018435090799696772,0.06827811407295101,0.6964367635441002,0.1092449825167216,-0.039191637477873874,0.7046301372328544
0.018212703327584186,0.7108829363347376,0.07637585266406272,0.04700052471634629,-0.05064306538186312,0.6954902644901342
0.030544144929616168,0.06233498965227789,0.5859489027314122,0.018700496895683368,-0.01626943229924453,0.8069887760383896
0.012092882130420346,0.06382354457721849,0.8935296240810588,0.08397834812791906,-0.020692264978719257,0.43578044410539757
0.019532905594833488,0.06735484687873616,0.5590452290935102,0.0808258162544834,-0.0018859357126046127,0.8222006158487323
0.02150841370129442,0.07681576321890864,0.36103408712887064,0.08449733954079951,-0.008449733954079951,0.9252458679717546
0.02878038806499486,0.06256606101085839,0.5818643674009831,0.01876981830325752,-0.016454874045855758,0.8099802258465728
0.026559746724687635,0.09485623830245585,0.3225112102283499,0.21816934809564845,0.04287501971271004,0.9147935621888841
0.02082994932062514,0.06509359162695356,0.748576303709966,0.23433692985703283,0.03189585989720725,0.6156551896077268
0.02232164204677882,0.07440547348926273,0.4315517462377238,0.05208383144248391,-0.06793219729569687,0.8946514132348949
0.022009486421194022,0.10004312009633648,0.5268937658407055,0.10004312009633648,0.006135978032575304,0.8377610876867216
0.01663016759162749,0.17246099724650732,0.4619490997674303,0.06159321330232404,-0.016445387951720517,0.8674788161499318
0.03614701933389966,0.09512373508920964,0.3139083257943918,0.21878459070518216,0.042900804525233545,0.9172781774652486
0.022060805933510674,0.11386222417295833,0.5123800087783125,0.05693111208647916,-0.056005981515073876,0.84713494784681
0.031405045937274154,0.09814076855398174,0.284608228806547,0.08832669169858356,0.044555908923507706,0.9479416834629096
0.01768894532375185,0.060996363185351204,0.6526610860832579,0.0914945447780268,0.010857352646992516,0.7493403217320396
0.00982400988153433,0.8618335941527843,0.417520419965209,0.03125821325942741,-0.014445759984892524,0.28572239648635184
0.021149318120050106,0.16373665641329113,0.470742887188212,0.034111803419435656,0.009483081350603112,0.8659622416057935
0.01972778297041123,0.13973846270707957,0.44387511683425274,0.03287963828401872,-0.06140272449540496,0.8821606951602222
